x,meanNoByzantine,upNoByzantine,lowNoByzantine,meanCapacityLie,upCapacityLie,lowCapacityLie,meanDemandLie,upDemandLie,lowDemandLie,meanInterferenceLie,upInterferenceLie,lowInterferenceLie,meanObsNoise,upObsNoise,lowObsNoise,meanUserDirLie,upUserDirLie,lowUserDirLie
1,285524.59,528250.298947558,42798.88105244198,285524.59,528250.298947558,42798.88105244198,285524.59,528250.298947558,42798.88105244198,285524.59,528250.298947558,42798.88105244198,285524.59,528250.298947558,42798.88105244198,285524.59,528250.298947558,42798.88105244198
2,341605.31,592826.7686102508,90383.85138974921,336041.09,585805.5519063397,86276.62809366034,341616.15,592839.8895451222,90392.41045487786,341605.31,592826.7686102508,90383.85138974921,337128.1,588902.0311539927,85354.16884600726,345114.85,597695.987613542,92533.71238645798
3,370026.41,657553.8558791392,82498.96412086074,368195.44,655214.9092627438,81175.97073725628,370062.88,657599.5243292102,82526.23567078984,370026.41,657553.8558791392,82498.96412086074,362071.37,649251.0986578709,74891.64134212903,389236.5,687898.8241167397,90574.17588326026
4,486945.9,834316.4722793587,139575.3277206414,486904.0,834182.0522073177,139625.94779268227,486983.06,834348.9738755613,139617.14612443867,486945.9,834316.4722793587,139575.3277206414,466269.73,814711.311252654,117828.14874734601,482699.87,835544.9876133592,129854.75238664076
5,538278.32,900139.0436196384,176417.59638036147,533385.79,893772.8154290232,172998.76457097684,538357.68,900221.8259218516,176493.53407814854,538278.32,900139.0436196384,176417.59638036147,498770.17,857287.7095510606,140252.63044893945,621345.32,1064643.9606693077,178046.6793306921
6,591436.96,990971.3155246314,191902.60447536845,575713.66,962440.8744441925,188986.44555580756,591343.89,990633.7694466782,192054.0105533218,591436.96,990971.3155246314,191902.60447536845,504708.07,861241.8454937462,148174.29450625373,549411.66,925142.678325265,173680.64167473512
7,599893.62,996476.0253801438,203311.2146198562,589566.51,978824.6460232976,200308.37397670245,598339.23,994934.2323289094,201744.2276710905,599893.62,996476.0253801438,203311.2146198562,495836.37,839871.3231429823,151801.4168570176,593533.54,980117.6033503778,206949.47664962232
8,600713.84,991191.7283411629,210235.9516588371,587341.89,967840.2945357992,206843.48546420078,601331.27,992230.4680718482,210432.07192815182,600713.84,991191.7283411629,210235.9516588371,486144.58,824205.8039884269,148083.35601157317,595137.56,974658.4796273287,215616.64037267136
9,692647.21,1135880.60679698,249413.81320302002,675462.86,1113074.685510224,237851.034489776,693563.68,1137276.728361542,249850.631638458,692647.21,1135880.60679698,249413.81320302002,561780.16,958239.5196791831,165320.80032081692,676625.2,1109722.820144915,243527.57985508494
10,692030.64,1123408.3744416789,260652.90555832116,667876.35,1090058.2701119292,245694.4298880708,693485.24,1125672.445065062,261298.03493493784,692030.64,1123408.3744416789,260652.90555832116,547724.25,924972.9620913373,170475.5379086627,679057.21,1094467.3029893832,263647.11701061676
11,618224.29,989158.3644587398,247290.21554126026,591710.06,947179.5176203668,236240.60237963335,620392.0,992912.2783036707,247871.72169632936,618224.29,989158.3644587398,247290.21554126026,462613.68,763886.9300791251,161340.42992087494,619883.68,988949.8429025352,250817.51709746488
12,693741.95,1111392.0716068512,276091.8283931486,642544.64,1016481.0549777999,268608.22502220015,697623.85,1119145.7786658583,276101.9213341416,693741.95,1111392.0716068512,276091.8283931486,504191.97,835874.4920633945,172509.44793660543,652286.79,1042026.2142956293,262547.3657043708
13,712745.43,1144978.4448618286,280512.4151381715,632599.56,988211.1782220526,276987.9417779475,717586.31,1155766.4230033632,279406.19699663686,712745.43,1144978.4448618286,280512.4151381715,501744.02,794911.2991737685,208576.74082623154,627139.9,990012.6701771142,264267.1298228858
14,784217.2,1284369.8661727887,284064.5338272111,729844.26,1195382.059348253,264306.46065174707,788705.78,1293350.8842122462,284060.67578775395,784217.2,1284369.8661727887,284064.5338272111,568194.23,935674.804479603,200713.65552039695,728656.86,1207436.0067234423,249877.71327655757
15,599603.16,1010027.5058556852,189178.81414431485,567998.19,969505.3269621183,166491.05303788168,602795.71,1016673.9645998072,188917.45540019276,599603.16,1010027.5058556852,189178.81414431485,383051.59,592983.0447452219,173120.1352547782,555932.18,939502.1860801866,172362.17391981353
16,682546.07,1121887.729790211,243204.41020978894,660692.3,1098359.6013027676,223024.9986972324,684825.2,1126530.0936704995,243120.30632950034,682546.07,1121887.729790211,243204.41020978894,390265.66,630289.2606462674,150242.05935373247,640164.07,1074038.6554360434,206289.4845639565
17,777839.78,1269757.9168986324,285921.6431013677,783565.08,1287722.9775595,279407.1824405001,780036.06,1273760.0993811078,286312.0206188923,777839.78,1269757.9168986324,285921.6431013677,481574.78,748808.0061113137,214341.55388868635,645829.45,1055760.2178785955,235898.68212140433
18,803169.62,1326397.7099685832,279941.53003141674,817101.65,1358148.7122507975,276054.5877492025,805344.57,1330141.4868614797,280547.6531385202,803169.62,1326397.7099685832,279941.53003141674,433492.87,681076.3865514584,185909.35344854154,643814.61,1054992.93702162,232636.28297837992
19,950639.43,1553110.8213477358,348168.03865226416,980003.88,1603155.8556751057,356851.9043248943,958225.71,1564248.3315288462,352203.08847115363,950639.43,1553110.8213477358,348168.03865226416,579512.28,956363.8640562546,202660.69594374544,765429.88,1255692.1257736427,275167.6342263574
20,923474.55,1517831.762190154,329117.33780984604,952401.09,1564808.322362043,339993.8576379571,925209.32,1521102.1365800295,329316.5034199703,923474.55,1517831.762190154,329117.33780984604,524058.88,841493.1753119363,206624.58468806377,734150.91,1172323.8337756535,295977.9862243467
21,1224239.45,1999837.1788834645,448641.72111653537,1253152.53,2048999.7857473749,457305.2742526252,1225230.66,2001665.155045623,448796.164954377,1224239.45,1999837.1788834645,448641.72111653537,820345.7,1394174.976133238,246516.42386676196,998119.32,1640808.9261199161,355429.7138800839
22,1447293.62,2282932.226796684,611655.0132033163,1489621.14,2351680.5259805876,627561.7540194122,1448565.57,2284599.338341761,612531.8016582392,1447293.62,2282932.226796684,611655.0132033163,978664.84,1576854.8801857582,380474.7998142416,1177444.79,1852165.491580948,502724.0884190521
23,1303173.56,2087779.9969993418,518567.12300065835,1388797.09,2239159.220172197,538434.9598278031,1303089.21,2087798.9017686485,518379.5182313514,1303173.56,2087779.9969993418,518567.12300065835,790623.15,1240889.9406534007,340356.3593465993,1015708.42,1589859.729682171,441557.11031782907
24,1773615.8,2874697.332612537,672534.2673874635,1793796.15,2919312.974448357,668279.325551643,1780994.91,2881763.7974056494,680226.0225943504,1773615.8,2874697.332612537,672534.2673874635,999419.47,1501382.9357510398,497456.0042489602,1444921.7,2388994.1998616573,500849.2001383427
25,1727723.72,2703507.7233257433,751939.7166742567,1694535.99,2640529.0350855426,748542.9449144575,1732422.73,2707283.2302401317,757562.2297598681,1727723.72,2703507.7233257433,751939.7166742567,1078564.58,1597826.5817258172,559302.578274183,1377774.79,2099787.1349895597,655762.4450104402
26,1654171.09,2555797.9762677737,752544.2037322263,1677633.46,2591852.4815997505,763414.4384002496,1657499.31,2557091.967300131,757906.6526998692,1654171.09,2555797.9762677737,752544.2037322263,1167320.94,1716441.8047122362,618200.0752877637,1437654.54,2182213.702722091,693095.3772779088
27,1932435.93,3013436.3991923556,851435.4608076441,1943864.84,3014987.642480653,872742.0375193472,1934391.52,3013261.837486581,855521.2025134191,1932435.93,3013436.3991923556,851435.4608076441,1244129.73,1829623.898365357,658635.5616346429,1609864.23,2433244.388682859,786484.071317141
28,2090903.61,3363970.545299663,817836.6747003372,2075012.24,3330406.7095615915,819617.7704384085,2092749.03,3364557.855810305,820940.2041896952,2090903.61,3363970.545299663,817836.6747003372,1190132.68,1833245.7618068245,547019.5981931754,1542429.48,2395422.789068605,689436.170931395
29,2175962.57,3438037.097577618,913888.0424223817,2080143.47,3263460.523205391,896826.4167946088,2175232.53,3434093.2607843843,916371.7992156153,2175962.57,3438037.097577618,913888.0424223817,1171868.05,1731728.9821465805,612007.1178534196,1537341.69,2316192.0830126014,758491.2969873988
30,2396026.38,3772809.7183629274,1019243.0416370723,2307937.46,3601608.428324512,1014266.491675488,2397087.69,3774401.1807285678,1019774.1992714324,2396026.38,3772809.7183629274,1019243.0416370723,1448037.07,2208191.171639252,687882.9683607481,1643488.91,2462549.6135156048,824428.2064843951
31,2804399.02,4345659.475460662,1263138.5645393387,2724945.93,4192461.1758713825,1257430.684128618,2805235.96,4347045.355636468,1263426.5643635313,2804399.02,4345659.475460662,1263138.5645393387,1900234.89,2975157.2314063087,825312.5485936913,1981300.26,2986135.821201512,976464.6987984879
32,2574089.52,4050279.546358075,1097899.493641925,2584292.44,4048155.6042301804,1120429.2757698195,2575753.32,4053311.9121618564,1098194.7278381432,2574089.52,4050279.546358075,1097899.493641925,1761635.61,2711034.7488326314,812236.4711673688,1893163.72,2857311.5729625025,929015.8670374973
33,2594518.76,4128755.0807126644,1060282.4392873351,2609048.75,4128002.0419508135,1090095.4580491867,2597238.4,4133385.8308900343,1061090.9691099655,2594518.76,4128755.0807126644,1060282.4392873351,1825034.95,2870351.8422789034,779718.0577210966,1894818.42,2937118.745039615,852518.094960385
34,2722727.6,4284410.0212828,1161045.1787172006,2698133.53,4225679.371664314,1170587.688335686,2726400.76,4291087.330205021,1161714.189794978,2722727.6,4284410.0212828,1161045.1787172006,1687966.11,2541509.5617384445,834422.658261556,1712223.73,2717154.263009863,707293.1969901372
35,2397002.59,3879749.506827955,914255.6731720443,2478331.87,3975941.9828949748,980721.7571050252,2404405.64,3892508.875344122,916302.4046558782,2397002.59,3879749.506827955,914255.6731720443,1669163.75,2521759.085697793,816568.414302207,1562240.86,2460846.158128104,663635.5618718963
36,2704341.71,4277998.299399365,1130685.1206006357,2679788.94,4210501.970403917,1149075.9095960825,2711988.77,4290608.816667636,1133368.7233323639,2704341.71,4277998.299399365,1130685.1206006357,1565983.55,2351376.2305104267,780590.8694895732,1723687.55,2756648.657629745,690726.442370255
37,2751399.9,4293613.481970951,1209186.3180290493,2705884.31,4182979.0092172083,1228789.610782792,2755442.45,4299450.681955046,1211434.2180449544,2751399.9,4293613.481970951,1209186.3180290493,1668374.77,2443378.5402554646,893370.9997445355,1775748.78,2661710.6131348535,889786.9468651467
38,2963513.03,4646151.747111484,1280874.3128885152,2984342.63,4640506.048138128,1328179.2118618723,2967996.56,4652316.522073688,1283676.5979263126,2963513.03,4646151.747111484,1280874.3128885152,1898909.57,2762873.997084708,1034945.1429152922,2133681.25,3436426.8881606995,830935.6118393005
39,2814203.29,4495682.458753416,1132724.1212465842,2855073.11,4510304.414598442,1199841.8054015583,2818595.88,4502123.083390921,1135068.676609079,2814203.29,4495682.458753416,1132724.1212465842,1811071.52,2732803.1140363067,889339.9259636932,2123137.95,3613299.564114842,632976.3358851583
40,3085703.66,4913805.592280623,1257601.7277193777,3096146.81,4887493.702386533,1304799.9176134674,3093618.46,4926843.697826371,1260393.2221736296,3085703.66,4913805.592280623,1257601.7277193777,1903539.97,2847551.6033151452,959528.3366848546,2263113.76,3774479.256174101,751748.2638258985
41,3037525.51,4833889.917460497,1241161.1025395028,3111146.03,4920084.853100886,1302207.2068991137,3038875.2,4835297.572008768,1242452.8279912318,3037525.51,4833889.917460497,1241161.1025395028,1935697.87,2899965.6461130893,971430.0938869112,2276894.34,3758653.405049803,795135.2749501965
42,3145436.54,5008451.807479145,1282421.2725208546,3204944.38,5090071.125415235,1319817.634584765,3149348.34,5014038.896866559,1284657.783133441,3145436.54,5008451.807479145,1282421.2725208546,2071403.67,3124623.4035207303,1018183.9364792693,2391934.63,3838938.720922091,944930.5390779087
43,3387516.71,5404097.325701349,1370936.0942986505,3446638.48,5483669.966905143,1409606.9930948566,3390739.61,5408240.412220141,1373238.8077798584,3387516.71,5404097.325701349,1370936.0942986505,2298971.28,3507408.871007342,1090533.6889926577,2660580.31,4220131.739152779,1101028.880847221
44,3477359.5,5497866.992483527,1456852.0075164724,3506856.81,5515958.004144602,1497755.6158553977,3481805.94,5504405.634283233,1459206.2457167665,3477359.5,5497866.992483527,1456852.0075164724,2320773.61,3499578.323656898,1141968.896343102,2665037.3,4147511.339560653,1182563.2604393468
45,3531805.04,5477541.861313546,1586068.2186864538,3548371.31,5471393.877163356,1625348.7428366444,3535508.98,5482745.556161053,1588272.4038389476,3531805.04,5477541.861313546,1586068.2186864538,2583931.3,3928462.2101642536,1239400.3898357458,2874998.74,4405952.16428815,1344045.3157118503
46,3601803.22,5575008.71064354,1628597.7293564605,3663396.21,5614950.052629538,1711842.3673704616,3604923.43,5579270.8800714705,1630575.9799285294,3601803.22,5575008.71064354,1628597.7293564605,2664014.18,3982934.068836107,1345094.2911638936,2908209.99,4453365.285572406,1363054.694427594
47,3677709.54,5647054.540266511,1708364.539733489,3677282.63,5608292.482403256,1746272.7775967435,3679372.46,5648581.705574841,1710163.2144251587,3677709.54,5647054.540266511,1708364.539733489,2871653.89,4342869.676848367,1400438.1031516334,3028442.58,4633362.410929844,1423522.749070156
48,3817616.58,5885080.628356243,1750152.5316437576,3883691.07,5941661.394102374,1825720.745897626,3822336.86,5891419.367860016,1753254.3521399833,3817616.58,5885080.628356243,1750152.5316437576,3173374.12,4776614.318801705,1570133.921198295,3228623.55,4972725.171463983,1484521.9285360163
49,4014480.66,6069406.719111334,1959554.6008886665,4106984.86,6175228.173444131,2038741.546555868,4029865.13,6088913.7580799265,1970816.5019200733,4014480.66,6069406.719111334,1959554.6008886665,3267574.28,4800185.700573487,1734962.8594265128,3368913.56,5077936.436218428,1659890.6837815717
50,3964162.21,6051310.719276488,1877013.7007235126,4067245.97,6193728.691654504,1940763.2483454961,3968746.01,6056313.558229429,1881178.461770571,3964162.21,6051310.719276488,1877013.7007235126,3164045.69,4699862.042483266,1628229.3375167334,3142179.71,4899222.1683049705,1385137.251695029
51,3949361.97,6008615.495357623,1890108.4446423776,4081491.31,6207620.502677988,1955362.1173220114,3970627.26,6042643.152862648,1898611.3671373525,3949361.97,6008615.495357623,1890108.4446423776,3152107.35,4619194.116008594,1685020.5839914063,3130067.77,4811386.909045832,1448748.630954168
52,3866971.18,5952538.817356218,1781403.542643783,4057151.43,6258780.453501372,1855522.4064986282,3875535.28,5964822.731236576,1786247.8287634233,3866971.18,5952538.817356218,1781403.542643783,3030094.96,4461488.4542015735,1598701.465798427,3041886.14,4715877.705869461,1367894.5741305389
53,3517613.77,5466442.920778381,1568784.6192216193,3756604.45,5854491.005845232,1658717.8941547684,3529461.11,5481040.151929818,1577882.0680701812,3517613.77,5466442.920778381,1568784.6192216193,2927634.56,4398785.051623034,1456484.0683769658,2828043.02,4454858.693536393,1201227.346463607
54,3616509.99,5619448.602591746,1613571.3774082544,3861656.13,6004476.522390677,1718835.7376093226,3622186.51,5627181.515611471,1617191.5043885286,3616509.99,5619448.602591746,1613571.3774082544,2957269.36,4451554.832556177,1462983.8874438223,2745468.92,4308136.32469129,1182801.5153087098
55,3975249.21,6156567.563713379,1793930.8562866212,4180004.71,6459463.214615593,1900546.2053844077,3996237.84,6179343.30586968,1813132.3741303198,3975249.21,6156567.563713379,1793930.8562866212,3312881.73,4901353.718437688,1724409.741562311,3182571.98,4939804.099858705,1425339.860141295
56,4051067.84,6163310.666499143,1938825.0135008572,4241506.37,6454669.672587506,2028343.0674124947,4061604.35,6175934.791538185,1947273.9084618147,4051067.84,6163310.666499143,1938825.0135008572,3150174.4,4540487.502862111,1759861.297137889,3342531.3,5136339.946467134,1548722.6535328655
57,4262118.06,6324224.386728728,2200011.733271271,4475469.83,6644975.909408683,2305963.7505913177,4267263.45,6331319.625723475,2203207.2742765257,4262118.06,6324224.386728728,2200011.733271271,3638459.01,5239600.77654536,2037317.2434546398,3618800.4,5410075.122518183,1827525.677481817
58,3903710.09,5875212.53467316,1932207.6453268398,4074992.71,6116361.8794692885,2033623.5405307119,3908703.99,5881869.015569661,1935538.9644303396,3903710.09,5875212.53467316,1932207.6453268398,3262158.57,4696711.159135064,1827605.980864936,3301142.13,5008856.448230815,1593427.8117691847
59,4176411.72,6165413.784879672,2187409.655120328,4392540.66,6459335.18932972,2325746.13067028,4180414.93,6170496.827791254,2190333.0322087463,4176411.72,6165413.784879672,2187409.655120328,3473137.76,4949019.122983778,1997256.3970162214,3547250.22,5268005.85077801,1826494.5892219911
60,4377910.4,6453427.599838667,2302393.2001613346,4700337.63,6911541.382792014,2489133.877207986,4382525.11,6459156.890644265,2305893.329355736,4377910.4,6453427.599838667,2302393.2001613346,3744463.71,5368282.381782808,2120645.0382171916,3791724.34,5638817.444024001,1944631.2359759982
61,4240430.42,6235424.824194048,2245436.015805952,4545882.65,6686755.342274595,2405009.957725406,4244249.28,6240171.851861548,2248326.7081384524,4240430.42,6235424.824194048,2245436.015805952,3489057.82,4914199.299946476,2063916.3400535234,3695929.75,5482047.546599381,1909811.9534006193
62,4317053.18,6312955.113014549,2321151.24698545,4635879.62,6796471.394589549,2475287.8454104513,4320368.41,6317260.889664902,2323475.930335098,4317053.18,6312955.113014549,2321151.24698545,3488577.56,4933065.318223307,2044089.801776693,3773495.19,5638893.709428871,1908096.6705711288
63,4451503.79,6559840.383407252,2343167.1965927486,4748469.22,6984699.1276136115,2512239.312386388,4455212.06,6564797.221528014,2345626.8984719845,4451503.79,6559840.383407252,2343167.1965927486,3563112.71,5115954.309799228,2010271.110200772,4104297.52,6173999.491453148,2034595.5485468511
64,4495224.5,6597260.869522814,2393188.130477186,4874812.28,7124111.121927577,2625513.4380724235,4500016.04,6603514.75627983,2396517.3237201697,4495224.5,6597260.869522814,2393188.130477186,3736328.97,5371870.89015874,2100787.0498412605,4137625.34,6224968.697966492,2050281.9820335074
65,4391775.88,6412159.963899744,2371391.796100256,4771131.23,6942880.524709718,2599381.935290283,4395586.26,6417220.851071846,2373951.6689281533,4391775.88,6412159.963899744,2371391.796100256,3617609.63,5205201.8343053935,2030017.4256946065,3998911.73,5998825.808587283,1998997.6514127168
66,4140431.39,6155414.244587315,2125448.535412685,4457868.7,6604913.781312329,2310823.6186876716,4138228.9,6154195.485639251,2122262.314360749,4140431.39,6155414.244587315,2125448.535412685,3329786.47,4817804.318711581,1841768.6212884197,3779431.94,5761605.794356377,1797258.085643623
67,4561407.15,6768428.568626816,2354385.7313731844,4901126.12,7282205.39708641,2520046.8429135904,4563510.9,6771319.4628411215,2355702.337158879,4561407.15,6768428.568626816,2354385.7313731844,3633644.23,5284583.167671172,1982705.2923288275,4085158.9,6250652.7195163965,1919665.0804836028
68,4860017.93,6962057.875295975,2757977.984704024,5110357.71,7349714.924473097,2871000.4955269033,4876638.07,6983156.749561694,2770119.390438306,4860017.93,6962057.875295975,2757977.984704024,3892804.57,5650575.326825899,2135033.8131741006,4051729.75,6052845.305919698,2050614.1940803018
69,5092475.39,7295279.181531629,2889671.598468371,5275186.68,7569305.4027004,2981067.9572995994,5104589.48,7310906.401970105,2898272.5580298956,5092475.39,7295279.181531629,2889671.598468371,4089130.23,5947682.23215066,2230578.22784934,4272925.29,6361589.741604509,2184260.8383954917
70,4995515.57,7171623.409330901,2819407.7306690994,5218781.48,7508674.892113632,2928888.06788637,4999611.78,7176285.416409836,2822938.1435901644,4995515.57,7171623.409330901,2819407.7306690994,3986245.78,5826871.179197268,2145620.380802732,4140638.1,6176492.356119582,2104783.8438804173
71,4642001.97,6616666.113214508,2667337.826785492,4749188.19,6816332.669991717,2682043.710008284,4655440.21,6633894.392048014,2676986.0279519856,4642001.97,6616666.113214508,2667337.826785492,3731288.15,5386869.922666656,2075706.377333344,3764731.92,5583144.5478777215,1946319.2921222788
72,5137176.4,7331529.692897825,2942823.107102176,5401569.01,7734902.480914164,3068235.5390858348,5141389.39,7337158.098188937,2945620.681811062,5137176.4,7331529.692897825,2942823.107102176,4163928.19,6126311.696157554,2201544.6838424457,4268191.76,6354865.717734356,2181517.802265643
73,4985241.43,7114296.427544225,2856186.4324557744,5099494.37,7340086.931337619,2858901.8086623815,4978736.29,7104701.258649455,2852771.3213505447,4985241.43,7114296.427544225,2856186.4324557744,3602837.01,5318515.300635677,1887158.7193643223,3756183.2,5613401.616226306,1898964.7837736944
74,5511185.93,7819858.0139003545,3202513.8460996444,5457718.55,7819604.414161676,3095832.685838324,5523736.0,7828047.738618521,3219424.2613814794,5511185.93,7819858.0139003545,3202513.8460996444,3813598.71,5620022.169806242,2007175.2501937584,4045496.9,5996626.040084161,2094367.759915839
75,4951976.52,7021007.938630519,2882945.1013694797,4965398.19,7074012.340122554,2856784.039877447,4946753.43,7012193.151738908,2881313.7082610913,4951976.52,7021007.938630519,2882945.1013694797,3557036.89,5191871.015631198,1922202.764368802,3796545.22,5614712.156555457,1978378.2834445431
76,5511251.3,7812610.530566224,3209892.0694337757,5543057.01,7890448.0755301,3195665.9444699,5536659.97,7840754.259730071,3232565.680269928,5511251.3,7812610.530566224,3209892.0694337757,3844552.99,5678909.345934796,2010196.634065204,4036581.0,5981343.819552902,2091818.1804470974
77,5412336.31,7737061.580057291,3087611.039942708,5589200.05,8072346.211974233,3106053.8880257667,5423377.88,7749215.173953984,3097540.586046016,5412336.31,7737061.580057291,3087611.039942708,3973239.25,5825430.61461483,2121047.8853851696,4325421.17,6355122.397669411,2295719.9423305886
78,5055824.98,7325289.452684433,2786360.5073155677,5409809.39,7856102.669413308,2963516.1105866916,5123907.72,7404024.3555843355,2843791.084415664,5055824.98,7325289.452684433,2786360.5073155677,3680363.12,5396137.966112129,1964588.2738878713,4054915.28,5980309.113845829,2129521.4461541707
79,5583009.97,8100207.033856186,3065812.9061438134,5780013.57,8312094.093493691,3247933.04650631,5661253.64,8194078.447305594,3128428.8326944057,5583009.97,8100207.033856186,3065812.9061438134,3781186.19,5554316.69054471,2008055.6894552906,4210080.04,6182232.4893535655,2237927.5906464346
80,5629654.01,8207241.115122722,3052066.9048772766,5865554.84,8563630.457732808,3167479.222267193,5770828.71,8381096.153303195,3160561.266696805,5629654.01,8207241.115122722,3052066.9048772766,4102512.02,6098259.305725356,2106764.7342746444,4576433.86,6787366.786883239,2365500.933116762
81,6015272.24,8633470.45620161,3397074.0237983908,6399978.39,9143816.647459002,3656140.1325409967,6137357.6,8778178.785962489,3496536.4140375117,6015272.24,8633470.45620161,3397074.0237983908,4288286.49,6299452.207101258,2277120.772898742,4914057.42,7158920.593674513,2669194.2463254873
82,6117461.17,8819398.411482608,3415523.9285173914,6296023.25,9131800.311350863,3460246.188649136,6210448.38,8962349.880521324,3458546.8794786762,6117461.17,8819398.411482608,3415523.9285173914,4358056.76,6544241.167845881,2171872.3521541185,5099599.06,7572712.3380935695,2626485.78190643
83,5533842.2,8038125.116569974,3029559.283430026,5840046.86,8520540.085861307,3159553.634138695,5668577.62,8273596.490346037,3063558.7496539634,5533842.2,8038125.116569974,3029559.283430026,4066391.24,5997931.832608396,2134850.647391604,4688598.84,6853434.726065631,2523762.9539343687
84,6238119.28,8922854.916491322,3553383.643508678,6352777.28,9157667.637366505,3547886.922633495,6370121.99,9141594.903501507,3598649.0764984926,6238119.28,8922854.916491322,3553383.643508678,4460405.0,6568451.720516454,2352358.279483545,5073381.71,7493945.52730511,2652817.8926948896
85,6144751.61,8943927.141694864,3345576.078305137,6272544.49,9276675.063442731,3268413.9165572687,6257020.95,9126969.485107947,3387072.414892054,6144751.61,8943927.141694864,3345576.078305137,4663195.5,7059714.972155837,2266676.0278441627,5149713.27,7705470.232567282,2593956.3074327162
86,6196161.08,8967237.084830958,3425085.0751690427,6212736.34,9160864.958959332,3264607.721040668,6260774.22,9075893.785879832,3445654.6541201686,6196161.08,8967237.084830958,3425085.0751690427,4617820.73,6853988.431580201,2381653.0284198006,5110949.58,7552586.959598942,2669312.200401059
87,6504590.86,9342548.44173013,3666633.27826987,6484249.47,9480354.784956563,3488144.1550434367,6597574.43,9500032.106838971,3695116.7531610285,6504590.86,9342548.44173013,3666633.27826987,4764959.47,7061171.069695577,2468747.8703044225,5142622.51,7588034.389111001,2697210.6308889985
88,6276686.16,8974135.240810903,3579237.079189098,6219105.76,9041286.664769914,3396924.8552300865,6391159.63,9203840.076949514,3578479.183050485,6276686.16,8974135.240810903,3579237.079189098,4596485.22,6731300.045824079,2461670.3941759206,4938463.83,7200656.98545053,2676270.6745494697
89,6643340.82,9405867.39540565,3880814.244594351,6522571.84,9392328.478622096,3652815.201377904,6797700.17,9697324.771458948,3898075.5685410514,6643340.82,9405867.39540565,3880814.244594351,4654952.86,6787618.280834125,2522287.4391658753,4955422.02,7193106.641297104,2717737.3987028953
90,6574792.87,9453982.37061711,3695603.369382889,6429111.02,9360874.763932591,3497347.2760674073,6674245.63,9645822.19193739,3702669.068062609,6574792.87,9453982.37061711,3695603.369382889,4656245.77,6941048.551049719,2371442.98895028,4963870.19,7408885.267624391,2518855.112375609
91,6809222.96,9812433.53588548,3806012.3841145216,6535100.36,9515450.943405014,3554749.7765949876,6880822.4,9934246.241403176,3827398.5585968257,6809222.96,9812433.53588548,3806012.3841145216,4531001.11,6713146.708244326,2348855.511755675,4867205.86,7166248.013889294,2568163.706110706
92,7384553.99,10518210.766096693,4250897.213903308,6941459.29,9983134.34474564,3899784.23525436,7441962.91,10613955.7052919,4269970.1147080995,7384553.99,10518210.766096693,4250897.213903308,4624575.2,6882093.180782848,2367057.2192171523,5159957.44,7566609.119765422,2753305.7602345785
93,7493082.44,10684767.021716744,4301397.858283257,7165069.04,10358341.033886807,3971797.046113193,7514469.58,10730595.389082525,4298343.770917474,7493082.44,10684767.021716744,4301397.858283257,4827916.42,7207009.307992212,2448823.5320077883,5637130.03,8262177.752904579,3012082.307095421
94,7406766.47,10450733.503288537,4362799.436711463,7000293.17,9930274.373234201,4070311.9667657996,7420433.75,10457292.850228898,4383574.649771102,7406766.47,10450733.503288537,4362799.436711463,4353290.33,6249327.92174821,2457252.73825179,5266644.46,7490368.073158889,3042920.846841111
95,7469908.92,10727804.73092392,4212013.109076079,7131045.53,10273028.640245343,3989062.419754658,7516686.18,10801814.419248492,4231557.940751507,7469908.92,10727804.73092392,4212013.109076079,4302910.51,6213200.574879042,2392620.4451209577,5415390.71,7808629.25760546,3022152.1623945404
96,7467165.62,10751972.416805482,4182358.823194519,7311434.77,10619894.868397336,4002974.6716026627,7430489.36,10685220.79135276,4175757.92864724,7467165.62,10751972.416805482,4182358.823194519,4123363.31,5966535.782224836,2280190.8377751643,5230227.36,7519442.520161474,2941012.1998385265
97,8039423.11,11562084.648818718,4516761.571181282,7920068.4,11513068.20888865,4327068.591111351,8023591.67,11536926.2123552,4510257.1276448,8039423.11,11562084.648818718,4516761.571181282,5094343.25,7402844.530214428,2785841.969785572,6004918.47,8624036.95446453,3385799.9855354684
98,7833971.65,11391120.775522713,4276822.524477289,7844152.75,11524382.411970552,4163923.088029447,7820059.61,11359341.040421233,4280778.179578767,7833971.65,11391120.775522713,4276822.524477289,4652769.62,7001703.515242025,2303835.7247579754,5801183.84,8511246.914885353,3091120.7651146464
99,7877502.58,11385880.548364997,4369124.611635003,7781006.46,11369565.98724157,4192446.932758431,7906661.61,11442660.51388873,4370662.706111271,7877502.58,11385880.548364997,4369124.611635003,4721738.49,7132180.120012993,2311296.859987008,6095127.77,8981680.614872746,3208574.925127253
100,7781034.6,11221657.656943642,4340411.543056358,7874889.13,11476120.52248279,4273657.737517209,7810737.54,11282971.346156927,4338503.733843073,7781034.6,11221657.656943642,4340411.543056358,4472285.58,6784234.730881777,2160336.4291182235,5664193.12,8371518.430875154,2956867.8091248465
101,7946871.88,11405888.003472745,4487855.756527254,8055091.32,11643631.744965415,4466550.895034586,7987210.91,11484406.627380168,4490015.192619832,7946871.88,11405888.003472745,4487855.756527254,4467505.87,6854979.232220826,2080032.5077791745,5737730.34,8519588.016165338,2955872.6638346612
102,8074280.97,11494720.680172026,4653841.259827973,8255449.94,11887955.912767924,4622943.967232076,8139300.39,11612110.895546978,4666489.884453021,8074280.97,11494720.680172026,4653841.259827973,4662006.49,7024777.203233876,2299235.776766124,5682975.61,8365643.660289284,3000307.559710717
103,7898103.98,11326777.437108146,4469430.522891855,8114827.66,11713153.788151551,4516501.531848449,7944620.21,11415954.756705541,4473285.66329446,7898103.98,11326777.437108146,4469430.522891855,5046622.03,7505410.128375156,2587833.9316248447,5879800.84,8640046.377561864,3119555.3024381353
104,7375987.82,10716354.887009712,4035620.7529902887,7667402.53,11240504.577916991,4094300.4820830096,7396110.14,10767969.112513658,4024251.1674863417,7375987.82,10716354.887009712,4035620.7529902887,4797145.03,7285475.921960637,2308814.1380393635,5453575.11,8103293.876877613,2803856.343122388
105,7209510.33,10530204.93231033,3888815.7276896704,7457217.37,10985173.45446644,3929261.28553356,7212698.1,10547796.83081033,3877599.369189669,7209510.33,10530204.93231033,3888815.7276896704,4582518.22,6967663.322849192,2197373.1171508078,5293705.95,7856945.847260604,2730466.052739397
106,7547539.2,11042462.222522505,4052616.1774774957,7795297.54,11467411.568740554,4123183.511259445,7558578.44,11059113.792764546,4058043.0872354545,7547539.2,11042462.222522505,4052616.1774774957,4989828.85,7454531.427865786,2525126.2721342137,5695028.8,8356179.748603263,3033877.8513967367
107,7799576.41,11472977.472709237,4126175.347290764,7810877.32,11530361.294548495,4091393.3454515054,7762459.68,11406384.932240535,4118534.427759465,7799576.41,11472977.472709237,4126175.347290764,5132980.66,7742686.473116613,2523274.8468833873,5819143.22,8605314.159397773,3032972.280602227
108,8077832.77,11808861.275437966,4346804.264562034,8120694.92,11921137.133849103,4320252.706150897,8053315.49,11760998.87590917,4345632.10409083,8077832.77,11808861.275437966,4346804.264562034,5543733.47,8302053.241387685,2785413.6986123146,6126580.4,8975156.846239835,3278003.9537601657
109,7546196.01,11022003.467439903,4070388.5525600966,7774634.6,11469548.142291714,4079721.0577082867,7540278.65,11017874.232249621,4062683.06775038,7546196.01,11022003.467439903,4070388.5525600966,4940727.27,7575442.721800746,2306011.8181992522,5653010.08,8374467.141182083,2931553.0188179174
110,7857414.91,11321211.047142347,4393618.772857653,7983835.98,11629637.639333088,4338034.320666912,7908496.42,11426146.938195605,4390845.901804395,7857414.91,11321211.047142347,4393618.772857653,5353367.18,7947210.262509656,2759524.0974903433,5919130.13,8558083.451221472,3280176.8087785286
111,7672925.74,11053160.03100375,4292691.44899625,7662830.48,11116050.194160964,4209610.7658390375,7662255.62,11060110.493434,4264400.746566,7672925.74,11053160.03100375,4292691.44899625,4946973.85,7212858.0045444565,2681089.6954555428,5674932.84,8111632.106548734,3238233.573451266
112,7519224.1,10691163.532943603,4347284.667056396,7591616.53,10916633.937714133,4266599.122285866,7521375.52,10713810.756472507,4328940.283527492,7519224.1,10691163.532943603,4347284.667056396,4969756.32,7303849.158761582,2635663.4812384183,5691303.76,8131261.256642531,3251346.263357469
113,7855504.01,11258333.673078809,4452674.346921192,7819221.19,11299637.041350283,4338805.338649719,7861774.88,11273674.559363512,4449875.200636487,7855504.01,11258333.673078809,4452674.346921192,5695076.53,8479102.267157324,2911050.792842678,6198405.43,8992136.83862102,3404674.0213789796
114,7572511.24,10835117.330619771,4309905.14938023,7755796.99,11172905.631556084,4338688.348443916,7587907.05,10861868.717563812,4313945.382436188,7572511.24,10835117.330619771,4309905.14938023,5310257.54,7886601.373531129,2733913.706468871,5696775.09,8248245.970287175,3145304.209712825
115,7733617.34,10980302.491944123,4486932.188055877,7774308.13,11032755.008491468,4515861.251508532,7676664.85,10895945.023902684,4457384.676097316,7733617.34,10980302.491944123,4486932.188055877,5194215.93,7557497.3595401915,2830934.500459808,5812190.89,8246956.507949134,3377425.2720508645
116,7436608.72,10695543.155167049,4177674.284832951,7418685.74,10670000.930429349,4167370.549570652,7414711.41,10654527.798418857,4174895.0215811436,7436608.72,10695543.155167049,4177674.284832951,5538606.14,8018342.250968943,3058870.029031056,6009034.77,8571757.824018292,3446311.715981708
117,7940028.52,11510528.522403657,4369528.517596342,7900786.98,11417460.502977123,4384113.457022877,7849801.95,11356607.308449013,4342996.591550987,7940028.52,11510528.522403657,4369528.517596342,6011305.63,8838259.235526135,3184352.0244738646,6261415.4,9117474.631228369,3405356.168771633
118,7909049.56,11501048.41916674,4317050.700833259,7855718.6,11367438.584166005,4343998.615833993,7813752.72,11327327.53888623,4300177.901113768,7909049.56,11501048.41916674,4317050.700833259,5781096.55,8491057.32363912,3071135.7763608787,6272664.94,9056298.451809525,3489031.4281904744
119,7974020.77,11586242.897932686,4361798.642067314,7970313.25,11509841.299644034,4430785.200355967,7868660.57,11388977.518592421,4348343.621407579,7974020.77,11586242.897932686,4361798.642067314,6030766.29,8733726.906711528,3327805.6732884715,6392291.9,9209454.763024492,3575129.0369755086
120,8374160.86,12066241.23237712,4682080.487622881,8438776.39,12075106.730736833,4802446.049263167,8335708.84,11981219.55982283,4690198.12017717,8374160.86,12066241.23237712,4682080.487622881,5966648.21,8692354.199075738,3240942.2209242624,6386950.45,9317936.115618963,3455964.784381038
121,7753212.52,11216389.701004295,4290035.338995704,7821540.58,11252585.704849847,4390495.455150153,7708852.27,11159048.709796326,4258655.830203673,7753212.52,11216389.701004295,4290035.338995704,5431178.5,7889731.448574219,2972625.5514257816,6127329.18,8906382.765645768,3348275.5943542314
122,7594835.17,11027437.989995677,4162232.3500043238,7839863.16,11281921.008300299,4397805.3116997015,7531034.61,10958080.635477344,4103988.584522657,7594835.17,11027437.989995677,4162232.3500043238,5333887.59,7785939.4772885665,2881835.7027114327,6147060.6,8954642.399466818,3339478.800533181
123,7733592.53,11297471.659879196,4169713.400120804,8016715.75,11656814.291187359,4376617.208812641,7679538.9,11234013.684737016,4125064.115262986,7733592.53,11297471.659879196,4169713.400120804,5146835.15,7462522.937330683,2831147.362669318,5858684.2,8544071.700157838,3173296.699842163
124,7399712.68,10844633.440249527,3954791.919750472,7749139.55,11330725.143562833,4167553.956437167,7355453.28,10798215.281961216,3912691.2780387853,7399712.68,10844633.440249527,3954791.919750472,5315338.31,7714152.998959711,2916523.621040288,5687961.68,8346671.91996448,3029251.440035519
125,7927997.29,11460242.971123235,4395751.608876765,8430310.22,12115485.681499042,4745134.75850096,7880029.67,11405292.695033457,4354766.644966544,7927997.29,11460242.971123235,4395751.608876765,5985954.84,8630422.160747722,3341487.5192522774,6272701.29,9096823.343363084,3448579.236636917
126,7277996.32,10552503.265923265,4003489.374076735,7637265.93,11001426.944421258,4273104.915578741,7264589.24,10540640.797483943,3988537.682516058,7277996.32,10552503.265923265,4003489.374076735,5438149.48,7685029.169633084,3191269.790366917,5680706.97,8213973.05481342,3147440.8851865786
127,7534838.34,10855001.106972937,4214675.573027062,7916949.4,11369406.827955348,4464491.972044652,7468661.75,10788260.763220735,4149062.736779266,7534838.34,10855001.106972937,4214675.573027062,5958365.79,8476464.767592575,3440266.8124074256,6244504.79,8991208.236722596,3497801.343277404
128,7576591.15,11012506.973800633,4140675.3261993686,7931852.05,11504201.675503016,4359502.424496984,7546206.52,10986907.83451838,4105505.2054816186,7576591.15,11012506.973800633,4140675.3261993686,5893702.45,8446442.164362118,3340962.735637883,6100427.35,8928687.695086073,3272167.004913927
129,7397173.29,10848151.784323256,3946194.7956767436,7817996.13,11415058.148939352,4220934.111060646,7348251.16,10815732.915774371,3880769.4042256298,7397173.29,10848151.784323256,3946194.7956767436,5762554.97,8315759.703564366,3209350.2364356327,5737733.69,8514100.373207102,2961367.0067928997
130,7603480.24,11122258.849406628,4084701.6305933725,7960988.88,11596467.405801397,4325510.354198602,7503487.95,11015067.312434044,3991908.5875659557,7603480.24,11122258.849406628,4084701.6305933725,5678092.45,8265664.121440075,3090520.778559925,6097162.01,8917834.569911402,3276489.450088597
131,7495632.0,11021393.683071457,3969870.316928543,7826896.67,11410759.817516457,4243033.522483542,7375944.44,10900162.784266492,3851726.0957335085,7495632.0,11021393.683071457,3969870.316928543,5533526.72,8039453.411650084,3027600.0283499155,5817256.72,8570873.895194028,3063639.544805973
132,7522365.97,11128482.879963566,3916249.060036434,7966586.64,11671395.791361643,4261777.488638356,7352824.53,10934436.029679632,3771213.0303203687,7522365.97,11128482.879963566,3916249.060036434,5624136.09,8193090.3081921,3055181.871807899,6068606.9,8913803.063915733,3223410.7360842675
133,7709023.83,11475713.434543086,3942334.225456914,8056629.93,11913834.357898775,4199425.502101224,7549336.33,11295356.783237547,3803315.876762453,7709023.83,11475713.434543086,3942334.225456914,5774254.96,8502630.370517932,3045879.5494820676,5884593.63,8681539.232011886,3087648.0279881135
134,7579350.14,11286510.158845484,3872190.1211545146,7841705.25,11543191.575504623,4140218.9244953776,7529880.09,11248467.540731654,3811292.639268346,7579350.14,11286510.158845484,3872190.1211545146,5803833.64,8374846.978900952,3232820.301099047,6003326.01,8702962.833029363,3303689.186970637
135,7385930.17,11162081.295288842,3609779.0447111567,7576795.51,11238924.034255322,3914666.985744677,7320092.34,11095742.743611142,3544441.9363888567,7385930.17,11162081.295288842,3609779.0447111567,5659725.43,8090270.159466791,3229180.7005332084,5592667.24,8089474.733100185,3095859.7468998157
136,7162506.61,10944767.058265634,3380246.161734367,7336634.1,10994702.159724267,3678566.040275732,7089269.11,10852358.799866026,3326179.4201339744,7162506.61,10944767.058265634,3380246.161734367,5246142.99,7560134.6258083135,2932151.3541916865,5354872.42,7761609.441580087,2948135.398419913
137,7395878.94,11112421.213016286,3679336.6669837153,7796583.87,11682725.182707582,3910442.5572924195,7349328.88,11054119.68475432,3644538.0752456808,7395878.94,11112421.213016286,3679336.6669837153,5599339.12,8062197.059752788,3136481.180247212,5814727.03,8453642.331656756,3175811.7283432446
138,7496565.39,11269119.611058012,3724011.1689419877,7875634.76,11816415.132607777,3934854.3873922233,7419499.59,11186607.088412859,3652392.091587141,7496565.39,11269119.611058012,3724011.1689419877,5854597.17,8541392.015396334,3167802.3246036656,5972574.08,8707537.541094705,3237610.6189052938
139,7121082.51,10641370.027312543,3600794.992687456,7524415.44,11126021.181280177,3922809.6987198237,7044443.14,10543494.670391368,3545391.609608632,7121082.51,10641370.027312543,3600794.992687456,5370292.34,7895456.205306376,2845128.4746936234,5690829.98,8363234.397627363,3018425.5623726374
140,7087845.86,10649531.504866999,3526160.2151330025,7499407.33,11205538.62927008,3793276.030729919,7019876.48,10589560.304110618,3450192.655889382,7087845.86,10649531.504866999,3526160.2151330025,5321115.95,7839956.995599223,2802274.904400777,5677092.1,8338090.869549986,3016093.3304500133
141,7456640.42,11428297.749643166,3484983.0903568347,7657702.43,11372666.20626024,3942738.65373976,7363685.92,11326204.887758855,3401166.952241144,7456640.42,11428297.749643166,3484983.0903568347,5122249.55,7555092.155217874,2689406.9447821258,5581153.86,8163349.362828753,2998958.3571712477
142,7607239.0,11672654.501644403,3541823.498355598,7862195.25,11753338.644379659,3971051.855620342,7563758.43,11649514.243847221,3478002.6161527783,7607239.0,11672654.501644403,3541823.498355598,5322165.13,7802717.251213396,2841613.008786604,5741507.66,8425285.08154824,3057730.238451761
143,7803474.82,11945374.272343894,3661575.3676561066,8248782.34,12375646.8133978,4121917.8666021996,7767287.02,11920791.125456467,3613782.914543531,7803474.82,11945374.272343894,3661575.3676561066,5496926.72,8019604.759097346,2974248.6809026534,5907605.07,8651306.011919241,3163904.1280807583
144,7632917.85,11647724.798948519,3618110.9010514813,8091761.47,12085828.116451433,4097694.823548566,7542584.41,11557471.033901062,3527697.7860989394,7632917.85,11647724.798948519,3618110.9010514813,5346218.42,7765063.770901818,2927373.0690981816,5872261.3,8605267.083948925,3139255.5160510745
145,7663509.32,11596731.265800316,3730287.374199684,8336307.14,12298575.457189757,4374038.822810242,7608612.24,11545980.95783509,3671243.5221649106,7663509.32,11596731.265800316,3730287.374199684,5632890.77,8186123.402138475,3079658.1378615242,6063169.87,8818406.19199332,3307933.5480066803
146,7611089.57,11249645.432450885,3972533.707549116,8428401.11,12339405.57997089,4517396.640029108,7584407.62,11238490.182764124,3930325.0572358756,7611089.57,11249645.432450885,3972533.707549116,5592375.09,8071813.182254897,3112936.9977451023,5861864.91,8519402.167516805,3204327.652483195
147,7645945.12,11109621.57480786,4182268.6651921403,8278566.82,11931836.316302333,4625297.323697667,7637961.05,11113814.66582452,4162107.43417548,7645945.12,11109621.57480786,4182268.6651921403,5868058.66,8429453.390828926,3306663.9291710733,6197493.08,8917450.196098227,3477535.963901773
148,7328690.58,10724314.307005635,3933066.8529943656,7992877.03,11584068.629342856,4401685.430657145,7296997.48,10697604.099201687,3896390.860798315,7328690.58,10724314.307005635,3933066.8529943656,5687470.29,8169485.5055131,3205455.0744869,5885696.36,8460872.115039954,3310520.6049600467
149,7489392.42,10969570.545927666,4009214.294072334,8263186.18,11976610.14312587,4549762.21687413,7433254.79,10913453.706036959,3953055.8739630403,7489392.42,10969570.545927666,4009214.294072334,5798137.57,8306821.900140742,3289453.2398592583,5926390.51,8521167.753075942,3331613.266924056
150,7963992.34,11792392.184792848,4135592.495207152,8790705.93,12820235.206988573,4761176.653011426,7999078.38,11853172.328312486,4144984.431687514,7963992.34,11792392.184792848,4135592.495207152,5972693.2,8558731.680690056,3386654.7193099447,6186459.77,8944952.14031754,3427967.3996824594
151,7915271.71,11634669.823948126,4195873.596051874,8649745.69,12531922.48002642,4767568.899973579,7918535.17,11648107.759027757,4188962.580972242,7915271.71,11634669.823948126,4195873.596051874,5798378.7,8316490.058428019,3280267.3415719806,6252894.54,9031755.146842068,3474033.9331579325
152,8102304.78,11779976.44790048,4424633.112099521,8659898.29,12392015.205524419,4927781.37447558,8096702.12,11783938.680096984,4409465.559903016,8102304.78,11779976.44790048,4424633.112099521,5740209.95,8179210.332269445,3301209.567730555,6209642.54,8899725.451348336,3519559.628651663
153,8113961.12,11832365.15221791,4395557.0877820905,8750256.98,12519383.885582011,4981130.074417989,8157384.42,11900063.414322006,4414705.425677994,8113961.12,11832365.15221791,4395557.0877820905,5928248.21,8475440.034836423,3381056.385163577,6239524.4,8950958.55325365,3528090.246746351
154,7998401.31,11634861.45085742,4361941.16914258,8585020.24,12302014.7429954,4868025.7370046,8024056.47,11660689.074969146,4387423.865030852,7998401.31,11634861.45085742,4361941.16914258,5959866.68,8481593.396549946,3438139.963450054,6220026.94,8917223.140610049,3522830.7393899527
155,8144673.67,11876826.09123074,4412521.248769259,8825173.46,12729408.421122596,4920938.498877407,8128217.08,11857314.975183312,4399119.184816688,8144673.67,11876826.09123074,4412521.248769259,5890676.23,8454159.369478965,3327193.0905210353,6148950.68,8864713.392538656,3433187.967461344
156,8117815.27,11865545.025503542,4370085.514496456,8764640.06,12691543.671180133,4837736.448819869,8102610.04,11827443.506157003,4377776.573842997,8117815.27,11865545.025503542,4370085.514496456,5985233.01,8580639.784648858,3389826.2353511406,6220486.9,8944226.987102982,3496746.8128970186
157,8485556.42,12285720.685647719,4685392.15435228,9047195.27,13030062.729390198,5064327.810609801,8388711.92,12165174.725480648,4612249.114519352,8485556.42,12285720.685647719,4685392.15435228,6486696.0,9272081.78334729,3701310.2166527105,6599791.29,9504179.504083613,3695403.0759163867
158,8652604.54,12513130.499556191,4792078.580443807,9198425.35,13263232.529772213,5133618.1702277865,8578439.08,12426917.435794089,4729960.72420591,8652604.54,12513130.499556191,4792078.580443807,6440425.41,9258423.288762484,3622427.531237517,6658127.24,9602997.416903526,3713257.063096474
159,8404434.82,12233822.608181547,4575047.031818454,8986807.22,13001014.58801511,4972599.851984892,8319578.48,12132590.388950458,4506566.571049543,8404434.82,12233822.608181547,4575047.031818454,6426589.47,9104340.914919779,3748838.0250802217,6596542.25,9381389.122329276,3811695.3776707235
160,8611940.74,12592994.161733385,4630887.318266615,9115106.89,13271531.989986198,4958681.790013803,8527269.02,12506984.232008329,4547553.80799167,8611940.74,12592994.161733385,4630887.318266615,6792218.17,9699561.555127518,3884874.784872481,6938987.97,9970877.67082246,3907098.26917754
161,8807068.29,13033119.388470804,4581017.191529194,9431757.94,13798684.893160108,5064830.9868398905,8702077.36,12909050.291886648,4495104.428113351,8807068.29,13033119.388470804,4581017.191529194,7136676.14,10171673.134631045,4101679.1453689532,7073539.06,10213463.24692862,3933614.87307138
162,8994069.99,13396215.798489757,4591924.181510244,9584097.94,14168039.873748012,5000156.006251988,8925029.28,13317602.243740123,4532456.316259876,8994069.99,13396215.798489757,4591924.181510244,7118314.61,10302566.68951945,3934062.5304805497,6986044.9,10240829.584508896,3731260.215491106
163,8734772.51,13068278.192774296,4401266.827225704,9474656.08,14043523.595826207,4905788.564173793,8663211.51,12978851.202767452,4347571.817232547,8734772.51,13068278.192774296,4401266.827225704,7093612.53,10272767.490878297,3914457.569121703,7039362.48,10301503.609397644,3777221.350602357
164,8894387.99,13332271.793719292,4456504.186280709,9562322.88,14210095.231358457,4914550.528641545,8854903.55,13291091.743187321,4418715.35681268,8894387.99,13332271.793719292,4456504.186280709,7410055.71,10749359.774044594,4070751.6459554057,7306435.48,10719226.744607639,3893644.2153923623
165,8706576.09,13090173.660667107,4322978.519332893,9333418.72,13927339.951788153,4739497.488211849,8716246.54,13099585.150357023,4332907.929642975,8706576.09,13090173.660667107,4322978.519332893,7044529.54,10235947.318500977,3853111.7614990226,6880529.64,10061511.45104613,3699547.8289538696
166,8805454.83,13232780.018982748,4378129.641017253,9362586.43,13936287.287743581,4788885.572256418,8797421.01,13222586.270855453,4372255.749144546,8805454.83,13232780.018982748,4378129.641017253,7150036.49,10384661.491647441,3915411.4883525604,7026811.79,10261210.887237795,3792412.692762205
167,8625561.75,12960466.671009349,4290656.828990651,9192037.38,13647176.804970678,4736897.955029325,8646607.02,12968445.662350694,4324768.377649305,8625561.75,12960466.671009349,4290656.828990651,6991560.05,10166708.030352846,3816412.0696471543,6779573.24,9900174.37145916,3658972.1085408404
168,8867889.51,13126247.43487345,4609531.58512655,9262875.21,13583568.65393572,4942181.766064282,8815086.96,13064987.97849385,4565185.94150615,8867889.51,13126247.43487345,4609531.58512655,7339363.0,10497813.743478248,4180912.256521752,6891897.73,9952717.047167268,3831078.4128327323
169,9459245.58,13893803.500868667,5024687.659131334,9913917.76,14550381.42056933,5277454.099430668,9454568.39,13894842.481297595,5014294.298702406,9459245.58,13893803.500868667,5024687.659131334,7694377.68,11004077.49239964,4384677.86760036,7148111.34,10394024.05375404,3902198.626245961
170,9368401.17,13810631.022959147,4926171.317040853,9623780.58,14156731.106640693,5090830.053359307,9347236.24,13797685.1372247,4896787.342775299,9368401.17,13810631.022959147,4926171.317040853,7408927.06,10662311.677247744,4155542.4427522547,6945686.77,10182165.22189353,3709208.3181064697
171,9770713.73,14301573.443424875,5239854.016575126,9906857.92,14540669.847825982,5273045.992174017,9737000.2,14283061.999580463,5190938.400419535,9770713.73,14301573.443424875,5239854.016575126,7790213.66,11231851.069360727,4348576.250639273,7169049.31,10598581.098755185,3739517.5212448137
172,9716696.12,14206383.389221346,5227008.850778652,9818765.13,14499795.76106587,5137734.498934131,9675933.36,14192900.261434926,5158966.458565073,9716696.12,14206383.389221346,5227008.850778652,7688624.26,11146631.348750375,4230617.171249624,6929402.26,10242041.199798625,3616763.3202013746
173,9701723.0,14143912.138307737,5259533.861692263,9805695.63,14413725.816786455,5197665.443213547,9658833.86,14108490.228597319,5209177.49140268,9701723.0,14143912.138307737,5259533.861692263,7771899.06,11224490.267510826,4319307.852489173,7148891.84,10441185.435093168,3856598.2449068306
174,9480832.85,13780482.555757733,5181183.144242266,9499234.49,13893692.533580752,5104776.446419248,9454131.37,13753200.344067585,5155062.395932414,9480832.85,13780482.555757733,5181183.144242266,7565329.99,10823712.12481717,4306947.85518283,6902273.66,9992870.164618872,3811677.1553811273
175,9891911.49,14397685.968014207,5386137.011985793,9707439.59,14183323.091037052,5231556.088962948,9893798.22,14392684.370347917,5394912.069652084,9891911.49,14397685.968014207,5386137.011985793,7745278.46,11127032.54849189,4363524.37150811,7127645.74,10383106.275543327,3872185.204456674
176,9960758.73,14506709.415374205,5414808.044625797,9741890.76,14237499.54073815,5246281.97926185,9965332.29,14497303.904037694,5433360.675962305,9960758.73,14506709.415374205,5414808.044625797,7785633.29,11242435.53383619,4328831.0461638095,7385679.29,10737433.540013872,4033925.039986128
177,9757719.76,14018971.66998529,5496467.850014708,9580365.77,13787021.359607179,5373710.18039282,9733819.55,14005715.12694874,5461923.973051262,9757719.76,14018971.66998529,5496467.850014708,7647390.03,10857206.781129993,4437573.278870007,6978085.35,10066987.734668037,3889182.965331963
178,9908371.46,14256123.760545343,5560619.159454658,9583941.04,13830567.512091896,5337314.567908103,9889414.67,14255109.852544187,5523719.487455813,9908371.46,14256123.760545343,5560619.159454658,7600558.51,10783533.165324187,4417583.854675813,6855136.36,9896693.558966521,3813579.1610334795
179,9254680.94,13211869.794461375,5297492.085538624,9123790.91,13050733.300955748,5196848.519044252,9290692.31,13271818.737822356,5309565.882177645,9254680.94,13211869.794461375,5297492.085538624,7280893.2,10193225.881144267,4368560.518855734,6475453.56,9198993.494878635,3751913.6251213634
180,8896357.31,12790522.211941382,5002192.408058619,8893659.15,12808245.227062985,4979073.072937015,8950168.41,12831844.615962299,5068492.204037702,8896357.31,12790522.211941382,5002192.408058619,7156140.77,10048576.943821663,4263704.596178336,6071121.57,8643242.14528963,3499000.994710372
181,9169147.52,13043777.143638123,5294517.896361875,8995473.48,12847635.559442684,5143311.400557318,9225481.15,13074651.173211858,5376311.126788144,9169147.52,13043777.143638123,5294517.896361875,7320901.6,10253982.447254132,4387820.752745866,6306758.36,8964878.795817867,3648637.9241821347
182,9359987.83,13398372.703507826,5321602.956492175,9230640.04,13219385.075447965,5241895.004552034,9430316.05,13421384.136820376,5439247.963179626,9359987.83,13398372.703507826,5321602.956492175,7294441.86,10285043.040898431,4303840.67910157,6393769.14,9137114.753322344,3650423.526677655
183,9047758.91,13025105.523008442,5070412.296991559,8878531.14,12802510.370309543,4954551.909690457,9132687.75,13082886.457064012,5182489.042935988,9047758.91,13025105.523008442,5070412.296991559,6747328.43,9486436.92460592,4008219.9353940776,6039220.11,8519845.713381883,3558594.506618118
184,9246421.37,13244097.854651216,5248744.885348783,9075999.96,13006451.747848706,5145548.1721512955,9398961.2,13371518.778488018,5426403.621511982,9246421.37,13244097.854651216,5248744.885348783,7059019.82,9916476.553708633,4201563.086291367,6338053.63,8942751.480386052,3733355.7796139475
185,9238066.87,13244831.800451884,5231301.939548114,9055012.75,13028841.575093009,5081183.924906991,9233100.08,13195554.066124873,5270646.093875127,9238066.87,13244831.800451884,5231301.939548114,7009461.02,9947003.455295082,4071918.584704917,6288995.33,8968828.61723843,3609162.04276157
186,9095549.12,13139691.919318471,5051406.320681527,8936517.94,12949784.703042757,4923251.176957242,9096175.69,13102895.917368304,5089455.462631695,9095549.12,13139691.919318471,5051406.320681527,7335731.6,10575126.72244531,4096336.4775546906,6219759.71,9005805.677638717,3433713.742361283
187,9034483.12,13063539.583692642,5005426.656307356,9006305.52,13010059.336298848,5002551.703701152,9041970.85,13042800.90321491,5041140.796785089,9034483.12,13063539.583692642,5005426.656307356,7036327.13,10211148.973502427,3861505.286497573,6179436.86,8935852.085672809,3423021.6343271914
188,9013267.23,12967418.893528406,5059115.566471596,8988910.83,12932929.890626531,5044891.769373469,9044172.74,12985165.268349791,5103180.2116502095,9013267.23,12967418.893528406,5059115.566471596,7022309.11,10215839.087538932,3828779.132461069,6195822.28,8919669.432534873,3471975.1274651275
189,8641732.88,12525388.63282074,4758077.127179261,8610718.28,12523001.422217246,4698435.1377827525,8617970.79,12469545.95820764,4766395.621792357,8641732.88,12525388.63282074,4758077.127179261,6915228.89,10122385.517163455,3708072.262836545,5838918.2,8510343.717852749,3167492.6821472514
190,8874558.63,12874059.88603002,4875057.373969981,8825328.83,12819762.097499609,4830895.56250039,8872225.64,12841177.23093408,4903274.0490659205,8874558.63,12874059.88603002,4875057.373969981,7159993.45,10582531.14409088,3737455.7559091197,6280333.23,9282169.407544676,3278497.0524553237
191,8932551.27,12990086.919448331,4875015.620551669,9000470.05,13058567.988822365,4942372.111177636,8921956.73,12951685.099604478,4892228.360395523,8932551.27,12990086.919448331,4875015.620551669,7202441.63,10679456.728099678,3725426.5319003225,6155064.14,9122462.45540271,3187665.8245972907
192,8814533.81,12746705.31289353,4882362.307106471,8751724.43,12641481.991509924,4861966.868490076,8800778.5,12701278.373858616,4900278.626141384,8814533.81,12746705.31289353,4882362.307106471,7365117.64,10712037.328841966,4018197.951158034,6074372.59,8888322.43546735,3260422.744532651
193,8960880.39,12888288.926905703,5033471.853094298,8885911.72,12777681.568259403,4994141.871740598,8948734.59,12850250.042990118,5047219.137009882,8960880.39,12888288.926905703,5033471.853094298,7257868.7,10484380.058770504,4031357.3412294965,6190892.17,9035839.02333507,3345945.31666493
194,8933062.97,12990007.745592078,4876118.194407923,8936342.15,12889357.783422306,4983326.516577695,8950992.59,13010517.07064107,4891468.109358929,8933062.97,12990007.745592078,4876118.194407923,7287975.53,10694814.358419614,3881136.7015803866,6040689.59,8938801.423016164,3142577.756983835
195,8723055.91,12646032.319614122,4800079.500385879,8718045.26,12488158.47777599,4947932.04222401,8745356.96,12664932.155121934,4825781.764878068,8723055.91,12646032.319614122,4800079.500385879,6952099.69,10136436.067431696,3767763.3125683046,6202547.49,9025060.618972488,3380034.3610275136
196,8946063.64,13016115.48658837,4876011.793411631,8923747.79,12841684.658922449,5005810.921077549,8951539.07,13004449.665335085,4898628.474664916,8946063.64,13016115.48658837,4876011.793411631,6946749.01,10186635.061990863,3706862.958009137,6079638.36,8853704.986145895,3305571.7338541048
197,9252849.12,13423475.36649556,5082222.873504438,9217172.5,13237397.34986069,5196947.6501393095,9245904.33,13398397.057493892,5093411.602506108,9252849.12,13423475.36649556,5082222.873504438,7026398.97,10305386.098147778,3747411.841852221,6442313.7,9396387.68890794,3488239.7110920614
198,9098341.91,13266643.215905746,4930040.604094254,9061684.81,13068874.491998002,5054495.128001999,9086300.96,13214012.249743646,4958589.670256356,9098341.91,13266643.215905746,4930040.604094254,7065674.24,10350629.836064639,3780718.6439353614,5952572.74,8691860.211467441,3213285.268532559
199,8897070.21,13088354.71823792,4705785.701762082,8987809.75,13050896.574170768,4924722.925829233,8846286.39,12944348.5722592,4748224.2077408,8897070.21,13088354.71823792,4705785.701762082,7288786.76,10688786.069789117,3888787.4502108824,5855479.92,8536234.303368788,3174725.536631211
200,4103422.01,5754892.199318497,2451951.820681502,4294617.59,5997824.743339321,2591410.436660679,4095055.18,5752579.303437578,2437531.056562423,4103422.01,5754892.199318497,2451951.820681502,3195682.36,4648397.02837247,1742967.6916275294,2199038.77,3188078.356931535,1209999.183068465
201,4037298.92,5717466.73073201,2357131.10926799,4136854.5,5797263.143964519,2476445.856035481,4019807.8,5706457.846785605,2333157.753214394,4029490.58,5706725.663318668,2352255.496681332,2982958.71,4359807.282794327,1606110.1372056736,2224058.88,3226490.1996435667,1221627.560356433
202,4833796.94,6838120.910870496,2829472.969129504,4775008.57,6722426.914943684,2827590.225056317,4803601.57,6813982.643345073,2793220.4966549277,4803674.82,6792596.175073167,2814753.4649268333,3074602.88,4473156.452992245,1676049.307007755,2718803.04,4104143.7663631067,1333462.3136368934
203,4266388.32,6020877.805403273,2511898.834596728,4254137.27,5943318.2777195675,2564956.2622804316,4289532.67,6057521.3909431035,2521543.9490568964,4333392.79,6126634.720987478,2540150.8590125213,3365920.97,4985514.654595565,1746327.285404435,2392161.3,3532451.221839497,1251871.378160503
204,4439391.96,6249483.710230812,2629300.209769188,4430607.47,6222142.213886634,2639072.726113365,4448462.37,6267188.040751804,2629736.6992481966,4416500.62,6208507.199942706,2624494.040057294,3348926.75,4891695.327575726,1806158.1724242736,2503165.0,3703535.7618444343,1302794.2381555657
205,4172160.67,5898230.127133014,2446091.212866986,4208820.58,5885439.55327918,2532201.6067208205,4149614.82,5877760.622318735,2421469.0176812643,4201064.99,5946968.29350149,2455161.6864985107,3507859.3,5095819.2951229485,1919899.304877051,2531484.55,3729287.230864921,1333681.8691350785
206,4175244.66,5909170.584627051,2441318.73537295,4032293.03,5686588.02815293,2377998.03184707,4258225.82,6015586.345465813,2500865.294534188,4158913.56,5887950.915388253,2429876.2046117475,2942211.55,4326673.767237342,1557749.332762658,2797369.88,4041636.6232136367,1553103.1367863629
207,4139753.7,6007399.519523101,2272107.8804769,4120535.64,5990608.877850959,2250462.4021490416,4140523.17,6012066.356936419,2268979.98306358,4095967.76,5934708.502675922,2257227.017324078,3100451.75,4570368.726909663,1630534.7730903376,2683704.51,3995341.620050456,1372067.3999495436
208,4225846.18,6206983.175529888,2244709.184470112,4393437.69,6335709.25161952,2451166.128380481,4222280.43,6202661.126490767,2241899.7335092323,4227011.62,6191323.64077097,2262699.5992290303,3343289.33,4910942.745679872,1775635.9143201278,2774296.83,4290373.401194712,1258220.2588052875
209,4191528.03,6010940.5876003085,2372115.472399691,3985882.4,5595675.17492509,2376089.62507491,4292938.75,6114993.448063605,2470884.0519363945,4183017.01,5964899.798310319,2401134.221689681,3246759.18,4706745.492971067,1786772.8670289333,2512664.43,3700021.3401796822,1325307.519820318
210,4062614.44,5971263.926633545,2153964.9533664547,4591205.77,6534220.802434214,2648190.7375657847,4185445.43,6098509.412184336,2272381.447815664,4221932.35,6142879.426374006,2300985.273625993,3347148.0,4994930.730172428,1699365.2698275715,2748082.17,4209470.380699985,1286693.9593000154
211,4092409.07,5955635.310874309,2229182.8291256903,4459564.7,6371634.642600821,2547494.7573991795,4117563.91,6006811.733669827,2228316.0863301735,4154796.71,6040394.69979522,2269198.72020478,3163674.3,4736596.173629055,1590752.4263709446,2615563.49,3990619.08760627,1240507.8923937306
212,3502135.01,4975212.131725252,2029057.8882747474,3774797.91,5247982.782654149,2301613.037345851,3594094.5,5087119.3291007355,2101069.670899264,3507549.51,4980288.024568651,2034810.9954313484,2957306.33,4332344.580525482,1582268.0794745185,2395959.05,3496526.080274607,1295392.0197253923
213,4088873.65,5744566.342043491,2433180.9579565087,3946816.05,5565559.4154954245,2328072.684504575,4106166.21,5776211.328911535,2436121.0910884645,3923273.81,5488155.085286106,2358392.534713894,3086779.24,4562983.295506386,1610575.184493614,2359870.15,3525936.554393707,1193803.7456062927
214,3804561.17,5330641.8399095,2278480.5000904994,3970471.84,5490527.46388564,2450416.21611436,3807469.35,5340767.874965118,2274170.8250348824,3863128.48,5449609.057018186,2276647.902981814,2976261.76,4346969.422359074,1605554.0976409256,2373509.75,3403322.910484795,1343696.589515205
215,3925632.14,5540449.482203351,2310814.797796649,4184366.42,5844043.3173252065,2524689.522674793,3951202.04,5556229.1782796215,2346174.9017203785,3871091.64,5494174.412925053,2248008.867074947,2975200.02,4422706.9772800505,1527693.06271995,2283616.94,3415761.3526861416,1151472.5273138583
216,3584346.92,5092264.799472907,2076429.040527093,3708203.46,5212780.863484836,2203626.0565151637,3476702.16,4945351.1235275585,2008053.1964724422,3602142.58,5147658.21252889,2056626.9474711104,2848856.14,4119034.651703976,1578677.6282960242,2077091.67,3028349.731848334,1125833.608151666
217,3619293.39,5144192.9054219285,2094393.874578072,4091200.44,5722606.830291153,2459794.049708847,3591229.72,5117955.824027453,2064503.6159725483,3663522.72,5257457.567866782,2069587.8721332185,2772371.06,3985365.8291936507,1559376.2908063494,2067447.51,3006771.669734206,1128123.350265794
218,3362308.71,4769441.165342348,1955176.2546576518,3726896.89,5205986.351293813,2247807.428706187,3416802.68,4848249.732792443,1985355.6272075581,3663513.8,5196274.239617197,2130753.3603828033,2585180.04,3706291.444966784,1464068.6350332159,1789457.68,2579924.0807281234,998991.2792718763
219,3635860.12,5082228.651811792,2189491.5881882086,4067370.49,5614072.721131304,2520668.2588686966,3641098.64,5102115.077905952,2180082.2020940483,3910313.2,5457000.34615325,2363626.0538467504,2901615.75,4171957.299037434,1631274.200962566,2085588.42,2949092.657379211,1222084.1826207887
220,3398966.76,4827540.663724804,1970392.8562751948,3613179.57,5037862.258865179,2188496.881134821,3441588.31,4880952.703499987,2002223.916500013,3527819.62,5006675.739455763,2048963.5005442372,2508591.88,3623154.1473016273,1394029.6126983725,2000239.24,2852527.0372600495,1147951.4427399505
221,3816157.29,5314138.182363648,2318176.3976363516,4323634.59,5914346.99025725,2732922.18974275,3844209.03,5359051.582091831,2329366.4779081685,3887566.08,5404770.170929109,2370361.9890708914,2724287.33,3891773.8876208197,1556800.7723791802,2360294.16,3302334.0067602843,1418254.3132397162
222,3845572.13,5353640.258790163,2337504.001209837,4292248.83,5964249.658364285,2620248.001635716,3877204.18,5394810.85289599,2359597.5071040103,3981058.46,5596030.331178793,2366086.588821207,2597649.17,3697982.773225539,1497315.566774461,2303909.91,3215743.839032153,1392075.9809678472
223,4299294.09,5936295.503463671,2662292.676536329,4800966.27,6576225.060173228,3025707.4798267707,4328576.93,5973141.911536274,2684011.948463726,4443931.38,6168521.834167402,2719340.9258325975,3155225.15,4433460.83324875,1876989.4667512493,2633659.06,3694148.6115177507,1573169.5084822495
224,4188670.27,5866957.1180606205,2510383.4219393795,4905591.62,6774457.4235985,3036725.8164015003,4108331.0,5771558.29537243,2445103.7046275693,4131969.51,5761513.187353784,2502425.832646216,3348216.53,4704596.105804456,1991836.9541955434,2677385.25,3761114.322873899,1593656.1771261015
225,4109641.89,5791290.317882075,2427993.4621179253,4695731.86,6524944.2813961385,2866519.438603862,3976349.88,5604285.7790836245,2348413.980916375,4017851.42,5674316.833415721,2361386.0065842792,3043684.4,4373530.670496538,1713838.1295034615,2524494.01,3628303.9452062994,1420684.0747937004
226,4040954.46,5862737.2016928755,2219171.718307125,4453778.95,6390267.745616689,2517290.1543833106,4004297.43,5795305.0419455245,2213289.8180544754,4164151.02,6061092.559955355,2267209.4800446453,2887207.92,4175959.115625769,1598456.7243742307,2384554.01,3488818.9529675553,1280289.0670324445
227,4154764.21,5973922.664880525,2335605.7551194746,4277776.01,6041636.878555425,2513915.141444574,4047633.73,5756916.230565981,2338351.229434019,4162360.13,5930230.569845542,2394489.690154458,3504611.52,5219085.385961974,1790137.6540380262,2598067.89,3719188.837609152,1476946.9423908484
228,3946947.82,5840357.9585921895,2053537.6814078107,3929318.42,5615849.25122373,2242787.5887762695,3851015.81,5739852.528046534,1962179.0919534657,4021883.06,5990080.288825533,2053685.831174467,3010305.15,4513678.991064027,1506931.308935973,2412739.53,3504141.545929324,1321337.5140706755
229,3849309.99,5584606.324810851,2114013.655189149,4039762.77,5765032.613510578,2314492.926489422,3759056.66,5483702.836463241,2034410.4835367594,3955546.77,5783852.770112237,2127240.769887763,3036194.29,4462748.744769463,1609639.8352305363,2753613.91,3974813.7722816165,1532414.0477183838
230,3346142.24,4922051.975086044,1770232.5049139569,3758227.53,5431539.03734055,2084916.0226594498,3264151.88,4830239.4355682805,1698064.324431719,3615226.16,5305058.074223124,1925394.2457768756,3042248.79,4529312.702914836,1555184.8770851642,2247268.16,3393041.129444288,1101495.190555712
231,4172904.27,5985821.422366122,2359987.1176338783,4496645.61,6388768.141865788,2604523.078134213,4179760.24,5996115.0803092485,2363405.399690752,4304423.0,6183060.5072614355,2425785.4927385645,3467940.15,5128979.435298668,1806900.864701332,3052663.27,4426582.785576695,1678743.7544233054
232,4256952.77,6139112.936006739,2374792.6039932603,4362621.13,6241933.7465858,2483308.5134141995,4330607.46,6267245.630450893,2393969.2895491063,4364322.93,6342638.808858218,2386007.0511417817,3574404.28,5353476.114964382,1795332.4450356178,3071912.12,4501865.305831289,1641958.9341687118
233,4125411.28,5948974.7211973,2301847.8388026995,4149320.76,5861923.138668882,2436718.3813311174,4239060.51,6138142.928143537,2339978.0918564633,4182621.09,6095675.269315579,2269566.9106844207,3491727.46,5318877.533054619,1664577.3869453808,3014022.4,4367317.687470168,1660727.1125298315
234,4439893.6,6344763.128991919,2535024.071008081,4381856.54,6211357.773463023,2552355.306536977,4461901.77,6378169.927804999,2545633.612195,4374044.09,6288387.226883281,2459700.9531167187,3876287.06,5805913.962352931,1946660.1576470698,3210646.17,4704496.668318092,1716795.6716819082
235,4099605.38,5940797.648694366,2258413.111305634,4173447.85,5968557.393973009,2378338.3060269915,4057843.21,5891142.687231902,2224543.7327680974,3893141.29,5634110.339927742,2152172.240072258,3986400.22,5924987.986164234,2047812.4538357668,2872874.85,4269810.032022312,1475939.667977688
236,4337743.7,6193748.234978937,2481739.1650210638,4603401.02,6565809.209795543,2640992.830204456,4330068.34,6188030.133065598,2472106.546934401,4183620.82,5970124.841679174,2397116.7983208257,3972312.63,5956475.542745704,1988149.7172542964,3115429.49,4559993.798798317,1670865.1812016836
237,4445380.49,6441524.891948576,2449236.0880514244,4444252.42,6451030.644773491,2437474.1952265096,4448927.94,6448209.024447905,2449646.8555520955,4179260.01,6062101.840531297,2296418.179468703,4178843.05,6388034.945664327,1969651.154335673,3353340.05,4876849.209089419,1829830.890910581
238,4620124.41,6696797.059857625,2543451.7601423757,4717437.16,6849658.5885399105,2585215.73146009,4627285.45,6709589.787928524,2544981.112071476,4391048.04,6367606.4387763785,2414489.6412236216,3850767.47,5771338.826257459,1930196.1137425415,3274415.83,4750925.935879539,1797905.7241204616
239,5025065.48,7253628.524302559,2796502.4356974424,5062313.07,7332006.400427965,2792619.739572035,5009868.38,7235541.199732492,2784195.5602675076,4785533.79,6913911.237059313,2657156.342940687,4113956.23,6248349.682902195,1979562.777097805,3425086.13,4957353.162865622,1892819.0971343773
240,5066187.16,7351536.403424352,2780837.9165756484,4916121.99,7124632.515640471,2707611.464359529,5049425.03,7332764.137816518,2766085.922183483,4829214.76,7020516.137791396,2637913.3822086034,4466731.18,6678961.433516651,2254500.926483348,3621367.77,5288555.639015651,1954179.9009843487
241,4803503.63,6964544.368521428,2642462.8914785725,4724149.68,6824893.946990345,2623405.4130096543,4786525.04,6944366.671702391,2628683.4082976095,4572960.62,6633356.06006068,2512565.179939321,4239606.75,6308359.9048564425,2170853.5951435575,3270895.14,4763184.408870238,1778605.8711297626
242,4863330.95,7008090.652048276,2718571.2479517246,4690922.34,6691989.942604376,2689854.737395624,4841059.43,6983045.5919128265,2699073.2680871733,4697748.79,6760590.4174392745,2634907.1625607256,3979544.77,5793988.191623829,2165101.3483761707,3703999.28,5286741.798436966,2121256.7615630333
243,4804790.64,6958744.579597252,2650836.700402747,4852641.14,7025997.334239735,2679284.945760264,4954226.41,7184972.867870467,2723479.952129533,4747577.7,6874071.6262209285,2621083.7737790714,4140717.26,6076580.426254611,2204854.0937453876,3875020.55,5544792.295173926,2205248.8048260733
244,4876801.65,7157966.482456879,2595636.817543122,4833076.8,7105559.861162541,2560593.7388374587,4986506.56,7311235.555613562,2661777.564386437,4900878.03,7134191.547650885,2667564.512349115,4093903.92,6083507.332098713,2104300.507901287,4012218.77,5877836.488977545,2146601.051022455
245,4640095.4,6750790.079586098,2529400.720413903,4619520.67,6718427.784607718,2520613.555392282,4818794.02,7019642.498324904,2617945.5416750954,4701996.23,6797660.4781928705,2606331.9818071304,4622032.85,6754654.103346011,2489411.596653989,3696860.07,5331258.832402528,2062461.3075974714
246,4990995.07,7196038.085859265,2785952.054140735,4871566.72,6994775.64655125,2748357.7934487504,5036416.89,7248385.812470064,2824447.9675299358,4931439.22,7084489.338610236,2778389.101389764,4402696.87,6396215.123452023,2409178.6165479776,3614617.75,5224084.678577913,2005150.8214220873
247,4896547.58,7038394.869120432,2754700.2908795676,4743674.02,6789747.159751279,2697600.8802487203,4928723.55,7078000.40029329,2779446.69970671,4790537.4,6855892.971730481,2725181.82826952,3847104.26,5590355.448013422,2103853.0719865775,3321787.39,4811893.358220573,1831681.4217794277
248,5018035.18,7247663.766323376,2788406.5936766225,4900287.31,7033776.680929942,2766797.939070057,5039137.02,7272369.034898607,2805905.0051013925,5061079.74,7278685.747517752,2843473.732482248,4209073.54,6129156.744578704,2288990.335421296,3468891.73,5052371.000395968,1885412.4596040326
249,4785246.61,6842195.065080574,2728298.154919427,4631809.76,6518551.1676892815,2745068.352310718,4797637.39,6858922.888222795,2736351.8917772043,4877531.77,6956867.2786569595,2798196.2613430396,3544236.46,5166464.162849935,1922008.7571500656,3388018.39,4886609.060173782,1889427.719826219
250,4944935.07,6923819.009126142,2966051.130873859,4535344.38,6332160.6848928165,2738528.0751071833,5037935.63,7095701.59697025,2980169.66302975,5100586.17,7198203.136528277,3002969.203471723,3541594.21,5149237.270587044,1933951.149412956,3302909.21,4706475.64188621,1899342.7781137894
251,4808003.79,6783201.8089913055,2832805.7710086945,4514138.16,6325134.213049521,2703142.1069504796,4783975.21,6745983.026702292,2821967.393297708,4801586.34,6779805.464766706,2823367.2152332934,3635091.91,5324932.818666555,1945251.0013334453,3450035.08,4935404.818617172,1964665.3413828283
252,4605672.55,6516131.102309419,2695213.997690581,4433077.57,6207373.66627015,2658781.4737298507,4613199.39,6528028.068676502,2698370.711323497,4623259.51,6554513.131868293,2692005.888131707,3314386.98,4841861.787982193,1786912.1720178071,3136860.92,4491163.105953246,1782558.734046754
253,5140868.14,7304621.84903924,2977114.430960759,5147028.75,7184677.502316496,3109379.9976835037,5131061.68,7288520.100035578,2973603.2599644214,5112585.66,7280531.950744281,2944639.3692557192,3497286.89,5185937.401545448,1808636.3784545525,3643496.94,5243377.549476516,2043616.3305234832
254,4999578.27,7090607.352283036,2908549.187716963,4972214.18,6963558.701017835,2980869.658982164,5024789.42,7128700.6726315105,2920878.1673684893,4982096.33,7083511.92263061,2880680.7373693897,3515276.88,5215420.187684316,1815133.5723156831,3462143.98,4989969.303442517,1934318.6565574822
255,5346938.63,7464413.938457895,3229463.321542105,5179436.12,7220628.159072269,3138244.0809277315,5363140.22,7496046.429228346,3230234.0107716536,5363119.99,7521059.183125653,3205180.796874347,3748140.01,5519665.208642054,1976614.8113579452,3816493.78,5431502.810136143,2201484.7498638565
256,5271852.87,7456805.8432310335,3086899.8967689667,5304610.84,7438558.98373119,3170662.6962688104,5307617.46,7497891.093030475,3117343.826969525,5334257.83,7537413.808756609,3131101.8512433907,3837499.56,5606051.766500876,2068947.353499124,4030202.44,5829508.848726369,2230896.0312736304
257,5431038.98,7573674.347503863,3288403.6124961376,5367503.55,7456815.666356266,3278191.4336437336,5434675.21,7575742.249224182,3293608.1707758177,5338193.59,7469957.807267619,3206429.3727323804,3817312.87,5666664.295871956,1967961.4441280444,3644898.18,5216422.751535764,2073373.6084642361
258,5217310.22,7299260.1881427765,3135360.2518572235,5228522.52,7239269.750496551,3217775.2895034472,5242637.77,7338262.612465055,3147012.9275349444,5269208.08,7373511.414363462,3164904.7456365386,3825993.44,5624404.867916873,2027582.0120831272,3652037.68,5209876.227887744,2094199.1321122567
259,5169696.5,7201510.565031998,3137882.4349680026,4944772.73,6882954.65030924,3006590.80969076,5183489.9,7221476.91249791,3145502.887502091,5384113.62,7459071.185705949,3309156.0542940516,3524744.05,5183080.827535249,1866407.2724647506,3813426.83,5503833.719507113,2123019.9404928875
260,5363958.15,7462974.816048582,3264941.4839514187,4893807.34,6831782.2762781195,2955832.4037218797,5377558.61,7481005.7212731205,3274111.49872688,5453949.61,7582983.904895752,3324915.315104249,4045003.53,5868528.3111982765,2221478.748801723,3594810.35,5235213.039009663,1954407.6609903367
261,5319489.38,7421316.57730478,3217662.18269522,5158854.72,7145124.975848357,3172584.4641516423,5297464.45,7397309.236602565,3197619.663397435,5459106.33,7617534.782937165,3300677.8770628343,4215860.15,6131030.197601015,2300690.1023989855,3837705.35,5557072.362271812,2118338.337728188
262,5382217.78,7476575.734425254,3287859.825574747,5189193.45,7178732.765635367,3199654.134364634,5379880.21,7475725.982750438,3284034.4372495622,5450575.84,7586835.704813334,3314315.9751866655,4381769.86,6326768.31164992,2436771.40835008,3770647.14,5428785.118534407,2112509.1614655936
263,5357799.9,7399598.8833955405,3316000.91660446,5282503.48,7296482.197225413,3268524.7627745876,5370585.81,7418590.881708034,3322580.738291965,5412506.37,7479014.239859179,3345998.500140822,4325851.32,6306151.040394802,2345551.5996051994,3928729.9,5638079.691780522,2219380.1082194783
264,5384282.09,7524158.718779983,3244405.4612200167,5322295.35,7357336.86743018,3287253.8325698185,5429157.87,7585443.234000304,3272872.5059996964,5457759.49,7628710.578199912,3286808.4018000886,4127487.15,5971784.301898791,2283189.9981012084,3977018.79,5709979.691665518,2244057.888334482
265,5175892.16,7270722.621687692,3081061.6983123086,5043772.84,7077827.7333646435,3009717.9466353557,5194582.47,7300715.211292871,3088449.728707128,5253372.69,7374042.598303132,3132702.781696869,4000936.72,5816850.059917631,2185023.38008237,3846511.1,5577307.686583397,2115714.513416603
266,5121333.69,7250915.288166741,2991752.0918332604,5279534.15,7427406.199253145,3131662.100746856,5163477.8,7312594.313861016,3014361.286138983,5205894.71,7371114.107139861,3040675.312860139,4087414.82,6014903.742343903,2159925.897656097,3882480.0,5612254.062464867,2152705.9375351327
267,5158785.58,7228134.792341492,3089436.367658508,5282042.16,7388139.541196728,3175944.778803272,5205748.38,7297343.179412104,3114153.5805878956,5224528.48,7325053.56782184,3124003.392178161,3986563.7,5795277.411143521,2177849.98885648,3834733.67,5556097.766781662,2113369.5732183387
268,5028119.66,7030233.234845674,3026006.085154327,5373511.89,7473134.760240246,3273889.0197597537,5031323.72,7039087.891778429,3023559.5482215704,5133756.04,7181523.184815424,3085988.895184577,3750463.92,5447067.126147194,2053860.7138528056,3803710.95,5483534.05957368,2123887.84042632
269,5339439.91,7399134.852925853,3279744.9670741474,5465311.42,7597033.841006593,3333588.998993407,5346458.77,7414967.279335533,3277950.260664466,5534620.11,7684454.395698277,3384785.8243017234,4068851.81,5806208.634970229,2331494.985029771,3872335.05,5521494.828736274,2223175.2712637265
270,5168340.35,7194174.280376336,3142506.4196236636,5328296.79,7370983.879487934,3285609.700512067,5183390.48,7217479.869393306,3149301.090606695,5402918.91,7553480.983031731,3252356.836968269,4049479.01,5834629.560359596,2264328.4596404033,3925213.27,5607870.3061477505,2242556.2338522496
271,5256540.73,7243022.849586448,3270058.6104135527,5368969.41,7374156.343086233,3363782.4769137665,5273051.49,7267521.314972821,3278581.6650271798,5501209.51,7593818.39678666,3408600.6232133396,3964536.76,5707074.869954978,2221998.6500450214,4057636.2,5770067.7281396,2345204.671860401
272,5163439.99,7159668.729101844,3167211.250898156,5537579.49,7672441.874647772,3402717.1053522285,5227470.93,7249141.973240623,3205799.8867593766,5449094.31,7571975.751042582,3326212.868957417,3945025.4,5632799.613073042,2257251.186926958,3941385.75,5612902.31062918,2269869.1893708203
273,5280153.94,7336883.458646994,3223424.4213530063,5473919.28,7637905.827962937,3309932.732037063,5356170.93,7440349.892072991,3271991.9679270093,5610095.76,7813779.087041228,3406412.4329587715,4035554.53,5803592.100234281,2267516.959765718,3961392.38,5634256.82487208,2288527.935127919
274,5626270.69,7847149.859944123,3405391.520055878,5605043.51,7840349.429649361,3369737.590350638,5684370.61,7925335.555423282,3443405.6645767186,5929245.9,8297382.304996543,3561109.4950034576,4075804.85,5777894.94342525,2373714.75657475,4014252.95,5721802.932642432,2306702.9673575684
275,5781865.59,8180292.523589965,3383438.656410035,5487879.25,7723808.968284673,3251949.531715327,5834810.87,8253955.926603313,3415665.8133966876,6047698.41,8538760.541513415,3556636.2784865857,4103297.53,5753290.0877298545,2453304.9722701446,4039478.57,5806238.032047491,2272719.107952509
276,5387458.11,7675116.407466496,3099799.8125335043,5357129.84,7551386.237295462,3162873.4427045383,5445243.02,7762600.713245433,3127885.3267545663,5601604.91,7971357.566007337,3231852.253992663,4338039.13,6033659.902770232,2642418.3572297674,3685412.72,5228192.199736561,2142633.2402634397
277,5594389.5,8109288.81030822,3079490.18969178,5166538.9,7291272.349784027,3041805.450215974,5584442.15,8087455.520438887,3081428.779561113,5853267.19,8492793.955441229,3213740.4245587722,4401589.13,6250262.236288762,2552916.023711238,3579567.68,5011800.36079283,2147334.9992071707
278,5573232.9,8079656.454166677,3066809.345833324,5490532.7,7835160.789294297,3145904.6107057035,5601908.08,8121052.398914202,3082763.761085798,5808099.38,8393735.998894084,3222462.7611059146,4404814.72,6242222.073512447,2567407.3664875524,3863781.21,5477575.150528244,2249987.269471756
279,5857091.56,8421564.970471807,3292618.1495281924,5688064.58,8084606.521847863,3291522.6381521374,5834614.33,8385338.722636077,3283889.9373639235,6059819.58,8692170.312206846,3427468.8477931535,4746685.29,6711355.926301867,2782014.653698133,4222436.16,5947024.406677029,2497847.913322971
280,5954650.8,8634416.292321324,3274885.307678675,5408044.5,7621789.360826187,3194299.6391738127,5881125.32,8531977.202167746,3230273.437832256,6126179.03,8833175.791267991,3419182.26873201,4932431.27,6915535.497551357,2949327.0424486417,4127450.4,5787093.842998183,2467806.9570018165
281,6287835.52,9130506.887938213,3445164.1520617865,5574441.22,7817308.459215285,3331573.9807847138,6310064.82,9159357.383327546,3460772.2566724545,6214713.36,8862637.727713801,3566788.9922862,4848538.35,6784548.48630151,2912528.2136984896,4229849.97,5886268.811508935,2573431.128491065
282,6553950.21,9387542.14587388,3720358.2741261194,5877738.68,8170205.728508155,3585271.6314918445,6587132.94,9429356.313732589,3744909.566267412,6676563.46,9528001.116847854,3825125.8031521454,5336882.14,7424561.733938884,3249202.546061116,4694480.54,6511757.041464999,2877204.038535001
283,6278110.85,9212453.994640129,3343767.70535987,5753899.23,8034925.134657171,3472873.32534283,6380920.99,9349483.842048587,3412358.1379514136,6284111.8,9103410.35373982,3464813.2462601783,4771558.06,6726329.53090716,2816786.589092839,4295552.48,5992625.811283159,2598479.148716842
284,6473100.46,9435288.118898572,3510912.801101428,5992285.06,8368760.507421289,3615809.61257871,6495153.34,9486884.004900679,3503422.675099321,6673397.34,9592010.435094094,3754784.2449059053,5055754.68,7146603.02119134,2964906.33880866,4435403.65,6219064.448470434,2651742.8515295666
285,6719308.55,9686868.643909255,3751748.4560907446,6293559.1,8652914.42736439,3934203.772635609,6730316.8,9741100.068339074,3719533.531660926,6738821.34,9486933.96190599,3990708.718094011,5113359.76,7130328.851447643,3096390.668552357,4442233.35,6163226.0264847735,2721240.6735152258
286,6900414.42,10193416.12731804,3607412.7126819612,6412499.53,8875131.331318343,3949867.7286816575,6903667.35,10206587.022640662,3600747.677359337,7020571.54,10046674.12177355,3994468.9582264493,5589081.77,7826761.695963165,3351401.844036835,4708735.05,6559237.363343434,2858232.7366565657
287,6884421.02,10069292.713903464,3699549.3260965347,6579935.24,9182429.853082089,3977440.626917912,6784839.45,9935851.98708672,3633826.9129132787,7103944.31,10141681.172886536,4066207.4471134637,5480455.8,7697995.106715966,3262916.4932840336,4705246.11,6627390.0550554525,2783102.1649445486
288,7173001.06,10503345.824416075,3842656.2955839243,6785056.82,9440388.307770912,4129725.33222909,7053581.57,10338534.085501049,3768629.054498953,7271878.44,10323722.60358822,4220034.276411781,5712395.34,8010586.6900195135,3414203.989980486,4920946.81,6868363.3689236995,2973530.2510762997
289,7409527.49,10818257.608020019,4000797.371979982,6994880.95,9744715.328459684,4245046.571540317,7455454.16,10899051.888625039,4011856.431374961,7331205.42,10367358.243770137,4295052.596229863,5928845.65,8314974.292110332,3542717.0078896685,4993311.53,7032054.633282904,2954568.426717097
290,6827599.96,10159222.60894473,3495977.311055269,6478590.81,9124763.564941246,3832418.0550587536,6905881.07,10305417.434823489,3506344.7051765113,6802118.01,9674693.618899258,3929542.401100742,5858367.5,8205941.633807014,3510793.3661929863,4638009.04,6558489.663709457,2717528.416290543
291,6942957.76,10271151.46092793,3614764.05907207,6662216.95,9289340.241156712,4035093.658843288,7025242.78,10397575.402747486,3652910.1572525157,6962478.29,9957180.421776023,3967776.1582239782,6077670.13,8546392.221079882,3608948.0389201166,4896329.92,6864167.945969089,2928491.894030911
292,6598265.41,9522827.414253552,3673703.4057464497,6614738.53,9244321.318073455,3985155.741926546,6692372.76,9688986.517076936,3695759.002923065,6715584.63,9442894.26127258,3988274.9987274203,6207697.79,8777326.742219005,3638068.837780995,4829872.2,6815918.60122822,2843825.79877178
293,7202169.77,10570300.99701638,3834038.54298362,7026959.3,9735725.259084197,4318193.340915803,7246185.38,10676495.664132418,3815875.095867581,7158015.18,10087365.732265905,4228664.627734095,6401801.22,9039274.87250373,3764327.56749627,4736767.17,6653826.091595214,2819708.2484047865
294,7306360.15,10657041.593522083,3955678.7064779187,7216759.34,9973268.351389827,4460250.3286101725,7314180.49,10615308.483449819,4013052.4965501823,7256735.97,10155306.415565586,4358165.524434414,6297972.13,8893532.142496094,3702412.1175039057,4993673.92,6978189.069418785,3009158.7705812147
295,7056881.59,10426884.426868282,3686878.7531317165,7149834.01,9949411.916430209,4350256.103569792,7065863.22,10370964.159053534,3760762.280946465,7147244.34,10165263.65192439,4129225.0280756103,6044392.05,8651934.50702096,3436849.59297904,4999612.75,6993116.78050539,3006108.71949461
296,7024444.8,10378706.076373868,3670183.523626132,7253762.28,10094893.94541033,4412630.614589671,6988376.64,10320766.762339978,3655986.517660022,7063033.92,10193741.750736786,3932326.089263214,6012554.15,8693286.25231438,3331822.0476856213,4874314.34,6908597.3451271625,2840031.334872837
297,7002635.44,10243688.569175938,3761582.310824062,7488920.96,10367426.509095082,4610415.410904918,7022719.19,10271138.278139332,3774300.1018606685,7372427.38,10638678.779659579,4106175.980340421,5981917.52,8690660.282688776,3273174.7573112235,4851499.31,6847989.033305688,2855009.5866943114
298,7078856.57,10248841.16687885,3908871.9731211504,7340619.74,10109962.592543047,4571276.8874569535,7110290.21,10292995.08308952,3927585.33691048,7408039.75,10661725.870192664,4154353.6298073363,5620063.4,8146549.239483583,3093577.560516418,4667489.07,6555185.132612972,2779793.0073870285
299,7063106.62,10205434.951569267,3920778.2884307327,7282088.41,10040402.879322488,4523773.940677512,7096136.08,10252657.703348402,3939614.4566515973,7345908.42,10557352.480051577,4134464.3599484228,5473867.1,7967946.819550875,2979787.3804491246,4627833.49,6493183.345521814,2762483.6344781863
300,6586119.68,9564863.077568298,3607376.2824317017,6826523.27,9350306.29928476,4302740.24071524,6620790.24,9616643.12338553,3624937.3566144696,6855168.0,9912840.093329972,3797495.906670028,5472094.03,8018685.068169569,2925502.991830432,4199569.46,5852753.431328442,2546385.488671558
301,6360182.8,9163465.602123605,3556899.997876395,6554926.96,8949968.930070436,4159884.9899295643,6366454.08,9168248.77234757,3564659.38765243,6656105.5,9529794.565020368,3782416.4349796334,5431599.07,7986571.501019282,2876626.6389807183,4182730.9,5824243.287600384,2541218.5123996157
302,6395712.6,9363316.741453437,3428108.458546562,6464218.5,8857617.573968226,4070819.4260317734,6394162.57,9358374.703225883,3429950.4367741183,6475762.16,9495152.001836713,3456372.3181632874,5176724.13,7590890.633419232,2762557.6265807673,4204978.95,5893988.397877103,2515969.502122897
303,6410887.64,9396695.853873314,3425079.426126685,6335436.93,8684086.038282676,3986787.821717324,6394825.61,9376136.308818305,3413514.911181696,6539975.85,9579131.232579017,3500820.4674209827,4964555.51,7249438.440857645,2679672.579142355,3998884.54,5608510.043938009,2389259.0360619915
304,6559653.12,9460459.50421562,3658846.7357843798,6495522.87,8839726.949116042,4151318.7908839583,6555414.93,9460895.095195258,3649934.764804741,6570470.94,9518449.327173954,3622492.552826047,5316306.05,7659684.736932617,2972927.363067383,4414542.05,6118988.767188985,2710095.3328110147
305,6518451.39,9140644.256382642,3896258.5236173575,6727189.07,9194345.177457273,4260032.962542727,6539032.06,9178424.548082827,3899639.5719171725,6616508.16,9401001.693887299,3832014.626112702,5298205.17,7536531.3624795545,3059878.977520445,4854264.68,6814864.087330241,2893665.272669758
306,6873074.27,9567456.68073666,4178691.8592633395,7067831.44,9626084.32749829,4509578.552501711,6880598.96,9566731.883083383,4194466.036916617,6822150.48,9494541.282156995,4149759.677843006,5434496.5,7729085.21069624,3139907.78930376,4676734.9,6599450.978061706,2754018.8219382954
307,7091083.59,10222988.287349934,3959178.8926500655,6841881.39,9351894.714675032,4331868.065324967,7090369.47,10207055.878844317,3973683.0611556824,7116457.74,10277484.317907248,3955431.1620927523,5653315.26,8032139.328789426,3274491.1912105735,4673289.06,6626950.745465269,2719627.3745347294
308,7488726.6,10695120.528318118,4282332.67168188,7129557.39,9743138.223961372,4515976.556038627,7503187.96,10703496.837126182,4302879.0828738175,7550894.86,10773008.932716005,4328780.787283996,5963140.43,8400058.052083967,3526222.807916032,4874359.18,6814732.056340472,2933986.3036595276
309,7360904.39,10495467.325428095,4226341.454571905,6926390.95,9429100.460841954,4423681.439158047,7375223.93,10512520.597776039,4237927.262223961,7385716.21,10524388.10598222,4247044.31401778,6066196.37,8465397.972598627,3666994.7674013725,4948756.82,6873460.89310431,3024052.7468956904
310,7924722.97,11151248.903576825,4698197.036423175,7471541.8,10059510.630202543,4883572.969797457,7954280.11,11185185.24543695,4723374.974563051,7909459.84,11140317.504484285,4678602.175515715,6082239.38,8416657.404960953,3747821.355039047,5344913.47,7416489.674094386,3273337.2659056135
311,7446270.2,10552774.53811305,4339765.861886951,7010874.57,9473526.49511746,4548222.644882541,7473297.83,10586503.095587993,4360092.564412007,7462489.79,10579617.117121179,4345362.462878821,6104711.38,8461410.551150689,3748012.2088493113,5202136.89,7177793.459575752,3226480.320424248
312,7742340.35,10948569.716883311,4536110.983116688,7470910.63,10046420.916528633,4895400.343471367,7771601.03,10982427.632153213,4560774.4278467875,7751299.64,10966312.87309423,4536286.406905768,5653829.13,7901198.041053772,3406460.2189462283,5488178.9,7604596.683263264,3371761.116736737
313,8306621.7,11730972.221953427,4882271.178046573,8149252.22,11029971.389636712,5268533.050363287,8328112.85,11756585.774288896,4899639.925711102,8312620.05,11741779.911037728,4883460.188962272,5846571.03,8085211.551392537,3607930.508607464,6164102.18,8682636.143683191,3645568.216316807
314,8363305.46,11719162.40187092,5007448.5181290805,8005850.3,10753559.974316133,5258140.625683866,8378002.5,11736669.703444157,5019335.296555842,8349047.51,11707842.019678755,4990253.000321245,5687127.79,7947160.955971414,3427094.624028586,6180863.17,8528961.011750162,3832765.328249839
315,8188168.3,11463950.339940729,4912386.260059271,7835122.94,10491580.782756127,5178665.097243873,8197350.62,11476074.513020717,4918626.726979284,8185856.62,11466386.667057447,4905326.572942552,5728709.93,8112210.359879204,3345209.5001207953,5991964.3,8266140.118145915,3717788.4818540844
316,8424631.25,11721489.151659638,5127773.348340363,7593188.19,10191109.616361339,4995266.763638662,8444018.99,11747262.20648205,5140775.77351795,8416873.85,11722822.600612845,5110925.099387155,6524842.84,9268995.646237344,3780690.033762655,6057720.54,8253094.34840641,3862346.7315935907
317,8154845.15,11431705.067641728,4877985.232358274,7346749.62,9964328.031399608,4729171.208600392,8166492.55,11447165.838505706,4885819.261494294,8208969.71,11485669.235502958,4932270.184497042,6380881.38,9255948.804059763,3505813.9559402373,5719419.73,7871110.1340832375,3567729.325916763
318,8512602.29,11823451.388495453,5201753.1915045455,7715927.07,10361501.481969267,5070352.658030734,8507100.83,11820879.452596782,5193322.207403218,8504469.76,11813308.057040758,5195631.462959242,6351629.69,9049685.958285552,3653573.4217144493,5735535.59,7872756.362510105,3598314.817489895
319,8604286.31,11986977.273789031,5221595.34621097,7948883.48,10799861.038732842,5097905.92126716,8600593.39,12003487.375791123,5197699.404208878,8594063.72,11973274.353493819,5214853.086506182,6352098.57,9278095.364719827,3426101.775280174,6064812.2,8375800.164956359,3753824.2350436407
320,8631892.94,12035495.71364092,5228290.166359077,8003884.33,10919010.60307905,5088758.056920948,8625810.34,12036829.161532512,5214791.518467488,8573079.2,11967481.874892026,5178676.525107971,5973983.95,8580566.951980634,3367400.9480193667,6205111.35,8543688.712289585,3866533.987710415
321,8750336.8,12235779.131061614,5264894.468938387,8215565.86,11214191.629043173,5216940.090956829,8729953.36,12207577.22041911,5252329.499580888,8677560.0,12150787.606321953,5204332.393678047,6365591.37,9123369.988278296,3607812.7517217034,6372236.9,8848046.686303826,3896427.113696174
322,8314241.06,11633965.361933809,4994516.75806619,7656207.2,10373356.115211932,4939058.284788068,8313712.79,11633453.023627419,4993972.556372581,8262518.12,11579696.213820554,4945340.026179446,6365194.64,9222148.179293657,3508241.100706343,5923452.82,8261093.059253127,3585812.5807468733
323,8329620.51,11724378.66463378,4934862.355366218,7633423.43,10438526.675422028,4828320.184577972,8312265.92,11705421.391008977,4919110.448991022,8311129.58,11711378.836321937,4910880.323678063,6243932.45,9180720.608044134,3307144.2919558655,5929679.66,8204444.279172389,3654915.0408276115
324,7780112.23,10848947.404433303,4711277.055566699,7365818.66,10087220.19740642,4644417.12259358,7752585.11,10818034.277772322,4687135.942227678,7786037.1,10857253.939112462,4714820.260887537,6396436.54,9312939.707006704,3479933.372993297,5909452.44,8178185.399660047,3640719.4803399537
325,7736792.82,10758638.463920763,4714947.176079238,7428290.55,10150314.284259643,4706266.815740356,7676828.47,10686280.716061994,4667376.223938005,7714823.12,10743366.841621665,4686279.398378335,6133852.5,8963458.665535819,3304246.334464181,5898226.06,8250449.412783513,3546002.707216486
326,7225842.53,10154290.94644812,4297394.113551881,7035048.18,9683456.630977428,4386639.729022572,7185552.35,10095722.089103775,4275382.610896224,7194656.15,10122929.988876212,4266382.311123789,6146157.77,9068495.727897992,3223819.8121020063,5743010.97,8095069.3487036545,3390952.5912963445
327,7239517.72,10135603.257660294,4343432.1823397055,7114106.78,9802552.49939552,4425661.060604482,7205371.55,10088865.870358894,4321877.229641106,7192213.54,10083504.394208258,4300922.685791742,6198608.83,9115162.116118962,3282055.5438810377,5795921.61,8144586.404218609,3447256.815781391
328,7037191.5,9875898.154936723,4198484.845063276,6823803.68,9431914.331747117,4215693.028252883,7012548.05,9839477.354516033,4185618.745483967,6991391.94,9824265.846314348,4158518.033685652,6091467.8,8997467.693990001,3185467.906009998,5435801.06,7630519.705950847,3241082.4140491528
329,6989197.54,9856875.719817284,4121519.360182715,6771698.78,9362939.143422604,4180458.416577397,6964258.25,9836267.650711633,4092248.849288366,6964887.76,9829096.025898654,4100679.494101345,6194490.81,9025859.914991302,3363121.7050086963,5618345.09,7801030.1098522125,3435660.070147787
330,7171127.32,10201461.404637508,4140793.2353624934,7046245.5,9899370.676892072,4193120.3231079276,7159806.69,10187830.125697743,4131783.2543022577,7148336.11,10178003.119816573,4118669.1001834273,5815342.13,8541343.915127316,3089340.344872683,5662508.24,8019420.923099085,3305595.5569009157
331,7306471.14,10263890.528299674,4349051.751700325,7260380.53,10085135.40054064,4435625.65945936,7300446.14,10258525.440267764,4342366.839732235,7304157.15,10261510.374198042,4346803.925801958,6250082.08,9074502.897033658,3425661.262966342,5855588.3,8203785.6746591125,3507390.925340887
332,7170085.77,10144442.798308577,4195728.741691423,7386106.67,10311580.519955344,4460632.820044654,7198648.78,10185191.501004249,4212106.058995751,7166927.75,10138769.44392887,4195086.056071131,5998140.33,8889013.518075962,3107267.1419240376,5782548.76,8218548.07374032,3346549.446259679
333,7361541.7,10397521.250521075,4325562.149478925,7390143.91,10317105.506398667,4463182.313601334,7368052.43,10413781.187376894,4322323.672623105,7364214.14,10400482.133955095,4327946.146044904,6463793.4,9446725.70290783,3480861.0970921693,5970974.35,8397521.661185395,3544427.038814605
334,7276107.05,10302631.874120014,4249582.225879986,7232267.28,10035111.670910796,4429422.889089204,7273879.94,10312762.476813156,4234997.403186845,7257497.46,10272481.845404627,4242513.074595373,6564087.42,9578292.271227673,3549882.568772327,5859246.12,8164680.875955372,3553811.364044628
335,7149641.29,10176022.096832981,4123260.4831670183,7272793.35,10161889.52278661,4383697.17721339,7125109.85,10164133.737030867,4086085.962969131,7159868.89,10180771.520147746,4138966.259852253,6373453.9,9389522.06461021,3357385.735389792,5908232.31,8365955.445106719,3450509.174893281
336,7081913.18,10028471.05427407,4135355.30572593,7408565.99,10294337.677913401,4522794.3020866,7038084.02,9993267.781885661,4082900.258114338,7086243.97,10027111.367771808,4145376.572228191,6718524.95,9838041.624651691,3599008.27534831,5629244.92,7862359.179736794,3396130.660263206
337,6829012.74,9657121.644578714,4000903.835421286,6949399.24,9570627.963047974,4328170.516952028,6864291.52,9708107.717905102,4020475.322094897,6930491.96,9749580.542390324,4111403.3776096758,6593043.49,9633338.036697218,3552748.9433027827,5548244.44,7671347.56050011,3425141.3194998913
338,6968336.47,9800197.206402097,4136475.733597903,7231552.25,9841150.426437754,4621954.073562247,7028864.94,9878990.733777488,4178739.146222513,7109109.79,9953098.428231046,4265121.1517689545,6783619.83,9762340.773926608,3804898.8860733924,5869525.22,8046990.947090024,3692059.492909976
339,6953794.23,9752368.571892954,4155219.8881070456,7324819.71,9969928.141398845,4679711.278601155,6970841.36,9765393.14926241,4176289.570737592,7108765.38,9924432.672540247,4293098.087459752,6886243.16,9909970.977938462,3862515.3420615382,5798464.92,7941939.232433615,3654990.607566385
340,6939663.89,9761528.975159455,4117798.804840544,7332578.42,9988917.577455921,4676239.262544079,6960021.81,9777165.201285616,4142878.4187143836,7076699.78,9919375.599455446,4234023.9605445545,6856345.09,9853923.249146333,3858766.9308536663,5707122.97,7841596.057913389,3572649.8820866104
341,7139702.39,10008646.938223686,4270757.841776313,7256105.63,9885472.561117027,4626738.698882973,7197174.64,10068206.357911173,4326142.922088827,7308137.07,10203980.442264464,4412293.697735536,6825979.12,9793973.315547034,3857984.924452967,5985176.71,8227777.196762715,3742576.2232372854
342,7262876.21,10388427.88275306,4137324.5372469407,7469822.91,10273796.153055072,4665849.6669449285,7340648.59,10470993.346130338,4210303.833869662,7464021.78,10614651.026020665,4313392.533979335,7141685.55,10324567.495411774,3958803.604588226,6133244.96,8464026.158943381,3802463.7610566188
343,7461307.45,10666992.042209154,4255622.857790846,7706823.54,10651408.048161931,4762239.031838069,7562798.28,10784654.158143666,4340942.401856335,7674457.36,10908542.542025436,4440372.177974565,6971261.19,10202397.005334845,3740125.3746651555,6203034.85,8607359.708150174,3798709.991849824
344,7571193.39,10849237.757275742,4293149.022724259,7878173.48,10878021.07763657,4878325.882363431,7664204.46,10953567.75638682,4374841.16361318,7818017.98,11128103.90649644,4507932.053503561,7115916.4,10504506.002077732,3727326.7979222694,6504452.87,8967042.306520935,4041863.433479065
345,7679536.04,11030930.245134009,4328141.834865991,8274399.29,11583570.450468846,4965228.129531154,7903893.98,11288786.106154663,4519001.853845337,7894061.31,11274304.368858851,4513818.251141148,7061805.21,10323048.204179844,3800562.2158201556,6742063.45,9303697.420835987,4180429.479164013
346,7434790.99,10528234.154887822,4341347.825112179,8103136.85,11176449.417072553,5029824.282927447,7629789.38,10774318.115412029,4485260.644587971,7516274.25,10616146.842063628,4416401.657936371,6741749.79,9724014.516133785,3759485.0638662153,6490733.96,8878218.550789937,4103249.369210062
347,7743575.4,10875596.111767411,4611554.6882325895,7959404.93,10961725.25601928,4957084.603980721,7925408.09,11126777.656846508,4724038.523153491,7876061.45,11023452.562519364,4728670.337480637,6478043.02,9383709.202195987,3572376.837804011,6624114.11,9103491.05535823,4144737.1646417715
348,8204543.35,11501542.205367697,4907544.494632302,8246013.19,11345983.534499986,5146042.845500015,8313790.99,11660908.34362679,4966673.636373211,8296591.76,11598414.431367062,4994769.088632937,6775437.33,9654303.88976043,3896570.7702395683,6697112.77,9100648.74581946,4293576.7941805385
349,8212138.41,11456472.22495785,4967804.59504215,8338989.83,11472450.962377021,5205528.697622979,8250189.09,11532320.192541393,4968057.987458607,8308681.03,11554705.099603415,5062656.960396585,6865641.11,9894119.328961194,3837162.891038807,6681273.16,9154625.680959962,4207920.639040039
350,8242513.49,11526537.294288486,4958489.685711515,8245580.78,11456130.702341054,5035030.857658947,8229515.95,11532178.530525872,4926853.369474128,8307217.74,11597930.11150977,5016505.36849023,6602637.01,9485273.896260442,3720000.1237395573,7058209.2,9721424.923975047,4394993.476024954
351,7886656.22,10824221.66285808,4949090.777141919,7906521.35,10796548.118502498,5016494.5814975025,7957822.6,10978387.344446,4937257.8555540005,7919214.75,10859623.384459712,4978806.115540289,6411020.9,9129833.470052488,3692208.329947512,6788147.66,9372384.57539315,4203910.744606851
352,7930437.01,11080085.336017538,4780788.683982463,7915514.25,10989173.561209643,4841854.938790357,8004433.31,11250504.536370978,4758362.083629021,8007705.16,11170609.907994915,4844800.412005086,6717950.07,9583468.404727953,3852431.7352720476,6611274.88,9195722.878774026,4026826.8812259734
353,8049083.62,11213381.592465263,4884785.647534737,8122093.1,11218766.20973811,5025419.990261891,8014192.62,11226446.17879435,4801939.06120565,8279525.19,11512075.339597335,5046975.040402666,7151801.54,10202911.060590439,4100692.0194095606,6462961.66,8935660.609224163,3990262.7107758373
354,8455720.96,11630155.801024333,5281286.118975669,8758447.22,11867402.561483968,5649491.878516032,8651503.35,12018524.44788349,5284482.25211651,8843579.9,12101114.29179173,5586045.508208272,7351052.21,10320916.084238932,4381188.335761067,6996807.74,9633037.57767174,4360577.90232826
355,8273496.21,11562033.600273136,4984958.819726864,8673247.89,11953435.100140661,5393060.67985934,8349330.68,11719447.841680165,4979213.518319835,8557080.84,11914584.13883365,5199577.541166351,7391086.12,10359704.847614221,4422467.392385778,6963351.03,9687431.578987531,4239270.481012469
356,8354075.6,11616810.128476793,5091341.071523206,8736546.34,11928279.308615686,5544813.371384313,8241279.59,11584996.040593758,4897563.1394062415,8655234.76,12044023.694811158,5266445.825188842,7016318.62,9810022.892203342,4222614.347796658,6692059.34,9383046.392994177,4001072.287005822
357,8478006.44,11788292.661871169,5167720.218128831,8730092.99,11940578.683559634,5519607.296440368,8366953.83,11762239.600845682,4971668.059154319,8692919.88,12096714.758471128,5289125.001528874,7121394.06,9895268.901339011,4347519.218660988,6468082.36,9034134.732408816,3902029.987591185
358,8795427.3,12222040.763634956,5368813.836365046,8987271.47,12363365.490769705,5611177.449230297,8610791.76,12057139.349017728,5164444.170982271,8870546.74,12295041.823170563,5446051.656829437,7667050.48,10729427.899481129,4604673.060518872,6835247.45,9411552.401543383,4258942.498456617
359,9378094.67,12979119.853129916,5777069.486870083,9214762.45,12736817.017284842,5692707.882715156,9127321.66,12733763.249412432,5520880.070587568,9401856.61,12997346.825031921,5806366.3949680785,7724862.47,10751340.712010294,4698384.227989704,7171207.3,9935200.170699924,4407214.429300075
360,9384446.84,12986647.568427714,5782246.111572286,8974094.03,12449768.988742981,5498419.0712570185,9040644.9,12590302.563535884,5490987.236464116,9309611.21,12873841.638459738,5745380.7815402625,7397502.82,10250684.61828462,4544321.021715379,7040885.28,9727702.078524798,4354068.481475202
361,9850463.06,13703263.367009148,5997662.752990854,9258362.27,12930618.587946542,5586105.9520534575,9390846.97,13109137.580018073,5672556.359981927,9803223.8,13631721.155158356,5974726.444841645,7457419.0,10345790.516945478,4569047.483054522,7459523.16,10295880.455350442,4623165.864649558
362,9625990.33,13188682.11166866,6063298.548331341,9197464.17,12626700.240693586,5768228.099306414,9132391.48,12554389.104045803,5710393.855954198,9543430.83,13066117.838825695,6020743.821174305,7229182.18,10019851.221008314,4438513.138991686,7360342.9,10095725.66865421,4624960.131345791
363,9382388.37,12905675.967649575,5859100.772350423,8940449.81,12304581.179240808,5576318.440759193,8896787.81,12276018.69490888,5517556.925091121,9319747.41,12799216.526039654,5840278.293960346,7489356.85,10441720.105904453,4536993.594095548,7141197.59,9802592.679899557,4479802.500100443
364,9786812.83,13459567.996752169,6114057.663247832,8909041.83,12197259.827494357,5620823.832505642,9363790.74,12856331.680411618,5871249.799588381,9824890.25,13511671.646908795,6138108.853091205,7679250.44,10578418.023448542,4780082.85655146,7511862.88,10286143.027869953,4737582.732130047
365,9868945.82,13668274.471591802,6069617.168408198,8910616.6,12155180.296243861,5666052.903756139,9465240.84,13090384.083061626,5840097.5969383735,9923914.39,13755542.978143165,6092285.801856836,7568921.88,10503675.516761262,4634168.243238739,7439209.42,10200465.34139705,4677953.498602949
366,10117308.66,14128485.223243335,6106132.096756665,9122948.1,12535735.96805209,5710160.23194791,9591355.83,13368174.28290356,5814537.377096442,10150315.17,14155792.443775186,6144837.896224814,7728157.95,10801475.660037132,4654840.239962868,7666878.03,10598563.088508295,4735192.971491706
367,9543649.68,13302162.764910562,5785136.595089437,8783134.76,12225475.075406088,5340794.444593912,9112709.8,12729056.658611607,5496362.941388394,9588703.48,13353327.93483992,5824079.025160081,7605511.15,10703644.910743188,4507377.389256814,7334276.93,10101435.195954513,4567118.664045487
368,9549375.73,13362986.813611189,5735764.646388812,9058493.85,12704837.642285362,5412150.057714636,9532262.06,13333451.440895103,5731072.679104898,9877564.58,13797712.926288541,5957416.233711459,8273517.18,11722300.819170626,4824733.5408293735,7775389.21,10858221.946213357,4692556.473786643
369,9609594.83,13418028.995363623,5801160.664636377,9286116.93,12978458.93350792,5593774.926492081,9540627.03,13322782.55894263,5758471.501057368,9859573.43,13776545.819399944,5942601.040600056,8570766.06,12198654.058404677,4942878.0615953235,8166754.37,11470150.230510717,4863358.509489283
370,9838443.14,13724662.734784942,5952223.545215058,9254898.67,12901420.643883578,5608376.696116422,9561339.67,13347421.94293224,5775257.39706776,9853282.4,13723760.771026066,5982804.028973935,8387751.76,12031400.578883633,4744102.941116366,7644506.89,10697680.688431432,4591333.091568567
371,10003410.89,13982479.13976176,6024342.640238239,9447329.11,13160073.529913321,5734584.690086678,9848878.96,13725204.775022129,5972553.144977873,10016647.04,13974026.729510564,6059267.350489433,8190845.74,11631847.036087716,4749844.443912284,7708456.16,10772575.681231687,4644336.638768313
372,9932039.72,13968800.8376781,5895278.6023219,9454138.17,13250083.866478506,5658192.473521492,10011142.24,14069592.67127125,5952691.80872875,10099247.62,14209872.072249204,5988623.167750795,8105739.72,11481142.764344405,4730336.675655594,7864131.26,11063631.527565036,4664630.992434964
373,9970879.78,13967242.698117945,5974516.861882053,9647818.32,13423669.927381188,5871966.712618812,10114864.75,14134857.793980356,6094871.706019644,10156133.97,14243503.358151052,6068764.581848948,8258678.66,11698289.373225594,4819067.946774406,8164905.08,11429217.65136914,4900592.50863086
374,10215331.97,14405270.66478761,6025393.275212392,9739779.03,13613150.151814137,5866407.908185861,10281336.54,14461820.59888892,6100852.481111078,10197514.51,14366174.318626456,6028854.701373544,8546406.17,12026927.688638072,5065884.651361928,8035466.18,11402138.682161655,4668793.677838344
375,9788875.92,13808464.738904111,5769287.101095889,9309531.48,13054652.528896164,5564410.431103837,9729034.61,13693702.982825086,5764366.237174913,9742989.97,13705849.860977238,5780130.079022763,8024470.74,11385675.961807605,4663265.5181923965,7334925.05,10483989.416532591,4185860.6834674086
376,9927335.79,13951224.593831887,5903446.986168111,9369605.46,13036504.823892174,5702706.0961078275,9996770.05,14040378.526658867,5953161.573341134,9918862.83,13929081.936170213,5908643.723829788,8284774.63,11860240.47129357,4709308.788706429,7169825.97,10120756.278850246,4218895.661149753
377,9548434.72,13208544.946223974,5888324.493776028,9140793.76,12531094.789970353,5750492.730029645,9559084.67,13212902.000385188,5905267.339614813,9560446.55,13216303.919893445,5904589.180106556,8419273.71,12054989.59240073,4783557.827599271,6999616.96,9656619.056983616,4342614.863016383
378,9521397.56,13270483.50876264,5772311.61123736,8886008.0,12201555.944973066,5570460.055026933,9576889.39,13345929.805964112,5807848.974035888,9453771.2,13149007.648923974,5758534.751076023,7886850.52,11207938.31836079,4565762.721639209,6998155.63,9732993.592827149,4263317.667172851
379,9413767.72,13026655.145519536,5800880.294480465,8902008.89,12154828.42509441,5649189.35490559,9477718.84,13119351.011753736,5836086.668246264,9282605.27,12810658.286516104,5754552.253483896,8287990.21,11840566.331316266,4735414.088683735,7105873.1,9960886.948678948,4250859.251321052
380,9703080.38,13544318.676392492,5861842.08360751,8977896.45,12402084.681083787,5553708.218916211,9806735.57,13699770.21300147,5913700.926998531,9497396.41,13214672.19279986,5780120.62720014,7781982.81,11097466.575076066,4466499.044923932,7341218.28,10511723.358773924,4170713.201226077
381,10011965.0,13817849.623359427,6206080.376640573,9111962.26,12548330.402820716,5675594.117179284,10122381.8,14000906.617455494,6243856.982544508,9852530.32,13556557.421897806,6148503.218102193,7795581.82,11179605.850697927,4411557.789302073,7408042.0,10488255.721122656,4327828.278877344
382,9670626.14,13361130.135679115,5980122.144320887,8661560.13,11968092.92959408,5355027.330405922,9723913.27,13444570.449669302,6003256.0903306985,9413310.32,12986285.05801657,5840335.58198343,7463862.98,10750714.516067144,4177011.4439328583,6865943.84,9795486.386896178,3936401.293103822
383,9639512.81,13311675.677131487,5967349.942868514,8780054.33,12079733.76450184,5480374.89549816,9717550.05,13435948.719892837,5999151.380107165,9503823.31,13098530.355309669,5909116.264690331,7797919.56,11309738.022448624,4286101.097551376,6963201.69,9903306.843043432,4023096.53695657
384,9612854.54,13379679.59136735,5846029.488632647,8905880.51,12282882.252843607,5528878.767156392,9683123.57,13481704.21754403,5884542.922455971,9507269.15,13139645.293496374,5874893.006503627,7320792.17,10645646.872503737,3995937.4674962624,6811970.74,9643096.35379051,3980845.12620949
385,10013506.64,13935793.60851312,6091219.671486881,8887054.65,12286187.554045016,5487921.745954985,10067782.38,14015633.779674947,6119930.980325053,9943988.95,13796064.993010141,6091912.906989858,7124346.14,10382069.4395183,3866622.8404816985,6999535.49,9986998.606003385,4012072.373996615
386,9255421.37,12839187.296468917,5671655.443531082,8363080.98,11506851.196297707,5219310.763702294,9253813.43,12841789.76868543,5665837.09131457,9241802.96,12795310.30745212,5688295.612547883,6926925.82,9983326.42222573,3870525.2177742706,6609851.13,9398313.559146143,3821388.7008538563
387,8669578.96,12080035.62036585,5259122.299634152,7844979.39,10887519.658008743,4802439.121991256,8673078.0,12085744.618815817,5260411.381184184,8697396.03,12114742.156090401,5280049.9039095985,6759607.51,9803739.091806093,3715475.928193907,6052039.65,8772200.849031225,3331878.450968776
388,9489266.6,13159005.615771648,5819527.584228352,8589048.33,11807014.65738431,5371082.002615689,9437448.44,13070724.04753839,5804172.832461609,9443026.7,13028132.967397206,5857920.432602794,7289297.28,10463955.296656743,4114639.263343258,6460697.13,9278492.211349916,3642902.0486500845
389,10785552.6,14755922.955491755,6815182.244508244,9941653.91,13486478.870684635,6396828.949315366,10573371.1,14417784.977926023,6728957.222073976,10649809.02,14511167.901152719,6788450.138847281,8593265.19,12084127.699766144,5102402.680233855,7708641.96,10975951.993467115,4441331.926532885
390,10329553.99,14188487.667353965,6470620.312646034,9604940.97,13077625.21966343,6132256.720336571,10200699.97,13979141.951598871,6422257.988401129,10358085.17,14179557.52360852,6536612.816391478,7903060.65,11158002.890060682,4648118.40993932,7052805.72,10048693.641384494,4056917.798615506
391,10249291.66,14099995.189365044,6398588.130634957,9687982.61,13218460.949758016,6157504.270241982,10208543.37,14017333.942985035,6399752.797014963,10242647.73,14020755.712712489,6464539.747287511,8497212.19,11893151.900528653,5101272.479471346,7093850.98,10129804.220933637,4057897.7390663647
392,10362972.37,14297678.864965253,6428265.875034747,9588944.9,13148010.591622308,6029879.208377692,10403826.11,14378743.366039611,6428908.853960388,10122994.5,13977089.160865571,6268899.83913443,8351268.68,11594184.128480352,5108353.231519646,7057088.81,10131717.177498473,3982460.442501527
393,10452252.59,14525689.90682114,6378815.27317886,9793427.9,13477445.10046601,6109410.699533992,10518211.76,14600140.82587925,6436282.69412075,10484369.78,14541777.297637686,6426962.2623623125,7990028.09,11112865.014723936,4867191.165276064,7434007.69,10620695.336631453,4247320.043368548
394,9898875.24,13776004.879190924,6021745.600809077,9650916.95,13203970.058086282,6097863.841913717,9911011.47,13784262.069757795,6037760.870242206,10217392.26,14185607.483004123,6249177.0369958775,7926898.47,11134673.733802302,4719123.206197698,7246741.22,10436204.883649798,4057277.556350202
395,10097955.0,14164644.3147773,6031265.685222701,9430989.99,12962986.290884543,5898993.689115457,10123214.55,14189837.988559678,6056591.111440322,10197643.75,14249645.02903736,6145642.470962641,7829580.56,11092638.942812806,4566522.177187193,7458346.68,10734829.77194534,4181863.588054659
396,10106283.11,14086148.071693022,6126418.148306976,9438115.02,12948144.707083005,5928085.332916994,10080354.75,14045327.159570187,6115382.340429812,10348858.71,14420237.788469113,6277479.631530889,7850035.58,11104230.635345744,4595840.524654256,7243192.55,10366270.43519207,4120114.6648079297
397,10302539.79,14330252.754277661,6274826.825722336,9798953.67,13496097.990408754,6101809.349591246,10243776.87,14236419.985246617,6251133.754753381,10452861.03,14467279.105956653,6438442.9540433455,8421877.91,11842654.68264347,5001101.137356532,7449357.49,10570033.005469274,4328681.974530728
398,9951618.01,13980106.129982518,5923129.8900174815,9245902.32,12805193.036913846,5686611.603086155,9934248.71,13951336.136324333,5917161.283675669,10050721.87,14056310.649298288,6045133.09070171,8413606.1,11861982.670507891,4965229.529492108,7178785.53,10321964.371624164,4035606.688375836
399,9671256.24,13569086.802513987,5773425.677486015,9163803.94,12743430.530978408,5584177.349021592,9671586.61,13572064.705406832,5771108.514593167,9867876.19,13813094.444545984,5922657.935454015,8727462.92,12358230.069478739,5096695.770521261,7191318.1,10243821.883952856,4138814.3160471423
400,9726445.47,13680323.709021064,5772567.230978938,9169457.95,12798225.797381807,5540690.102618192,9722230.93,13672547.625950294,5771914.234049706,10005729.28,13962462.734252345,6048995.825747654,8178214.73,11665742.80889017,4690686.651109831,7253103.59,10396314.985300805,4109892.1946991934
401,9431471.78,13251040.63773441,5611902.922265589,8850930.08,12396582.10506215,5305278.054937851,9428285.1,13249759.147451457,5606811.052548544,9680911.72,13474276.441463944,5887546.998536058,8299601.0,11820257.868362598,4778944.131637402,7226442.06,10367637.460182847,4085246.659817152
402,9288015.05,13061938.027014326,5514092.072985675,8733144.99,12242855.91433049,5223434.065669511,9294501.33,13068190.884842526,5520811.775157473,9607458.87,13427351.897104625,5787565.842895375,7802369.8,11228596.35976779,4376143.240232209,7036668.7,10071738.12629644,4001599.27370356
403,9989248.86,14012293.613540364,5966204.106459634,9343519.66,13084778.94838783,5602260.371612171,9989347.95,14016275.255508566,5962420.644491432,10058570.61,14050042.100819856,6067099.119180144,7526932.37,10921870.164419448,4131994.575580552,7150260.59,10284726.89924571,4015794.2807542896
404,10088235.12,14203893.717847176,5972576.522152822,9397473.85,13216724.02743589,5578223.67256411,10120376.79,14245005.734332668,5995747.845667331,10104681.26,14131928.680282313,6077433.839717686,7941405.22,11587063.914310046,4295746.525689954,7175353.52,10361005.120177535,3989701.9198224633
405,10250526.99,14330807.99500625,6170245.98499375,9712456.91,13466788.558224045,5958125.261775956,10276092.82,14362072.735077411,6190112.90492259,10202326.89,14192362.280947244,6212291.499052757,7977143.73,11551838.884431971,4402448.57556803,7454459.31,10619962.138458565,4288956.481541434
406,10002315.35,13952448.287240364,6052182.4127596365,9534036.93,13172531.778746024,5895542.081253975,10035188.02,13991450.205432503,6078925.834567497,10130355.76,14051882.905450638,6208828.61454936,8099875.16,11653820.930235833,4545929.389764166,7327491.75,10425931.654707685,4229051.845292316
407,10009956.81,13925504.937757723,6094408.682242277,9657463.11,13315670.62209868,5999255.597901317,10035288.54,13952822.136340067,6117754.943659931,10236610.93,14199704.178618701,6273517.681381298,8243216.91,11780862.20163353,4705571.618366471,7641060.73,10803894.815258816,4478226.644741185
408,10248861.06,14275872.439753767,6221849.680246234,9850603.98,13599150.254632253,6102057.705367747,10271507.84,14300629.75638155,6242385.923618449,10385912.32,14403527.26743456,6368297.372565442,8168226.54,11823072.805783072,4513380.274216928,7462273.2,10659479.294943977,4265067.105056023
409,10023331.76,13922983.21424812,6123680.30575188,9810612.0,13486539.001107857,6134684.998892142,10102224.9,14027744.240890075,6176705.559109926,10289282.05,14259832.98204231,6318731.117957691,8383711.26,12067434.527182594,4699987.992817407,7525624.26,10686195.71954185,4365052.80045815
410,10685837.95,14670495.63053193,6701180.26946807,10139309.66,13812149.793397767,6466469.526602233,10707291.47,14692308.285474489,6722274.654525513,10825427.28,14853051.1152335,6797803.444766498,8521360.09,12275233.816457663,4767486.363542338,7755013.81,11018713.164929535,4491314.455070465
411,10506494.68,14517626.480568487,6495362.879431513,9778945.25,13398563.368032906,6159327.131967095,10541612.65,14554924.87698626,6528300.423013741,10682509.72,14761518.963435844,6603500.476564159,8186611.23,11840283.939608635,4532938.5203913655,7605230.96,10957391.578509493,4253070.341490507
412,10294303.05,14229981.563799055,6358624.536200946,9538018.09,13162423.746332625,5913612.433667375,10318434.04,14251594.013039269,6385274.066960729,10545274.91,14582442.733746136,6508107.086253865,8321548.32,11939596.450267019,4703500.189732982,7036306.29,10166878.298043787,3905734.2819562126
413,10530876.72,14575161.641018566,6486591.798981436,9688132.6,13398331.318434592,5977933.881565407,10631813.74,14716439.144109499,6547188.335890502,10703031.33,14814200.423848912,6591862.236151089,8655165.54,12481040.93493203,4829290.1450679675,7066619.56,10193650.395446692,3939588.724553308
414,10561509.39,14525061.287581906,6597957.492418095,9880385.28,13557216.015660774,6203554.544339226,10668055.76,14661718.061874669,6674393.458125331,10803569.96,14851760.506887674,6755379.413112327,8815625.01,12638638.898416812,4992611.121583188,7536922.02,10868404.780424492,4205439.259575507
415,10835194.71,14959964.32507478,6710425.09492522,9954795.54,13590708.583563684,6318882.496436315,10939356.18,15098299.329393016,6780413.030606983,10877444.99,14984693.916275175,6770196.063724825,8710936.94,12496621.917991165,4925251.962008834,7825560.83,11219024.794087637,4432096.865912364
416,11094583.84,15297187.081105657,6891980.598894342,10349118.8,14114771.7064277,6583465.893572301,11233539.15,15489084.952229267,6977993.347770734,11159703.42,15373379.632067442,6946027.207932558,9192045.97,13075250.84856397,5308841.091436031,7914973.44,11323343.483923279,4506603.396076723
417,10779095.33,14857881.06559046,6700309.59440954,10206539.23,13846715.071034642,6566363.388965359,10880157.76,14984267.76871546,6776047.75128454,10826515.58,14888100.94077311,6764930.219226889,9278507.82,13096821.264935955,5460194.375064045,7717474.52,10942585.88663452,4492363.15336548
418,10956376.09,14952344.399656886,6960407.7803431135,10408746.48,14001415.380789487,6816077.579210514,10921487.43,14871326.249480449,6971648.610519551,10975076.17,14962565.268410742,6987587.071589258,9124024.35,12897695.244020015,5350353.455979984,7826980.96,10984499.119722884,4669462.800277116
419,11064996.3,15085096.038554559,7044896.561445443,10668935.86,14318665.439492784,7019206.280507215,10960731.46,14886593.021139683,7034869.898860319,11111568.58,15115204.744464695,7107932.415535305,9047349.05,12836976.559258144,5257721.540741857,8019966.06,11291561.176844697,4748370.943155303
420,10687363.61,14459926.18339767,6914801.0366023285,10596919.48,14150082.18114712,7043756.77885288,10850181.87,14671431.495447528,7028932.244552471,11001141.76,14881740.493660577,7120543.026339422,9288662.32,13010133.696705058,5567190.943294941,7946485.33,11050381.160844322,4842589.499155679
421,11048620.61,15012591.407066623,7084649.812933376,10666033.78,14247788.707431316,7084278.852568682,11041237.86,14972392.987105692,7110082.732894307,11331273.26,15378456.853401687,7284089.666598313,9263293.79,12865823.229993746,5660764.350006252,8120998.17,11270367.139034282,4971629.2009657165
422,10533081.15,14378649.718909137,6687512.581090864,10064037.75,13496352.484790672,6631723.015209329,10506897.85,14321148.495442465,6692647.204557534,10706791.16,14617852.077377634,6795730.242622366,8832679.68,12300316.358069796,5365043.001930202,7551139.25,10617951.231796164,4484327.268203836
423,10286854.18,14110773.439295134,6462934.920704866,9883171.47,13315064.106692325,6451278.833307675,10206465.2,13969123.069181962,6443807.330818037,10436068.95,14318878.50609526,6553259.393904738,8693413.04,12105355.858938577,5281470.221061422,7502970.7,10530449.188737422,4475492.211262579
424,10501002.49,14325941.242213923,6676063.737786077,10016953.2,13415138.052121328,6618768.34787867,10411935.34,14181038.035145419,6642832.644854581,10513856.1,14348759.974378195,6678952.225621804,9091684.24,12616736.365001446,5566632.114998555,7564478.52,10599312.326120824,4529644.713879176
425,10759529.66,14715476.775348589,6803582.5446514115,10142835.09,13604525.647650044,6681144.532349955,10717074.38,14616857.706455916,6817291.0535440855,10905889.74,14905007.836984763,6906771.6430152375,9073151.51,12602650.09698471,5543652.923015289,7475443.42,10540577.444751259,4410309.395248741
426,10714478.98,14722985.163699944,6705972.796300058,10202690.26,13749241.78228927,6656138.73771073,10705881.75,14678508.69324778,6733254.806752221,10786332.04,14809581.728436388,6763082.35156361,8591237.27,12021625.124464223,5160849.415535776,7501836.84,10573364.73576825,4430308.94423175
427,10560689.79,14697386.913909748,6423992.666090251,10109561.72,13771961.794284336,6447161.645715665,10527556.78,14603604.741814636,6451508.818185363,10562146.43,14671358.854100294,6452934.005899705,8932422.65,12651985.622528782,5212859.677471219,7471888.13,10652579.767531846,4291196.492468154
428,10792983.51,15009573.477820806,6576393.542179192,10292878.19,14048785.25431291,6536971.125687088,10794861.97,14983304.540137168,6606419.399862832,10755953.79,14917867.90192138,6594039.678078617,8915966.18,12571543.68678263,5260388.673217369,7540056.62,10730651.937132444,4349461.302867556
429,10453792.33,14381242.653677955,6526342.006322045,10278854.49,13941838.501257487,6615870.478742515,10496817.59,14430685.442852518,6562949.737147482,10382874.66,14271020.783762397,6494728.536237603,8441243.76,11904604.202476982,4977883.3175230175,7547425.44,10877520.459250992,4217330.420749009
430,11018025.48,15206433.469319563,6829617.490680438,10973145.38,14951959.26919907,6994331.490800932,11199662.8,15444201.282012388,6955124.317987614,10986585.76,15006868.74997947,6966302.77002053,9226626.56,13074097.8848151,5379155.2351848995,7794365.82,11373478.457254289,4215253.182745712
431,10941332.29,15171149.712042024,6711514.867957974,10894682.87,14916588.038578542,6872777.701421456,11099963.84,15375419.913008656,6824507.766991343,10923305.5,14976387.822714377,6870223.177285624,9254867.05,13038289.049347699,5471445.050652303,7765800.03,11361943.679300468,4169656.380699533
432,10802045.67,15018116.149177793,6585975.1908222055,10817416.05,14875858.355311567,6758973.7446884345,10814814.96,15027460.270796448,6602169.649203554,10615613.94,14584733.515323006,6646494.364676992,9392044.02,13336389.510421744,5447698.5295782555,7554330.72,11113078.420293575,3995583.0197064243
433,10995941.41,15310198.525002213,6681684.294997787,10956478.56,15113212.628581163,6799744.491418838,11008814.01,15326793.208615279,6690834.811384721,10790298.78,14852645.414269976,6727952.145730021,9463400.2,13553879.40074273,5372920.999257268,7701205.84,11343251.667051343,4059160.012948656
434,11177258.78,15528665.077540996,6825852.482459003,11024577.8,15209332.50340511,6839823.096594891,11214769.93,15569292.154741062,6860247.705258938,10954969.15,15047768.243611198,6862170.056388802,9603775.35,13734737.183392305,5472813.516607694,7744635.06,11375827.31871152,4113442.80128848
435,10721589.52,14981159.338362606,6462019.701637393,10786062.24,14939471.220351938,6632653.259648062,10738007.1,14994958.979471395,6481055.220528604,10586052.84,14655224.036537493,6516881.643462507,9232695.11,13259684.295432733,5205705.924567265,7934440.45,11642634.978224091,4226245.921775909
436,10646050.75,14855482.107436437,6436619.392563563,10780022.44,14903793.926565494,6656250.953434504,10680166.32,14894004.105937444,6466328.534062557,10564758.76,14604388.078498058,6525129.441501941,9115832.6,13067431.872239508,5164233.327760491,7810667.64,11478402.084084775,4142933.195915225
437,10773232.58,15025458.124131069,6521007.035868932,10788925.25,14952334.897643311,6625515.602356689,10786891.12,15048478.283939537,6525303.956060463,10723634.96,14866485.222536087,6580784.697463916,9295083.66,13313085.04273425,5277082.277265749,8035543.28,11757743.54649741,4313343.01350259
438,10909934.77,15200147.692560554,6619721.847439445,10858329.51,15005957.481991624,6710701.538008375,10911106.91,15200966.139263393,6621247.680736607,10728550.81,14849001.885600515,6608099.734399486,9369164.71,13410029.658844326,5328299.761155676,8027883.07,11710668.96179486,4345097.17820514
439,11320058.57,15687562.249592688,6952554.890407314,11212810.7,15445722.161998305,6979899.238001694,11312192.01,15678926.970307842,6945457.049692157,11054147.01,15174636.1367047,6933657.8832952995,9442121.1,13490466.942303728,5393775.257696271,8181800.9,11916200.855501525,4447400.944498476
440,11220770.08,15476641.479721427,6964898.680278573,10926568.04,14990811.307610722,6862324.772389276,11270924.85,15545065.841664307,6996783.8583356915,10953745.31,14955275.479892433,6952215.140107568,9349418.71,13321664.233184442,5377173.18681556,8084875.9,11718181.295644626,4451570.504355374
441,10669811.31,14907971.231194243,6431651.388805759,10558619.22,14586897.71374929,6530340.726250712,10728360.76,14984200.530639037,6472520.989360962,10463066.65,14437096.299816076,6489037.000183925,8657757.55,12504144.382350905,4811370.717649097,7837791.31,11434770.034495136,4240812.585504863
442,10662680.73,14944167.537928786,6381193.922071215,10384234.54,14382472.316121649,6385996.763878349,10714721.68,15005451.361708414,6423991.998291586,10433161.84,14443822.831387123,6422500.848612877,8801937.06,12673539.027510386,4930335.092489616,7949701.05,11609470.549383868,4289931.550616132
443,10904527.84,15357914.608459134,6451141.071540867,10629615.79,14834289.372899791,6424942.207100207,10960366.67,15417335.413650788,6503397.9263492115,10718981.23,14934361.336180557,6503601.123819443,8961328.43,12919101.464438275,5003555.395561725,8447188.67,12297385.648305794,4596991.691694206
444,11212154.91,15654539.746086786,6769770.073913215,10891421.39,15151821.56832573,6631021.211674271,11257061.06,15701857.608177952,6812264.5118220495,10894573.32,15056412.111628745,6732734.528371257,9174669.64,13232098.266884763,5117241.0131152375,8502578.93,12403674.398667015,4601483.461332983
445,10857773.81,15317085.929349573,6398461.690650428,10415501.94,14641333.21804734,6189670.66195266,10887251.66,15344628.375595536,6429874.944404463,10533820.14,14724664.302736724,6342975.977263277,8743784.07,12790878.394510599,4696689.745489402,8488894.03,12474250.833897699,4503537.226102299
446,10704334.49,15112269.138772476,6296399.841227524,10325135.01,14537957.43157411,6112312.588425889,10704163.17,15112412.594457118,6295913.745542882,10427685.26,14585940.591386393,6269429.928613607,8641797.52,12607960.407127991,4675634.632872009,8061201.25,11904767.161827471,4217635.338172528
447,10849196.62,15208295.534692645,6490097.705307353,10562360.85,14727079.067673266,6397642.632326733,10757535.8,15096944.923363328,6418126.676636673,10721578.65,14925945.83206942,6517211.4679305805,8908916.01,12885824.250827417,4932007.769172584,8185929.36,12127859.790564656,4243998.9294353435
448,10645833.69,15068979.92543149,6222687.454568509,10464261.6,14745143.648333533,6183379.5516664665,10642698.75,15052510.349614087,6232887.150385912,10552406.4,14875700.486038737,6229112.313961263,8936341.6,13019789.383235548,4852893.816764452,8156541.57,12097774.906219073,4215308.233780929
449,10658841.97,15025247.186552495,6292436.7534475075,10562361.88,14770135.654866751,6354588.10513325,10672557.25,15032570.785374995,6312543.714625005,10558913.74,14783055.94847572,6334771.53152428,8908257.49,13007941.608032037,4808573.371967963,8116268.62,12065532.917550975,4167004.322449025
450,10814863.22,15263269.48212435,6366456.957875652,10896697.06,15197506.033937324,6595888.086062677,10893784.0,15345218.385121936,6442349.614878064,10789480.59,15143037.271888422,6435923.908111578,9296109.72,13607553.573034577,4984665.866965424,8285314.15,12302208.88832674,4268419.411673261
451,10828844.18,15237057.659856636,6420630.700143364,11092118.63,15429386.800596626,6754850.459403375,10944687.96,15357691.716301514,6531684.203698488,10776368.34,15054538.984877592,6498197.695122408,9480181.83,13850907.666087322,5109455.993912678,8021870.71,11950260.540283903,4093480.879716096
452,10691813.89,15123574.034050994,6260053.745949007,10968922.23,15406146.53053413,6531697.929465871,10722870.75,15155689.463487836,6290052.036512164,10479310.19,14674818.086815948,6283802.293184051,9575976.86,13930230.778566223,5221722.941433777,8428622.11,12631432.878405605,4225811.341594393
453,10706089.93,15112725.32377736,6299454.536222639,10983130.8,15405851.102159323,6560410.497840678,10723154.6,15129230.478160571,6317078.721839429,10554883.4,14750794.048734032,6358972.751265969,9556228.41,13932719.722016275,5179737.097983726,8538445.75,12884213.133441262,4192678.366558737
454,11177384.51,15701805.992310517,6652963.027689483,11213119.0,15735155.889813738,6691082.110186262,11190897.55,15715593.264492806,6666201.835507196,11096527.73,15523361.623762477,6669693.836237524,9801747.59,14231898.692249665,5371596.487750335,8502090.24,12772999.292680983,4231181.187319019
455,10883299.86,15299341.463190865,6467258.256809135,11047669.32,15695933.153696775,6399405.486303224,10912610.88,15330965.459972784,6494256.300027218,10993876.56,15386193.976367507,6601559.143632493,9199851.73,13472724.72749025,4926978.732509751,8366448.13,12704300.299005572,4028595.960994429
456,10980231.31,15361925.609629057,6598537.010370944,11250701.86,15953020.765336376,6548382.954663623,10982307.77,15367339.260618057,6597276.279381942,11026525.43,15427283.203489183,6625767.656510817,9355425.69,13656009.671844568,5054841.708155431,8341968.5,12554753.134471294,4129183.8655287055
457,10928264.26,15289218.314609129,6567310.205390871,11226340.41,15858107.038341068,6594573.781658933,11000099.58,15375099.451334774,6625099.708665226,10977969.54,15319178.91662531,6636760.1633746885,9161044.5,13421620.756127609,4900468.243872391,8331713.24,12444137.562860336,4219288.917139664
458,10736394.61,15073414.339867065,6399374.880132934,10759720.89,15203323.706417764,6316118.073582238,10761990.94,15105932.266470201,6418049.613529799,10670404.31,14935079.178002577,6405729.441997424,8842250.36,13085948.801044507,4598551.918955492,8087756.5,12230733.746451389,3944779.253548611
459,10531482.29,14783455.243117072,6279509.336882926,10624992.66,14940679.80172534,6309305.51827466,10596748.28,14868256.577382542,6325239.982617457,10382154.58,14440814.58145446,6323494.5785455415,8707339.72,12919470.239613041,4495209.200386959,7914161.19,11807441.584795278,4020880.7952047233
460,10596181.75,14843340.765975308,6349022.734024691,10349618.7,14606147.378517397,6093090.021482602,10712355.81,15039552.996865192,6385158.623134809,10615379.16,14889156.278022222,6341602.041977777,8706093.06,12899140.537048843,4513045.582951159,7633502.7,11378950.502923738,3888054.8970762626
461,10427750.62,14556685.09148286,6298816.148517139,10166066.17,14294833.929720283,6037298.410279717,10516972.41,14669534.994533855,6364409.825466145,10477282.34,14676150.861991843,6278413.8180081565,8841238.43,13097345.556921214,4585131.303078785,7479250.97,11147595.86045305,3810906.079546949
462,10266577.34,14360426.586542726,6172728.093457273,9982469.29,14046492.323031038,5918446.25696896,10234556.4,14308490.60152056,6160622.19847944,10370827.77,14508652.52346864,6233003.0165313585,8879608.45,13052940.008587556,4706276.891412443,7704575.64,11438485.147986045,3970666.132013954
463,10514402.26,14721780.63371798,6307023.88628202,10396842.03,14591525.531143457,6202158.528856543,10579171.18,14787789.734331213,6370552.625668786,10559645.16,14750609.416903283,6368680.903096718,9238578.62,13499075.468814675,4978081.771185324,8112144.35,11993100.726351578,4231187.9736484215
464,10918721.66,15252109.096313974,6585334.223686026,10559358.69,14815481.81227205,6303235.56772795,10980244.03,15349250.948887007,6611237.111112991,10897173.95,15123265.38967746,6671082.510322539,9123650.07,13341873.831513245,4905426.308486756,8179407.98,12086027.074196886,4272788.885803116
465,10982936.24,15366058.975961152,6599813.504038847,10459988.28,14639508.3434303,6280468.216569699,11040352.04,15420602.345880443,6660101.734119555,10921618.09,15219094.229905222,6624141.950094778,8683142.57,12657143.237377472,4709141.902622528,8002745.74,11735501.83617941,4269989.643820592
466,11557024.84,16189882.957084121,6924166.7229158785,10968006.68,15380366.025104862,6555647.334895138,11603687.97,16232684.45616762,6974691.483832382,11229423.79,15571981.19515276,6886866.38484724,8980824.39,13027094.956412725,4934553.823587277,8113221.41,11830199.536285583,4396243.283714417
467,11449495.68,16077746.169086104,6821245.190913895,11052033.87,15528820.234522693,6575247.505477306,11503761.76,16135234.301232725,6872289.218767273,11244948.76,15650446.71215775,6839450.807842249,8818466.44,12839409.170033824,4797523.709966176,8254551.36,12053650.782724729,4455451.937275272
468,11266776.52,15748385.154604355,6785167.885395644,10869416.61,15202661.331025504,6536171.888974494,11307073.82,15797599.711367965,6816547.928632036,11145819.58,15450419.545899294,6841219.614100707,8817725.75,12854411.349880226,4781040.150119775,8270895.15,12015354.479660776,4526435.820339226
469,11405594.22,15845415.341922365,6965773.098077635,10947998.45,15219874.16843569,6676122.731564308,11454669.24,15891317.126434935,7018021.353565065,11095988.06,15207434.827552017,6984541.292447984,9145947.69,13321994.480735555,4969900.899264444,8283889.82,11977597.021185732,4590182.618814269
470,11000255.59,15450408.002992284,6550103.177007715,10294435.44,14531172.787663225,6057698.092336774,11042371.95,15493329.92123625,6591413.978763749,10876934.62,15192840.489478514,6561028.750521485,8980911.81,13155599.125456998,4806224.494543003,7628049.46,11194577.755904332,4061521.1640956677
471,10594379.27,14955423.512160297,6233335.027839703,9905087.34,14058042.973029232,5752131.706970768,10642141.22,15003040.317942388,6281242.122057612,10459202.69,14630481.378952947,6287924.0010470515,9090346.27,13282905.432490356,4897787.107509644,7557968.66,11183814.917757196,3932122.4022428044
472,10385316.0,14715081.85475586,6055550.14524414,9760967.63,13895447.323063973,5626487.936936029,10405067.77,14732797.435569543,6077338.104430455,10120143.53,14188203.078610737,6052083.981389261,9044471.69,13183209.578109566,4905733.801890433,7552477.84,11170097.315982405,3934858.3640175955
473,10039754.46,13986621.35784545,6092887.562154552,9558671.86,13307882.129453104,5809461.590546894,10098462.49,14084621.167764015,6112303.812235985,9928243.88,13745589.371154819,6110898.388845182,8551631.79,12261006.8477882,4842256.732211799,7061892.01,10099970.186494749,4023813.8335052496
474,10438200.51,14620854.921500988,6255546.098499011,9686670.77,13620662.756779034,5752678.7832209645,10415159.62,14589619.418879963,6240699.821120034,10264251.91,14265279.500360565,6263224.319639435,8637188.61,12455146.710363815,4819230.509636184,7430889.04,10716734.604548413,4145043.4754515863
475,10610133.32,14695548.396099959,6524718.243900042,10077329.2,13996815.278019538,6157843.12198046,10637105.45,14755461.103955038,6518749.796044961,10557904.45,14487564.529817589,6628244.370182411,8663905.28,12388807.65018054,4939002.90981946,7858822.18,11227752.51504395,4489891.84495605
476,10801128.53,14910402.127320666,6691854.932679332,10053166.77,13937903.642768437,6168429.897231562,10787993.31,14880217.415155444,6695769.204844556,10641101.72,14531239.412685946,6750964.027314055,9110850.31,12972637.282686677,5249063.337313325,8076901.44,11543172.119883504,4610630.760116498
477,11045814.49,15177398.450372297,6914230.529627704,10248070.11,14132371.625433316,6363768.594566682,11087087.63,15214577.739255153,6959597.52074485,11022913.55,14988939.53738302,7056887.5626169825,9335423.79,13254584.977028104,5416262.602971895,8023369.01,11457792.176273886,4588945.843726113
478,11387312.49,15793714.573525995,6980910.406474006,10643158.65,14822801.502203982,6463515.797796019,11404026.56,15802387.582214622,7005665.537785379,11306625.44,15538616.802987956,7074634.077012043,9450414.95,13587812.53196175,5313017.368038249,8095008.08,11604231.839205539,4585784.320794461
479,11250227.27,15551491.663151165,6948962.876848834,10703847.88,14810102.545770302,6597593.2142297,11281696.77,15576138.052596524,6987255.487403474,11208745.85,15363202.871372486,7054288.828627514,9908156.35,14100979.336797548,5715333.363202451,8676607.5,12410759.670161013,4942455.329838988
480,10845988.89,15078295.700960848,6613682.079039154,10481875.55,14514832.168060387,6448918.931939615,10833821.58,15048039.989761665,6619603.170238335,10810966.05,14885880.862034367,6736051.237965634,9829334.08,13976794.125769082,5681874.034230919,8470393.9,12117953.492216315,4822834.307783686
481,10774447.3,14904928.8669575,6643965.7330425,10389724.69,14342681.00807027,6436768.371929729,10724160.52,14826875.612613248,6621445.427386751,10787840.37,14766448.749524822,6809231.990475176,9839067.3,13966743.377430595,5711391.222569406,8501145.45,12134422.559801318,4867868.340198681
482,10562193.38,14596521.064177435,6527865.695822568,10254249.28,14163432.93182509,6345065.628174909,10576944.95,14609326.651974298,6544563.2480256995,10555770.99,14429562.524231836,6681979.455768164,10055784.06,14286644.909893643,5824923.210106359,8381231.54,12027669.467205554,4734793.612794445
483,10593037.34,14730080.50254395,6455994.177456049,10081003.41,14078553.545874273,6083453.274125727,10550552.94,14667456.267020592,6433649.6129794065,10566308.3,14526023.736612642,6606592.863387359,10138600.95,14391204.585245477,5885997.3147545215,8300220.08,11925404.694047194,4675035.465952806
484,11158847.43,15493000.944960369,6824693.915039631,10515731.26,14699926.117153995,6331536.402846006,11101375.06,15406636.021568902,6796114.098431098,10941582.36,15015976.443364892,6867188.276635106,10358805.09,14758110.817331335,5959499.362668665,8882068.33,12815728.67788567,4948407.98211433
485,10539487.85,14620423.823833812,6458551.876166186,10040930.98,13963117.850511244,6118744.109488757,10509777.0,14562855.201252956,6456698.798747043,10499313.02,14451672.413063478,6546953.62693652,9652843.33,13694283.204550661,5611403.455449339,8381184.83,12067281.605651565,4695088.054348435
486,10606735.78,14667720.542790767,6545751.017209232,10000803.47,13898461.649933323,6103145.290066679,10596303.41,14636977.333836999,6555629.486163002,10442577.11,14356547.544271939,6528606.675728061,9801812.18,13897881.782700712,5705742.577299288,8656915.64,12457920.38151857,4855910.8984814305
487,10643563.76,14734037.567413699,6553089.952586302,10084659.86,14028434.251553416,6140885.468446582,10634486.52,14709058.17575002,6559914.864249978,10398828.47,14324953.296275787,6472703.643724213,9827364.81,13976952.03345289,5677777.586547111,8577998.44,12348089.645509416,4807907.234490583
488,10791187.01,14907934.012830205,6674440.007169793,10232205.99,14204445.184260866,6259966.795739135,10866122.67,15002989.68941867,6729255.650581331,10498078.0,14448811.539579675,6547344.460420326,9598400.19,13648362.896492746,5548437.483507254,8416326.41,12098852.241587784,4733800.578412217
489,10950052.63,15213628.805257326,6686476.454742676,10311039.18,14420445.833375428,6201632.526624571,11002235.4,15275588.344268303,6728882.455731696,10649390.47,14725166.258931262,6573614.681068739,9717124.5,13812319.344241047,5621929.655758953,8392417.47,12042453.80046429,4742381.139535712
490,10707213.34,14943455.86033696,6470970.81966304,9866579.71,13858781.056832355,5874378.363167647,10750915.36,14987647.702638913,6514183.017361087,10469328.86,14531557.66634466,6407100.053655339,9788919.52,13851240.629639417,5726598.410360583,8481995.62,12200375.094103228,4763616.14589677
491,10671614.66,14813449.185031481,6529780.134968518,9830549.27,13715909.048408296,5945189.491591703,10698129.38,14836779.971617471,6559478.788382529,10370798.83,14338127.01114485,6403470.648855151,9860591.0,14001407.071328023,5719774.928671977,8605475.86,12323087.867769957,4887863.852230042
492,10548089.16,14583127.257170744,6513051.062829256,9986857.67,13927481.39226201,6046233.94773799,10580493.62,14614198.218980184,6546789.021019815,10201672.88,14073936.35849007,6329409.401509931,9944102.92,14115988.70840427,5772217.131595731,8305879.64,11999558.601237927,4612200.678762073
493,10558260.85,14780994.48321075,6335527.216789248,9983812.47,14001131.09250491,5966493.847495092,10606723.89,14829531.35640623,6383916.423593772,10167159.52,14243512.310314175,6090806.729685823,9662952.84,13888601.705478815,5437303.974521184,8347153.45,12054821.049236534,4639485.850763466
494,10619830.36,14926934.31137706,6312726.408622938,9906212.89,13912348.457455294,5900077.322544707,10720220.8,15056345.67314192,6384095.926858082,10194013.73,14317239.241725268,6070788.218274733,9875199.09,14192221.021962583,5558177.158037416,8058337.37,11693464.329690188,4423210.410309812
495,10960885.28,15478690.44661754,6443080.11338246,10374007.58,14570138.020001523,6177877.139998476,11010677.61,15535476.012334885,6485879.207665114,10501104.87,14831693.61688676,6170516.123113239,9929033.15,14354966.832761588,5503099.467238413,8051789.01,11718689.034691263,4384888.985308737
496,10748524.38,15135217.400693279,6361831.359306723,9908709.6,13972635.882734023,5844783.317265975,10741301.46,15115383.87587887,6367219.04412113,10293307.22,14484651.116254771,6101963.32374523,9776387.91,14280148.772144426,5272627.047855575,7825642.02,11477459.257701581,4173824.782298418
497,11067372.97,15763076.021172803,6371669.918827198,9957177.1,14325576.364945253,5588777.835054746,11017789.95,15684769.00263562,6350810.897364379,10613035.36,15064057.14311991,6162013.576880088,9776211.41,14273221.488734268,5279201.331265734,7956484.1,11937646.981591005,3975321.2184089934
498,11333063.89,16131345.544290438,6534782.235709564,10207834.9,14673965.419732817,5741704.380267185,11355878.97,16164170.292357523,6547587.647642479,10936871.36,15532948.923172008,6340793.796827991,10358729.27,15293429.356530415,5424029.183469584,8097413.3,12187026.315221068,4007800.284778933
499,11671634.7,16490344.264638672,6852925.135361327,10594088.23,15124981.257469047,6063195.202530953,11694035.08,16512944.995932821,6875125.16406718,11282999.44,15848692.116976853,6717306.763023146,10417916.92,15301337.097497873,5534496.742502126,8249491.95,12322013.401556838,4176970.498443162
500,11367410.67,16086508.830271859,6648312.509728141,10428961.83,14919972.638914548,5937951.021085452,11429727.43,16170744.810511984,6688710.049488016,10992080.21,15443996.02061111,6540164.399388893,10214561.74,14870350.449312765,5558773.030687236,7935537.78,11853477.647497984,4017597.912502017
501,10828789.83,15426424.583340473,6231155.076659528,9965377.55,14321954.992038999,5608800.107961003,10859619.09,15467895.3021628,6251342.877837201,10471630.83,14757359.565893702,6185902.094106298,9732367.13,14231005.110443935,5233729.149556067,7601010.46,11378740.548725775,3823280.371274226
502,10615230.33,15079177.113140272,6151283.546859728,9805012.65,14060656.122413784,5549369.177586216,10684872.57,15163879.226294432,6205865.913705569,10410704.84,14656824.12918144,6164585.55081856,9344830.99,13676455.049076922,5013206.930923078,7493088.48,11252414.463840628,3733762.4961593733
503,10695138.29,15308926.445900759,6081350.1340992395,9763041.55,14169945.63332071,5356137.466679292,10735188.96,15356919.823059574,6113458.096940428,10404682.12,14748159.324385595,6061204.915614404,9047660.9,13361586.574513245,4733735.225486756,7580446.37,11573774.514548393,3587118.2254516077
504,10746809.92,15179357.78154216,6314262.05845784,9694429.9,13940543.876698729,5448315.923301273,10800491.73,15239518.740232373,6361464.719767628,10379142.62,14627114.222542372,6131171.017457627,9167490.53,13457184.18780145,4877796.872198548,7607983.91,11559916.424146215,3656051.3958537853
505,10724200.79,15204698.903612062,6243702.676387936,9726775.69,14036612.66720627,5416938.712793728,10767786.51,15260400.868010528,6275172.151989471,10485852.55,14811276.028710231,6160429.07128977,9568449.32,14051049.646792896,5085848.993207104,7617352.99,11578764.150611818,3655941.829388182
506,10615615.71,14940578.347500153,6290653.072499849,9729562.01,13774234.562454682,5684889.457545318,10666639.15,14997299.312879106,6335978.987120895,10626528.28,14926524.189457275,6326532.370542724,9160616.29,13282682.885029111,5038549.694970887,7393648.32,10964064.403262336,3823232.2367376657
507,10438119.1,14620631.500708573,6255606.699291428,9672989.93,13646338.74066579,5699641.11933421,10485809.77,14666488.84362858,6305130.696371419,10384355.97,14557198.747739855,6211513.192260145,9088562.73,13219167.890617995,4957957.569382006,7485181.12,11026945.072238019,3943417.1677619815
508,10257645.21,14379840.061502645,6135450.358497357,9595694.08,13525690.35931554,5665697.800684459,10307524.16,14428969.185502756,6186079.134497243,10253435.53,14357182.405343067,6149688.654656933,8592276.0,12575371.034496114,4609180.965503887,7360297.97,10903086.16239527,3817509.7776047285
509,10272496.25,14371639.586323472,6173352.913676528,9724507.09,13670672.945129417,5778341.234870583,10345721.04,14446009.04772381,6245433.032276189,10379665.25,14511484.32666523,6247846.173334771,8980345.58,13059515.090577634,4901176.069422366,7648756.15,11213487.240903057,4084025.0590969427
510,10405695.05,14472734.181710739,6338655.918289264,9735873.18,13644586.840906572,5827159.519093428,10525874.82,14638543.607908938,6413206.0320910625,10549766.01,14674806.585110765,6424725.434889234,9052878.38,13196489.472657194,4909267.287342807,7640673.05,11179942.50160606,4101403.59839394
511,10593981.31,14738733.64407874,6449228.97592126,9823704.47,13774691.91906587,5872717.020934131,10724403.39,14912769.66315456,6536037.116845442,10659030.96,14855799.941907264,6462261.978092738,9009377.3,13085222.752736906,4933531.847263096,7546397.56,10976808.281882895,4115986.838117104
512,10420651.33,14503754.549492309,6337548.110507691,9711931.6,13597348.420688156,5826514.779311843,10517691.95,14634800.597481295,6400583.302518703,10499820.42,14614128.465650816,6385512.374349184,9245329.26,13397948.591407571,5092709.9285924295,7474897.79,10989706.908357194,3960088.671642806
513,10417240.69,14525702.365795672,6308779.014204326,9846960.07,13788854.630769538,5905065.509230463,10517769.99,14671482.193775706,6364057.786224294,10412938.33,14562977.831138436,6262898.828861564,9271068.05,13392318.28146565,5149817.818534351,7622798.85,11168826.53036041,4076771.1696395893
514,10960468.13,15109862.28882467,6811073.971175331,10235341.91,14178077.216335531,6292606.60366447,10975475.55,15118755.01391444,6832196.086085561,10792555.0,14937152.87052484,6647957.12947516,9651397.03,13866123.829101928,5436670.230898072,8183073.4,11747423.62697722,4618723.173022781
515,10832598.27,15058979.803239906,6606216.736760093,10236013.72,14216479.304203032,6255548.13579697,10866021.86,15097827.031415567,6634216.688584432,10767574.18,14999932.388975292,6535215.971024706,9563617.75,13777935.153723426,5349300.346276574,7977579.73,11477566.33444063,4477593.12555937
516,11063989.42,15291913.344333608,6836065.495666392,10318601.64,14300085.9880598,6337117.2919402,11059907.4,15276951.869824406,6842862.930175594,10991572.32,15212875.755051984,6770268.884948017,9888987.0,14158335.57049499,5619638.429505009,8382431.45,12029311.940159699,4735550.959840301
517,11005338.1,15189110.614772797,6821565.585227203,10223654.33,14171059.945358332,6276248.714641667,10997317.09,15173087.62349467,6821546.556505329,10991672.72,15173213.267958723,6810132.172041278,10005801.29,14326854.787026448,5684747.79297355,8281001.96,11796094.110580247,4765909.809419754
518,11032413.16,15362632.004304525,6702194.315695477,10292322.47,14258266.613009196,6326378.3269908065,11054790.51,15401731.78534269,6707849.234657309,11040464.8,15397947.396088336,6682982.203911665,9978269.28,14323481.983370483,5633056.576629516,8185033.13,11717830.483628027,4652235.776371972
519,11407618.56,15934791.498684615,6880445.621315386,10463161.14,14517010.459247611,6409311.820752389,11448468.66,16009768.159620827,6887169.160379173,11386980.68,15956994.286806887,6816967.073193112,10160208.41,14579372.215457814,5741044.6045421865,8390450.04,11986413.016178817,4794487.063821181
520,11225602.2,15733671.430551782,6717532.969448216,10406599.52,14593329.836564576,6219869.203435423,11316608.7,15888470.057160148,6744747.34283985,11322056.79,15900578.0193895,6743535.560610497,10000077.57,14375266.638399135,5624888.501600866,8038649.25,11522004.147556335,4555294.352443665
521,11457188.91,16069151.300144844,6845226.5198551575,10644523.5,14945738.088880755,6343308.911119244,11624156.18,16352971.384676136,6895340.975323864,11660675.61,16390595.709053874,6930755.510946126,10156850.95,14624985.634236928,5688716.26576307,8118002.62,11583968.009556752,4652037.2304432485
522,11793041.9,16402906.484702216,7183177.315297784,10792968.32,15014447.926332776,6571488.713667225,11855314.31,16519642.727760747,7190985.892239253,11903598.58,16588586.66184562,7218610.498154379,10241237.8,14720022.080291135,5762453.519708866,8379782.68,11983318.32899801,4776247.031001988
523,12144152.61,16889767.533168726,7398537.686831271,11178970.71,15571417.471442927,6786523.948557074,12192508.55,16993947.08389404,7391070.016105962,12144820.37,16913291.034925345,7376349.705074654,10459489.55,15037250.973726798,5881728.126273203,8585559.54,12242320.244403925,4928798.8355960725
524,12578396.77,17649279.267611843,7507514.272388157,11558178.79,16171174.866580725,6945182.7134192735,12354527.86,17273888.48218353,7435167.237816468,12276291.06,17165097.997848086,7387484.122151917,10218195.75,14676550.030160937,5759841.469839062,8577250.27,12233668.290019965,4920832.249980034
525,12865869.89,18007492.60917925,7724247.170820749,11759191.36,16616422.727661703,6901959.992338296,12748626.53,17820509.749310426,7676743.310689573,12682692.24,17733010.98243187,7632373.4975681305,10324193.63,14778646.890174787,5869740.369825214,8490728.49,12165574.452046352,4815882.527953649
526,13370698.66,18645948.64903552,8095448.670964481,12228861.19,17238276.8546393,7219445.525360702,13333092.88,18637317.593822084,8028868.166177919,13278735.3,18579638.35506504,7977832.24493496,10938918.59,15672603.633365653,6205233.546634347,8777681.5,12535694.16160828,5019668.838391719
527,13590746.9,18895848.943098627,8285644.856901374,12330759.94,17287792.91036919,7373726.969630809,13469922.84,18751134.506086625,8188711.173913373,13451180.56,18759250.953430317,8143110.166569686,11231236.59,16043564.839357847,6418908.340642152,9002896.12,12784686.628247153,5221105.611752846
528,13197424.6,18312468.3533929,8082380.846607099,12013612.98,16798628.295559995,7228597.664440007,12986437.44,18024011.51662871,7948863.363371291,12939952.09,18016511.563900642,7863392.616099359,10797112.7,15456486.407357104,6137738.992642895,8623928.91,12303780.846473904,4944076.973526096
529,13638066.32,18805904.924608275,8470227.715391723,12367192.33,17160188.749615967,7574195.910384034,13501475.3,18655955.190019164,8346995.409980836,13402065.74,18530678.695557676,8273452.784442325,11356273.73,16146234.822875198,6566312.637124804,8594488.18,12110081.0565762,5078895.303423799
530,13867136.0,19139910.555022806,8594361.444977194,12613636.09,17585207.03998929,7642065.140010711,13356567.92,18396688.507670328,8316447.332329672,13581895.76,18725985.00676259,8437806.51323741,11360593.79,16163545.286857935,6557642.293142064,8592416.97,12123919.81936625,5060914.12063375
531,13819206.15,19067647.5205162,8570764.779483799,12726322.93,17698396.911203213,7754248.948796788,13441659.29,18557131.82064641,8326186.75935359,13707130.9,18870992.6641329,8543269.1358671,11570540.19,16434420.864892386,6706659.515107614,8782606.61,12362961.025775097,5202252.194224902
532,13586970.44,18811931.094320357,8362009.785679644,13104883.15,18209896.924231913,7999869.375768088,13384960.36,18527236.951280482,8242683.768719517,13514269.29,18699645.20786884,8328893.372131157,11748793.75,16688147.539786242,6809439.960213757,8988294.39,12618740.18699853,5357848.593001472
533,13547710.67,18802127.663789816,8293293.676210183,12815044.66,17771327.912328683,7858761.407671319,13386359.06,18549449.651732866,8223268.468267134,13510477.48,18744190.320935197,8276764.639064804,12042199.59,17100325.285849623,6984073.894150374,8867553.64,12442074.306102607,5293032.973897395
534,13346992.54,18451045.78167485,8242939.298325148,12590075.19,17500231.340322755,7679919.039677242,13354902.43,18495962.674957544,8213842.185042458,13422159.15,18600555.73849478,8243762.56150522,11566277.21,16476358.803803373,6656195.616196629,8521884.13,11953431.6234356,5090336.636564402
535,13478618.9,18397467.518065076,8559770.281934924,13128216.43,18008241.441155195,8248191.418844802,13712916.85,18830658.662107877,8595175.037892124,13516817.69,18527306.49837484,8506328.88162516,11967412.55,16883132.17910173,7051692.92089827,9113296.41,12584817.84969503,5641774.970304971
536,13094595.66,17780806.04265731,8408385.27734269,12315081.4,16918740.49178595,7711422.30821405,13367569.91,18266373.577461064,8468766.242538938,13181555.46,17921611.942631073,8441498.977368927,11753957.29,16440936.791091613,7066977.788908385,8868004.02,12255105.728675453,5480902.311324546
537,12885349.5,17531176.433422033,8239522.566577968,12187458.32,16646012.240116,7728904.399884001,12885101.05,17604497.081864666,8165705.018135334,12938089.12,17623824.52449518,8252353.715504817,11640775.67,16280432.904992327,7001118.435007672,9020893.48,12417016.096896904,5624770.863103097
538,13012818.82,17912266.252850227,8113371.387149775,12315695.71,17113593.852718294,7517797.567281708,13036156.06,17995590.323677193,8076721.796322807,13111124.09,18076741.07808571,8145507.101914291,11592592.7,16256294.790447108,6928890.609552889,8855575.62,12235983.36080873,5475167.879191268
539,13274020.98,18381928.35114845,8166113.608851552,12566380.61,17528666.432744104,7604094.787255895,13299074.48,18424353.55633731,8173795.403662693,13327065.73,18504038.681222223,8150092.778777776,12166831.25,17044521.7588012,7289140.741198799,8997647.82,12477395.850132065,5517899.789867936
540,13111306.7,18170617.67320983,8051995.726790166,12620575.01,17657502.065098062,7583647.954901936,13178402.84,18281774.74214048,8075030.93785952,13143553.9,18249951.75498682,8037156.045013182,12105838.91,16941833.37024328,7269844.449756721,8721040.26,11986385.486711774,5455695.033288225
541,12389206.13,16910230.48721505,7868181.772784951,12249487.32,16810016.76910324,7688957.870896759,12380431.83,16909834.576924928,7851029.083075073,12433459.69,17036428.027392194,7830491.352607806,11719242.73,16375597.74539185,7062887.714608151,8339389.8,11486054.49917151,5192725.100828489
542,12280254.92,16766062.015055768,7794447.824944232,11854653.01,16337488.277884293,7371817.742115707,12416812.98,17015117.54791001,7818508.412089991,12385785.36,16956899.008927643,7814671.711072356,11639531.78,16319517.54758254,6959546.012417458,8322482.74,11462456.757021636,5182508.722978364
543,12045171.09,16710397.51116265,7379944.668837351,11806216.92,16431129.938099079,7181303.901900921,12105064.67,16820456.469601177,7389672.870398822,12079753.63,16796076.996167723,7363430.263832278,11598775.76,16547343.388806684,6650208.131193316,8259277.71,11392279.201098759,5126276.218901241
544,12019859.25,16490474.560206864,7549243.939793136,11612787.28,16013328.994447727,7212245.565552271,12033840.9,16576600.870502356,7491080.929497643,12082248.82,16597877.156776981,7566620.483223019,11373915.86,16017003.848127492,6730827.871872507,8468314.67,11616087.286273897,5320542.053726102
545,12248227.21,16795717.382980555,7700737.037019445,11697225.32,16209977.465250878,7184473.174749123,12118860.28,16693745.685991865,7543974.874008134,12301307.58,16890012.077565573,7712603.082434427,11308135.8,16008879.802569445,6607391.797430555,8435057.73,11591017.033965545,5279098.426034456
546,11966803.36,16381712.01054634,7551894.709453659,11633692.9,16037468.243883748,7229917.556116253,11816167.68,16227991.459026668,7404343.900973331,12008116.72,16486476.167702794,7529757.272297208,11086347.47,15613537.7293646,6559157.210635401,8497018.33,11712477.357704297,5281559.302295704
547,11966184.16,16373182.489893747,7559185.830106253,11520811.29,15872688.538549405,7168934.041450595,11760051.33,16138011.774907395,7382090.885092605,12074814.82,16558477.974853437,7591151.665146564,11415001.57,16143276.159077685,6686726.980922315,8466647.37,11698724.99871343,5234569.741286567
548,11848841.66,16190931.734382926,7506751.585617075,11434119.63,15783905.617211884,7084333.642788118,11741095.16,16119780.714580411,7362409.605419589,11994552.57,16432139.162883224,7556965.977116777,11737496.32,16564734.320851699,6910258.319148301,8636529.58,11934851.805576501,5338207.354423499
549,12012171.43,16406549.820587415,7617793.039412584,11755437.5,16172218.143703498,7338656.856296502,11906728.93,16320687.01092954,7492770.849070461,12140856.98,16603097.228276743,7678616.731723258,11740000.99,16670896.402138535,6809105.577861465,8510346.93,11714302.682040486,5306391.177959514
550,11888923.48,16346962.255248617,7430884.7047513835,11670950.23,16082530.89988514,7259369.5601148615,11816240.99,16255884.58752924,7376597.39247076,12173999.82,16709954.253846718,7638045.386153283,11229090.48,15794722.83989719,6663458.120102811,8543188.32,11742966.975749535,5343409.664250465
551,12292388.93,16880248.232272744,7704529.627727257,12033027.52,16656988.456373196,7409066.583626804,12468190.45,17119441.738960017,7816939.161039983,12539728.16,17167314.746447682,7912141.57355232,11833604.25,16870456.39009115,6796752.109908851,8679812.01,11944446.838714123,5415177.181285877
552,12098898.8,16635177.97548737,7562619.6245126305,11663481.81,16091610.256594356,7235353.363405645,12275009.09,16837515.2785573,7712502.9014427,12401949.76,17001922.283635117,7801977.236364884,11737144.8,16745923.26984135,6728366.330158652,8731784.94,11994903.946770336,5468665.933229663
553,12362634.81,17126879.608090546,7598390.011909454,11460282.64,16071033.804265399,6849531.475734602,12319414.2,17027894.259429142,7610934.140570855,12636768.88,17461225.612383515,7812312.147616487,11848500.28,16904065.62208595,6792934.9379140455,8450180.84,11580879.250112355,5319482.429887645
554,12274234.19,16889887.72735243,7658580.65264757,11571947.31,16197433.841446921,6946460.77855308,12342878.47,16947711.39508149,7738045.544918511,12505531.9,17176872.825187284,7834190.974812716,12348215.08,17973225.169584885,6723204.990415115,8729203.18,11914944.035677383,5543462.324322617
555,12536225.5,17547957.831047487,7524493.168952514,12143332.31,17152046.03488297,7134618.585117032,12719786.05,17780273.57958039,7659298.520419614,12802159.45,17895844.90033262,7708473.999667379,12381596.47,18155165.491957836,6608027.4480421655,8746447.3,11962620.904258933,5530273.695741069
556,12772778.73,18060747.6157272,7484809.844272798,12060771.7,17276933.62627212,6844609.773727881,12773342.44,17916444.473464414,7630240.4065355845,13012048.45,18344185.393173404,7679911.506826593,12636616.78,18408889.67564813,6864343.884351869,8362411.19,11434389.884160377,5290432.495839624
557,13043996.88,18527292.766747586,7560700.993252414,12454395.82,17949984.041205943,6958807.598794057,13147826.31,18525563.25119853,7770089.36880147,13291007.1,18813491.8618211,7768522.338178898,12588487.58,18160162.561479777,7016812.598520222,8797530.39,12024089.370015878,5570971.409984123
558,12750594.22,18032718.87963399,7468469.560366012,11914875.37,17125715.2321593,6704035.507840698,12920066.94,18116473.889480133,7723659.990519865,13055951.93,18419997.330457013,7691906.529542986,12351659.19,17742412.478500612,6960905.901499387,8550750.75,11731196.311697455,5370305.188302545
559,12848661.08,18212869.600087397,7484452.559912602,12216944.9,17504488.130992673,6929401.669007326,13158730.16,18534562.116929635,7782898.203070364,13205326.65,18624934.50283864,7785718.7971613575,12629356.02,18098611.04614829,7160100.99385171,8777509.06,12106800.20049151,5448217.919508491
560,12860413.81,18267859.493648868,7452968.126351134,12248351.51,17367001.224863973,7129701.795136026,13105560.87,18501074.546568356,7710047.193431642,13178545.52,18640580.83784481,7716510.202155186,12649773.01,18137445.839047603,7162100.180952397,8707207.5,12018102.179680442,5396312.820319558
561,13322073.59,19126740.88325333,7517406.296746669,12437847.73,18070027.477534954,6805667.982465047,13596794.86,19465048.39366764,7728541.326332359,13612038.04,19439606.249754056,7784469.830245944,12996863.81,18837387.029580213,7156340.590419788,8715210.55,11990317.305199267,5440103.794800734
562,12562921.97,17851667.201016784,7274176.7389832195,11728024.11,16756330.863654286,6699717.356345713,12893462.34,18256809.574983913,7530115.105016087,12803444.01,18081152.600169532,7525735.419830467,12362702.66,17589523.78842917,7135881.531570831,8340181.61,11497900.881808223,5182462.3381917775
563,12552033.32,17647709.517523114,7456357.122476888,11646754.29,16522954.145890504,6770554.434109494,12808467.53,17908033.217816032,7708901.842183966,12917098.15,18021281.862213716,7812914.437786284,12463192.66,18011152.84129271,6915232.478707293,8372009.02,11549810.731795447,5194207.308204552
564,12172648.07,17194773.900194146,7150522.239805857,11657450.52,16551459.817189727,6763441.222810273,12473903.14,17522042.17281124,7425764.10718876,12477986.11,17503615.549431324,7452356.670568673,12063914.86,17412034.288296595,6715795.431703405,8126252.77,11152933.749962408,5099571.790037591
565,11872091.77,16813726.112193123,6930457.427806875,11260869.25,15978261.912043123,6543476.587956877,12140385.45,17099993.884805463,7180777.015194537,12234827.11,17223275.933192804,7246378.286807195,11728064.26,16801326.26229492,6654802.257705083,8004410.39,10993823.561513482,5014997.218486518
566,11689292.73,16301720.064618837,7076865.395381164,10739887.97,15060019.754534142,6419756.185465859,11799070.82,16453622.91940257,7144518.720597431,11955588.95,16627259.58009865,7283918.319901349,12074994.51,17684224.329732697,6465764.690267301,7672075.12,10499723.057648338,4844427.182351662
567,10950968.55,15386913.611344555,6515023.488655446,10737083.57,15009837.591954328,6464329.548045672,11240170.24,15699874.617618833,6780465.862381169,11429302.06,15904704.876091192,6953899.2439088095,11393830.48,16765766.420571689,6021894.539428312,7457267.94,10240197.44816082,4674338.431839181
568,10566600.2,14620534.33003344,6512666.069966557,10416974.01,14350212.441001073,6483735.578998928,10992413.74,15107772.23550171,6877055.244498289,11079326.88,15173546.143441811,6985107.616558191,11237311.48,16441513.387114052,6033109.57288595,7556590.31,10350920.019359251,4762260.600640748
569,10880934.62,15037527.469429698,6724341.7705703005,10389764.34,14384086.781609673,6395441.898390327,11276934.23,15468025.324879043,7085843.135120957,11430579.31,15640862.10941651,7220296.51058349,11283740.86,16493459.236217566,6074022.483782434,7514774.72,10327750.302282002,4701799.137717998
570,10850835.16,14832438.258778876,6869232.061221125,10580600.79,14478115.665572144,6683085.914427853,11329187.74,15435257.83970587,7223117.640294132,11304038.49,15354004.500902329,7254072.479097673,10609656.36,15016275.688845614,6203037.031154385,7682569.02,10521404.869232662,4843733.170767336
571,11191479.63,15326044.84945357,7056914.410546431,10701095.87,14575983.83668983,6826207.903310169,11445068.32,15590812.409345087,7299324.230654913,11459070.84,15641303.698245537,7276837.981754463,11016112.15,15777855.368608933,6254368.931391068,7509473.09,10300046.800795939,4718899.37920406
572,11090406.25,15174500.239716675,7006312.260283326,10309697.7,13987312.871795354,6632082.528204644,11415735.74,15508197.595446132,7323273.884553869,11449615.11,15602581.92989065,7296648.290109349,11071918.2,15619030.53482542,6524805.8651745785,7616266.33,10433093.950874513,4799438.709125487
573,10889744.6,14887657.93825569,6891831.261744308,10526096.85,14283845.05299567,6768348.647004329,11159881.39,15149403.35288351,7170359.427116491,11296039.23,15378634.571192216,7213443.888807786,11109905.5,15674096.657446755,6545714.342553245,7901617.85,10798282.886566605,5004952.813433395
574,11217084.07,15295966.149397317,7138201.990602683,10691216.56,14616365.546537261,6766067.573462739,11507416.8,15612667.732298773,7402165.867701228,11606409.17,15771126.302820977,7441692.037179023,11554975.37,16722571.679661792,6387379.060338206,7753867.68,10661824.82309841,4845910.536901589
575,11277468.86,15618591.766611066,6936345.953388933,10844800.7,15071051.055903234,6618550.344096766,11505633.45,15936501.569128446,7074765.330871553,11416491.92,15829480.351534987,7003503.488465013,11618239.5,17158897.786703695,6077581.213296305,7527493.29,10382572.672780657,4672413.907219343
576,11149343.8,15662475.600214953,6636211.999785049,10848208.74,15234119.279772539,6462298.200227462,11659435.48,16392680.432392936,6926190.527607065,11302913.35,15875105.877599288,6730720.822400711,11236302.17,16461713.688857881,6010890.6511421185,7320537.32,10072206.009461898,4568868.630538102
577,11096139.47,15781844.358073574,6410434.581926428,11043913.72,15546963.444970826,6540863.995029176,11540210.87,16179915.310942803,6900506.429057196,11306600.83,15891275.140595784,6721926.519404216,10291753.85,14302029.462041069,6281478.237958931,7447009.26,10307597.91942887,4586420.600571129
578,11362962.27,16135514.136973316,6590410.403026683,10859685.6,15356211.629180996,6363159.5708190035,11448721.63,16120687.35821601,6776755.901783992,11404801.07,16083093.325246964,6726508.814753037,10264625.49,14394743.344677605,6134507.635322395,7458775.21,10356512.64278124,4561037.777218759
579,10591634.22,14955338.850671124,6227929.589328877,10815931.87,15250495.864295285,6381367.875704713,10904697.59,15281924.799186347,6527470.380813653,10706519.07,15081934.347576633,6331103.792423367,9667280.03,13559749.92789327,5774810.132106728,7501023.84,10352406.584952135,4649641.095047866
580,10727583.1,15170157.40491473,6285008.79508527,10739558.43,15136222.106832838,6342894.753167162,10951053.23,15334025.489706155,6568080.970293845,10561674.14,14835143.041836917,6288205.238163084,9934588.03,14022112.669564433,5847063.390435565,7361701.1,10285140.041449074,4438262.158550926
581,10686793.92,14915521.530381192,6458066.309618807,10584822.16,14803106.211071836,6366538.1089281645,10677531.93,14857331.433773123,6497732.426226877,10618701.98,14834424.431603014,6402979.5283969855,10528980.51,14705577.024362449,6352383.995637551,7625996.31,10623251.118069634,4628741.501930365
582,10649694.82,14715526.584944475,6583863.055055525,11002035.23,15283558.139062272,6720512.3209377285,11016273.92,15222760.001083195,6809787.838916805,10825643.57,15010416.347244639,6640870.792755361,10654313.84,15089833.837539077,6218793.842460922,7879875.81,10882132.946865987,4877618.673134011
583,10856083.25,15045338.449748293,6666828.050251707,11071736.99,15384462.718922652,6759011.261077348,11240499.36,15597532.996776558,6883465.723223439,11051349.23,15336112.36870938,6766586.091290621,10902906.56,15260250.809111718,6545562.310888284,7713652.18,10707238.61774035,4720065.74225965
584,10637019.56,14637080.523619898,6636958.596380104,11295381.1,15738324.531261474,6852437.668738525,11235149.08,15407455.042238649,7062843.11776135,10742034.81,14809155.84771078,6674913.77228922,10995968.77,15723534.940398363,6268402.599601636,7669239.88,10626520.006643381,4711959.753356619
585,11229504.21,15335645.94755124,7123362.472448762,11605781.57,16091344.82803221,7120218.31196779,11867872.5,16165271.96743237,7570473.03256763,11444709.92,15646188.134261053,7243231.705738948,11135802.34,15699849.155034127,6571755.524965873,7967131.56,11021413.383629896,4912849.7363701025
586,11237249.27,15322258.1496799,7152240.3903201,11243095.38,15652752.841844324,6833437.918155678,11546565.53,15739638.539658833,7353492.520341164,11317317.35,15432434.490498058,7202200.209501942,10773305.27,15113594.216941025,6433016.323058974,7966893.01,11067176.496637627,4866609.523362373
587,10871986.48,14984478.234493908,6759494.725506092,10776801.56,15011757.7503892,6541845.3696108,11327385.37,15634867.600612631,7019903.139387367,10906085.89,15057936.328583164,6754235.451416837,10520379.66,14813797.894033808,6226961.425966192,8102673.02,11295978.8910314,4909367.1489686
588,10818864.22,14850748.635778684,6786979.804221317,10692254.41,14869657.2154225,6514851.604577501,10966130.55,15055368.881545544,6876892.218454457,10878031.4,14958455.752990438,6797607.047009563,10749498.8,15139574.63244031,6359422.967559691,8287776.0,11550582.004374579,5024969.995625421
589,10925898.63,15079461.151137285,6772336.108862718,9964105.74,13819403.501414493,6108807.978585507,11004760.02,15195268.638657527,6814251.401342472,11010763.5,15215803.967508197,6805723.032491804,10179496.96,14205798.292255716,6153195.627744285,8213811.85,11593489.724792061,4834133.975207938
590,10249664.96,14078890.641355844,6420439.278644158,9519730.45,13073904.195091678,5965556.704908321,10271610.98,14130233.167509329,6412988.792490673,10364164.38,14217676.291568642,6510652.468431359,10078105.66,14263971.884548057,5892239.4354519425,8322196.03,11701262.435446724,4943129.624553276
591,10523903.4,14581933.695796076,6465873.104203925,9976565.68,13770604.156229129,6182527.20377087,10646902.18,14745016.955874233,6548787.404125767,10683094.05,14788370.853026483,6577817.246973517,10322002.52,14643837.60156536,6000167.43843464,8053416.19,11368416.75659591,4738415.623404092
592,10603866.06,14662841.853201583,6544890.266798419,9933928.32,13672456.99100707,6195399.6489929315,10844039.52,14967770.563298253,6720308.476701746,10727067.42,14824102.208937984,6630032.631062015,10547627.0,14909594.763826221,6185659.23617378,8301392.12,11661415.194941716,4941369.045058284
593,11274495.51,15441135.717691135,7107855.302308864,10580643.02,14410803.133384496,6750482.906615502,11488978.75,15698040.761518303,7279916.738481696,11348063.58,15526367.790527366,7169759.369472634,10944715.98,15578012.357450178,6311419.602549823,8434345.08,11809136.896945827,5059553.2630541725
594,10759195.32,14758050.255155645,6760340.384844355,10270271.8,14085215.003112415,6455328.596887587,11043975.15,15128370.571347676,6959579.7286523245,10887522.86,14920928.80890863,6854116.911091368,11027723.11,15658858.717349093,6396587.5026509045,8383051.12,11730508.857452711,5035593.382547289
595,10854105.52,15006926.178490574,6701284.861509426,10502183.75,14480103.667108003,6524263.832891996,11184686.13,15450896.741504505,6918475.518495495,10998873.68,15190283.483597405,6807463.876402593,11048601.0,15774417.203397747,6322784.796602253,8783142.03,12368390.305899862,5197893.754100136
596,10403152.71,14428318.738016283,6377986.681983719,10233369.78,14158339.373417199,6308400.1865828,10752901.33,14900649.958756795,6605152.701243205,10708327.2,14833278.826560535,6583375.573439464,10379304.12,14659666.634169687,6098941.605830313,8231211.51,11739472.978668422,4722950.041331578
597,10063365.39,13935306.499137051,6191424.280862951,9809395.48,13642541.848398764,5976249.111601238,10418387.99,14419503.909077283,6417272.0709227165,10460377.32,14419509.649687804,6501244.990312196,10073301.93,14279850.977512479,5866752.882487521,7922908.21,11411261.316844255,4434555.103155745
598,9964461.36,13845791.619009113,6083131.100990886,10038637.8,13887850.78811077,6189424.811889231,10314298.05,14313629.958581809,6314966.141418192,10426967.19,14389545.026226241,6464389.353773758,10234602.26,14573461.198070612,5895743.321929389,7904314.51,11324651.23477213,4483977.785227868
599,9668984.53,13485557.43665474,5852411.6233452605,10018215.39,13960195.162577786,6076235.617422217,10006448.08,13940659.240022764,6072236.919977237,10018145.39,13917960.010508021,6118330.76949198,10170869.01,14732720.713212,5609017.306787999,7833187.23,11270448.770990942,4395925.689009059
600,10446690.17,14463439.251856944,6429941.088143056,10460169.72,14430390.742218154,6489948.697781848,10868174.46,15045888.060603384,6690460.859396617,10655166.06,14733882.758713625,6576449.361286375,10298189.84,14990401.415587857,5605978.264412142,8083044.95,11587145.472733863,4578944.427266137
601,10543587.45,14672275.915435664,6414898.984564333,11179232.45,15508673.119592141,6849791.780407857,11340319.09,15672914.210500253,7007723.969499746,11142779.57,15465992.467264894,6819566.672735106,10278559.02,15030170.184097465,5526947.855902534,8321659.75,11875534.059145449,4767785.440854551
602,11555513.19,16129209.800814891,6981816.579185108,11345577.78,15672293.717973992,7018861.842026007,11643833.58,16312397.805165503,6975269.354834497,11681381.89,16242890.551180672,7119873.228819329,10886604.0,16010648.008077886,5762559.991922115,8634324.09,12224939.907318734,5043708.272681267
603,11364693.41,15953392.546075327,6775994.273924673,11522475.79,15980656.411965977,7064295.168034022,11732395.05,16447312.613308717,7017477.486691286,11712349.98,16420246.752442786,7004453.207557214,11189110.25,16264285.836148076,6113934.663851925,8619922.75,12211063.511958018,5028781.988041982
604,11473594.46,16275688.370359357,6671500.549640645,11750251.56,16611493.68841319,6889009.431586811,11629302.01,16474803.69316342,6783800.32683658,11882869.11,16887616.836653393,6878121.383346606,11260233.18,16419748.739366304,6100717.620633694,8766557.5,12582992.25889505,4950122.741104949
605,10917520.95,15533303.005194535,6301738.894805463,11289320.96,15974636.009249695,6604005.910750307,10953060.49,15474234.183876071,6431886.796123929,11131619.98,15855683.875796478,6407556.084203524,10914646.04,16101528.079278858,5727764.00072114,8551510.0,12360128.254740305,4742891.745259696
606,10923480.2,15344625.716530977,6502334.683469022,11224579.61,15774291.049169738,6674868.170830261,10960150.41,15333233.705104804,6587067.114895197,11184269.99,15798815.711358903,6569724.2686410975,10843033.66,16057828.009970982,5628239.310029019,8491531.19,12309214.943454023,4673847.4365459755
607,11210771.19,15864139.935686,6557402.444313999,11346936.88,16008026.48640463,6685847.273595372,11192659.27,15655552.196499998,6729766.343500001,11574165.72,16392517.359265681,6755814.08073432,10776869.65,15915277.766256846,5638461.533743154,8448404.39,12269139.564551834,4627669.215448168
608,11173197.32,15789647.625259431,6556747.0147405695,11630134.02,16272165.823118275,6988102.216881724,11195651.62,15670638.903901834,6720664.336098163,11723731.35,16505062.416559044,6942400.283440956,10782192.99,15613795.153715845,5950590.826284155,8527161.43,12335329.633642111,4718993.226357888
609,10950540.63,15572556.521279115,6328524.738720886,11177038.44,15857389.744810779,6496687.13518922,11006484.33,15505374.794355959,6507593.865644041,11161026.55,15816249.162852418,6505803.937147583,10911231.09,16013501.58416206,5808960.595837939,8453727.66,12244694.450727167,4662760.869272834
610,11143943.28,15916120.19509494,6371766.364905059,10838469.54,15463789.273687586,6213149.806312412,11152088.84,15777279.02237308,6526898.65762692,11466387.78,16254095.102066237,6678680.457933761,11087350.98,16389233.776913855,5785468.183086146,8396598.75,12297986.337974152,4495211.162025848
611,11497424.82,16377465.49354694,6617384.14645306,10918559.15,15587055.961887505,6250062.338112497,11509429.26,16283222.925692935,6735635.594307065,11676134.18,16575250.182426648,6777018.177573351,10748992.16,15891769.920621093,5606214.399378908,8459263.07,12362788.19265458,4555737.94734542
612,11566141.86,16486603.86184727,6645679.8581527285,11060546.32,15750204.867775587,6370887.772224413,11593430.23,16385004.070952546,6801856.389047456,11827330.48,16738704.317944154,6915956.642055847,10804544.36,16060398.284816554,5548690.435183445,8821612.82,12882921.365832815,4760304.274167186
613,11472167.54,16525046.479535606,6419288.600464392,11036847.07,15695819.461288776,6377874.678711225,11543885.97,16473303.885197567,6614468.0548024345,11874626.14,16939770.23016996,6809482.049830043,11272078.43,16883052.04443351,5661104.815566486,8916287.27,13014224.030167034,4818350.509832965
614,11552832.47,16679045.591206135,6426619.348793866,11131734.63,15937066.592993367,6326402.667006635,11461039.8,16269638.11481784,6652441.485182162,11738273.5,16752385.303100348,6724161.696899653,11039417.81,16550493.786644567,5528341.833355434,8771842.07,12796290.105278945,4747394.034721056
615,11865544.61,17030722.267318703,6700366.952681294,11484098.16,16456397.134685526,6511799.185314475,11891497.17,16872176.674020834,6910817.665979166,12149759.85,17336777.361223966,6962742.338776033,10674791.68,15622192.903277978,5727390.456722022,9002390.92,13100158.265892498,4904623.574107501
616,11358206.73,16293440.62614452,6422972.833855482,10906657.45,15451098.188944139,6362216.711055861,11392591.27,16162188.736965954,6622993.803034044,11641180.62,16565337.040228523,6717024.199771476,10838718.83,15796711.312163083,5880726.347836917,8949477.56,13016447.79567191,4882507.324328092
617,11320980.82,16136879.005095223,6505082.634904778,10710913.39,15279470.143359605,6142356.636640395,11252308.89,15877232.905121591,6627384.87487841,11484609.72,16327714.170918018,6641505.269081983,10858369.48,15894905.117932051,5821833.842067949,8954117.67,13048372.208740853,4859863.131259148
618,11714060.95,16687139.45475079,6740982.445249209,11262483.76,16002142.770596918,6522824.749403082,11695317.67,16552769.521890389,6837865.818109611,11830892.09,16803934.377800405,6857849.802199596,10938453.41,15946800.637789786,5930106.1822102135,9236446.18,13357856.742758675,5115035.617241325
619,11183933.98,15900881.606963908,6466986.353036093,10632295.61,15068667.87064254,6195923.34935746,11020241.37,15593714.902421385,6446767.837578612,11209028.14,15886254.263154032,6531802.0168459695,10574090.67,15267379.311859354,5880802.0281406455,8739379.93,12740757.378702646,4738002.481297353
620,10648619.95,15101652.187010055,6195587.712989943,10302732.66,14666865.150844254,5938600.169155748,10559423.31,14919012.080466226,6199834.539533774,10705819.69,15132526.400185611,6279112.979814388,10225405.45,15020489.63695072,5430321.263049278,8456202.47,12333991.705187116,4578413.234812886
621,11148903.33,15751319.047436457,6546487.612563542,10524026.07,14987663.133955041,6060389.00604496,11247582.17,15848636.646716021,6646527.693283979,11296979.09,15924061.69206502,6669896.4879349815,10624677.26,15494580.627009025,5754773.892990975,8467977.4,12375180.842881657,4560773.957118344
622,11425327.54,16173609.113121144,6677045.966878854,10499486.1,14963925.723632053,6035046.476367948,11457756.61,16162304.591186892,6753208.628813107,11520515.85,16273065.372578632,6767966.327421367,10666516.9,15594532.797380202,5738501.002619798,8721999.62,12673886.356562242,4770112.883437756
623,11536851.63,16220314.420640688,6853388.839359314,10514640.26,14788612.265941223,6240668.254058776,11487228.3,16077109.125849,6897347.474151002,11643167.04,16316269.446850648,6970064.63314935,10779806.3,15798179.511562191,5761433.0884378115,8713820.17,12547294.847808043,4880345.492191957
624,11244104.34,15807269.572649179,6680939.107350821,10412875.2,14593968.506331068,6231781.89366893,11130751.82,15537073.768621787,6724429.871378213,11396562.69,15944600.523073435,6848524.856926565,10115687.66,14796367.056982331,5435008.263017669,8308476.62,11967218.667479511,4649734.572520489
625,11483532.96,16228390.66866424,6738675.251335762,10352344.58,14685726.165682163,6018962.994317836,11451843.35,16110509.483615145,6793177.216384855,11501780.05,16273927.340419829,6729632.759580173,10312647.55,15085090.607450927,5540204.492549075,7951482.87,11516436.926990898,4386528.813009102
626,11708691.36,16610358.423824154,6807024.296175844,10634576.89,15008902.177480243,6260251.602519758,11453467.94,16080596.03217202,6826339.847827978,12053848.79,16978011.219569426,7129686.360430573,10005030.65,14587410.132092368,5422651.167907632,8375228.22,12052184.439908378,4698272.000091622
627,11350188.34,16164785.544594772,6535591.135405228,10492154.98,14813991.359000599,6170318.600999402,10992749.69,15492580.041614424,6492919.338385574,11587290.49,16418465.476527743,6756115.503472257,10031373.86,14423856.755603204,5638890.964396795,8313865.33,12009543.398156673,4618187.261843328
628,11029102.64,15746415.89972674,6311789.380273262,10474272.4,14800880.855649829,6147663.944350172,10700667.78,15138529.697889207,6262805.862110792,11289651.06,16007025.375285896,6572276.7447141055,10100986.71,14556356.70671415,5645616.713285853,7878435.32,11400681.872125302,4356188.767874699
629,11358905.17,16270887.977857545,6446922.362142455,10766327.43,15330271.969514882,6202382.890485117,11106416.13,15807267.80262383,6405564.457376171,11371329.26,16255895.315838303,6486763.204161695,10583791.22,15355548.971110454,5812033.4688895475,7870544.03,11356299.806937534,4384788.253062466
630,11436411.47,16581889.951291602,6290932.988708399,10739636.12,15507397.598632991,5971874.641367007,11138559.44,16033153.687273342,6243965.192726656,11679027.59,16828341.136990424,6529714.043009576,10835031.77,16001731.171547305,5668332.368452693,8065881.55,11594077.97161279,4537685.128387209
631,10689002.2,15597248.918381818,5780755.481618181,10295977.47,14968545.77060999,5623409.169390011,10477469.01,15251915.252059227,5703022.767940773,10984588.02,15962039.446575,6007136.593424998,10396061.76,15320168.402134651,5471955.117865348,7648354.62,11134121.531505655,4162587.7084943447
632,10759741.52,15525116.719103001,5994366.320896998,10424008.64,14882565.025062634,5965452.2549373675,10458922.23,15000060.1999624,5917784.2600376,10945028.31,15757904.702221539,6132151.917778461,10029317.91,14636534.32045073,5422101.499549269,7809142.49,11359325.485614195,4258959.494385805
633,10772984.82,15462323.946190197,6083645.6938098045,10399939.22,14766939.442868363,6032938.997131638,10522512.49,15030628.22198847,6014396.758011532,10918445.34,15646867.44252385,6190023.23747615,10133181.95,14625194.367931778,5641169.532068221,8024332.27,11615448.032850528,4433216.507149471
634,10842076.54,15616763.833628682,6067389.246371316,10236680.86,14568665.47076729,5904696.24923271,10686283.88,15323418.029245425,6049149.730754577,11327731.44,16305806.626968447,6349656.253031552,10073444.02,14602386.64545463,5544501.39454537,8345145.56,12099579.257540574,4590711.862459425
635,10769573.22,15245729.34090559,6293417.099094411,9919266.2,14111053.703746952,5727478.696253045,10642446.83,15041170.1614612,6243723.4985388,11163470.25,15778865.57899402,6548074.921005978,9931355.85,14260883.63536011,5601828.06463989,8332894.89,12134416.979977854,4531372.800022147
636,10705932.68,15225678.805460952,6186186.554539047,9949899.45,14158114.285194214,5741684.614805784,10608580.39,15088395.776660014,6128765.003339986,11074479.73,15620702.77704896,6528256.68295104,9703247.59,13990903.211276148,5415591.968723853,8196603.16,11913496.503586859,4479709.816413141
637,10830066.75,15425989.131631935,6234144.368368065,10205505.29,14638897.92483465,5772112.655165347,10843839.52,15470185.81785323,6217493.22214677,11236012.23,15893763.27456802,6578261.185431981,10059692.88,14436085.362136181,5683300.397863819,8087760.82,11782281.595204812,4393240.044795189
638,11104283.52,15991476.642263005,6217090.397736995,10587336.58,15335071.603668876,5839601.556331124,11059294.92,15932664.65974371,6185925.18025629,11640145.37,16699674.152359478,6580616.587640521,10075396.97,14396742.192014601,5754051.747985401,7901235.93,11587738.372920316,4214733.487079684
639,10873584.78,15733407.628843728,6013761.93115627,10720933.93,15490481.431868266,5951386.428131732,10863786.69,15790258.4103554,5937314.969644599,11409999.62,16539436.625975357,6280562.614024641,10070375.37,14410428.402217286,5730322.337782713,8393061.56,12232023.03064836,4554100.089351641
640,11156046.05,16066735.810983853,6245356.289016148,10553701.96,15316365.988297947,5791037.931702055,10872418.94,15633593.24872977,6111244.63127023,11514598.19,16462968.304412099,6566228.0755879,9948798.08,14224008.691883333,5673587.468116667,8183548.32,11934741.05639169,4432355.58360831
641,11065141.07,15868896.88056301,6261385.259436991,10369063.62,14816094.43110973,5922032.808890269,10765748.59,15382683.560206717,6148813.619793283,11351275.31,16137349.450440053,6565201.169559947,9877262.54,14096054.02310239,5658471.056897609,8320322.54,12059951.65251716,4580693.42748284
642,11329614.57,16200044.716086116,6459184.423913886,10450168.57,15033399.11049735,5866938.029502651,11087946.04,15850211.877937574,6325680.202062425,11628995.41,16564093.781848142,6693897.038151858,10103447.14,14400772.443236034,5806121.836763966,8400125.56,12253400.81200666,4546850.307993341
643,11169415.62,15926602.34862198,6412228.891378019,10315106.2,14785369.483559746,5844842.916440253,10860171.78,15522700.225666516,6197643.334333484,11449046.28,16239887.489805484,6658205.0701945145,9648873.48,13729689.613675395,5568057.346324606,8230788.82,11941099.356678184,4520478.283321817
644,11148972.75,15974035.794661615,6323909.705338384,10457893.63,15038774.140715856,5877013.1192841455,11036419.06,15815617.071571723,6257221.0484282775,11473631.32,16274663.22215208,6672599.417847921,9996272.26,14291773.756116124,5700770.763883876,8454296.43,12234085.879938567,4674506.980061432
645,10699532.57,15454098.769626012,5944966.3703739885,10364158.32,14934172.435531318,5794144.204468682,10603411.19,15219968.454783402,5986853.9252165975,11183073.46,16004868.746626804,6361278.173373198,9846373.95,14081993.121940473,5610754.778059525,8335775.55,12062893.96259032,4608657.13740968
646,11122242.68,15884591.802956617,6359893.557043383,10651151.84,15252757.221740251,6049546.458259748,10936603.72,15570176.773742333,6303030.666257668,11378057.68,16064052.686099539,6692062.673900461,10004482.52,14306400.144406114,5702564.895593886,8455193.75,12279538.230889808,4630849.269110191
647,11126250.56,15765498.763138074,6487002.356861926,10097882.93,14495273.640295645,5700492.219704354,10890168.09,15343895.27737516,6436440.90262484,11423873.96,15996241.66734911,6851506.252650892,9593167.28,13762583.647134151,5423750.912865848,8159779.56,11876134.763560556,4443424.356439443
648,11276449.8,16014856.592040999,6538043.007959003,10374200.08,14838017.537622457,5910382.622377543,11148299.09,15758709.35710333,6537888.82289667,11678569.18,16443137.895414684,6914000.464585316,9229701.79,13188070.987131953,5271332.592868045,8413047.38,12129089.05555889,4697005.7044411125
649,11664982.54,16311740.296772992,7018224.783227006,10497231.55,14814952.920071099,6179510.1799289035,11399833.5,15911076.48746426,6888590.512535741,12147331.09,16948011.546969775,7346650.633030225,9790802.97,13860210.692491595,5721395.247508407,8522459.14,12158680.192624673,4886238.087375329
650,11473228.41,16119069.50452824,6827387.315471762,10164533.14,14441203.73190484,5887862.548095161,11187946.48,15692879.997746576,6683012.962253426,11786762.65,16456338.565597497,7117186.734402505,9253213.43,13374718.638588404,5131708.221411595,8264113.47,12034205.097111112,4494021.842888888
651,11213725.97,16031708.570349326,6395743.369650675,10529869.77,15009535.991675764,6050203.548324236,11003811.57,15738535.350029234,6269087.789970768,11554022.35,16387232.158503193,6720812.541496806,9489868.57,13729218.93912293,5250518.2008770695,8088554.15,11934741.91690771,4242366.383092291
652,11076741.69,15618806.436158117,6534676.943841883,10372289.27,14638367.307478571,6106211.232521428,10972814.56,15495948.14069521,6449680.97930479,11332473.18,15877832.38717206,6787113.972827939,9368101.44,13448473.267890383,5287729.612109617,7950487.99,11742369.918773575,4158606.0612264257
653,11080646.74,15585475.957076713,6575817.522923287,10191465.42,14447204.937738203,5935725.902261796,11015270.4,15530871.952950222,6499668.847049778,11381599.02,15858941.28869941,6904256.751300588,9163400.18,13101595.718224032,5225204.641775968,8014033.22,11669763.055293275,4358303.384706724
654,11026937.43,15516115.315571414,6537759.544428585,10157735.07,14431866.26897171,5883603.871028291,10838661.57,15302008.068403797,6375315.071596203,11154591.89,15629346.401418582,6679837.378581419,9138799.72,13068408.489594277,5209190.950405724,7623712.67,11182247.898762489,4065177.441237511
655,11076703.4,15744433.96622521,6408972.83377479,10319510.7,14805106.137706392,5833915.262293608,10981535.41,15688849.0231654,6274221.796834601,11457454.15,16128338.674254835,6786569.625745166,9067866.3,12935302.823510863,5200429.77648914,7644530.35,11005935.749388626,4283124.950611373
656,11650154.23,16651903.294969179,6648405.165030822,10736717.41,15488698.28454949,5984736.535450511,11621880.51,16720077.529081158,6523683.49091884,11959130.05,16928636.712926194,6989623.387073807,9571891.49,13643053.32571802,5500729.654281981,7721262.74,11195170.549784712,4247354.930215287
657,11511369.57,16688789.984895192,6333949.1551048085,10848497.74,15733207.844682656,5963787.635317344,11554275.84,16785725.116340943,6322826.563659059,11866565.56,17034816.601281065,6698314.518718935,9453018.71,13437731.72577212,5468305.694227883,7516158.43,10794014.533125514,4238302.326874485
658,11759639.54,16869388.48350342,6649890.596496578,10940624.59,15734476.439461324,6146772.740538674,11729804.88,16870642.24527049,6588967.514729509,11905896.49,16991041.62998732,6820751.350012678,9910500.91,14007798.666982617,5813203.153017382,7706163.99,11013495.082838006,4398832.897161994
659,11858970.86,16914008.67926444,6803933.040735558,11126810.45,15909251.807849955,6344369.092150043,11839035.69,16873500.81122331,6804570.5687766895,11969940.65,17009528.534926046,6930352.765073954,9526561.69,13302349.142926993,5750774.237073006,7915821.13,11314192.65802326,4517449.601976739
660,12074097.85,17183084.43737998,6965111.262620021,11416592.47,16271424.62888344,6561760.311116562,12035802.1,17131183.867984008,6940420.332015991,12390185.71,17515287.547307268,7265083.872692733,9189044.53,12758542.890717803,5619546.169282196,7993951.69,11397281.112347772,4590622.2676522285
661,12157586.6,17159967.762366876,7155205.437633123,11211638.67,15905915.206729542,6517362.133270456,12287914.94,17365545.804094743,7210284.075905255,12446724.33,17446556.522488553,7446892.137511447,9439980.85,13108509.77450389,5771451.92549611,8129943.16,11698055.88570707,4561830.43429293
662,12182826.78,17102296.006487273,7263357.553512724,11420454.87,16135086.704293013,6705823.035706985,12486070.88,17662562.797599252,7309578.962400749,12342881.16,17286892.336644687,7398869.983355315,9866441.37,13733930.330890797,5998952.4091092,7938284.88,11407754.293160295,4468815.466839705
663,11481733.85,16001301.936671887,6962165.763328114,10593596.79,14844561.062742956,6342632.517257041,11790870.84,16589026.94633555,6992714.733664449,11521990.94,16024735.695932195,7019246.184067804,9658539.24,13368830.281114856,5948248.198885145,7613164.05,10952878.931548113,4273449.168451887
664,11743317.78,16467101.734202083,7019533.825797916,10611908.0,14822706.670490423,6401109.329509577,11700278.13,16474649.549297921,6925906.710702081,11694904.28,16390533.779963609,6999274.780036389,9605725.73,13151522.989175461,6059928.470824541,7645340.39,10988597.928562477,4302082.851437523
665,12144861.55,17069202.509593654,7220520.590406347,11659882.83,16353993.419831032,6965772.240168968,12650096.13,17909528.3063206,7390663.953679402,12333786.94,17283815.876423743,7383758.003576256,9790711.74,13468335.559835091,6113087.920164909,8048710.02,11601885.773938734,4495534.266061265
666,11885687.38,16812627.096099664,6958747.663900338,11109401.36,15738859.421828233,6479943.298171765,12233469.43,17353525.409289744,7113413.450710257,11895816.69,16868310.17014821,6923323.209851791,9376618.2,12873299.207264144,5879937.192735855,7832383.19,11283905.666817123,4380860.713182878
667,12140749.43,17181311.845349886,7100187.014650115,10912352.63,15293284.15999693,6531421.10000307,12205349.42,17243994.640655532,7166704.199344466,12037398.28,17014235.33273931,7060561.22726069,9160387.41,12634896.897831319,5685877.922168681,8087166.43,11579523.364971308,4594809.495028691
668,12360094.9,17395935.479040373,7324254.320959628,10747623.07,15099128.558815848,6396117.581184153,12351000.28,17335242.188233722,7366758.371766277,12467614.18,17537748.93540658,7397479.424593417,9205114.53,12682511.004374482,5727718.055625517,8059672.5,11605047.38011785,4514297.61988215
669,12591359.23,17743865.372038424,7438853.087961577,10435210.93,14472903.204352334,6397518.655647665,12591113.35,17687493.321417272,7494733.378582727,12661680.46,17816123.675232247,7507237.244767756,9517897.34,13034876.456962826,6000918.223037174,8034869.03,11534625.674164204,4535112.385835797
670,12575349.65,17540283.20969958,7610416.090300422,10603301.25,14617315.479597097,6589287.020402903,12717598.89,17717746.084371008,7717451.695628995,12818069.93,17871671.099731468,7764468.760268532,8962236.5,12330821.679006949,5593651.320993051,7854755.75,11188512.725272799,4520998.774727201
671,12693695.13,17747134.145012464,7640256.114987538,10433502.32,14377052.746693695,6489951.893306306,12725125.72,17785637.37113869,7664614.068861313,12745778.25,17894967.09077054,7596589.40922946,8667113.72,11935534.397525063,5398693.042474939,8119999.37,11516845.263023486,4723153.476976514
672,12384710.59,17203938.59557657,7565482.584423432,10311893.54,14229300.358277958,6394486.721722041,12546709.94,17467417.293085374,7626002.586914625,12568464.58,17544591.01872668,7592338.14127332,8945058.59,12327934.364097128,5562182.815902872,8562651.28,12058594.234825347,5066708.325174652
673,12193437.18,16850328.780264534,7536545.5797354635,10671129.46,14687165.352826148,6655093.567173853,12281249.0,16999410.543662846,7563087.456337155,12291981.15,17058155.22190457,7525807.078095433,9220217.4,12668220.131174374,5772214.668825625,8495623.08,12010943.079436328,4980303.080563672
674,11966087.66,16656622.84991216,7275552.47008784,10644335.86,14693505.468271654,6595166.251728345,11904422.6,16555943.245005619,7252901.954994381,12093375.63,16877286.640361074,7309464.619638927,9121020.4,12717818.990608852,5524221.809391148,8421373.65,11954732.571141716,4888014.728858284
675,11500961.02,15907848.58464671,7094073.45535329,10181098.58,13976119.464044921,6386077.695955078,11459429.69,15880635.392063234,7038223.987936765,11431240.98,15743456.461474255,7119025.498525745,9103301.59,12737872.057343572,5468731.122656427,7904221.35,11123608.906102475,4684833.7938975245
676,11780870.79,16280423.101211458,7281318.47878854,10167664.91,13822819.562738659,6512510.257261341,11603965.21,16006975.020668501,7200955.399331501,11330553.67,15517604.805337671,7143502.534662329,8915184.83,12480445.830432873,5349923.829567127,7822582.47,10972318.867807224,4672846.072192775
677,12383543.18,17071279.50792522,7695806.852074779,10610233.75,14523281.110813033,6697186.389186966,11996036.61,16441135.709904552,7550937.510095447,11773261.19,16109582.261477217,7436940.118522782,9242409.87,12945395.104587186,5539424.635412812,8106153.32,11435342.186590277,4776964.453409724
678,11747053.0,16069039.255677048,7425066.744322953,10269724.45,14017420.382656997,6522028.517343001,11650365.36,15949332.880165888,7351397.839834111,11304399.81,15402281.283355823,7206518.336644178,9191337.53,12761373.498593591,5621301.5614064075,8067737.2,11364225.833763966,4771248.566236034
679,12300093.99,16939657.363592565,7660530.616407437,10504550.92,14327687.233865362,6681414.606134638,12128821.26,16640672.9034005,7616969.6165995,11773788.66,16061713.831655666,7485863.488344334,9395756.36,12924564.968212979,5866947.75178702,8016490.58,11267359.424148813,4765621.735851187
680,12028057.21,16624855.131173102,7431259.2888269,10596230.41,14585799.342531519,6606661.477468481,11898444.97,16410123.470266066,7386766.469733935,11715678.92,16072466.381601647,7358891.458398354,9445887.89,13056649.111316975,5835126.668683027,7968246.77,11206770.684325945,4729722.8556740545
681,12149482.24,16664656.60483032,7634307.87516968,10734622.59,14754613.556957865,6714631.623042135,12075429.98,16543232.48724317,7607627.472756831,11946405.59,16359268.210628621,7533542.9693713775,9624227.42,13216438.45805097,6032016.381949029,7858070.07,11083156.897846358,4632983.242153643
682,12218932.75,16816573.53284422,7621291.96715578,10843852.64,14937134.122191941,6750571.15780806,11989995.38,16390476.001655113,7589514.758344889,12094857.39,16558054.327498822,7631660.45250118,9881671.48,13561714.862909663,6201628.097090338,8123692.47,11472399.736601362,4774985.2033986375
683,11681420.94,16043159.620738223,7319682.259261775,10446612.97,14339414.085224874,6553811.854775127,11586775.82,15836135.686835147,7337415.953164854,11507861.89,15742571.578132598,7273152.201867403,9388049.94,12867796.94396849,5908302.936031509,7666026.65,10801896.743470471,4530156.556529528
684,11780764.11,16129509.623095103,7432018.596904896,10427022.67,14237172.229630891,6616873.110369108,11559251.42,15711915.786957365,7406587.053042636,11597976.5,15747331.280661,7448621.719339,9583789.36,13071492.143308587,6096086.576691411,7904410.38,11150358.427489216,4658462.332510784
685,11574447.58,15770162.878078397,7378732.281921603,10350825.16,14056584.500506954,6645065.819493046,11525044.75,15668073.043646595,7382016.4563534055,11654247.58,15819660.180483226,7488834.979516775,9873428.97,13349696.333898418,6397161.606101585,8071269.28,11312687.512295121,4829851.047704879
686,11783447.02,16161051.471018296,7405842.568981703,10728670.33,14576039.826884534,6881300.833115466,11739456.35,16039253.842293162,7439658.857706838,11749828.21,16023808.260954551,7475848.15904545,9961658.71,13557353.592228781,6365963.82777122,8019663.48,11309791.049976273,4729535.910023728
687,11407949.59,15613980.90623888,7201918.27376112,10442412.19,14251385.139691684,6633439.240308315,11583328.02,15870441.148417626,7296214.8915823735,11674127.99,15977668.153865978,7370587.826134023,10258341.81,13950840.162563134,6565843.457436867,8000195.17,11299590.154882533,4700800.185117466
688,11337495.0,15594440.627798397,7080549.372201604,10337494.25,14197371.527656382,6477616.972343618,11471896.12,15780663.512508791,7163128.727491207,11463346.94,15741446.113954412,7185247.766045587,10067946.1,13884820.252233021,6251071.947766977,7851451.88,11292682.705450963,4410221.054549037
689,11195444.36,15468049.708758824,6922839.011241176,10208610.5,14152158.541725598,6265062.458274402,11275348.82,15576700.008633653,6973997.631366348,11322841.99,15591094.099419959,7054589.880580042,10422098.99,14299480.159343533,6544717.820656466,7781515.01,11213569.628321778,4349460.391678221
690,10864063.5,15032786.686710868,6695340.313289131,9867592.57,13678431.615999488,6056753.524000512,10967071.42,15203204.390172094,6730938.449827907,11088347.8,15320946.644301524,6855748.955698477,9724435.78,13386881.162603322,6061990.397396676,7445404.4,10623023.170889892,4267785.629110109
691,11293308.45,15672656.626904184,6913960.2730958145,10417217.01,14529335.328126911,6305098.691873089,11345904.81,15764582.394066673,6927227.225933328,11376317.45,15779179.592719927,6973455.307280071,9676823.42,13390007.017377954,5963639.822622046,7611593.13,10913484.888576234,4309701.371423766
692,11308315.86,15746016.59387809,6870615.126121908,10323909.95,14419060.23330319,6228759.666696808,11280097.85,15706916.910681903,6853278.789318096,11353836.8,15765698.144803949,6941975.455196054,9845217.76,13605115.94462151,6085319.575378489,7692002.6,11033572.156448694,4350433.043551305
693,11372573.48,15807858.187526364,6937288.772473638,10324083.11,14407576.404256672,6240589.815743326,11241037.37,15575549.222482346,6906525.517517652,11352764.48,15727350.138191944,6978178.821808057,9988076.39,13803906.600167485,6172246.179832516,7795853.69,11188570.860278916,4403136.519721085
694,11538541.08,16234296.134352438,6842786.025647562,10633199.86,14986635.861632664,6279763.858367334,11352391.44,15877937.583221473,6826845.296778527,11504101.8,16091250.362803616,6916953.237196385,9779876.43,13807234.16388053,5752518.696119468,7854731.19,11449537.563752566,4259924.816247436
695,11656825.19,16411807.624294322,6901842.755705678,10382376.51,14644978.166432586,6119774.853567415,11513703.33,16116056.772819683,6911349.887180317,11376453.25,15902256.175496696,6850650.324503304,9919328.4,13956432.34183967,5882224.4581603315,7942815.69,11512457.152406536,4373174.227593466
696,11617051.41,16357670.40076536,6876432.419234642,10359808.71,14632638.411856363,6086979.008143639,11567387.29,16222217.176164322,6912557.403835678,11270880.37,15810618.247928493,6731142.492071506,9742261.31,13677298.668671496,5807223.951328504,7708168.25,11260510.791604828,4155825.708395173
697,11495742.91,16113585.215323184,6877900.604676818,10267438.37,14422199.816505797,6112676.923494201,11463632.43,16021324.618996881,6905940.241003118,11165257.55,15550206.26660067,6780308.833399331,9832561.46,13713859.30503198,5951263.614968022,7695022.64,11145349.102687202,4244696.177312797
698,11670410.35,16480696.387617812,6860124.312382188,10367985.59,14685991.880014222,6049979.299985778,11593576.02,16300403.843361245,6886748.196638754,11181261.69,15657111.517136723,6705411.862863276,10028644.51,13891816.407495815,6165472.612504184,7990701.36,11591233.020276366,4390169.699723635
699,11795159.85,16584731.424273781,7005588.275726219,10827378.4,15199124.294398798,6455632.505601203,11745745.17,16449061.062610272,7042429.2773897275,11384151.98,15879645.97776932,6888657.98223068,10233710.77,14129126.315401861,6338295.224598138,8163045.95,11786919.798830284,4539172.101169717
700,11540836.61,16311860.720650319,6769812.49934968,10722199.22,15136400.15290868,6307998.287091322,11518888.04,16225424.72758283,6812351.352417169,11281914.21,15808142.557781288,6755685.862218713,10526458.81,14363735.443914212,6689182.176085789,8531182.16,12215046.470034402,4847317.849965598
701,11711432.97,16436117.148645375,6986748.791354626,10902742.33,15261416.424771424,6544068.235228576,11710810.33,16379370.17772142,7042250.48227858,11250324.45,15689980.918076346,6810667.981923653,10255418.06,13997019.53965472,6513816.58034528,8577062.66,12230412.124793801,4923713.195206198
702,11413408.54,16133084.649928866,6693732.430071132,10733306.46,15215545.31863156,6251067.601368442,11356904.2,16002642.418833219,6711165.981166781,11029481.01,15541770.416025275,6517191.603974724,9713084.99,13293888.256626898,6132281.723373102,8318005.01,11874789.976120409,4761220.043879591
703,11031137.39,15601996.995597817,6460277.784402183,10925972.49,15366697.014221165,6485247.965778834,10962127.49,15474974.317112606,6449280.662887394,10823996.61,15252193.938938772,6395799.2810612265,10397978.28,14120969.31747099,6674987.242529009,8230066.57,11711005.615734328,4749127.524265672
704,10735929.85,15123220.890941877,6348638.809058123,10308349.72,14509949.462479133,6106749.977520869,10690895.16,15030826.790035823,6350963.529964177,10335250.52,14487816.88757086,6182684.152429139,10021552.03,13684906.951915734,6358197.108084265,8009759.33,11463814.58487533,4555704.075124669
705,10920260.05,15305738.362224618,6534781.7377753835,9960406.76,14059482.891422313,5861330.628577688,10913672.92,15288457.631563388,6538888.208436612,10586381.17,14807068.302464569,6365694.037535431,9775052.51,13256315.237869855,6293789.782130145,8145075.72,11583541.941552093,4706609.498447906
706,11205325.69,15697005.496110175,6713645.883889824,10312012.38,14572918.803130053,6051105.956869949,11110726.01,15582374.45587866,6639077.56412134,11188712.06,15686310.586884765,6691113.533115236,9575252.41,13041062.840435017,6109441.979564984,8512432.64,12104731.151124137,4920134.128875865
707,11259358.92,15760729.010836408,6757988.829163591,10181220.02,14429542.198570697,5932897.8414293025,11188621.89,15678008.234413907,6699235.545586095,11170158.53,15700956.876856703,6639360.183143295,9653624.08,13206004.596073873,6101243.563926128,8357824.7,11895635.051787144,4820014.348212857
708,11266304.14,15798591.589543212,6734016.690456788,10372250.14,14676373.731783336,6068126.548216665,11178154.87,15686786.39693183,6669523.343068168,11440032.57,16146583.013538443,6733482.126461559,9998948.98,13623657.041363152,6374240.918636849,8437734.03,12014215.791745197,4861252.268254803
709,11317334.59,15811958.29702274,6822710.88297726,10358187.86,14617671.042655185,6098704.677344813,11251531.15,15717966.453789724,6785095.846210277,11530025.86,16200451.710218977,6859600.009781023,9684684.42,13282929.197850559,6086439.642149441,8625121.67,12234735.466664277,5015507.873335723
710,11414261.05,16012911.903286539,6815610.196713462,10464320.78,14911543.466862408,6017098.09313759,11352176.78,15918792.948202714,6785560.611797283,11587807.13,16356946.794048399,6818667.465951602,10014088.02,13672365.942841636,6355810.097158363,8663697.72,12349883.55991669,4977511.88008331
711,10838615.83,15344929.681778975,6332301.978221025,10129004.72,14470010.568464015,5787998.871535987,10777152.4,15262434.567877673,6291870.232122327,11001378.41,15672709.033966528,6330047.786033472,9577942.69,13234264.870898908,5921620.509101091,8279877.51,11918879.488954715,4640875.531045283
712,10908831.2,15459195.416018449,6358466.98398155,10294628.76,14669673.865180895,5919583.654819106,10916087.98,15448841.183083048,6383334.776916953,10967723.37,15636313.218392074,6299133.521607925,10151220.45,13920400.348462101,6382040.5515378965,8533301.42,12254511.145249058,4812091.694750942
713,10811399.41,15260995.342309663,6361803.477690337,10269102.35,14569226.084150508,5968978.61584949,10831700.46,15280833.404709402,6382567.5152906,10900442.12,15510333.384426251,6290550.855573747,9932191.01,13537639.66533233,6326742.354667669,8368985.5,11968525.419595864,4769445.580404136
714,11103071.65,15658837.343537495,6547305.956462507,10162779.04,14474038.979251968,5851519.1007480305,11037205.94,15580754.22308943,6493657.656910568,10867164.28,15424603.602925885,6309724.957074113,10109154.65,13786232.729308983,6432076.570691017,8657603.98,12396637.491515584,4918570.468484416
715,10910429.41,15355641.056224618,6465217.763775381,10128805.38,14369255.888953649,5888354.871046354,10882575.95,15328897.350944834,6436254.549055165,10731442.61,15146769.700373767,6316115.519626232,9943462.03,13508521.865143403,6378402.194856596,8478912.07,12136157.371591011,4821666.7684089895
716,10863337.84,15251599.019014541,6475076.660985459,10317569.74,14504992.889695162,6130146.5903048385,10849729.41,15243166.099476768,6456292.720523233,10715398.03,15094588.627373397,6336207.432626601,10360571.22,13976303.87979848,6744838.560201523,8795193.62,12474386.051608361,5116001.188391638
717,11220665.55,15803298.29057138,6638032.809428621,10363489.74,14679299.227292262,6047680.2527077375,11208506.54,15797082.42083273,6619930.659167267,10911486.29,15411149.84491945,6411822.735080549,10365019.82,14026024.831061574,6704014.808938427,8949559.3,12703894.960718993,5195223.639281009
718,11416496.93,16253453.811459692,6579540.048540307,10367213.84,14970545.46676477,5763882.21323523,11428696.03,16276215.309902621,6581176.750097377,11054212.54,15719531.590114376,6388893.489885623,10288097.7,13992178.895350492,6584016.504649507,8829359.43,12642534.930500496,5016183.929499502
719,11097124.8,15777245.170833558,6417004.429166445,10092882.61,14631166.597198892,5554598.622801107,11130722.35,15826928.13471527,6434516.565284728,11237364.83,16012684.79615141,6462044.863848588,10346655.1,14118369.113388093,6574941.086611906,8584601.42,12254895.402965229,4914307.43703477
720,11118004.4,15906896.456506468,6329112.343493532,10356237.21,15017191.633720126,5695282.786279876,11208554.76,16013150.211161587,6403959.308838412,10972279.94,15715308.747846631,6229251.132153368,10082761.3,13882984.220965292,6282538.37903471,8419548.59,12072807.031820167,4766290.148179833
721,11232442.25,16108714.450777534,6356170.049222467,10072605.86,14745065.513540594,5400146.206459405,11417208.55,16345895.773718124,6488521.326281877,11086597.77,15887318.78638959,6285876.753610411,9732871.14,13294013.226091754,6171729.053908247,8294648.46,11936836.173493862,4652460.746506138
722,11177867.01,16092010.623858757,6263723.396141241,10438223.71,15253344.878002295,5623102.5419977065,11243319.55,16174004.386257932,6312634.713742071,11060208.14,15956963.810962474,6163452.469037527,9572384.61,13102297.361803137,6042471.858196863,8256126.68,11918802.944017785,4593450.415982215
723,10945826.73,15743718.036955157,6147935.423044844,10521790.47,15315280.197234377,5728300.742765625,11139987.74,15993806.56395328,6286168.91604672,10914797.17,15721554.494831579,6108039.845168421,9933055.44,13466517.774291312,6399593.105708687,8508498.48,12211550.220600722,4805446.739399279
724,11212367.08,16108630.017777305,6316104.142222695,10974076.07,15912219.39553667,6035932.74446333,11539275.3,16561842.554299258,6516708.045700744,11089573.44,15940718.882915344,6238427.997084655,10173747.23,13858253.038155021,6489241.42184498,8639403.99,12437485.978910476,4841322.0010895245
725,11457985.01,16403114.237946479,6512855.782053521,11372004.33,16399153.2166396,6344855.4433603985,11830535.84,16930615.893520433,6730455.786479565,11348833.95,16244775.435753634,6452892.464246364,10710130.01,14576400.185522638,6843859.834477361,8680137.29,12581078.593800195,4779195.986199804
726,11255394.51,16122097.179941628,6388691.840058372,10920348.91,15701957.894642489,6138739.925357511,11492078.2,16453160.029512582,6530996.370487416,11158416.2,15985503.211868593,6331329.188131405,10819166.44,14840463.975011714,6797868.904988285,8246909.96,12092964.48627873,4400855.43372127
727,11408024.15,16322817.677337687,6493230.622662313,10988187.51,15750467.300999004,6225907.719000994,11301030.19,16213929.291329104,6388131.088670895,11128338.25,15967604.476800267,6289072.023199733,10595981.33,14530802.718010254,6661159.941989747,8317457.86,12188540.672785765,4446375.047214236
728,11317717.78,16164584.80404416,6470850.7559558395,11083751.24,15865645.253028648,6301857.2269713525,11461017.69,16350535.799787361,6571499.580212637,11181848.46,15994743.129201226,6368953.790798775,10592278.73,14542740.214808475,6641817.245191526,8455346.0,12518796.888131654,4391895.111868346
729,11474841.49,16354570.001271583,6595112.978728417,11208037.47,16053556.148247093,6362518.791752908,11557653.34,16472561.229790725,6642745.450209276,11294637.58,16121454.765075905,6467820.394924095,10472841.75,14353230.420468416,6592453.079531585,8507137.8,12673013.137343422,4341262.46265658
730,11611648.01,16507285.709216857,6716010.310783142,11566712.38,16437450.11380329,6695974.646196713,11629743.43,16522148.01593551,6737338.844064489,11288738.8,16080640.824549822,6496836.775450179,10780482.74,14771734.065309556,6789231.414690444,8794163.39,13177402.603598779,4410924.176401222
731,11425604.28,16266063.37866965,6585145.18133035,11500343.53,16363650.124449603,6637036.935550395,11444567.36,16298349.026722813,6590785.693277186,11182193.51,15992212.521680772,6372174.498319226,10955709.6,15038119.814242132,6873299.385757867,8556816.97,12825946.61977642,4287687.320223581
732,11456682.74,16378727.420183994,6534638.059816006,11685058.14,16617798.16908892,6752318.110911081,11507409.17,16454928.003738109,6559890.336261891,11259802.4,16155136.87423275,6364467.925767251,10415528.4,14320377.129442938,6510679.670557063,8557372.33,12850879.312745512,4263865.34725449
733,11648660.07,16622841.815479685,6674478.324520317,11503179.82,16453092.807794223,6553266.832205778,11658948.9,16654774.264504343,6663123.535495657,11486881.9,16422610.735849157,6551153.064150844,10464903.35,14224078.926521052,6705727.773478947,8566711.74,12886216.505025737,4247206.9749742625
734,11675184.82,16764226.793261806,6586142.846738195,11866621.92,16894432.96743772,6838810.872562278,11709952.61,16823301.49524104,6596603.724758961,11537657.08,16600516.984789504,6474797.175210496,10367895.3,14234699.964915022,6501090.63508498,8923198.04,13343477.915929481,4502918.164070517
735,10932178.9,15730862.923274979,6133494.876725022,11145710.74,15954383.210192438,6337038.269807563,10977234.3,15789387.293671979,6165081.306328023,10810690.5,15583069.530221462,6038311.469778539,10120791.47,13844289.99642051,6397292.943579491,8586747.97,12925451.236069806,4248044.703930195
736,11126261.59,15737558.177181263,6514965.002818738,11014985.16,15499100.629749477,6530869.690250524,11091454.32,15710713.418046217,6472195.221953783,10990799.62,15576206.373882663,6405392.866117336,10112929.3,13707904.150444362,6517954.44955564,8641107.14,12713202.146894244,4569012.133105757
737,10869575.57,15466671.45383418,6272479.686165821,10928166.32,15434236.001320144,6422096.638679856,10864369.79,15470175.998208359,6258563.581791638,10820791.06,15427464.922716526,6214117.197283475,10325832.32,14029790.98154296,6621873.658457041,8816284.76,12984358.765207779,4648210.754792222
738,10772876.84,15391068.39513115,6154685.284868849,10989510.71,15602640.86083025,6376380.5591697525,10784907.66,15408080.220399095,6161735.099600906,10647755.03,15240404.540507108,6055105.519492892,10471394.99,14313495.768510662,6629294.211489338,8824552.84,13027996.528185632,4621109.151814368
739,10554031.84,15068999.873131387,6039063.806868612,10833072.92,15302183.98540195,6363961.854598049,10620593.63,15170016.447262052,6071170.812737949,10469688.49,14984662.125810333,5954714.854189667,10219281.0,13992906.679739423,6445655.320260577,8709652.36,12838321.58781673,4580983.132183268
740,10428840.58,14902804.435095657,5954876.724904343,10965174.66,15450939.140506238,6479410.1794937635,10666124.55,15230432.767446952,6101816.33255305,10298677.46,14749332.563936934,5848022.356063068,9946533.68,13671139.205658209,6221928.154341792,9003444.74,13241409.196631342,4765480.283368657
741,10993045.64,15717467.289399689,6268623.990600312,11384834.77,16036624.480485704,6733045.059514295,11095873.87,15892953.415421214,6298794.324578784,10814593.02,15479693.056702567,6149492.983297432,10419159.64,14386410.90270471,6451908.377295291,8835670.82,13017750.337123208,4653591.302876794
742,10434250.19,15003337.029763514,5865163.350236485,11099541.28,15693411.792798754,6505670.767201245,10420523.34,14981639.405014396,5859407.274985605,10324967.82,14877775.98121956,5772159.65878044,10332858.15,14446669.23948571,6219047.060514291,8957390.77,13225284.038976511,4689497.501023488
743,10376083.02,14905653.93047891,5846512.109521089,11027126.1,15581817.940517578,6472434.259482422,10352628.93,14855481.207309486,5849776.652690513,10274788.0,14774530.545748971,5775045.454251029,10277380.65,14382857.677286828,6171903.622713173,8747495.13,12884791.548445895,4610198.711554106
744,10280583.04,14686526.389035672,5874639.690964326,10928788.52,15413612.077677112,6443964.962322888,10355492.37,14751163.96614696,5959820.7738530375,10219287.19,14621698.99907328,5816875.380926719,9938431.06,13831655.210068827,6045206.909931174,8564439.18,12625625.148894481,4503253.211105517
745,10178657.2,14541653.4955532,5815660.904446798,11007057.95,15441580.957571251,6572534.942428747,10344583.04,14720822.839035986,5968343.240964012,10292395.65,14677358.064363372,5907433.235636628,9885490.67,13834297.995465275,5936683.344534726,8819277.58,12895192.235772854,4743362.924227146
746,10784757.89,15344052.51923094,6225463.260769061,11850372.8,16541417.71780977,7159327.882190231,10953296.42,15510165.012732191,6396427.827267809,10783848.34,15311283.252623351,6256413.427376648,10308650.88,14616196.734719317,6001105.025280684,9021550.67,13179383.8930711,4863717.4469289
747,10394758.56,14855289.991764713,5934227.128235288,11470231.14,15999560.4241115,6940901.8558885,10627380.18,15123453.049512167,6131307.310487832,10469259.86,14918318.681453742,6020201.038546256,10427998.64,14751690.69558527,6104306.584414731,8977581.53,13179758.219720334,4775404.840279664
748,10312803.14,14708104.469838127,5917501.810161875,11215430.69,15714373.99379417,6716487.386205829,10531631.4,14958003.539925024,6105259.260074977,10231886.91,14613784.390145637,5849989.429854364,10349581.11,14645333.20692834,6053829.013071658,8601166.97,12690406.782261575,4511927.157738427
749,10370330.89,14418478.737499772,6322183.04250023,11278259.13,15407607.226715155,7148911.033284847,10547771.83,14618471.597022481,6477072.062977518,10326946.46,14364559.532342864,6289333.387657138,10187769.94,14129908.806248061,6245631.073751938,8860182.87,12540657.4861986,5179708.253801399
750,10187402.17,14194588.96792778,6180215.372072219,10858402.94,14906872.437605286,6809933.442394713,10271398.7,14244636.851675209,6298160.548324791,10150024.7,14145062.70924678,6154986.690753217,10395028.01,14425733.903570913,6364322.116429086,8608922.77,12289046.802840035,4928798.737159963
751,9514368.32,13079399.145895515,5949337.494104485,10423132.75,14082701.622972444,6763563.877027557,9636816.68,13169344.105461378,6104289.254538622,9476646.73,13032341.916111616,5920951.5438883845,9974258.81,13704862.712289613,6243654.907710387,8127661.02,11423149.583671894,4832172.456328105
752,9617293.45,13208025.125696706,6026561.774303293,10471147.74,14146666.931458062,6795628.548541939,9591216.74,13098472.056160178,6083961.423839822,9587906.07,13145789.719306407,6030022.420693593,9957530.26,13687264.050437897,6227796.469562103,8327921.81,11640944.41250927,5014899.207490729
753,9211357.74,12678439.339390311,5744276.140609688,9952098.18,13488839.512025103,6415356.847974896,9262037.89,12654897.0606949,5869178.719305101,9302527.29,12772628.163785756,5832426.416214243,9360238.25,12905650.301538132,5814826.198461868,8058752.63,11255556.471781854,4861948.788218146
754,10011357.65,13948933.735875625,6073781.564124376,10625151.25,14504102.746139511,6746199.7538604885,9886662.22,13665387.129704198,6107937.3102958035,10222203.32,14170211.234390276,6274195.405609725,9740547.53,13484052.24212081,5997042.81787919,8700458.44,12283935.38018009,5116981.499819909
755,10059179.69,14033917.65104047,6084441.728959529,10589681.29,14514462.735460818,6664899.8445391795,9960509.02,13807236.871513354,6113781.168486645,10217596.95,14188039.15499776,6247154.745002238,9514775.41,13317350.460004753,5712200.359995248,8783460.61,12489169.354496766,5077751.865503232
756,10145898.38,14362819.18216633,5928977.577833671,10815201.69,14985214.323898144,6645189.056101856,9976949.45,14074965.363933826,5878933.536066173,10288340.15,14504924.635532828,6071755.664467173,10112205.02,14342429.634111833,5881980.405888166,9081031.12,13057460.24732411,5104601.99267589
757,9643447.23,13491608.324823366,5795286.135176634,10670318.46,14551385.829162097,6789251.090837905,9489025.4,13223958.174167775,5754092.625832227,9790313.93,13642407.08724033,5938220.772759669,9410215.5,13084661.129825141,5735769.87017486,8713109.45,12263557.728955185,5162661.1710448135
758,9453988.92,13273279.124821177,5634698.715178823,10458459.68,14298839.93934502,6618079.42065498,9543123.51,13326281.393882811,5759965.626117188,9656911.16,13539888.124458632,5773934.195541369,9584797.34,13327399.348350754,5842195.331649246,8589784.28,12114929.362640053,5064639.197359945
759,9420983.46,13182726.843012134,5659240.076987868,10297131.04,13920694.7477914,6673567.332208598,9637821.86,13475384.23291186,5800259.487088138,9591308.05,13403196.151410723,5779419.948589278,9637395.99,13411158.805897575,5863633.174102426,8498728.0,11971626.166679244,5025829.8333207555
760,9350940.09,13063645.554895813,5638234.625104187,9664056.5,13091085.312994352,6237027.687005648,9370526.28,13023929.556512453,5717123.003487546,9435086.13,13133896.216106959,5736276.043893043,9149088.76,12722379.880273651,5575797.639726349,8254562.53,11644717.153329156,4864407.906670844
761,9692476.4,13542108.148281384,5842844.651718617,10125488.17,13604479.701224623,6646496.638775377,9452567.12,13167697.221601129,5737437.01839887,9830432.78,13685772.384850211,5975093.175149786,9122878.48,12704433.21044768,5541323.749552321,8554585.06,12040639.018112376,5068531.101887625
762,9320255.15,12997973.232286504,5642537.067713497,10054123.24,13525717.255861156,6582529.224138846,9187916.55,12819037.379737668,5556795.720262333,9560066.92,13313571.236676097,5806562.603323902,8608554.8,12034054.767012138,5183054.8329878645,8290885.66,11633843.325863313,4947927.994136687
763,9048437.04,12441183.275141973,5655690.804858026,9944489.11,13297652.564691277,6591325.655308722,8911939.22,12271098.052878521,5552780.387121481,9333629.73,12793675.342154142,5873584.117845859,8224010.05,11334316.894498402,5113703.205501597,8105350.63,11163741.370083539,5046959.889916461
764,9314638.34,12839569.61586186,5789707.0641381405,9801641.89,13073768.246101774,6529515.533898226,8873673.04,12205280.314008197,5542065.765991801,9363909.94,12811058.53675497,5916761.3432450285,8317333.34,11484469.130989319,5150197.549010681,8305670.68,11468664.086858805,5142677.273141194
765,9660162.52,13215624.042757295,6104700.997242705,10217120.71,13603498.41967668,6830743.000323322,9335455.87,12744660.107263405,5926251.6327365935,9819899.77,13333582.14479912,6306217.395200877,8743707.66,12060570.850740578,5426844.469259421,8658595.55,11969156.322880302,5348034.7771197
766,9962021.77,13618192.152959801,6305851.387040198,10279235.22,13762186.719439793,6796283.720560207,9445876.22,12968597.68787855,5923154.752121453,10052841.72,13683595.50835536,6422087.931644642,8853494.87,12201974.767325282,5505014.972674717,8629292.69,11986287.662723724,5272297.717276274
767,9917053.66,13543900.059129102,6290207.260870898,10092023.69,13438378.089741863,6745669.290258137,9296271.31,12718952.434618957,5873590.185381043,9778391.94,13310999.998969253,6245783.881030746,8650723.33,11994198.886458537,5307247.773541464,8314538.23,11569423.270138443,5059653.189861559
768,9528436.27,13044615.19946772,6012257.340532279,9502048.96,12632526.703940134,6371571.216059867,9028843.76,12407972.23912407,5649715.280875928,9515241.19,12975709.250073522,6054773.129926477,8450548.11,11616903.852491334,5284192.367508665,8198169.07,11366386.097894583,5029952.042105418
769,9603907.28,13241158.085481314,5966656.474518685,9938391.24,13403559.932181776,6473222.547818224,9243841.81,12764396.857457025,5723286.762542976,9510954.4,13030302.426550534,5991606.373449466,8293193.77,11523514.503055552,5062873.036944447,8214910.98,11519879.52636534,4909942.433634661
770,9501843.65,13135205.044510681,5868482.255489319,9538780.75,12780791.824305464,6296769.675694536,9018809.58,12395593.644133832,5642025.515866168,9246053.7,12631225.341049712,5860882.058950287,8587199.31,12002461.189000398,5171937.430999603,8276198.08,11707668.484253785,4844727.6757462155
771,10193357.11,14054610.42689528,6332103.793104719,10435076.57,14098653.011539089,6771500.128460912,9812763.3,13521786.810633916,6103739.789366086,10066529.29,13793088.73047274,6339969.849527258,9444557.58,13142849.937246647,5746265.222753354,8935457.48,12650633.965411775,5220280.994588227
772,9625378.0,13379757.840495134,5870998.159504866,9889017.19,13406466.634920917,6371567.7450790815,9353526.85,12952350.026430715,5754703.673569284,9586733.65,13236468.905252025,5936998.394747977,9284367.86,12987123.69236548,5581612.027634518,8161521.33,11592665.936686877,4730376.723313124
773,9791569.4,13514171.381904129,6068967.418095872,10201307.25,13776824.896307781,6625789.60369222,9637399.1,13305081.832965828,5969716.367034171,9858916.17,13574760.25252626,6143072.08747374,9079694.53,12561730.868561465,5597658.191438534,8236552.7,11672988.323215105,4800117.076784896
774,10031550.77,13881950.94361789,6181150.596382109,10061881.85,13459600.363060374,6664163.336939626,9833290.13,13615645.597364563,6050934.662635438,9849547.6,13531845.104886532,6167250.095113467,9238577.28,12882358.18963321,5594796.3703667885,8565247.45,12187343.855108878,4943151.044891121
775,10071300.95,13887054.761218367,6255547.138781631,10133439.58,13520985.939773567,6745893.220226433,9804704.78,13500718.566810235,6108690.993189763,9945237.44,13621414.953432554,6269059.926567445,9895327.26,13916957.746671872,5873696.773328127,8574363.52,12048787.499029757,5099939.540970242
776,10208578.49,14042989.841400307,6374167.138599693,10218144.26,13665649.663180456,6770638.856819544,9824807.0,13517118.939079825,6132495.060920176,10189519.75,13965621.105714263,6413418.394285737,9657920.05,13592553.153272517,5723286.946727485,7987883.91,11233627.199563876,4742140.6204361245
777,9751118.28,13308246.549133848,6193990.01086615,9567126.15,12756260.826015191,6377991.47398481,9464269.74,12929678.495916758,5998860.984083242,9830078.02,13382811.847137261,6277344.192862738,9827038.69,13810996.698138379,5843080.68186162,7778474.18,10826625.861642752,4730322.498357248
778,10107640.73,13788788.53444099,6426492.92555901,9657338.33,12919590.348302871,6395086.311697128,9723518.24,13251545.09725628,6195491.38274372,9969952.1,13529195.388081735,6410708.811918264,9581304.6,13583969.620419309,5578639.579580691,7458394.03,10464761.994485913,4452026.065514088
779,10171240.89,13900926.439507946,6441555.340492055,9576807.93,12804212.84594914,6349403.014050859,9674052.14,13186636.67609312,6161467.60390688,10204774.02,13884663.117172066,6524884.922827934,9865020.41,13959506.903152771,5770533.91684723,7879592.95,11069216.106505964,4689969.793494036
780,10228324.22,14013014.478595234,6443633.961404767,9729483.91,13080771.661227025,6378196.158772974,9720330.4,13278185.108810771,6162475.69118923,10009468.67,13607196.469026037,6411740.870973963,9680117.76,13657983.012569986,5702252.507430013,7463931.66,10510672.138895888,4417191.181104112
781,10195532.25,13964787.87701156,6426276.622988441,9646032.31,12911089.648159796,6380974.971840205,9658641.33,13184707.73045903,6132574.92954097,10001502.44,13608330.591109164,6394674.288890836,9366627.01,13152693.665284432,5580560.354715566,7446897.67,10500053.579930935,4393741.760069065
782,10147806.98,13912990.034323063,6382623.925676939,9521368.11,12741378.383735944,6301357.836264056,9642368.15,13183835.573804319,6100900.726195683,10099586.63,13791368.925238192,6407804.33476181,9359390.69,13093519.087543843,5625262.292456156,7434460.86,10454675.098117597,4414246.621882404
783,10060041.3,13724756.27530826,6395326.324691741,9475489.76,12579964.552344844,6371014.967655156,9665135.57,13158703.02631116,6171568.1136888405,9892574.27,13423930.64113722,6361217.898862779,9094224.74,12574342.221404634,5614107.258595367,7461277.8,10406264.638668198,4516290.961331802
784,11001521.98,15092987.18519118,6910056.774808819,10033438.12,13453159.006514858,6613717.23348514,10472950.38,14365853.04355,6580047.716450002,10561628.04,14359198.607185181,6764057.472814816,9899268.66,13567039.400448523,6231497.919551477,7800948.15,10861658.878953494,4740237.421046506
785,10845926.89,14909915.925318178,6781937.854681823,10071582.58,13530212.13122141,6612953.02877859,10272440.52,14131936.18319887,6412944.856801129,10350962.38,14121568.148266535,6580356.611733466,9829060.54,13537598.83803676,6120522.2419632375,7731400.12,10839891.880972508,4622908.359027491
786,10783712.49,14787077.430332547,6780347.549667453,10178042.05,13675080.903106488,6681003.196893513,10235527.24,14062901.92439149,6408152.555608512,10472543.96,14277442.44882968,6667645.471170321,9452195.32,12975015.399614768,5929375.2403852325,7779986.51,10831821.500268675,4728151.519731325
787,10826324.69,14868435.771175595,6784213.608824404,10432517.09,14024392.660180697,6840641.5198193025,10376416.53,14256527.145678606,6496305.914321393,10532090.45,14404450.872520372,6659730.027479627,9590309.08,13211084.402277064,5969533.757722937,7512865.22,10468075.811967548,4557654.6280324515
788,10815919.14,14811102.479482392,6820735.800517609,10491240.89,14160287.432348073,6822194.347651929,10386335.25,14227402.703442605,6545267.796557395,10706960.55,14634361.94274898,6779559.157251021,9639554.35,13308377.99470361,5970730.705296391,7787146.37,10897892.874788739,4676399.865211261
789,10696599.21,14599143.716067206,6794054.703932796,10549767.19,14196889.01611583,6902645.363884171,10298540.26,14056415.506894019,6540665.013105982,10432727.05,14144440.681218632,6721013.41878137,9748034.56,13401686.089803416,6094383.030196585,7887852.38,10989001.51634645,4786703.243653549
790,10722294.99,14585082.491333216,6859507.488666784,10645837.9,14407446.533858288,6884229.266141713,10324970.34,14051827.372376192,6598113.307623806,10867779.99,14804577.513606139,6930982.466393862,9951525.42,13758261.128295477,6144789.711704522,7878963.92,11023499.029879857,4734428.810120142
791,10984770.29,15040250.453938454,6929290.126061543,10777566.71,14625688.454907607,6929444.965092395,10530470.9,14437716.653227836,6623225.146772165,11049499.62,15129675.905653689,6969323.33434631,10020047.47,13917720.815399256,6122374.124600747,7930852.49,11148096.742251769,4713608.237748232
792,10759804.57,14684113.130372358,6835496.009627642,10551663.41,14241622.73750573,6861704.082494271,10330954.74,14123197.257158607,6538712.222841393,10857168.85,14802891.295426492,6911446.404573508,9557863.15,13253393.480636418,5862332.819363583,7910401.01,11030602.69291227,4790199.327087729
793,10890377.95,14937522.918230692,6843232.981769307,10534562.45,14243067.010784943,6826057.889215055,10526940.17,14456910.435492545,6596969.9045074545,10870605.9,14887709.269451406,6853502.530548596,9519620.71,13257280.42653987,5781960.993460132,7759027.68,10904105.145253718,4613950.214746281
794,10658905.67,14729021.597184114,6588789.742815887,10368196.63,14058417.54559796,6677975.714402042,10403653.24,14403533.561039958,6403772.918960041,10506090.77,14425306.780452384,6586874.759547615,9113380.78,12793447.543715205,5433314.016284794,7598926.24,10880359.297518566,4317493.182481434
795,10690635.05,14677718.286112864,6703551.813887138,10463641.35,14154547.378609508,6772735.321390492,10427277.0,14342379.79322742,6512174.20677258,10634358.99,14547995.425415438,6720722.554584563,9568092.08,13378283.739574146,5757900.420425855,7743859.61,10991318.602051074,4496400.617948927
796,10908625.36,14964213.251080297,6853037.468919702,10810804.42,14571850.99604317,7049757.84395683,10912885.82,15012514.881986868,6813256.758013133,10652236.26,14568860.085189255,6735612.434810745,9885512.5,13784026.94526089,5986998.054739111,7878278.96,11205953.611209773,4550604.308790227
797,10660524.62,14693771.0813522,6627278.158647798,10360415.1,14002928.2202041,6717901.979795898,10761655.51,14847155.80876372,6676155.211236279,10546220.14,14509549.989936365,6582890.290063636,10109622.79,13988345.490348648,6230900.08965135,7928727.25,11243720.103352154,4613734.396647846
798,10752282.13,14783695.78942227,6720868.470577733,10465421.08,14214978.132341377,6715864.027658622,10652104.28,14670813.660868634,6633394.899131366,10652928.98,14669120.540286584,6636737.419713417,10101291.61,14042931.990655165,6159651.229344835,8013300.74,11436608.789678764,4589992.690321237
799,10593725.41,14605283.208679726,6582167.611320274,10642547.11,14452823.410649803,6832270.809350197,10679079.11,14735740.934291944,6622417.285708056,10470406.91,14417643.701337101,6523170.118662899,10126525.73,14061801.387766737,6191250.072233264,8029518.43,11448528.422749408,4610508.437250592
800,10976541.42,15226788.82089838,6726294.019101621,10371603.87,14124687.876948107,6618519.863051892,10828464.18,15070379.662128508,6586548.697871491,10704417.33,14775850.740828322,6632983.919171678,10257453.38,14216846.571433198,6298060.188566805,7753274.9,11066293.970801745,4440255.829198257
801,11182242.89,15398726.605478672,6965759.174521329,10549194.03,14294221.011921596,6804167.048078402,11108933.55,15391561.009585615,6826306.090414387,11100154.3,15268208.589139769,6932100.010860233,10491627.31,14421547.811716259,6561706.8082837425,7773336.89,11005345.222299056,4541328.557700943
802,11371928.95,15599802.882014757,7144055.0179852415,10642991.88,14430735.934475025,6855247.8255249765,11219535.33,15468648.186479643,6970422.473520357,11210248.95,15342812.471058104,7077685.428941894,9949736.36,13704466.183545072,6195006.536454928,8072704.33,11355535.896672415,4789872.7633275855
803,11544822.96,15839550.863642337,7250095.056357665,10804100.98,14711548.951520951,6896653.008479049,11256428.87,15479133.824407883,7033723.915592115,11713100.72,16079842.345744427,7346359.094255575,9794157.92,13540833.294612948,6047482.545387051,8123548.26,11423970.004140884,4823126.515859116
804,11089259.06,15338268.0344177,6840250.0855823,10098619.58,13801905.850291371,6395333.309708629,10711327.46,14850725.885300487,6571929.034699514,11157432.18,15427778.534071453,6887085.825928546,9710131.07,13382948.883036435,6037313.256963565,7345794.54,10375186.48687574,4316402.593124259
805,11580247.12,15961415.170180425,7199079.069819574,10272532.9,13986270.354435068,6558795.445564933,11301626.6,15636262.804094244,6966990.395905755,11568684.84,15947651.356061457,7189718.323938543,9915956.52,13619499.199967012,6212413.840032988,7682181.09,10902885.709907083,4461476.470092917
806,11652848.99,16243250.890383743,7062447.089616258,10377674.23,14141768.440443283,6613580.019556718,11572121.23,16229061.74562971,6915180.714370292,11719020.13,16293882.77116321,7144157.488836791,9796516.68,13390370.127943398,6202663.232056601,7777308.31,11020636.599270914,4533980.020729085
807,11680470.03,16319729.243830608,7041210.81616939,10726399.35,14690430.06165215,6762368.638347848,11516961.16,16153335.56649484,6880586.753505161,11684879.59,16256379.512811426,7113379.667188575,10005342.6,13678812.414752673,6331872.785247326,7943014.77,11358771.55322608,4527257.986773918
808,11457407.4,15862250.727449723,7052564.072550278,10461283.76,14328824.936508529,6593742.583491472,11431547.23,15878892.996263217,6984201.463736783,11824924.67,16343315.1286335,7306534.211366502,9560553.81,13143526.313417058,5977581.306582942,7894977.69,11232182.086737089,4557773.293262912
809,11605526.16,16122293.11098115,7088759.209018851,10802175.84,14873030.596743936,6731321.083256064,11705302.2,16287007.88443819,7123596.515561807,11993245.37,16594116.198208824,7392374.541791175,9972107.75,13749157.928566854,6195057.571433146,8082972.29,11549385.940060139,4616558.63993986
810,11770482.93,16402841.04596977,7138124.814030231,10931867.04,15065103.311923612,6798630.768076385,11774305.71,16443874.716045983,7104736.703954018,12054893.1,16739036.964497883,7370749.235502117,9991492.57,13832663.20429557,6150321.935704431,8177906.92,11661241.126285687,4694572.713714313
811,11748706.84,16235749.439967914,7261664.240032086,10604575.85,14446927.564534087,6762224.135465913,12011750.68,16652688.504822908,7370812.855177091,12157500.61,16738187.770020233,7576813.449979765,9962409.29,13729004.049543176,6195814.530456821,8169737.54,11672828.019930314,4666647.060069686
812,11926328.93,16577375.575583313,7275282.284416688,10580986.45,14468504.632433228,6693468.267566769,11702605.38,16315485.962589063,7089724.797410939,12187226.94,16838802.352171835,7535651.527828164,9831566.1,13520160.506869588,6142971.693130412,8186688.79,11672491.175511774,4700886.404488226
813,11785282.37,16283213.696379643,7287351.043620355,10718285.67,14532693.671859104,6903877.668140895,11684212.31,16207837.479506318,7160587.1404936835,12268441.71,16917215.818857715,7619667.601142289,9844293.35,13606567.107782993,6082019.592217007,8222874.98,11759926.15511399,4685823.804886011
814,11399177.6,15884382.456173168,6913972.743826831,10451037.44,14275546.447053127,6626528.432946872,11322123.32,15803258.146120727,6840988.493879273,11693847.64,16178993.450385675,7208701.829614325,9151378.55,12697621.225903094,5605135.874096909,8018151.89,11507818.145127013,4528485.634872986
815,11935700.66,16545852.828145754,7325548.491854248,11026153.78,14986143.323852211,7066164.2361477865,11676861.27,16224703.498608015,7129019.041391983,12137958.17,16716433.933769193,7559482.406230807,9935362.79,13774590.475352418,6096135.1046475805,8531182.88,12002942.44495203,5059423.315047973
816,11934849.78,16581465.012248473,7288234.547751525,10882156.2,14816308.107782416,6948004.292217582,11257882.17,15674927.42561226,6840836.914387741,12178953.87,16850218.918205075,7507688.821794924,10216956.94,14105376.891531821,6328536.988468178,8522189.98,12047188.97670615,4997190.98329385
817,12230123.24,16955868.34054773,7504378.139452272,10937695.66,14892440.280440941,6982951.039559058,11492728.42,15971695.234067317,7013761.605932682,12128930.11,16677472.553900333,7580387.666099666,9973289.68,13734813.887998303,6211765.472001696,8516591.27,12055935.730895342,4977246.809104657
818,11999364.56,16546949.93110997,7451779.188890031,10547748.06,14345909.923802556,6749586.196197445,11420929.01,15823421.435420249,7018436.584579751,11999328.19,16482047.227906313,7516609.152093686,10197292.54,14132368.753264632,6262216.326735366,8375345.92,11969967.095075898,4780724.744924102
819,11875669.74,16355957.1985212,7395382.2814788,10520265.95,14309363.014911741,6731168.885088258,11367281.25,15702699.51355063,7031862.98644937,12064768.46,16547383.25373564,7582153.666264362,10500620.47,14507610.700749815,6493630.239250188,8295071.67,11820955.193415076,4769188.146584925
820,11881752.26,16519793.06810794,7243711.45189206,10327838.79,14136960.702150194,6518716.877849804,11406837.24,15897804.66077073,6915869.819229271,11559234.03,15899091.651664317,7219376.408335682,10205198.62,14212706.381514285,6197690.858485714,8045279.97,11585700.15471574,4504859.785284259
821,11899192.03,16521262.719803277,7277121.340196721,10346013.35,14148620.784767631,6543405.915232368,11311227.64,15701081.256700918,6921374.023299082,11784125.1,16229639.469205067,7338610.730794932,10364713.95,14416157.744324356,6313270.155675642,8137554.07,11622441.904834848,4652666.235165152
822,11820625.94,16346859.708822764,7294392.171177234,10626710.57,14414357.161816208,6839063.978183793,11543287.12,15990450.071997602,7096124.168002397,11813647.19,16218392.586610109,7408901.79338989,10174061.21,14053730.692231994,6294391.727768009,8403128.51,11973317.65710017,4832939.362899828
823,11921714.68,16436999.33224899,7406430.027751011,10806571.69,14591062.557555225,7022080.822444774,11515637.44,15941375.210735075,7089899.669264924,11794646.17,16186492.60845415,7402799.73154585,10303186.87,14047822.229418837,6558551.510581161,8086488.53,11381102.023903776,4791875.036096225
824,11319969.64,15798946.568601461,6840992.71139854,10368917.34,14087495.42076363,6650339.259236368,10925645.52,15286980.156525882,6564310.883474117,11183168.29,15473660.269458316,6892676.310541682,10133992.27,13992907.130902953,6275077.409097047,7907944.69,11228612.080733798,4587277.299266202
825,10928236.52,15104140.827239126,6752332.212760872,10503174.99,14223364.244146291,6782985.735853709,10690112.16,14809615.125465557,6570609.194534444,11098028.12,15198137.567826904,6997918.672173094,9935893.14,13694275.648146186,6177510.631853815,7701193.84,10941013.474416193,4461374.205583806
826,10857895.38,14941720.883983992,6774069.8760160105,10639566.7,14348551.67617694,6930581.723823058,10673888.87,14730506.391795978,6617271.3482040195,11104839.68,15151350.164134761,7058329.195865238,9906002.9,13499477.420580797,6312528.379419204,7666345.67,10853071.721117955,4479619.618882045
827,10926821.58,15146532.524086047,6707110.635913954,10282931.83,13983956.058675617,6581907.601324383,10634152.52,14782244.011510191,6486061.028489808,11257269.46,15451598.24736649,7062940.672633512,9700079.34,13350759.614053193,6049399.065946805,7898603.45,11239862.337871004,4557344.5621289965
828,11107716.85,15279577.377521051,6935856.322478948,10669806.1,14429206.57139276,6910405.6286072405,10819865.16,14903808.539599266,6735921.780400735,11624896.54,15832508.791174835,7417284.288825164,9682511.98,13234118.165501915,6130905.794498086,8128279.78,11421658.680032665,4834900.879967336
829,11263066.65,15491633.860630497,7034499.439369504,10861277.99,14780442.24146212,6942113.73853788,11203585.63,15430644.352710724,6976526.907289277,11909442.68,16215804.709157076,7603080.650842923,9484170.82,13030687.787953703,5937653.852046298,8458680.09,11942400.716406178,4974959.463593823
830,11719153.71,16069066.738088267,7369240.681911735,11166030.8,15238457.44526704,7093604.154732961,11361473.12,15611919.688195474,7111026.551804525,12176139.87,16568344.713033166,7783935.0269668335,9928332.98,13527385.803703882,6329280.15629612,8244884.88,11685926.332833515,4803843.427166484
831,11342843.69,15522329.856933944,7163357.523066055,10960854.37,14841056.121350128,7080652.618649869,11272979.75,15435786.548712872,7110172.951287128,12052247.86,16420599.541501049,7683896.178498949,9718887.82,13239444.384497432,6198331.255502569,8410880.16,11751423.657732043,5070336.662267957
832,11359452.35,15412570.246576656,7306334.4534233445,11045046.11,14777853.815904982,7312238.4040950155,10890333.81,14764843.479505885,7015824.140494117,11965089.34,16151992.284768483,7778186.395231517,9680241.52,13009740.586281862,6350742.453718137,8316851.15,11471996.585469509,5161705.714530492
833,11248194.42,15144133.493190419,7352255.346809581,10905497.92,14489532.35741429,7321463.482585709,11309228.62,15204363.42449063,7414093.815509367,11887318.52,15915810.606081517,7858826.433918482,9915167.76,13223682.760775812,6606652.759224188,8627348.15,11774784.459541937,5479911.840458063
834,11317563.88,15214696.017961826,7420431.742038176,11090904.59,14745983.915773366,7435825.264226634,11030646.82,14835070.313304836,7226223.326695165,11673055.63,15659956.57433321,7686154.685666792,9480387.79,12613557.464284454,6347218.115715544,8401171.67,11536391.013235126,5265952.326764874
835,11240500.15,15126418.139940312,7354582.160059689,10825341.87,14350132.035854056,7300551.704145943,10782188.77,14480699.22133779,7083678.318662209,11440689.27,15289262.134401148,7592116.405598851,9708059.37,12878295.37767417,6537823.3623258285,8410702.99,11502281.175876237,5319124.804123762
836,10917690.63,14654082.49589767,7181298.764102331,10573465.04,13979041.467106638,7167888.61289336,10581011.65,14178751.487291042,6983271.812708958,11322399.24,15138362.860711887,7506435.619288113,9751289.78,12951888.71769204,6550690.84230796,8403942.03,11445576.026234873,5362308.033765127
837,11039487.69,14789659.235842599,7289316.1441574,10588923.24,14027751.451911813,7150095.028088188,10649882.64,14251154.357733728,7048610.922266273,11186985.08,14922738.46097007,7451231.699029931,9963675.1,13282988.77787025,6644361.422129748,8367370.36,11334762.79070123,5399977.929298772
838,11211861.58,15030333.034325637,7393390.125674363,11009150.83,14575128.014040496,7443173.645959503,10961752.19,14678729.324151874,7244775.055848126,11532028.44,15379324.438063204,7684732.441936795,10233298.05,13679118.716214992,6787477.38378501,9159372.88,12414732.338789277,5904013.421210725
839,10982547.41,14750973.815272069,7214121.004727932,10906134.17,14460602.113334548,7351666.226665452,10761267.77,14471047.046371602,7051488.493628398,11452188.62,15375550.736894306,7528826.503105693,10379314.44,13905668.145535715,6852960.734464285,8582640.8,11707220.762503006,5458060.837496997
840,11588112.77,15561377.974152174,7614847.565847824,11076000.54,14643255.06106453,7508746.018935467,11171998.28,15003513.148617743,7340483.411382256,11595001.5,15513780.47508534,7676222.524914659,10487219.16,13979103.240514416,6995335.079485583,9333554.23,12722554.374136146,5944554.085863854
841,11473260.74,15524223.546176607,7422297.933823394,11009295.83,14612091.916658802,7406499.743341198,10838326.73,14617830.556121983,7058822.903878017,11647928.79,15616366.646210598,7679490.9337894,10499879.33,13992807.009776225,7006951.650223775,8723365.97,11850332.201974832,5596399.738025169
842,11613802.93,15676618.223613419,7550987.636386581,11067489.02,14698542.14716632,7436435.892833681,11205606.36,15123447.104031444,7287765.615968554,12087655.95,16261257.343835222,7914054.556164777,11067294.51,14700944.688476283,7433644.331523717,8852090.47,12027593.00243892,5676587.937561082
843,12057877.41,16165534.996484563,7950219.823515438,11300668.55,14968491.490962788,7632845.609037213,11688815.33,15659530.979647074,7718099.680352925,12259764.72,16347758.327727105,8171771.112272896,11253552.11,14981591.331437679,7525512.88856232,9274372.51,12490002.070000866,6058742.949999133
844,11779003.55,15796951.096245449,7761056.0037545515,11370691.09,15031528.787329806,7709853.392670194,11541336.24,15464247.197200418,7618425.282799583,12030717.61,16065542.18930911,7995893.030690888,10949213.66,14518487.987261701,7379939.3327383,9602171.51,13053778.230571415,6150564.789428584
845,11398893.78,15302498.04356207,7495289.516437929,11067464.44,14645118.672582712,7489810.207417287,11267924.21,15132270.084285248,7403578.335714753,11499907.33,15324338.13288521,7675476.527114789,10767822.85,14246629.47164064,7289016.228359358,9222084.65,12541184.323760591,5902984.976239408
846,11540518.53,15468873.264865555,7612163.795134443,11367414.39,15062671.357136648,7672157.422863354,11230685.31,15020625.939576356,7440744.680423645,11613717.49,15480689.25022456,7746745.72977544,10891623.63,14542746.99797072,7240500.262029281,9321985.81,12718664.425196804,5925307.194803198
847,11414393.83,15192483.437648423,7636304.222351577,11106854.56,14646146.631231338,7567562.488768663,10951299.25,14558444.398332335,7344154.101667666,11239939.24,14883297.887141429,7596580.592858572,10511486.54,14057772.67369542,6965200.406304577,9076670.27,12376795.579109319,5776544.96089068
848,11320818.35,15045371.081861535,7596265.618138464,11286136.86,14894034.41701639,7678239.302983608,10852382.01,14423977.815109152,7280786.204890847,10936802.08,14446778.629917251,7426825.530082749,10340928.09,13760398.096731465,6921458.083268533,8878677.7,12141204.975610903,5616150.424389096
849,11468607.85,15231933.473632915,7705282.226367084,11713731.34,15431211.58927616,7996251.0907238405,11243317.1,14885910.500996746,7600723.699003253,11172895.24,14781561.730183817,7564228.749816184,10754067.7,14293220.107933162,7214915.292066837,9341062.4,12727549.470358651,5954575.32964135
850,11770821.89,15643180.021139752,7898463.758860249,11542933.92,15220248.839803424,7865619.000196577,11315930.78,15035483.097752115,7596378.462247884,11460730.0,15196326.185675073,7725133.814324927,10506371.42,14151523.490589462,6861219.349410539,9150858.54,12536490.49887335,5765226.58112665
851,11194631.83,14983777.525348447,7405486.134651554,11176554.02,14762617.294216055,7590490.745783943,10864432.54,14523896.898261584,7204968.181738414,10821497.75,14405334.894911181,7237660.605088819,11052071.89,14767519.794300089,7336623.9856999125,8771063.78,12000087.349021083,5542040.210978916
852,11937552.24,15922726.410735564,7952378.069264436,11431603.6,15221698.179119006,7641509.020880994,11584904.66,15455357.38513514,7714451.934864859,11643590.08,15457573.463528026,7829606.696471974,11425561.68,15340305.789800366,7510817.570199633,9388661.15,12875389.950080425,5901932.349919576
853,11678699.35,15596309.40642153,7761089.29357847,11282766.78,15006693.159201557,7558840.400798442,11260404.5,15039727.194360869,7481081.805639131,11404205.02,15148142.344563665,7660267.695436334,11114859.01,15004370.79415378,7225347.22584622,9180968.45,12627485.281175446,5734451.618824554
854,11056689.9,14798375.69225441,7315004.107745591,10585270.0,14090327.05186404,7080212.948135961,10781082.68,14436333.183104873,7125832.176895127,10865685.38,14509671.185989887,7221699.574010116,10684816.0,14454449.828535382,6915182.171464619,8257873.78,11442449.497873485,5073298.062126515
855,11399531.38,15216983.230655178,7582079.529344824,11043890.93,14652444.76056026,7435337.099439741,11090773.47,14792698.332231157,7388848.607768844,11156159.39,14834540.644661063,7477778.135338938,10770211.18,14552825.29577738,6987597.064222618,8708042.8,11932706.253493052,5483379.346506949
856,11342690.35,15145959.717928585,7539420.9820714155,11064118.42,14684491.917236965,7443744.922763035,11032529.72,14723736.221930966,7341323.218069036,11270848.27,14992845.43254396,7548851.107456041,11112738.94,15049423.946433604,7176053.933566394,8944803.05,12237210.126147367,5652395.973852635
857,11277332.88,15167261.237372894,7387404.522627108,11094693.1,14798939.470560933,7390446.729439067,10910090.99,14673965.10597776,7146216.87402224,11442423.78,15303197.668052591,7581649.891947406,10768294.78,14404659.783792268,7131929.776207731,9007809.61,12365179.770181324,5650439.449818674
858,11485942.32,15435943.559051376,7535941.080948625,11301215.11,15118709.338769764,7483720.881230235,11100196.75,14903384.090973334,7297009.409026666,11586997.54,15506804.556441799,7667190.523558199,11103711.09,14864288.734897371,7343133.445102628,9369311.27,12801039.283788377,5937583.256211622
859,11658600.77,15598682.960090168,7718518.579909832,11428201.49,15259418.010441229,7596984.969558771,11231154.06,15018567.82499167,7443740.295008332,11746286.03,15670176.95674033,7822395.103259667,11065938.14,14750203.619207975,7381672.660792026,9259026.3,12683692.698760863,5834359.901239139
860,11662183.22,15659022.002939278,7665344.437060723,11781361.06,15813212.621393282,7749509.498606719,11319412.59,15192741.27963882,7446083.90036118,11858707.69,15862309.784169462,7855105.595830537,11103042.16,14849928.064319316,7356156.255680684,9879674.21,13492821.661983509,6266526.758016492
861,11899306.97,15960310.105608605,7838303.834391396,11807564.32,15852668.805645578,7762459.834354422,11618584.65,15581173.247295078,7655996.052704923,11985564.11,16039466.593194393,7931661.626805605,11032060.04,14845615.781523328,7218504.298476669,9635798.25,13239048.386627318,6032548.113372682
862,11706776.74,15670414.594657468,7743138.885342533,11626769.46,15622097.618458163,7631441.301541838,11459786.08,15343462.507862289,7576109.652137712,11845205.74,15827446.692606166,7862964.7873938335,10805853.63,14555685.59156099,7056021.668439012,9620837.36,13157279.327205908,6084395.39279409
863,11865653.05,15971858.525370646,7759447.574629354,11577275.76,15635585.847975725,7518965.672024274,11849645.24,15949719.036782486,7749571.443217514,11932654.29,16043387.533853928,7821921.046146071,11319220.66,15258682.632827839,7379758.687172161,9679813.38,13292440.112016689,6067186.647983312
864,12162666.44,16430192.019907227,7895140.860092772,11661868.2,15843238.565524394,7480497.834475605,12201082.09,16484174.326663872,7917989.8533361275,12255564.05,16532374.400428638,7978753.699571363,11222783.12,15250288.186404878,7195278.05359512,9920845.44,13725033.513608847,6116657.366391152
865,12254624.91,16577706.639284363,7931543.180715637,11741358.25,15948063.588635076,7534652.911364923,12252972.15,16584665.854131281,7921278.44586872,12506173.88,16862903.456580132,8149444.303419869,11244768.57,15335086.283056142,7154450.856943859,9908465.0,13692580.130698428,6124349.869301573
866,12153931.57,16457181.257306924,7850681.8826930765,11761234.28,15956738.24925137,7565730.31074863,12121677.72,16425208.079330914,7818147.360669088,12423664.77,16752388.00399318,8094941.5360068185,11501284.03,15574055.793186598,7428512.2668134,10071648.24,13899646.533772644,6243649.946227357
867,12304983.41,16722269.018750722,7887697.801249279,12134686.62,16433384.793439183,7835988.446560815,12383634.46,16835789.4014239,7931479.5185761005,12452341.75,16831442.64709648,8073240.852903518,11713386.8,15709175.111982396,7717598.488017606,10078341.33,13968523.691877294,6188158.968122705
868,12207445.52,16620706.28865351,7794184.751346489,12273729.05,16572934.82686131,7974523.27313869,12257304.84,16689897.74689926,7824711.9331007395,12519778.18,16955068.564193055,8084487.795806943,11790374.67,15750438.638142262,7830310.701857737,10128732.56,13977625.083699726,6279840.0363002755
869,12508635.72,16919376.907188386,8097894.532811616,12478455.29,16829464.174331434,8127446.405668562,12500752.57,16908978.535814725,8092526.604185274,12871877.63,17309642.693400472,8434112.56659953,12180587.38,16264977.688525505,8096197.071474496,10181947.71,14053940.923414716,6309954.496585285
870,12802301.53,17306817.29868296,8297785.761317038,12795042.57,17233003.22028002,8357081.919719981,12875471.63,17399053.022387564,8351890.237612437,13235990.1,17757633.96928125,8714346.23071875,12210047.84,16270323.475357056,8149772.204642944,10290134.13,14194308.165111447,6385960.094888555
871,12651370.25,17259834.33211472,8042906.167885281,12607932.36,17163302.029836364,8052562.690163636,12642292.91,17243281.524923816,8041304.295076184,12895778.95,17488954.22761637,8302603.672383631,12253423.07,16539518.894732457,7967327.245267543,10319930.34,14416285.326380674,6223575.353619326
872,12530190.81,17148290.130907316,7912091.489092685,12460342.98,17031523.091182828,7889162.868817174,12516166.78,17156878.605800852,7875454.954199146,12832467.49,17461384.76795712,8203550.212042881,12203162.75,16482446.751692455,7923878.748307546,10560407.58,14730948.018271811,6389867.141728188
873,12340058.78,16882098.441947468,7798019.11805253,12516724.78,17057128.265922554,7976321.294077444,12395975.38,16979320.594818827,7812630.165181175,12677330.05,17248273.71412176,8106386.385878241,11955468.34,16095990.246212542,7814946.433787457,10571392.88,14609280.874671273,6533504.88532873
874,12533242.71,17184928.691483628,7881556.728516375,12499703.15,17068181.384042185,7931224.915957816,12474317.88,17114588.941856764,7834046.8181432355,12670726.99,17272551.864119206,8068902.115880794,11787540.65,15906090.608366653,7668990.691633347,10567636.14,14625337.907216065,6509934.3727839375
875,12301379.99,16930378.17584291,7672381.8041570885,12743968.93,17415039.315096013,8072898.544903988,12297873.99,16933891.144198462,7661856.835801536,12551424.83,17213484.70512777,7889364.954872231,11955047.97,16183496.930456929,7726599.009543072,10537221.22,14719144.44568119,6355297.994318811
876,11976674.12,16431096.647596264,7522251.592403734,12216010.1,16615355.283890866,7816664.916109134,12036989.88,16506245.198137725,7567734.561862277,12063888.84,16495205.490517544,7632572.189482456,11402165.63,15375379.472424395,7428951.787575606,9919694.38,13839487.682170782,5999901.0778292185
877,11625950.45,16008722.044786023,7243178.8552139755,11969850.55,16350141.444332197,7589559.655667804,11720919.22,16123711.034144517,7318127.405855484,11821027.94,16203616.573028482,7438439.3069715155,11099800.43,15066934.991887856,7132665.868112144,9554974.73,13451135.993080009,5658813.466919993
878,11589356.32,15918409.798671395,7260302.841328607,12052080.47,16393284.820464186,7710876.119535815,11802106.62,16197899.907939268,7406313.33206073,11805235.41,16150065.098808523,7460405.721191476,11338129.82,15360514.41255185,7315745.22744815,9183637.42,13022345.718377018,5344929.1216229815
879,12085525.23,16598615.73184627,7572434.728153732,12176832.6,16563485.328961045,7790179.871038955,12188628.39,16751642.11632855,7625614.663671451,12074061.41,16523067.929791128,7625054.890208872,11749757.49,15867319.319914542,7632195.660085459,9190568.96,13049721.239703227,5331416.680296775
880,11821074.96,16233296.368586218,7408853.551413784,12076650.75,16436031.681446094,7717269.818553905,12048867.6,16549732.510044213,7548002.689955786,11928587.96,16340735.064596223,7516440.855403779,11100181.31,15111091.303421326,7089271.316578676,9414447.14,13331898.67623585,5496995.60376415
881,11520061.92,15832659.927384708,7207463.912615293,11699862.9,15931725.623591233,7468000.176408767,11584756.4,15936252.520436121,7233260.27956388,11454239.96,15741503.998797217,7166975.921202784,10760705.15,14608006.129401822,6913404.170598179,9179574.24,12876734.590587787,5482413.889412212
882,11432819.14,15681658.260238048,7183980.019761953,11537448.25,15678512.75211311,7396383.747886891,11561984.94,15874506.308359798,7249463.571640201,11325571.02,15544692.844064511,7106449.195935487,11160264.59,15136979.864443956,7183549.315556044,9032231.03,12656771.558517974,5407690.501482026
883,11683279.13,15933775.818119884,7432782.441880117,11543811.96,15685243.023691753,7402380.896308249,11864622.85,16189385.483041193,7539860.216958807,11571395.0,15798118.575481173,7344671.424518826,11009414.14,14952074.964413432,7066753.315586569,9310341.8,13021967.981087636,5598715.618912364
884,11543889.02,15833682.054965746,7254095.9850342525,11959376.19,16256663.688036373,7662088.691963626,11649339.17,15975580.444244243,7323097.895755757,11435530.66,15749296.77614021,7121764.543859792,11108623.06,15081281.587961875,7135964.532038126,9385448.26,13155952.39114507,5614944.12885493
885,11280445.9,15508856.86356251,7052034.93643749,11576655.87,15784762.46088075,7368549.279119248,11413847.33,15696671.606758032,7131023.053241967,11311136.85,15612564.570315354,7009709.129684645,11012212.6,14950205.60556312,7074219.594436878,9208685.14,12944911.880766863,5472458.399233138
886,10959072.54,15145500.67652814,6772644.403471858,11275996.98,15479912.711437875,7072081.2485621255,11139553.5,15433078.15453372,6846028.84546628,11230434.41,15612263.668212935,6848605.151787064,10941359.92,14892056.76193373,6990663.078066269,9145924.04,12933463.382015321,5358384.697984678
887,11047731.21,15305385.628143739,6790076.791856262,11266028.77,15480861.686499937,7051195.853500063,11198679.73,15525310.353784757,6872049.106215244,11186698.28,15569592.099861652,6803804.460138348,11211637.43,15242675.070254084,7180599.789745917,9263430.47,13051687.248963963,5475173.691036038
888,11243275.45,15575394.446759207,6911156.453240791,11433166.16,15718886.164890258,7147446.155109743,11311493.94,15673233.245414676,6949754.634585323,11271274.38,15664112.116806293,6878436.643193709,11437775.96,15612397.056357855,7263154.863642147,9427677.64,13251544.693174222,5603810.586825779
889,11857412.86,16388023.606240124,7326802.113759875,11719527.92,16102239.298105186,7336816.541894814,11972230.45,16575957.196706455,7368503.703293543,11801015.04,16372742.197997482,7229287.882002516,11254283.89,15380646.764754295,7127921.015245707,9851621.39,13801904.574694885,5901338.205305116
890,11997392.14,16725738.798885569,7269045.481114431,11920340.75,16577805.506960912,7262875.993039088,11988223.21,16730226.376368739,7246220.043631263,11673282.3,16350384.716600202,6996179.8833998,11270091.33,15512395.743604816,7027786.916395185,9843005.83,13967885.133398162,5718126.526601838
891,12041999.32,16713595.576389657,7370403.063610343,11963690.41,16560199.071397,7367181.748602999,12144315.81,16878716.132999856,7409915.487000146,11917920.18,16591335.569886828,7244504.790113172,11966611.73,16438570.345885064,7494653.114114937,10376607.48,14613463.592966955,6139751.367033046
892,11566671.47,15954580.357844386,7178762.582155615,11215310.98,15459368.371504769,6971253.588495231,11713530.76,16161416.994982343,7265644.525017657,11437849.37,15812427.687595654,7063271.052404344,11061335.87,15080264.586297235,7042407.153702764,9562616.28,13513739.52677121,5611493.0332287885
893,11551317.04,15911654.858939886,7190979.221060113,11264715.57,15481621.141108193,7047809.998891808,11818542.32,16268682.81804571,7368401.82195429,11581360.87,16016102.964366361,7146618.775633636,10875192.25,14860297.53333692,6890086.966663079,9840674.92,13889414.092979304,5791935.747020694
894,11560775.81,15970831.411994115,7150720.208005887,11180334.84,15411772.199507855,6948897.480492144,11693765.23,16143504.712519774,7244025.747480227,11378536.47,15747840.999455266,7009231.940544736,10857478.27,14822243.376715675,6892713.163284323,9702373.83,13674332.211649025,5730415.448350975
895,11389414.17,15817773.013944104,6961055.326055896,11121872.75,15415641.271547595,6828104.228452405,11377926.41,15762103.766631873,6993749.053368127,11392931.86,15844921.657140894,6940942.062859105,10534551.68,14475253.246872613,6593850.113127386,9444293.09,13411253.4782876,5477332.701712401
896,11774655.13,16226757.474381804,7322552.785618196,11311459.54,15522315.605998134,7100603.474001864,11705615.45,16124700.833546285,7286530.066453713,11665998.03,16087771.169626717,7244224.890373282,10968911.06,15051700.859904192,6886121.26009581,9909860.85,13991803.504345018,5827918.19565498
897,11448692.85,15795807.40301416,7101578.296985839,11149348.92,15293176.993665762,7005520.846334238,11663168.18,16052406.277440121,7273930.082559878,11592371.59,15992150.937552903,7192592.242447098,10801728.45,14903690.623466028,6699766.276533971,9568346.31,13572059.379890807,5564633.240109194
898,11697628.68,16063040.682062354,7332216.677937646,11350659.62,15528222.907731485,7173096.332268514,11793460.29,16151385.532547044,7435535.047452955,11859129.35,16317460.26671588,7400798.433284118,11351696.98,15647075.083762795,7056318.876237206,9676076.6,13733373.311804932,5618779.888195068
899,11676713.43,16101638.024877777,7251788.835122222,11309329.14,15554273.406000312,7064384.873999688,11717661.96,16121614.9961462,7313708.923853802,11716672.28,16200760.238043401,7232584.321956597,11006017.75,15210938.986881698,6801096.513118302,9519189.91,13579100.272419868,5459279.547580132
900,11698530.92,16235085.924206287,7161975.915793712,11833380.19,16311862.947177686,7354897.432822312,11869211.71,16408728.12859642,7329695.291403582,11903900.44,16522467.583587656,7285333.296412343,10875505.29,15083017.328911785,6667993.251088213,9727103.6,13895749.830137508,5558457.369862491
901,11752318.21,16380904.748789119,7123731.671210883,11659456.55,16131318.981886562,7187594.1181134395,11922880.13,16534742.293212233,7311017.9667877685,11881018.88,16528653.687713228,7233384.0722867735,10982765.52,15230196.268667454,6735334.771332545,9751686.66,13984828.508249024,5518544.811750976
902,11310209.46,15771719.48035971,6848699.43964029,11461416.02,15886744.406437054,7036087.633562945,11322020.54,15726454.266468905,6917586.813531094,11215272.69,15640016.542775597,6790528.8372244015,10589054.76,14702563.557353355,6475545.962646645,9449847.96,13530159.249931082,5369536.67006892
903,11546582.67,16055066.172334418,7038099.167665583,11688441.2,16132372.49787242,7244509.90212758,11218410.94,15571518.558241144,6865303.321758855,11527588.81,16050864.343190081,7004313.27680992,10572177.76,14691598.84112287,6452756.678877129,9337800.99,13317092.870013826,5358509.109986175
904,11284033.66,15650236.643697642,6917830.676302358,11908274.46,16491127.446072564,7325421.473927437,11423517.61,15816231.824110914,7030803.395889086,11470481.74,15927565.123383373,7013398.356616627,10870850.84,15106162.732429355,6635538.947570644,9809892.24,13955277.061849082,5664507.418150919
905,11394168.31,15809387.478374984,6978949.141625017,12089956.89,16721260.480622597,7458653.299377403,11513820.79,15958146.193774316,7069495.386225682,11647914.87,16216561.841817232,7079267.8981827665,10808162.73,14976662.961502727,6639662.498497275,10010974.55,14113046.488963384,5908902.611036616
906,11469132.34,15777985.438916102,7160279.241083899,11954392.9,16388280.618017603,7520505.181982398,11638510.86,15992291.05508118,7284730.664918819,11611664.21,15999494.497551484,7223833.922448518,11005314.41,15177237.08957699,6833391.730423011,10249475.41,14422690.24314207,6076260.57685793
907,11207270.33,15614408.663759498,6800131.996240502,11898804.94,16489971.375635346,7307638.504364653,11689808.29,16258822.593487946,7120793.986512052,11904817.73,16632003.983580124,7177631.476419876,11446939.47,15971684.947826024,6922193.992173977,10142061.33,14407930.133001259,5876192.526998742
908,11013853.88,15383619.13823986,6644088.62176014,11660429.62,16235088.978297334,7085770.261702665,11355265.57,15867994.814509269,6842536.325490732,11550323.19,16199949.891074866,6900696.488925134,10992072.96,15430791.543833321,6553354.376166681,10001738.79,14241837.49174942,5761640.088250577
909,11349169.16,15717758.62419975,6980579.69580025,12063943.62,16677215.15420001,7450672.085799988,11757485.65,16293323.748683129,7221647.551316871,11987543.65,16685200.48064282,7289886.819357181,11185211.18,15575880.931755694,6794541.428244306,10107775.9,14264712.444921177,5950839.355078824
910,11802727.0,16247334.904566633,7358119.095433367,11822942.36,16388009.310930427,7257875.409069573,11983800.41,16525984.675708182,7441616.144291819,12272667.5,16974587.526491217,7570747.473508784,11147148.5,15507434.735286813,6786862.264713187,10020089.96,14141105.429446429,5899074.490553574
911,11798402.58,16294341.480495475,7302463.679504526,11516029.05,16048826.932228602,6983231.167771399,11851617.32,16375633.103127915,7327601.536872085,12236443.64,16957073.48333601,7515813.796663993,10742775.99,14890316.99298099,6595234.98701901,9882068.42,13933722.777602233,5830414.062397766
912,11673742.17,16163899.10200575,7183585.23799425,11542623.64,16034103.987563694,7051143.292436307,11663442.0,16149945.045231862,7176938.954768138,12032233.14,16733565.643330205,7330900.636669797,10925881.58,15153272.310673483,6698490.849326517,9866340.92,13874627.839591146,5858054.000408854
913,12058591.53,16562114.874184333,7555068.185815666,11702621.15,16161901.963894077,7243340.336105924,11981385.42,16446053.178838732,7516717.661161268,12428432.05,17129593.459719464,7727270.640280539,11282578.62,15558407.9808706,7006749.259129398,9743528.2,13733199.080619084,5753857.319380915
914,12125413.83,16653623.569952764,7597204.090047236,11876561.33,16370844.804931335,7382277.855068666,12130630.91,16654042.591309313,7607219.228690688,12401405.96,17046831.216220517,7755980.703779484,11354507.07,15649620.350214362,7059393.7897856375,9766857.67,13843874.966134297,5689840.373865703
915,11768853.31,16248365.22261677,7289341.397383233,11382224.72,15795389.781945568,6969059.658054435,11657964.36,16055162.16370507,7260766.556294928,11957347.77,16491826.194047464,7422869.345952535,11060026.34,15343845.362829937,6776207.317170063,9360245.2,13340120.039476674,5380370.360523324
916,12084491.45,16643270.035659574,7525712.8643404255,11881211.38,16505141.974056799,7257280.785943204,12099994.77,16628608.982862063,7571380.557137937,12332048.53,16965183.60761471,7698913.452385287,11275257.14,15630740.266929211,6919774.01307079,9570210.49,13665310.815784058,5475110.164215943
917,12306282.57,17124833.021578982,7487732.118421018,11936374.25,16825753.313689876,7046995.186310123,12316024.5,17107376.782034267,7524672.217965733,12805356.6,17798472.497972757,7812240.702027243,11568737.44,16145006.163838994,6992468.716161005,9919423.7,14387728.159261674,5451119.240738324
918,12036507.02,16802172.42160902,7270841.6183909755,11706095.46,16509509.113254232,6902681.806745769,12065231.53,16792866.90001211,7337596.159987889,12477668.7,17371675.713723216,7583661.686276781,11674974.45,16334161.104245381,7015787.795754617,9565212.02,13911230.029047493,5219194.010952505
919,12174024.15,16953274.48902054,7394773.81097946,11880241.89,16727595.83522294,7032887.944777061,12195953.74,16913883.299293347,7478024.180706654,12533751.12,17395279.44433169,7672222.79566831,11827557.22,16536442.74776673,7118671.692233272,9688128.95,14055928.323775003,5320329.576224996
920,12234926.93,17085942.321553238,7383911.53844676,11903190.68,16764796.593636898,7041584.766363101,12112180.95,16868463.662281126,7355898.237718872,12572983.73,17497425.548815627,7648541.911184373,11442312.77,16032833.522918154,6851792.0170818465,9412883.3,13713625.277887618,5112141.322112383
921,12376060.71,17274242.181427658,7477879.238572346,12145658.59,17036640.612396322,7254676.567603679,12360726.04,17231549.413198642,7489902.666801357,12777491.28,17778066.29912479,7776916.260875209,11186302.45,15667326.431793688,6705278.468206311,9743817.77,14082750.878835816,5404884.661164182
922,12289324.47,17129462.122222856,7449186.817777146,12410491.3,17343329.929309413,7477652.6706905905,12207509.03,16986369.067174233,7428648.992825764,12564226.29,17491831.480582338,7636621.099417659,11112236.78,15639119.594084907,6585353.965915091,9853882.34,14229458.141281608,5478306.538718392
923,12567002.22,17408798.86588187,7725205.574118131,12293856.14,17149968.23702049,7437744.042979511,12469156.26,17270705.428165607,7667607.091834393,12726472.52,17616976.696379505,7835968.343620492,11564214.77,16195714.546374753,6932714.993625247,9966594.04,14337875.391931444,5595312.688068555
924,12516999.98,17407653.91462571,7626346.045374287,12340793.89,17267166.668658707,7414421.111341293,12345166.84,17156046.921763748,7534286.758236254,12599395.07,17523290.879329704,7675499.260670296,11401598.06,16135130.404368512,6668065.715631489,9802079.14,14121510.650306717,5482647.629693285
925,11889953.82,16719541.145334827,7060366.494665174,11845379.79,16693858.778014863,6996900.801985135,11735002.05,16472654.884825287,6997349.215174714,11801636.02,16635537.694721488,6967734.345278511,10875215.48,15445369.864276906,6305061.095723094,9355434.35,13576537.772600506,5134330.927399493
926,11793253.83,16644961.53291458,6941546.127085419,11771427.76,16640691.54044757,6902163.979552428,11708312.19,16491168.81314125,6925455.56685875,11864767.84,16733107.870219037,6996427.809780964,10984948.58,15579140.849450972,6390756.310549028,9402661.25,13646762.558456318,5158559.941543682
927,12297077.43,17098886.510438688,7495268.349561313,12173371.6,16974295.814868104,7372447.3851318965,12130595.35,16844443.696574673,7416747.003425328,12280974.61,17088605.20016681,7473344.019833189,10816705.28,15312258.031721245,6321152.528278754,9506224.28,13587810.400352778,5424638.159647221
928,12477290.53,17387546.512733165,7567034.5472668335,12162895.48,16995079.1544153,7330711.805584704,12452850.69,17365212.879150882,7540488.500849116,12659174.37,17625398.7812353,7692949.9587646965,11186830.37,15678095.254774101,6695565.485225896,9233060.32,13204095.438359862,5262025.201640138
929,12877620.92,17837940.032871906,7917301.807128094,12477712.77,17312878.544978987,7642546.995021012,12823872.92,17775864.099767294,7871881.740232706,12977261.21,17968920.35008984,7985602.069910159,11223982.35,15746776.659900242,6701188.040099757,9389447.69,13406706.940207433,5372188.439792565
930,13251203.33,18290267.199673124,8212139.4603268765,12777229.91,17654818.341954157,7899641.478045845,13191537.12,18221263.887569446,8161810.352430551,13166832.84,18162656.21899512,8171009.461004879,11303825.8,15874171.325144215,6733480.274855787,9678383.48,13802058.768836053,5554708.191163948
931,13200386.16,18163014.03224452,8237758.287755484,12793455.21,17639133.120870713,7947777.299129289,13149372.08,18103965.51790344,8194778.642096562,13154978.38,18102480.177835133,8207476.582164868,11285023.46,15826716.218705012,6743330.70129499,9789684.6,13878465.896483827,5700903.303516171
932,12599542.62,17477975.961718507,7721109.27828149,12182205.02,16928316.85270561,7436093.187294391,12622630.72,17514257.00209585,7731004.437904153,12741482.21,17656631.47060391,7826332.9493960915,11326323.45,15977589.607629865,6675057.292370132,9554029.19,13698545.791469645,5409512.588530354
933,12909135.1,17851057.702971037,7967212.497028962,12622546.12,17519129.70197226,7725962.538027737,12917169.97,17869955.016221978,7964384.923778022,12988209.89,17964677.037620515,8011742.742379487,11692748.9,16372071.538249947,7013426.261750053,9715930.91,13903050.409766575,5528811.410233425
934,12990929.17,17948053.65079363,8033804.689206369,12883327.89,17831828.142964162,7934827.637035838,12928104.51,17866095.845060475,7990113.174939524,13058341.08,18052073.990115777,8064608.169884223,11606533.13,16315525.78334178,6897540.476658221,9769254.3,13957202.444937924,5581306.155062078
935,13103424.43,18073573.575859435,8133275.284140564,13281758.84,18343000.162255563,8220517.517744435,13125323.98,18102604.50718329,8148043.452816709,13481624.12,18534915.50785834,8428332.732141659,11599006.51,16278595.920451537,6919417.099548463,9806082.37,13976194.56271081,5635970.177289187
936,12984568.74,17893491.605904747,8075645.874095255,12687272.56,17624331.631867565,7750213.488132436,12782775.29,17642687.711291015,7922862.868708982,13162997.23,18117682.44103467,8208312.018965331,11553482.58,16185935.002297334,6921030.157702665,9570848.78,13706571.949375197,5435125.610624801
937,13003040.48,17902475.194804642,8103605.765195359,12552573.02,17433925.868593715,7671220.171406285,13042505.36,17964861.354908608,8120149.365091393,13187185.58,18148203.65139756,8226167.50860244,11512881.91,16137741.607794285,6888022.212205715,9614844.25,13780511.559592796,5449176.9404072035
938,12964655.49,17869551.67664718,8059759.30335282,12506793.45,17477896.541668765,7535690.358331235,13010826.96,17928791.369605053,8092862.550394948,13174972.79,18188054.503912486,8161891.076087514,11511910.1,16149045.213193256,6874774.986806744,9994160.84,14345130.849732341,5643190.830267658
939,13316499.36,18216158.74539981,8416839.97460019,12720800.08,17650072.21313361,7791527.946866389,13256812.35,18156484.905977625,8357139.794022375,13526015.67,18519987.00887931,8532044.331120688,11584179.82,16079278.828492917,7089080.8115070835,9879653.3,14107438.443222325,5651868.156777675
940,13538083.47,18530725.473964937,8545441.466035064,12608319.21,17548240.12203715,7668398.297962853,13164885.84,18051157.050444156,8278614.629555842,13514827.81,18542654.3416877,8487001.2783123,11718019.89,16234316.304966677,7201723.475033325,9883489.22,14122078.90469715,5644899.535302851
941,13450185.76,18482366.979225583,8418004.540774418,12568665.51,17563262.95354255,7574068.066457449,12938471.82,17808606.539274305,8068337.1007256955,13669995.25,18817809.916976534,8522180.583023468,11362364.14,15853959.05430246,6870769.225697542,9643912.87,13902311.65364798,5385514.086352019
942,12724772.15,17514765.860797554,7934778.4392024465,12030873.37,16761445.238595419,7300301.50140458,12300236.08,16956572.124980655,7643900.035019346,13120543.44,18078021.005381234,8163065.874618764,11341141.7,15807581.914847407,6874701.485152592,9472986.67,13647832.744505584,5298140.595494415
943,12513459.69,17282901.827696446,7744017.552303552,12116926.24,16811544.034633156,7422308.445366844,12182020.25,16847105.37371446,7516935.126285543,12884220.15,17786369.575604644,7982070.724395356,11399998.37,15837912.259348791,6962084.480651207,9739884.67,13845279.149656486,5634490.190343513
944,12895241.32,17821409.1810816,7969073.458918402,12186010.4,16991998.42449999,7380022.375500012,12577356.29,17431855.648368794,7722856.931631204,13058534.27,18071576.245926972,8045492.294073028,11552272.83,16178200.58382969,6926345.076170309,9809484.55,14069952.30537005,5549016.794629952
945,13212313.74,18279801.81489783,8144825.665102169,12920477.27,17948634.18573565,7892320.354264349,12849857.91,17837813.585079264,7861902.234920736,13438429.92,18599880.917600244,8276978.9223997565,11979577.89,16801064.224024445,7158091.555975558,9984129.04,14323801.174211968,5644456.9057880305
946,13323032.51,18442426.806644477,8203638.213355523,12941212.55,18047133.708445176,7835291.391554827,12887569.44,17942088.568167526,7833050.311832472,13396283.91,18630673.495209925,8161894.324790074,12024128.75,16850965.485743977,7197292.014256023,10153224.5,14550362.992711585,5756086.007288415
947,12761696.45,17689877.694865234,7833515.205134764,12584859.17,17559315.974400662,7610402.365599338,12537931.9,17400708.28757088,7675155.512429122,13106051.37,18157027.091088053,8055075.648911946,11948487.58,16743608.660930265,7153366.499069735,10188947.86,14550808.68435982,5827087.035640178
948,12884584.28,17861084.80399004,7908083.75600996,12469118.19,17471818.33625219,7466418.043747809,12229071.13,17051276.867708005,7406865.392291997,12979409.33,18041361.572265487,7917457.087734512,12095115.86,16946959.43291787,7243272.287082127,10278798.71,14714416.300722916,5843181.119277085
949,12867752.32,17763827.102694653,7971677.537305349,12645960.23,17522508.549719766,7769411.910280237,12080045.19,16773091.291774418,7386999.088225582,12947081.17,17916971.225797027,7977191.1142029725,12142311.66,16915211.01543208,7369412.304567923,10059355.89,14399635.726274423,5719076.053725578
950,12893917.91,17737235.43511233,8050600.384887668,12821983.15,17683935.85049736,7960030.4495026395,12081456.51,16770188.20988952,7392724.81011048,12881713.74,17773344.10506577,7990083.374934228,12284719.01,17078273.374069717,7491164.645930282,10259342.14,14610841.168196771,5907843.111803229
951,13737416.61,18785386.869825922,8689446.350174079,13036996.75,18007915.664886925,8066077.835113076,12969686.95,17890288.818012267,8049085.081987731,13470959.19,18528991.532754786,8412926.84724521,12337214.57,17168997.736508682,7505431.403491316,10562127.04,15056251.692708895,6068002.387291103
952,13791532.43,18843769.899863146,8739294.960136851,12995965.07,17933341.061635945,8058589.078364056,12980853.1,17893319.95601623,8068386.243983768,13668275.76,18699038.279150836,8637513.240849163,12304879.07,17172731.811097205,7437026.328902797,10366101.88,14820315.611155173,5911888.148844829
953,13760666.25,18873526.133860722,8647806.36613928,12736465.08,17621405.73197794,7851524.428022059,12952998.21,17899288.76389816,8006707.656101842,13648034.72,18724584.03673007,8571485.403269932,12259974.53,17179900.43463358,7340048.62536642,10533391.62,15058149.82730924,6008633.412690759
954,13310076.59,18119435.462976746,8500717.717023253,12354956.03,17006109.752237223,7703802.307762777,12654530.59,17321971.437914647,7987089.742085352,13154821.17,17967439.537095677,8342202.802904324,12335846.56,17158013.58027214,7513679.53972786,10637309.17,15016118.994956661,6258499.34504334
955,13266554.93,18097407.90291477,8435701.95708523,12146883.2,16791714.88994078,7502051.510059219,12492865.44,17130797.022949103,7854933.857050897,13089730.31,17874534.855608724,8304925.764391279,12028708.74,16654201.385419521,7403216.094580478,10567533.94,14901429.141916275,6233638.738083723
956,13190945.07,17956515.566287898,8425374.573712103,12187518.29,16776914.917703997,7598121.662296001,12730971.96,17366655.752883777,8095288.167116227,13322834.47,18098037.139373794,8547631.800626207,12223766.97,16794496.304750204,7653037.635249799,10428625.37,14715755.880991116,6141494.859008881
957,13049946.12,17776326.67466979,8323565.565330207,12249652.02,16868277.358294718,7631026.681705282,12675897.58,17315600.08741768,8036195.072582319,13156971.08,17895429.702382922,8418512.457617078,12019375.92,16583501.050501324,7455250.789498677,10694571.0,15068663.602282718,6320478.397717283
958,12926845.9,17653071.263169523,8200620.5368304765,11905709.2,16526202.438657414,7285215.961342584,12576981.97,17207231.88083748,7946732.059162521,13239256.73,18037975.41889616,8440538.041103838,11814684.05,16294735.977424914,7334632.1225750875,10459469.93,14840498.712142183,6078441.147857817
959,13532394.92,18378543.241013728,8686246.598986272,12188823.83,16814211.373473696,7563436.286526306,13267568.88,18021852.31089343,8513285.449106568,13755927.36,18626352.986272346,8885501.733727653,11997426.3,16349793.2376242,7645059.362375801,10613181.4,14927892.816836644,6298469.983163356
960,13383086.93,18148263.61107178,8617910.24892822,12079043.64,16789662.69822353,7368424.581776468,13395287.6,18130867.263561245,8659707.936438754,13706090.56,18518503.26778404,8893677.85221596,12180398.68,16576057.854583299,7784739.505416701,10614261.41,14966502.233325344,6262020.586674656
961,13418800.39,18148220.681898035,8689380.098101968,12212752.1,16867334.76422877,7558169.435771229,13251579.26,17934193.883273404,8568964.636726595,13610615.8,18378803.632867977,8842427.967132023,12248863.9,16664109.388347518,7833618.411652484,10624071.98,14953098.054452248,6295045.905547752
962,13553570.1,18329297.75913996,8777842.44086004,12627075.91,17330142.02937848,7924009.790621521,13576431.07,18356677.747148585,8796184.392851416,13758082.25,18563445.361695692,8952719.138304306,12051614.03,16398095.94438637,7705132.115613629,10621239.21,14952525.349740643,6289953.070259358
963,13582552.88,18408794.563951384,8756311.196048617,12500525.38,17217669.4280087,7783381.331991301,13519595.07,18335515.28387989,8703674.85612011,13685932.85,18537895.359552063,8833970.340447936,11473502.75,15699166.126221709,7247839.37377829,10130140.92,14359761.789468192,5900520.050531808
964,13079161.06,17763304.977377605,8395017.142622396,11921665.0,16460652.097587675,7382677.902412324,12988550.05,17656644.437527597,8320455.662472403,13195964.79,17901437.546693623,8490492.033306375,11480998.1,15650205.980372109,7311790.219627891,9995982.99,14131093.58610642,5860872.393893582
965,13629186.4,18488228.96807857,8770143.831921434,11987907.17,16576769.362967025,7399044.977032973,13612166.28,18497895.392801642,8726437.167198358,13773642.85,18684306.669945106,8862979.030054893,11839201.41,16112072.085848637,7566330.734151364,10309582.76,14561272.917429842,6057892.602570157
966,13043902.36,17718997.862368755,8368806.857631244,11828618.67,16443411.126518754,7213826.213481246,12747732.02,17380298.635670304,8115165.404329695,13126650.34,17843331.71775858,8409968.962241417,11454578.03,15623871.205491696,7285284.854508302,9914634.64,14044132.629811266,5785136.650188735
967,13140165.98,17793571.848740596,8486760.111259405,11963753.38,16575054.66341902,7352452.096580983,12880459.28,17484766.934728406,8276151.625271592,13196460.02,17858491.364715442,8534428.675284555,11667716.28,15876174.007959079,7459258.552040921,10093028.01,14235869.219857173,5950186.8001428265
968,12977804.49,17457708.133210234,8497900.846789766,11627068.95,15999651.63344691,7254486.266553089,12708027.37,17112951.118674688,8303103.621325311,13033487.81,17512874.36086681,8554101.25913319,11411902.05,15480650.071094893,7343154.028905108,10320155.93,14356547.567678943,6283764.292321057
969,12311964.89,16728277.459835649,7895652.320164353,11338691.73,15710257.990742527,6967125.469257475,12330129.2,16733610.625948166,7926647.774051832,12638989.8,17111875.973330706,8166103.626669295,11051202.66,15177179.03351778,6925226.2864822205,10138440.39,14196605.401527938,6080275.378472063
970,12365173.83,16767921.330769394,7962426.329230607,11850902.88,16255105.316976959,7446700.443023043,12316479.52,16623196.65618372,8009762.383816279,13046417.39,17574621.087861255,8518213.692138746,10741532.78,14617518.363538066,6865547.196461933,9981735.76,13927844.646304693,6035626.873695307
971,12295414.47,16544120.208492849,8046708.731507152,11660896.1,15930897.445247844,7390894.754752156,12112185.17,16277821.410723217,7946548.929276782,13003602.83,17496096.628775623,8511109.031224377,10759331.46,14555530.937052513,6963131.982947489,9876562.86,13687395.611461133,6065730.108538865
972,12434707.24,16744686.524464916,8124727.955535083,11684422.42,15999799.757764328,7369045.0822356725,12273326.14,16588132.17083817,7958520.109161831,12835436.61,17274140.513271917,8396732.706728082,10426412.51,14223340.802044831,6629484.217955168,10119235.04,14093518.154702723,6144951.925297274
973,11620105.63,15781732.617647542,7458478.64235246,11247381.06,15439363.646840448,7055398.4731595535,11382039.18,15425133.322856992,7338945.037143007,12225030.09,16561204.152124822,7888856.0278751785,10512017.4,14367595.741350563,6656439.0586494375,9992952.73,13911597.953945735,6074307.506054265
974,11426436.63,15445219.961274352,7407653.298725649,10771100.51,14749752.00849465,6792449.01150535,11125963.29,15023085.718306657,7228840.86169334,11628952.84,15700637.29934516,7557268.38065484,10282256.55,13888968.772593873,6675544.327406129,9912750.89,13694075.119247084,6131426.660752917
975,11038251.0,14935022.048999354,7141479.951000647,10169980.31,13986141.21810041,6353819.401899591,10955726.89,14815747.661256034,7095706.118743967,11103414.81,15029120.674414193,7177708.945585808,9986341.92,13543425.04676858,6429258.793231419,8759469.2,12200224.730408661,5318713.6695913365
976,11220512.28,15251660.710267704,7189363.849732295,10259715.85,14196871.82266467,6322559.877335328,11100280.51,15079233.810344283,7121327.209655717,11394172.44,15459626.075673647,7328718.804326351,10321575.84,14078549.853486478,6564601.826513522,8951383.53,12569413.886160087,5333353.173839913
977,11142278.4,15084194.467334785,7200362.332665217,10296369.97,14149939.038144667,6442800.901855335,11142350.72,15047558.769839153,7237142.67016085,11481226.15,15472497.02290253,7489955.27709747,10606077.97,14442129.651873544,6770026.2881264575,8899400.06,12432203.721842777,5366596.398157223
978,10712248.3,14638370.891801974,6786125.708198028,9910578.75,13746354.610971306,6074802.889028694,10531096.47,14407635.857506488,6654557.082493514,10937472.71,14899029.634766571,6975915.78523343,9939972.6,13703801.95287921,6176143.247120789,8474161.46,11937371.199485185,5010951.720514817
979,10824257.26,14770132.003252689,6878382.516747311,9881341.61,13698657.06799332,6064026.152006679,10622468.75,14508946.048589002,6735991.451410999,11147754.04,15137221.461367982,7158286.618632017,9629782.98,13330004.88627834,5929561.07372166,8748881.85,12245817.002277657,5251946.697722341
980,10955686.59,14935399.463346995,6975973.716653005,10094335.99,13914004.605595913,6274667.374404089,10945109.13,14955117.806955362,6935100.45304464,11255859.14,15275587.83714244,7236130.442857562,9531208.35,13094696.727458835,5967719.972541165,8565060.84,11986535.805670395,5143585.874329604
981,11109520.84,15093523.652723342,7125518.0272766575,10356114.03,14224042.306335017,6488185.7536649825,11013010.93,14977804.357535917,7048217.502464083,11389708.06,15431226.526764223,7348189.593235778,9950715.38,13656321.321831461,6245109.438168541,8666532.66,12105927.758563947,5227137.561436054
982,11279194.52,15262493.447833575,7295895.592166424,10586678.97,14482895.21289916,6690462.727100842,11253706.97,15200517.399601776,7306896.540398226,11735742.26,15831502.98737656,7639981.532623439,10344480.98,14127667.213649748,6561294.746350253,8931323.3,12445922.425028764,5416724.174971237
983,11078125.53,15041811.217374528,7114439.842625471,10650267.68,14610244.935202222,6690290.424797778,11199081.3,15175374.743427794,7222787.856572208,11455812.01,15543077.10786787,7368546.91213213,10275652.4,14146911.800489195,6404392.999510806,8693461.57,12234476.213099394,5152446.926900606
984,11430161.36,15455041.012073148,7405281.70792685,10709261.37,14667037.168949142,6751485.571050856,11522905.96,15553698.430937517,7492113.489062484,11777183.2,15887371.14233032,7666995.257669678,10230417.68,14060541.572859496,6400293.787140504,8848809.71,12384977.80019648,5312641.619803521
985,11658375.54,15829144.787165578,7487606.292834419,10619454.87,14615785.543570865,6623124.196429133,11719143.58,15944269.851645602,7494017.308354398,12110259.86,16461951.855666816,7758567.864333182,10183502.83,14029364.727635287,6337640.932364713,9144404.5,12793500.104056457,5495308.895943543
986,11184351.09,15185499.021224657,7183203.158775343,10051469.61,13922400.187866328,6180539.0321336705,11169916.63,15187355.25019979,7152478.009800212,11301763.92,15386249.238705214,7217278.601294786,9953698.85,13637027.580227245,6270370.119772756,8834654.16,12424936.550252395,5244371.769747606
987,11391854.84,15394693.866272265,7389015.813727735,10524854.03,14471593.309590317,6578114.75040968,11297431.91,15282303.015675409,7312560.8043245915,11728752.02,15878843.926523743,7578660.113476256,10591713.93,14476961.25308339,6706466.60691661,9240296.45,12974759.278927527,5505833.621072472
988,10340544.57,14165469.311395371,6515619.828604629,9435448.23,13150508.770092122,5720387.689907878,10457865.71,14370785.182453781,6544946.2375462195,10666698.1,14649663.30517186,6683732.894828139,10343967.56,14270717.724036457,6417217.395963544,8798897.9,12416960.45339328,5180835.346606721
989,10470593.04,14346591.061579624,6594595.018420374,9261613.01,13042051.650268577,5481174.3697314225,10525574.09,14436870.15883917,6614278.02116083,10648550.73,14638916.523149401,6658184.936850601,10051292.36,14018916.208680974,6083668.5113190245,8586212.18,12200417.209479202,4972007.150520798
990,10928227.32,14891495.957623981,6964958.682376021,9654177.01,13494538.953429446,5813815.066570553,10867897.65,14828417.97091176,6907377.329088242,10864600.9,14862128.728740867,6867073.0712591335,10254418.18,14127717.409254985,6381118.9507450145,8630773.14,12292600.67461489,4968945.605385112
991,11184608.63,15199970.978367794,7169246.281632206,9910010.89,13806048.711334622,6013973.06866538,11129052.66,15153766.527031487,7104338.792968513,11038522.99,15059315.178696899,7017730.801303102,10381120.71,14369867.385581637,6392374.034418365,8636774.93,12326693.388427425,4946856.471572574
992,11243372.87,15375328.136244804,7111417.603755196,9889284.33,13906564.160048611,5872004.499951388,11419483.75,15631432.238729425,7207535.261270574,11038653.77,15168802.340604458,6908505.199395542,10481373.13,14574234.72773129,6388511.532268712,8792774.45,12613707.638376199,4971841.261623801
993,11585593.44,15829205.112889534,7341981.767110465,10169929.22,14277212.745102536,6062645.694897465,11851894.03,16186426.12183922,7517361.938160779,11344895.28,15549853.990957659,7139936.569042339,10372709.04,14410095.236460628,6335322.84353937,9118554.93,12995930.189666495,5241179.670333505
994,11889987.39,16217955.54424238,7562019.235757621,10721563.86,14982011.94863806,6461115.771361941,11931399.74,16337398.264646873,7525401.215353128,11581346.14,15848699.099204198,7313993.180795805,10319574.43,14369037.614114692,6270111.245885307,9317355.34,13260781.658551153,5373929.021448848
995,11644778.88,15801381.113070484,7488176.646929517,10631565.91,14768909.735756984,6494222.084243016,11670128.53,15943585.168987522,7396671.891012477,11408889.71,15504176.626039652,7313602.79396035,10091403.19,14076893.582410872,6105912.797589127,8843672.71,12554108.172215506,5133237.247784496
996,11174215.61,15241834.601808965,7106596.618191033,10279878.66,14334206.016491432,6225551.303508569,11272142.27,15461081.44844206,7083203.091557939,11182127.92,15281772.430743542,7082483.409256459,10265577.51,14335076.343303937,6196078.676696062,8981950.97,12724859.68026556,5239042.25973444
997,11425386.21,15475767.228356011,7375005.1916439915,10346732.17,14357636.455819588,6335827.884180413,11428918.76,15556042.1675152,7301795.352484801,11295962.58,15332831.598814128,7259093.561185872,10410520.1,14564496.106157452,6256544.093842547,8946969.72,12632024.068545114,5261915.371454888
998,11573204.97,15761634.409597123,7384775.530402878,10467147.5,14595279.489582049,6339015.510417951,11656311.12,15945982.467665683,7366639.772334315,11586314.26,15821056.496272482,7351572.023727517,10425708.81,14665318.881929643,6186098.738070358,9355211.17,13335141.593530327,5375280.746469673
999,11579364.28,15861710.522327857,7297018.037672142,10889696.02,15153027.001375876,6626365.038624124,11436904.94,15747791.323602477,7126018.556397522,11597553.53,15914935.109191911,7280171.950808087,11010496.9,15454894.164575774,6566099.635424226,9802319.2,13932826.756739287,5671811.643260712
1000,11440122.53,15706373.922012692,7173871.137987306,10809892.14,15029597.792364612,6590186.487635389,11350853.29,15676404.4109764,7025302.169023598,11492991.36,15800133.670818945,7185849.049181053,11167384.59,15667182.382180374,6667586.7978196265,9532469.13,13591731.422384944,5473206.837615058
