x,meanNoByzantine,upNoByzantine,lowNoByzantine,meanGreyhole,upGreyhole,lowGreyhole,meanSinkhole,upSinkhole,lowSinkhole,meanSelectiveJam,upSelectiveJam,lowSelectiveJam,meanPosSpoofing,upPosSpoofing,lowPosSpoofing,meanAllAttacks,upAllAttacks,lowAllAttacks
1,536213.1,1261146.1586372168,-188719.9586372167,527075.1833333333,1252209.3208007922,-198058.9541341255,534831.35,1259766.4218642197,-190103.72186421975,479797.43333333335,1205064.7538196777,-245469.88715301105,536213.1,1261146.1586372168,-188719.9586372167,479797.43333333335,1205064.7538196777,-245469.88715301105
2,547135.4666666667,1256282.6583596556,-162011.7250263223,537654.8833333333,1247007.0694518792,-171697.30278521264,554204.2833333333,1263978.942476647,-155570.3758099802,526689.2666666667,1237112.346453378,-183733.81312004442,547135.4666666667,1256282.6583596556,-162011.7250263223,526689.2666666667,1237112.346453378,-183733.81312004442
3,637749.1333333333,1561676.7088200187,-286178.4421533521,627284.35,1551454.3602234754,-296885.66022347554,643388.7166666667,1568261.561650209,-281484.12831687555,594415.6,1521668.532366973,-332837.33236697316,637749.1333333333,1561676.7088200187,-286178.4421533521,594415.6,1521668.532366973,-332837.33236697316
4,903815.3666666667,1989971.6566151988,-182340.92328186543,891981.6166666667,1978665.1161905376,-194701.88285720418,913258.1166666667,2000479.7831188918,-173963.54978555837,859854.1666666666,1950614.37812101,-230906.04478767666,903815.3666666667,1989971.6566151988,-182340.92328186543,859854.1666666666,1950614.37812101,-230906.04478767666
5,867973.4333333333,1956190.3028120212,-220243.43614535453,867973.4333333333,1956190.3028120212,-220243.43614535453,869112.4666666667,1958555.612915717,-220330.6795823836,849054.1333333333,1939721.540477194,-241613.2738105273,867973.4333333333,1956190.3028120212,-220243.43614535453,849054.1333333333,1939721.540477194,-241613.2738105273
6,886825.7666666667,1991264.0133084315,-217612.47997509793,877483.1166666667,1982438.6532909167,-227472.4199575833,895015.2333333333,2000946.4776928052,-210916.0110261388,866315.0,1972950.067127705,-240320.0671277051,886825.7666666667,1991264.0133084315,-217612.47997509793,866315.0,1972950.067127705,-240320.0671277051
7,808356.5666666667,1806567.951695388,-189854.81836205465,797617.2,1796284.1336561833,-201049.73365618323,815627.4333333333,1815477.5671078493,-184222.7004411827,785703.6666666666,1785695.6795484992,-214288.3462151658,808356.5666666667,1806567.951695388,-189854.81836205465,785703.6666666666,1785695.6795484992,-214288.3462151658
8,738685.2,1568061.3289097166,-90690.92890971678,727577.3,1557367.1959094056,-102212.59590940538,745372.2,1575958.4274036612,-85214.02740366128,731059.9333333333,1563974.7601528452,-101854.89348617836,738685.2,1568061.3289097166,-90690.92890971678,731059.9333333333,1563974.7601528452,-101854.89348617836
9,847221.5666666667,1858324.8122807539,-163881.67894742056,834921.9166666666,1846488.4831835527,-176644.6498502195,853783.2166666667,1866331.5106439423,-158765.07731060905,806618.8,1819973.283093852,-206735.6830938519,847221.5666666667,1858324.8122807539,-163881.67894742056,806618.8,1819973.283093852,-206735.6830938519
10,731730.0,1624208.3871552325,-160748.38715523249,711507.1333333333,1603419.8001792887,-180405.533512622,740471.85,1635583.6417602277,-154639.94176022767,680389.0666666667,1574446.0159130692,-213667.88257973606,731730.0,1624208.3871552325,-160748.38715523249,680389.0666666667,1574446.0159130692,-213667.88257973606
11,661791.5,1439142.0108784875,-115559.01087848737,652802.9666666667,1430540.626204014,-124934.69287068071,664104.1333333333,1441630.4874256784,-113422.22075901192,630849.5666666667,1408902.2180328076,-147203.08469947428,661791.5,1439142.0108784875,-115559.01087848737,630849.5666666667,1408902.2180328076,-147203.08469947428
12,809283.3666666667,1758848.1471269522,-140281.41379361867,799632.3333333334,1749695.35599434,-150430.6893276733,810704.9,1760580.897541451,-139171.097541451,786107.2,1737795.0357416032,-165580.63574160333,809283.3666666667,1758848.1471269522,-140281.41379361867,786107.2,1737795.0357416032,-165580.63574160333
13,515397.86666666664,1121092.8307737466,-90297.09744041337,504541.2833333333,1110287.1127852607,-101204.54611859401,514119.01666666666,1117205.4032636855,-88967.36993035226,493880.0,1101161.394667895,-113401.39466789493,515397.86666666664,1121092.8307737466,-90297.09744041337,493880.0,1101161.394667895,-113401.39466789493
14,596925.2333333333,1320962.176175336,-127111.70950866945,585949.0,1310181.7290622885,-138283.72906228842,593308.8833333333,1314324.5495405318,-127706.7828738651,580046.8,1306037.6003094031,-145944.00030940305,596925.2333333333,1320962.176175336,-127111.70950866945,580046.8,1306037.6003094031,-145944.00030940305
15,112888.26666666666,228531.21792819627,-2754.684594862949,100996.65,210651.9868738897,-8658.686873889717,115927.48333333334,233053.38443375536,-1198.4177670887002,115012.36666666667,251116.31208459544,-21091.578751262103,112888.26666666666,228531.21792819627,-2754.684594862949,115012.36666666667,251116.31208459544,-21091.578751262103
16,114954.53333333334,229832.85665298172,76.21001368496218,102018.53333333334,209600.01404169964,-5562.9473750329635,117818.58333333333,234337.86935780855,1299.2973088581202,124970.86666666667,272950.8529982504,-23009.11966491706,114954.53333333334,229832.85665298172,76.21001368496218,124970.86666666667,272950.8529982504,-23009.11966491706
17,128058.26666666666,239006.41186697842,17110.121466354904,113402.56666666667,214484.23541959212,12320.897913741224,130978.86666666667,244208.54972695466,17749.183606378676,116724.33333333333,238324.8071075286,-4876.140440861971,128058.26666666666,239006.41186697842,17110.121466354904,116724.33333333333,238324.8071075286,-4876.140440861971
18,136316.16666666666,266871.67182478425,5760.661508549034,115341.3,227139.5972186058,3543.002781394185,139458.98333333334,273402.3044954754,5515.662171191303,124012.26666666666,267019.6778174202,-18995.144484086893,136316.16666666666,266871.67182478425,5760.661508549034,124012.26666666666,267019.6778174202,-18995.144484086893
19,795041.5333333333,2047453.3123274809,-457370.24566081434,780258.8,2032861.989758084,-472344.38975808397,796157.1333333333,2045817.0012829124,-453502.73461624584,805453.6666666666,2063411.9464175776,-452504.6130842444,795041.5333333333,2047453.3123274809,-457370.24566081434,805453.6666666666,2063411.9464175776,-452504.6130842444
20,194111.3,365993.4747332138,22229.1252667862,180056.18333333332,347044.03941497207,13068.327251694573,197083.83333333334,371989.05797955266,22178.60868711403,220194.53333333333,442537.14976512175,-2148.0830984550703,194111.3,365993.4747332138,22229.1252667862,220194.53333333333,442537.14976512175,-2148.0830984550703
21,188764.1,354669.0137903421,22859.186209657928,165350.96666666667,313968.86453957437,16733.068793759012,191315.98333333334,360515.9585891084,22116.008077558276,151125.0,334309.1553205764,-32059.15532057642,188764.1,354669.0137903421,22859.186209657928,151125.0,334309.1553205764,-32059.15532057642
22,842083.1,2146670.3993561715,-462504.19935617165,824258.3666666667,2128901.8774278173,-480385.1440944839,843747.0833333334,2148565.530798081,-461071.3641314142,809706.5,2117888.833890563,-498475.8338905631,842083.1,2146670.3993561715,-462504.19935617165,809706.5,2117888.833890563,-498475.8338905631
23,174939.86666666667,392627.195000361,-42747.461667027674,174939.86666666667,392627.195000361,-42747.461667027674,178409.4,404043.3250308364,-47224.525030836434,178675.23333333334,408687.9477123619,-51337.481045695255,174939.86666666667,392627.195000361,-42747.461667027674,178675.23333333334,408687.9477123619,-51337.481045695255
24,949334.3,1993224.2200197922,-94555.62001979211,830530.35,1802345.220591852,-141284.5205918519,871067.35,1841740.8495531324,-99606.14955313248,703393.7,1641205.0943334564,-234417.69433345634,949334.3,1993224.2200197922,-94555.62001979211,703393.7,1641205.0943334564,-234417.69433345634
25,1386425.2333333334,2693519.0446387352,79331.42202793155,1256171.4833333334,2506537.5498913256,5805.4167753413785,1328593.6,2580563.5051260237,76623.69487397652,1261905.7666666666,2795589.341549758,-271777.8082164249,1386425.2333333334,2693519.0446387352,79331.42202793155,1261905.7666666666,2795589.341549758,-271777.8082164249
26,1215289.2666666666,2437687.7048830856,-7109.171549752587,1191111.9,2413812.1812485782,-31588.38124857843,1265432.85,2486275.0106451996,44590.68935480085,1398764.9,3059802.578125138,-262272.7781251378,1215289.2666666666,2437687.7048830856,-7109.171549752587,1398764.9,3059802.578125138,-262272.7781251378
27,1211930.3,2404195.1178515516,19665.482148448238,1179737.8833333333,2373116.443522093,-13640.676855426515,1275898.85,2475455.089834446,76342.61016555387,1497030.8666666667,3249181.8118204838,-255120.07848715037,1211930.3,2404195.1178515516,19665.482148448238,1497030.8666666667,3249181.8118204838,-255120.07848715037
28,770629.8,1614426.5353988665,-73166.93539886642,735702.15,1578269.3723112857,-106865.07231128553,879334.1,1766895.467961028,-8227.267961028032,974364.4,2423207.0195133965,-474478.2195133964,770629.8,1614426.5353988665,-73166.93539886642,974364.4,2423207.0195133965,-474478.2195133964
29,812892.1,1693863.865951193,-68079.66595119308,778172.8666666667,1658313.45120206,-101967.71786872682,932526.35,1888127.5010389255,-23074.801038925536,848266.8,2025568.7650765504,-329035.16507655033,812892.1,1693863.865951193,-68079.66595119308,848266.7666666667,2025568.7262484748,-329035.19291514147
30,943254.9666666667,1928126.2303778506,-41616.297044517356,859409.5333333333,1810956.738025872,-92137.67135920527,1028060.05,2067486.7673838735,-11366.667383873486,885791.8,2149351.0360138267,-377767.4360138264,939126.3,1921311.9710981795,-43059.371098179254,885791.7666666667,2149350.996209658,-377767.46287632466
31,1298582.5666666667,2448843.8948663,148321.2384670335,1218304.0333333334,2344965.739557909,91642.3271087578,1341313.6666666667,2522123.971282685,160503.36205064808,1328583.9333333333,2804473.586952399,-147305.7202857323,1293984.9666666666,2441899.639262339,146070.29407099425,1328583.9,2804473.5467816433,-147305.74678164348
32,1515834.4,2886301.850002925,145366.9499970749,1417900.9833333334,2739920.1999462107,95881.7667204563,1475500.8666666667,2821727.5443413164,129274.18899201695,1515986.3333333333,3163696.64376394,-131723.97709727334,1508534.2333333334,2874115.8978052493,142952.56886141724,1515986.3333333333,3163696.64376394,-131723.97709727334
33,1562592.6,3002129.99639822,123055.20360178058,1497993.4666666666,2927858.09488559,68128.8384477431,1586180.3833333333,3045605.6368800765,126755.12978659035,1628536.4666666666,3321882.2851193342,-64809.35178600135,1558794.8,2997220.525846868,120369.0741531325,1628536.4666666666,3321882.2851193342,-64809.35178600135
34,1501421.4333333333,2763550.7637388892,239292.10292777745,1427558.65,2661250.738714058,193866.56128594186,1515400.7666666666,2795947.327370947,234854.20596238575,1504816.0333333334,3013967.8813660145,-4335.814699347364,1496614.9,2756009.182115349,237220.61788465106,1504816.0333333334,3013967.8813660145,-4335.814699347364
35,1518683.4666666666,2773697.4288529595,263669.50448037335,1443279.9833333334,2675980.555558281,210579.411108386,1524510.7333333334,2797651.5151841287,251369.9514825379,1536942.1,3090192.0839882353,-16307.883988234913,1514243.2333333334,2766974.793332872,261511.67333379458,1536942.1,3090192.0839882353,-16307.883988234913
36,1603594.2666666666,2891119.028899855,316069.5044334782,1509636.0833333333,2777055.961886403,242216.20478026313,1589164.0833333333,2876742.296154803,301585.8705118634,1425659.7,2829460.9137458177,21858.486254181946,1592597.0333333334,2877172.510924993,308021.55574167357,1425659.7,2829460.9137458177,21858.486254181946
37,1820726.7333333334,3112975.4926128564,528477.9740538106,1747441.5666666667,3019455.0173050407,475428.11602829257,1838948.3833333333,3153557.9194410453,524338.8472256211,1711745.3,3213584.9925692677,209905.6074307321,1810341.5666666667,3099623.4876269936,521059.64570633974,1711745.3,3213584.9925692677,209905.6074307321
38,2250855.033333333,4083275.567522036,418434.4991446305,2161584.6,3969305.447830507,353863.7521694931,2192018.5166666666,4018997.80672835,365039.2266049832,2082105.5333333334,4362028.356212475,-197817.28954580822,2250855.033333333,4083275.567522036,418434.4991446305,2082105.5333333334,4362028.356212475,-197817.28954580822
39,1588695.8666666667,3396411.8643931365,-219020.13105980307,1533803.2833333334,3324365.351064156,-256758.78439748916,1588525.65,3400338.017837014,-223286.71783701424,1693551.4333333333,4642475.382138702,-1255372.5154720356,1582532.1,3389010.592218815,-223946.3922188147,1693551.4333333333,4642475.382138702,-1255372.5154720356
40,2220910.033333333,4478386.749460865,-36566.682794198394,2164880.966666667,4408752.556128926,-78990.62279559206,2215610.6166666667,4476041.668377465,-44820.43504413171,2571174.466666667,6436737.905964136,-1294388.9726308025,2215016.4,4471767.687919555,-41734.88791955495,2571174.433333333,6436737.873983722,-1294389.0073170555
41,2529180.3,5204166.986254996,-145806.3862549956,2474946.7666666666,5139968.69950881,-190075.16617547674,2513842.5,5192672.50525436,-164987.50525435945,2379200.6,5849306.736538319,-1090905.5365383187,2523876.7333333334,5198317.685862022,-150564.21919535566,2379200.6,5849306.736538319,-1090905.5365383187
42,2608183.6333333333,5241723.9704002775,-25356.703733611386,2550513.65,5171253.369778006,-70226.06977800652,2562092.433333333,5193940.838922481,-69755.97225581482,2667389.2333333334,6684841.114795453,-1350062.6481287861,2597141.5,5228523.521152303,-34240.52115230262,2667389.2,6684841.082499215,-1350062.6824992155
43,2918271.466666667,6151061.619020708,-314518.68568737386,2894852.183333333,6124218.469902175,-334514.10323550785,2931363.783333333,6196291.5773295425,-333564.01066287607,2083454.8666666667,5770759.274992295,-1603849.5416589617,2918271.466666667,6151061.619020708,-314518.68568737386,2083454.8666666667,5770759.274992295,-1603849.5416589617
44,2995482.3333333335,6225115.041394414,-234150.37472774694,2965364.15,6187005.014926095,-256276.71492609428,2934890.7,6154158.736679711,-284377.336679711,1907451.5333333334,5319304.335475041,-1504401.268808374,2995482.3333333335,6225115.041394414,-234150.37472774694,1907451.5333333334,5319304.335475041,-1504401.268808374
45,3375315.933333333,6658252.376155712,92379.49051095452,3346755.4166666665,6621613.939369458,71896.89396387525,3313359.9166666665,6586742.862613704,39976.97071962943,2431418.1,6206647.589310721,-1343811.3893107204,3375315.933333333,6658252.376155712,92379.49051095452,2431418.1,6206647.589310721,-1343811.3893107204
46,3364894.9,6575436.562249607,154353.2377503924,3337501.783333333,6539320.425080989,135683.14158567786,3299404.216666667,6503086.546519054,95721.88681427902,2389519.566666667,6027963.758500561,-1248924.6251672278,3364894.9,6575436.562249607,154353.2377503924,2389519.566666667,6027963.758500561,-1248924.6251672278
47,3941964.5,7891070.787583154,-7141.787583153229,3913781.716666667,7854721.1222948395,-27157.688961505424,3901455.95,7850490.763630295,-47578.8636302948,2537998.5,6490114.904145183,-1414117.904145183,3936639.3,7884441.076937916,-11162.476937916595,2537998.5,6490114.904145183,-1414117.904145183
48,4344803.2,8707665.898598664,-18059.498598663136,4327688.5,8683733.26741023,-28356.26741022896,4312037.183333334,8683799.765508331,-59725.398841664195,2966899.533333333,7552431.077660784,-1618632.0109941177,4344803.2,8707665.898598664,-18059.498598663136,2966899.533333333,7552431.077660784,-1618632.0109941177
49,4016629.033333333,7909422.687956497,123835.37871016888,4007316.183333333,7899058.42016658,115573.94650008623,3985080.8,7891448.945597224,78712.65440277522,3125610.7666666666,7515028.481680416,-1263806.9483470824,4016629.033333333,7909422.687956497,123835.37871016888,3125610.7666666666,7515028.481680416,-1263806.9483470824
50,4138472.8333333335,8574615.632274995,-297669.9656083281,4117471.9166666665,8547390.152880566,-312446.31954723364,4103787.066666667,8540348.137578849,-332774.0042455145,2896991.8666666667,7245610.975511178,-1451627.2421778454,4138472.8333333335,8574615.632274995,-297669.9656083281,2896991.8666666667,7245610.975511178,-1451627.2421778454
51,3935946.2666666666,8272689.080395403,-400796.5470620701,3915586.7,8246017.991935138,-414844.5919351373,3915691.6333333333,8252217.593671259,-420834.32700459147,2740835.6,6908550.768395508,-1426879.568395507,3935946.2666666666,8272689.080395403,-400796.5470620701,2740835.6,6908550.768395508,-1426879.568395507
52,3771412.3333333335,8168566.121743318,-625741.4550766503,3762772.35,8159160.417834187,-633615.7178341872,3760374.3333333335,8167478.535886513,-646729.8692198456,3387279.1333333333,7913981.874182565,-1139423.607515899,3771412.3333333335,8168566.121743318,-625741.4550766503,3387279.1333333333,7913981.874182565,-1139423.607515899
53,3214254.9,7457034.692264961,-1028524.8922649617,3214254.9,7457034.692264961,-1028524.8922649617,3215547.816666667,7460909.121246019,-1029813.4879126851,2685066.6666666665,7034300.322614687,-1664166.989281353,3214254.9,7457034.692264961,-1028524.8922649617,2685066.6666666665,7034300.322614687,-1664166.989281353
54,3051409.2333333334,7302411.726504758,-1199593.2598380912,3051409.2333333334,7302411.726504758,-1199593.2598380912,3061695.7666666666,7315583.972393103,-1192192.4390597697,2540474.2,6772760.103643681,-1691811.7036436806,3051409.2333333334,7302411.726504758,-1199593.2598380912,2540474.1666666665,6772760.067820564,-1691811.7344872314
55,4269339.2,9625827.16117403,-1087148.7611740287,4252503.7,9602539.930565074,-1097532.5305650737,4242083.5,9584932.135669503,-1100765.1356695043,3116052.5,8470661.751122285,-2238556.7511222837,4269339.2,9625827.16117403,-1087148.7611740287,3116052.5,8470661.751122285,-2238556.7511222837
56,3319704.033333333,7434979.069128077,-795571.0024614101,3287104.2,7398870.062060617,-824661.662060617,3307938.966666667,7418850.435309384,-802972.50197605,2462382.7666666666,6555253.8062043255,-1630488.2728709923,3319704.033333333,7434979.069128077,-795571.0024614101,2462382.7666666666,6555253.8062043255,-1630488.2728709923
57,4849632.8,9393106.829823697,306158.77017630264,4795450.266666667,9325907.318171121,264993.215162212,4811386.95,9332516.407499757,290257.49250024464,3367213.8666666667,7763216.474515356,-1028788.7411820223,4849632.8,9393106.829823697,306158.77017630264,3367213.8333333335,7763216.438015824,-1028788.7713491567
58,3806062.2,8129545.70797223,-517421.30797223,3764643.5,8082995.619256579,-553708.6192565793,3794454.6666666665,8112515.503492452,-523606.17015911965,3058084.9,7382805.692164296,-1266635.892164296,3806062.2,8129545.70797223,-517421.30797223,3058084.9,7382805.692164296,-1266635.892164296
59,4052375.4,8370653.340922337,-265902.54092233675,4004903.1166666667,8316763.03903549,-306956.80570215685,3972624.9,8263125.439149221,-317875.63914922206,3023762.2333333334,7256719.784194046,-1209195.317527379,4052375.4,8370653.340922337,-265902.54092233675,3023762.2333333334,7256719.784194046,-1209195.317527379
60,4891454.566666666,9467118.524389554,315790.60894377995,4817253.666666667,9377324.64169494,257182.69163839333,4730308.8,9244329.637318866,216287.9626811333,2996187.1,7273132.4751286935,-1280758.2751286938,4891454.566666666,9467118.524389554,315790.60894377995,2996187.1,7273132.4751286935,-1280758.2751286938
61,4323808.0,8790654.147352777,-143038.14735277835,4263106.15,8721095.853304502,-194883.55330449995,4263437.783333333,8724546.488701705,-197670.9220350394,3073026.466666667,7424625.165618014,-1278572.23228468,4323808.0,8790654.147352777,-143038.14735277835,3073026.433333333,7424625.129871361,-1278572.2632046943
62,4304698.533333333,8739260.429587575,-129863.36292090826,4237827.133333334,8662157.162313027,-186502.89564635977,4258261.966666667,8685943.782612383,-169419.84927904885,3176291.7333333334,7508683.354982398,-1156099.8883157317,4304698.533333333,8739260.429587575,-129863.36292090826,3176291.7333333334,7508683.354982398,-1156099.8883157317
63,4863290.133333334,9442597.445848148,283982.82081852015,4712428.483333333,9277998.836781757,146858.12988490984,4700784.733333333,9252286.78308729,149282.6835793769,3244723.2,7559638.211119509,-1070191.811119509,4859427.6,9438378.511174534,280476.6888254648,3244723.2,7559638.211119509,-1070191.811119509
64,4941624.133333334,9519206.409099137,364041.8575675301,4864044.766666667,9426680.000528239,301409.5328050954,4872147.166666667,9425050.295296036,319244.03803729825,3271202.3,7522660.464198728,-980255.8641987285,4930871.166666667,9507354.142700702,354388.19063263293,3271202.3,7522660.464198728,-980255.8641987285
65,4341822.933333334,8689731.836267693,-6085.969601025805,4277922.25,8615491.381057668,-59646.88105766848,4326157.266666667,8672920.852258489,-20606.318925154395,3315844.7,7527867.03914117,-896177.6391411694,4321879.666666667,8667024.939649537,-23265.60631620232,3315844.7,7527867.03914117,-896177.6391411694
66,3931869.533333333,8279492.161710431,-415753.09504376445,3814855.55,8155130.138293129,-525419.0382931298,3869619.1,8220407.936691757,-481169.7366917576,3110486.066666667,7306825.84439153,-1085853.7110581961,3906941.7,8252858.642548696,-438975.24254869577,3110486.066666667,7306825.84439153,-1085853.7110581961
67,4029283.7,8355066.980375535,-296499.5803755345,3947962.0,8270385.063375143,-374461.06337514333,3982438.8666666667,8312606.100094382,-347728.3667610488,3006576.5,7158781.129985087,-1145628.1299850866,4018288.566666667,8345271.502563287,-308694.36922995234,3006576.5,7158781.129985087,-1145628.1299850866
68,4434350.933333334,8767234.439339831,101467.42732683662,4361853.45,8693217.917541355,30488.98245864641,4356127.25,8688480.680273317,23773.81972668413,3048626.1,7227639.905098129,-1130387.7050981284,4411861.8,8745285.276049597,78438.32395040244,3048626.1,7227639.905098129,-1130387.7050981284
69,5117580.8,9841137.3923938,394024.2076062001,4988332.65,9675654.753622644,301010.5463773571,4935039.6,9565328.277511459,304750.92248854134,2970739.1,7122800.95314457,-1181322.7531445697,5109845.666666667,9834380.154146127,385311.1791872056,2970739.1,7122800.95314457,-1181322.7531445697
70,5415940.266666667,10270421.654478248,561458.8788550859,5302549.0,10123092.395667002,482005.6043329984,5299242.1,10100587.783074861,497896.41692513786,2916982.6666666665,7038568.573988424,-1204603.2406550907,5390813.4,10245730.823140126,535895.9768598741,2916982.6666666665,7038568.573988424,-1204603.2406550907
71,4529101.133333334,8922222.881731575,135979.38493509218,4428529.366666666,8806345.015977815,50713.71735551767,4419029.216666667,8782101.071113303,55957.36222003121,2720084.2666666666,6876006.10482478,-1435837.5714914459,4503809.366666666,8896591.233125247,111027.50020808447,2720084.2666666666,6876006.10482478,-1435837.5714914459
72,5698426.0,10610572.027834259,786279.972165741,5613583.1,10504246.123915121,722920.0760848774,5624858.966666667,10491069.297982827,758648.6353505077,3128582.7,7325547.999564979,-1068382.5995649789,5664876.133333334,10577042.793265257,752709.4734014096,3128582.7,7325547.999564979,-1068382.5995649789
73,5198294.833333333,9695956.801266745,700632.8653999222,5089836.2,9593593.18910889,586079.2108911099,5136783.866666666,9626422.98384701,647144.7494863216,3288763.6666666665,7572374.6926227305,-994847.359289398,5153968.6,9655304.866019491,652632.3339805072,3288763.6666666665,7572374.6926227305,-994847.359289398
74,5764921.9,10675765.879357561,854077.9206424402,5653526.9,10551193.820090776,755859.9799092244,5670550.583333333,10558807.36683363,782293.799833037,3237151.933333333,7454866.579942191,-980562.7132755253,5739335.7,10652525.063184971,826146.3368150294,3237151.6333333333,7454866.280331347,-980563.0136646801
75,5200945.766666667,9688487.052657682,713404.4806756498,5123175.05,9613423.68225936,632926.4177406393,5100694.2,9576856.809879355,624531.5901206443,3284880.8,7538784.011852359,-969022.4118523598,5189767.4,9678420.555365961,701114.2446340388,3284880.6666666665,7538783.8914161455,-969022.558082812
76,5998169.7,11038936.183036922,957403.2169630788,5898126.733333333,10918962.506831467,877290.9598351996,5854165.65,10839325.659542225,869005.6404577754,3406461.3333333335,7759982.236939371,-947059.5702727032,5990821.5,11032635.531234948,949007.468765052,3406461.1666666665,7759982.059416618,-947059.7260832847
77,6100495.066666666,11198395.712770801,1002594.4205625318,6008484.366666666,11090105.5604471,926863.1728862328,5984105.666666667,11031891.895641014,936319.437692319,3400196.3,7785173.684031379,-984781.0840313798,6085402.7,11185029.490144406,985775.9098555939,3400196.1666666665,7785173.524455516,-984781.1911221822
78,5523860.033333333,10295924.747015305,751795.3196513606,5501580.85,10271376.076179283,731785.6238207165,5485274.2,10245166.082637604,725382.317362396,3568313.466666667,8066472.812203953,-929845.8788706195,5515883.066666666,10289032.780067101,742733.3532662326,3568313.4,8066472.7623493485,-929845.9623493482
79,5788043.6,10730565.42268661,845521.7773133889,5726022.733333333,10669913.606278397,782131.8603882706,5701507.066666666,10635572.443029001,767441.6903043306,3817018.533333333,8543950.781080976,-909913.7144143106,5774734.833333333,10718878.498934183,830591.1677324837,3817018.3333333335,8543950.550464228,-909913.8837975613
80,6443573.066666666,12428517.14561518,458628.9877181528,6368715.916666667,12355682.887953922,381748.94537941087,6340038.933333334,12318911.736440774,361166.1302258922,4435165.333333333,10300119.352618203,-1429788.6859515375,6435455.1,12421442.369157895,449467.83084210474,4435165.233333333,10300119.255573139,-1429788.7889064718
81,6304670.066666666,11795841.440255854,813498.6930774786,6211800.316666666,11691038.69286266,732561.9404706731,6159755.35,11613755.542673113,705755.1573268864,4071884.433333333,8971384.256461719,-827615.3897950524,6290547.4,11783349.588596426,797745.2114035748,4071884.3,8971384.102215013,-827615.5022150129
82,6982912.666666667,13449133.556259368,516691.77707396634,6907302.55,13359490.923028555,455114.1769714439,6847227.833333333,13278917.957160614,415537.7095060516,4817353.433333334,10802914.794185903,-1168207.9275192358,6965855.733333333,13434141.971894149,497569.494772519,4817353.366666666,10802914.751170043,-1168208.0178367104
83,5676149.633333334,10815748.444132024,536550.8225346431,5588343.216666667,10721888.6431409,454797.7901924327,5535559.233333333,10661024.98803838,410093.478628288,4014439.2,8988235.985067526,-959357.5850675255,5671972.8,10811998.108480375,531947.4915196244,4014439.1666666665,8988235.952850338,-959357.6195170055
84,6081355.8,12176960.406430475,-14248.806430474855,6041752.516666667,12129378.47967465,-45873.44634131715,6004556.25,12083483.75410404,-74371.2541040415,4554348.666666667,10587215.193526154,-1478517.8601928204,6081355.8,12176960.406430475,-14248.806430474855,4554348.666666667,10587215.214977797,-1478517.8816444622
85,6374369.366666666,12657100.896418165,91637.83691516612,6334629.916666667,12609575.97633589,59683.85699744336,6285545.533333333,12552528.229498027,18562.837168639526,4872051.866666666,11140599.971010536,-1396496.2376772044,6374369.366666666,12657100.896418165,91637.83691516612,4872051.833333333,11140599.938983675,-1396496.27231701
86,7050812.266666667,13744292.92707902,357331.60625431314,7001665.116666666,13671248.715046767,332081.5182865644,6938922.016666667,13587050.818838626,290793.21449470613,5191627.7,11478692.174484495,-1095436.7744844947,7050812.266666667,13744292.92707902,357331.60625431314,5191627.666666667,11478692.118503869,-1095436.7851705356
87,7065059.333333333,13704898.24022775,425220.4264389165,7013457.1,13634018.802487262,392895.39751273673,6944504.316666666,13545971.627819741,343037.0055135917,5156168.9,11407245.955050696,-1094908.1550506959,7060474.5,13700918.678181421,420030.321818579,5156168.866666666,11407245.923212934,-1094908.1898796028
88,5901671.5,11362444.547114715,440898.45288528595,5828372.8,11283030.908479836,373714.6915201638,5760399.65,11201408.443947263,319390.85605273675,4952292.6,10364813.497257076,-460228.2972570779,5887698.466666667,11349666.831103142,425730.10223019216,4952292.6,10364813.497257076,-460228.2972570779
89,6020059.6,11492051.443280123,548067.756719877,5937742.15,11404201.462948207,471282.837051793,5868468.25,11320968.094058704,415968.40594129544,5008289.133333334,10416139.952871595,-399561.686204928,6005962.133333334,11479015.007898906,532909.2587677613,5008289.1,10416139.920534473,-399561.7205344746
90,6504258.2,12906572.644521665,101943.75547833461,6465955.483333333,12857814.855917837,74096.11074882839,6402340.133333334,12779982.58967194,24697.676994728856,5614460.066666666,11962179.026978137,-733258.8936448041,6504258.2,12906572.644521665,101943.75547833461,5614460.033333333,11962178.994615106,-733258.9279484395
91,5774927.1,11130647.60761797,419206.59238202777,5733854.016666667,11075448.843129644,392259.19020368904,5653207.533333333,10974062.14952714,332352.91713952646,4900969.9,10176168.907890534,-374229.1078905333,5774927.1,11130647.60761797,419206.59238202777,4900969.9,10176168.907890534,-374229.1078905333
92,6278390.266666667,12507884.020259375,48896.51307395846,6237245.383333334,12455029.361053333,19461.405613333918,6176302.6,12379482.888848308,-26877.68884830922,5445554.733333333,11612146.873378899,-721037.4067122312,6278390.266666667,12507884.020259375,48896.51307395846,5445554.733333333,11612146.873378899,-721037.4067122312
93,6150750.033333333,12384526.720433425,-83026.65376675967,6109571.15,12331535.754433587,-112393.45443358645,6049466.733333333,12256281.979978435,-157348.51331176795,5267110.666666667,11428065.042307664,-893843.7089743298,6150750.033333333,12384526.720433425,-83026.65376675967,5267110.666666667,11428065.042307664,-893843.7089743298
94,5127796.666666667,9432404.975287072,823188.3580462607,5077666.866666666,9365647.18454153,789686.5487918025,5018187.95,9281600.344776295,754775.5552237043,4257614.566666666,8428136.210481275,87092.92285205796,5127796.666666667,9432404.975287072,823188.3580462607,4257614.533333333,8428136.178164896,87092.88850177126
95,5271310.7,9583295.288456516,959326.111543484,5205974.216666667,9502892.674576169,909055.7587571647,5144446.05,9417481.699365254,871410.4006347451,4425025.6,8633293.467878021,216757.73212197796,5263496.8,9576424.434616229,950569.1653837711,4425025.566666666,8633293.43602144,216757.6973118931
96,5231677.133333334,9555435.324263997,907918.9424026711,5159075.433333334,9467756.892772745,850393.9738939218,5089233.733333333,9370548.712515332,807918.754151334,4425294.666666667,8646411.554350147,204177.77898318693,5211992.466666667,9537978.839717548,886006.0936157862,4425294.533333333,8646411.293831762,204177.77283490356
97,5716037.3,11131013.036409872,301061.563590128,5639572.633333334,11042198.516026802,236946.75063986517,5601511.416666667,10987932.533334324,215090.29999900982,4908487.066666666,10258368.988919396,-441394.8555860622,5696275.666666667,11113268.87615518,279282.4571781531,4908486.9,10258368.72899402,-441394.92899401765
98,5539566.066666666,11893608.095909104,-814475.9625757709,5505857.5,11860070.163523236,-848355.1635232363,5494443.116666666,11845447.891786624,-856561.6584532922,5423805.433333334,11786938.065256182,-939327.1985895149,5527940.833333333,11882983.359201545,-827101.6925348788,5423805.4,11786938.012082327,-939327.2120823264
99,5252757.533333333,11302667.884063683,-797152.817397018,5215524.466666667,11265596.973801335,-834548.0404680017,5204017.8,11250843.117797725,-842807.5177977243,5117587.333333333,11176287.54770357,-941112.8810369037,5233424.233333333,11284919.285811242,-818070.8191445749,5117587.266666667,11176287.446861949,-941112.9135286147
100,5305457.9,11466501.256398935,-855585.456398935,5268545.233333333,11429746.822138008,-892656.3554713409,5264575.416666667,11421534.840457618,-892384.0071242843,5172039.133333334,11341991.15442704,-997912.8877603719,5286378.833333333,11448987.528604247,-876229.8619375797,5172039.166666667,11341991.185486788,-997912.852153454
101,6075649.5,12671275.002897002,-519976.0028970009,6039356.45,12632711.404381404,-553998.5043814033,6038687.95,12623554.891414436,-546178.9914144352,5954991.4,12559903.369998675,-649920.5699986732,6056923.366666666,12654283.906054607,-540437.1727212742,5954991.3,12559903.23973649,-649920.6397364913
102,6443942.866666666,12927162.765198683,-39277.0318653509,6386207.316666666,12863843.668799749,-91429.03546641581,6418230.683333334,12892710.299298618,-56248.932631950825,5816375.2,12296882.791585384,-664132.3915853836,6411542.533333333,12894187.618216489,-71102.55154982302,5816375.166666667,12296882.760148663,-664132.4268153282
103,6110891.766666667,12331410.201232538,-109626.66789920442,6055897.283333333,12272057.387301628,-160262.8206349602,6106551.983333333,12317584.955652365,-104480.98898569867,5547401.033333333,11772115.077548474,-677313.0108818077,6079409.666666667,12299707.422205051,-140888.08887171745,5547401.033333333,11772115.077548474,-677313.0108818077
104,5488628.766666667,11597243.781426053,-619986.2480927194,5436079.433333334,11543573.732311316,-671414.8656446496,5499663.55,11609189.178637203,-609862.0786372041,4955262.5,11065183.089910476,-1154658.0899104755,5455163.333333333,11563033.478420485,-652706.8117538188,4955262.5,11065183.089910476,-1154658.0899104755
105,5577899.766666667,11632976.556521837,-477177.0231885044,5523223.65,11575577.811670106,-529130.5116701061,5583806.616666666,11639122.762670591,-471509.529337259,4985946.133333334,11031413.51071586,-1059521.2440491943,5543080.3,11596390.17743524,-510229.57743524015,4985946.133333334,11031413.51071586,-1059521.2440491943
106,6172861.266666667,11933851.612665728,411870.9206676055,6106981.25,11861052.73141655,352909.76858344954,6139883.016666667,11886410.339845788,393355.6934875455,5460986.9,11199647.115459742,-277673.3154597413,6134590.366666666,11893953.198449582,375227.5348837497,5460986.9,11199647.115459742,-277673.3154597413
107,6508404.566666666,12662365.214083489,354443.9192498429,6441766.7,12587453.539955553,296079.86004444864,6477320.516666667,12619117.085920572,335523.94741276,5708689.233333333,11824296.196598753,-406917.7299320856,6468989.0,12619790.209595019,318187.790404981,5708689.3,11824296.279377956,-406917.67937795725
108,6212927.766666667,12300736.514975693,125119.0183576392,6139297.633333334,12216866.249287818,61729.01737884991,6175481.633333334,12250933.727000602,100029.53966606595,5416551.7,11463594.55588644,-630491.1558864396,6168318.833333333,12251155.352136374,85482.31453029346,5416551.716666667,11463594.570575489,-630491.1372421551
109,5499042.2,11990233.997510005,-992149.5975100053,5422581.1,11901850.37380471,-1056688.1738047125,5463417.366666666,11945844.556502625,-1019009.8231692938,4670527.1,11096027.175629092,-1754972.9756290931,5450325.366666666,11933747.959847536,-1033097.2265142044,4670527.083333333,11096027.131731996,-1754972.9650653303
110,6903101.633333334,13332385.413848393,473817.85281827487,6775140.416666667,13178661.545631498,371619.2877018349,6723117.716666667,13107793.75039059,338441.6829427453,5351123.6,11657574.631807067,-955327.4318070663,6890325.1,13321161.731826583,459488.46817341633,5351123.616666666,11657574.646600366,-955327.4132670332
111,6390240.033333333,11363163.04371335,1417317.0229533156,6261202.55,11196707.636422072,1325697.463577928,6214432.583333333,11125723.84208324,1303141.3245834261,4877024.833333333,9744983.74402851,9065.92263815552,6378275.8,11352935.172673224,1403616.427326776,4877024.833333333,9744983.74402851,9065.92263815552
112,6575761.1,12204085.666076662,947436.5339233372,6431238.25,12024255.480393618,838221.0196063826,6385310.683333334,11959602.215076221,811019.151590446,5074290.833333333,10663286.168810988,-514704.5021443218,6550672.666666667,12176159.169260241,925186.1640730929,5074290.883333334,10663286.217292808,-514704.45062614046
113,7529162.8,13783466.989938017,1274858.6100619826,7368856.6,13591239.286890574,1146473.9131094255,7352833.016666667,13565408.774788903,1140257.2585444301,5934832.066666666,12172268.233193439,-302604.0998601066,7471111.466666667,13715880.45048698,1226342.4828463523,5934832.1,12172268.266913384,-302604.0669133859
114,6861017.933333334,12609889.58293571,1112146.2837309577,6688257.966666667,12394280.207335994,982235.725997339,6646368.333333333,12342252.67289922,950483.9937674468,5170691.333333333,10809653.178168733,-468270.5115020657,6836516.933333334,12582060.48372703,1090973.3829396367,5170691.333333333,10809653.178168733,-468270.5115020657
115,6418981.466666667,11387939.877527487,1450023.055805848,6267939.566666666,11191415.378580585,1344463.7547527486,6236169.333333333,11143181.98790292,1329156.6787637454,4752199.0,9560493.714179236,-56095.71417923644,6410351.6,11380629.185388565,1440074.0146114342,4752199.0,9560493.714179236,-56095.71417923644
116,6575018.766666667,11711318.634141283,1438718.89919205,6419132.566666666,11511096.83851429,1327168.294819042,6384671.2,11463326.368868535,1306016.031131465,4906244.3,9875658.81691014,-63170.21691014152,6563417.233333333,11699633.011036709,1427201.4556299588,4906244.333333333,9875658.879686892,-63170.21302022692
117,7077363.233333333,12491375.76502746,1663350.7016392061,6918268.883333334,12289900.249256361,1546637.5174103063,6888556.783333333,12246141.553505503,1530972.0131611647,5385662.933333334,10657093.936375467,114231.93029120006,7030406.133333334,12433020.83279782,1627791.4338688478,5385662.933333334,10657093.936375467,114231.93029120006
118,5729920.4,10751289.979139052,708550.8208609484,5562726.516666667,10529601.12505426,595851.9082790725,5530008.15,10487447.916848145,572568.3831518563,4063412.5,8877162.900398519,-750337.900398518,5690268.766666667,10700005.897654831,680531.6356785009,4063412.533333333,8877162.934954451,-750337.868287785
119,6362972.233333333,11348775.529911663,1377168.9367550034,6190696.983333333,11122591.966588095,1258802.000078572,6156733.083333333,11078655.314670734,1234810.851995932,4697096.066666666,9502789.94645799,-108597.81312465575,6331474.366666666,11308917.63827525,1354031.0950580817,4697096.1,9502790.011351082,-108597.81135108322
120,5913562.933333334,10877882.15593631,949243.7107303571,5731713.216666667,10637328.450394338,826097.9829389956,5693601.583333333,10586859.17164139,800343.9950252753,4283783.533333333,9057843.69449497,-490276.62782830466,5906485.733333333,10871089.609828439,941881.8568382291,4283783.533333333,9057843.69449497,-490276.62782830466
121,5268387.8,10241578.534755502,295197.06524449773,5080268.033333333,9984043.17095391,176492.89571275655,5058524.333333333,9949567.116534557,167481.55013210885,3656325.3666666667,8405030.53671951,-1092379.8033861765,5268387.8,10241578.534755502,295197.06524449773,3656325.3,8405030.434340179,-1092379.8343401803
122,5022015.766666667,9673244.857820336,370786.6755129965,4841760.933333334,9420435.641367868,263086.2252987996,4837850.966666667,9400517.053107008,275184.8802263243,3474036.6333333333,7876945.820971478,-928872.5543048107,5022015.766666667,9673244.857820336,370786.6755129965,3474036.6333333333,7876945.820971478,-928872.5543048107
123,4957820.333333333,9416837.036184968,498803.6304816976,4752973.266666667,9126638.369771523,379308.1635618098,4758759.783333333,9119317.976705348,398201.5899613183,3388827.8666666667,7589630.72662181,-811974.9932884765,4957820.333333333,9416837.036184968,498803.6304816976,3388827.8666666667,7589630.72662181,-811974.9932884765
124,4930554.333333333,9320133.095860519,540975.5708061485,4712652.4,9010382.168097649,414922.6319023529,4729571.683333334,9026440.222986244,432703.1436804235,3320923.2333333334,7441488.600837093,-799642.1341704256,4930554.333333333,9320133.095860519,540975.5708061485,3320923.2,7441488.548035073,-799642.1480350727
125,5832399.9,11478872.080468763,185927.71953123808,5631630.25,11217680.46597033,45580.03402967006,5658293.266666667,11246229.830722734,70356.70261059795,4280401.9,9764567.808165807,-1203764.0081658056,5832399.9,11478872.080468763,185927.71953123808,4280401.933333334,9764567.855600325,-1203763.9889336582
126,5587517.866666666,9614231.72571436,1560804.007618973,5414650.05,9363868.718693648,1465431.381306353,5450939.583333333,9407144.33185756,1494734.8348091054,3976592.9,7733717.390485177,219468.40951482346,5587517.866666666,9614231.72571436,1560804.007618973,3976592.933333333,7733717.447687245,219468.41897942126
127,6257413.5,10767925.312867545,1746901.6871324554,6108854.183333334,10561423.132468054,1656285.234198613,6138009.716666667,10591658.134052232,1684361.2992811017,4641634.8,8952886.049987718,330383.55001228116,6257413.5,10767925.312867545,1746901.6871324554,4641634.8,8952886.049987718,330383.55001228116
128,6370374.066666666,11472801.474606205,1267946.658727129,6212484.666666667,11262283.456126597,1162685.877206738,6232545.65,11281298.187046863,1183793.1129531376,4757531.466666667,9686543.480825093,-171480.54749176,6370374.066666666,11472801.474606205,1267946.658727129,4757531.466666667,9686543.480825093,-171480.54749176
129,5260373.4,10415731.32464711,105015.47535289172,5154813.766666667,10272828.258585367,36799.27474796586,5196806.983333333,10321933.795249265,71680.1714174021,4241100.1,9276092.483574413,-793892.2835744126,5260373.4,10415731.32464711,105015.47535289172,4241100.133333334,9276092.53725011,-793892.2705834433
130,5282404.6,10485242.58794906,79566.61205094028,5186468.35,10356652.19156773,16284.508432270028,5221736.016666667,10395564.527921619,47907.505411714315,4272207.066666666,9368023.760875683,-823609.6275423495,5282404.6,10485242.58794906,79566.61205094028,4272207.1,9368023.813414242,-823609.6134142419
131,5546332.7,11030654.123137813,62011.27686218731,5444277.85,10895188.502938733,-6632.802938734181,5492666.483333333,10950366.11294978,34966.853716887534,4630729.933333334,10023859.389871642,-762399.5232049758,5546332.7,11030654.123137813,62011.27686218731,4630729.933333334,10023859.389871642,-762399.5232049758
132,5530344.066666666,10911231.913590133,149456.21974320058,5435018.083333333,10783905.57818686,86130.58847980574,5498397.45,10860251.367848665,136543.53215133678,4532450.066666666,9809882.51367642,-744982.3803430861,5530344.066666666,10911231.913590133,149456.21974320058,4532450.066666666,9809882.51367642,-744982.3803430861
133,5836592.466666667,11492750.268784843,180434.66454848927,5743177.066666666,11370117.940682378,116236.1926509561,5813880.933333334,11455249.98848569,172511.87818097696,4864078.966666667,10422804.920307718,-694646.9869743856,5836592.466666667,11492750.268784843,180434.66454848927,4864079.0,10422804.974167816,-694646.9741678154
134,5982446.366666666,10594052.620623918,1370840.1127094142,5859629.266666667,10434478.356345054,1284780.1769882794,5929563.933333334,10531344.595191741,1327783.2714749258,4933893.866666666,9439298.544344753,428489.18898857944,5980574.633333334,10592445.016536834,1368704.2501298338,4933893.833333333,9439298.484919159,428489.1817475073
135,5777868.966666667,10280102.277606618,1275635.6557267169,5660234.866666666,10127220.834544217,1193248.8987891153,5711150.733333333,10197719.943968514,1224581.5226981528,4798572.766666667,9187790.351855887,409355.1814774461,5777868.966666667,10280102.277606618,1275635.6557267169,4798572.766666667,9187790.351855887,409355.1814774461
136,5211700.5,9755277.087581333,668123.9124186672,5086170.75,9589010.806689713,583330.6933102878,5186442.183333334,9719907.016107008,652977.3505596584,4180639.433333333,8579948.628767103,-218669.7621004372,5211700.5,9755277.087581333,668123.9124186672,4180639.433333333,8579948.628767103,-218669.7621004372
137,5821103.033333333,11387464.88768299,254741.1789836781,5698554.933333334,11233696.92632743,163412.94033923652,5810500.516666667,11375091.368981874,245909.6643514596,4726318.666666667,10166340.703495953,-713703.3701626202,5821103.033333333,11387464.88768299,254741.1789836781,4726318.666666667,10166340.703495953,-713703.3701626202
138,6232158.8,12455985.93024867,8331.669751330279,6100043.666666667,12294323.041746074,-94235.70841274038,6215870.3,12436591.0861993,-4850.486199300736,5164841.033333333,11297001.091357179,-967319.0246905126,6232158.8,12455985.93024867,8331.669751330279,5164841.033333333,11297001.091357179,-967319.0246905126
139,5893695.133333334,11674514.267404955,112875.99926171359,5764687.633333334,11513145.579039898,16229.687626768835,5893150.216666667,11670788.664968006,115511.7683653282,4853291.733333333,10537080.175262224,-830496.7085955562,5893695.133333334,11674514.267404955,112875.99926171359,4853291.733333333,10537080.175262224,-830496.7085955562
140,6021381.233333333,11099585.263968565,943177.2026981022,5907308.116666666,10949029.464772627,865586.7685607057,5927806.95,10987107.311011305,868506.5889886953,5012037.9,9979528.288740374,44547.511259625666,6021381.233333333,11099585.263968565,943177.2026981022,5012037.9,9979528.288740374,44547.511259625666
141,6189929.7,11440723.29879677,939136.1012032311,6073269.266666667,11286471.696549844,860066.8367834883,6005058.65,11218227.591451079,791889.708548923,5088160.666666667,10207505.591024097,-31184.25769076217,6189929.7,11440723.29879677,939136.1012032311,5088160.666666667,10207505.591024097,-31184.25769076217
142,6786965.666666667,12494754.90583147,1079176.4275018647,6678015.8,12354795.86601736,1001235.7339826385,6631785.083333333,12319114.54492465,944455.6217420148,5795112.066666666,11419666.593889168,170557.5394441653,6786965.666666667,12494754.90583147,1079176.4275018647,5795112.066666666,11419666.593889168,170557.5394441653
143,6850523.966666667,12847112.190952629,853935.7423807047,6738543.683333334,12711502.679448778,765584.6872178894,6708924.533333333,12700754.941257823,717094.1254088441,5957131.233333333,11899110.875119615,15151.591547050513,6846674.933333334,12843807.429664556,849542.4370021122,5957131.266666667,11899110.924862858,15151.608470476232
144,6039847.9,11655316.17938511,424379.6206148891,5926565.833333333,11520114.775855847,333016.8908108184,5898152.416666667,11500022.506840926,296282.3264924083,5301854.166666667,10894761.41394576,-291053.0806124257,6032840.3,11649216.226245638,416464.3737543607,5301854.2,10894761.46567244,-291053.06567244045
145,6046919.3,11759211.797681343,334626.8023186559,5930993.2,11618907.513427403,243078.88657259848,5948650.966666667,11662585.414045736,234716.51928759832,5317998.466666667,10979739.103771254,-343742.17043792084,6039767.233333333,11752970.27054073,326564.1961259376,5317998.533333333,10979739.18936663,-343742.1226999629
146,6013382.066666666,11858304.293772213,168459.83956111968,5898659.1,11715667.894378666,81650.30562133435,5942470.783333333,11816649.180503713,68292.38616295345,5227816.533333333,10965205.33613456,-509572.2694678949,6005983.466666667,11851817.124141492,160149.8091918407,5227816.533333333,10965205.33613456,-509572.2694678949
147,5760044.733333333,11354811.876492895,165277.59017377254,5647859.383333334,11213805.998952664,81912.76771400217,5706584.933333334,11370377.29082864,42792.57583802752,4972726.133333334,10443785.293589903,-498333.0269232355,5752059.333333333,11347797.193769341,156321.4728973247,4972726.133333334,10443785.293589903,-498333.0269232355
148,5139610.466666667,10497341.629532602,-218120.6961992681,5022424.75,10347140.45746972,-302290.95746971946,5075551.416666667,10446954.980756054,-295852.14742271975,4495550.133333334,9795689.509861652,-804589.2431949833,5131863.8,10490462.585163537,-226734.98516353872,4495550.166666667,9795689.548420832,-804589.2150874985
149,4884634.566666666,10062950.779842768,-293681.64650943596,4771106.316666666,9920492.107214391,-378279.47388105746,4891075.216666667,10123100.718928881,-340950.2855955465,4506198.8,9738199.386592384,-725801.7865923848,4877215.066666666,10056346.988520987,-301916.85518765356,4506198.866666666,9738199.456741147,-725801.7234078143
150,5939806.9,12159816.561352119,-280202.7613521181,5830325.733333333,12027799.50246092,-367148.03579425253,5936232.75,12278877.35793832,-406411.8579383185,5505018.5,11834938.11044285,-824901.1104428498,5931229.1,12152093.868978433,-289635.668978435,5505018.533333333,11834938.144341365,-824901.0776746981
151,5858403.6,11740847.998593478,-24040.798593478277,5753297.633333334,11614802.280144706,-108207.0134780379,5951172.3,12062974.612058202,-160630.01205820218,5522956.566666666,11590851.420832917,-544938.2874995843,5848976.4,11732352.782951022,-34399.98295102082,5522956.566666666,11590851.420832917,-544938.2874995843
152,4826222.833333333,9526307.773045003,126137.89362166356,4724966.7,9394086.697306989,55846.70269301161,4880802.416666667,9698632.521295175,62972.31203815807,4525812.533333333,9369044.945972554,-317419.87930588797,4816173.333333333,9517148.307672765,115198.35899390001,4525812.533333333,9369044.945972554,-317419.87930588797
153,6102435.533333333,12109497.160289802,95373.90637686569,6001664.4,11987490.884782096,15837.915217904374,6254315.85,12604883.963949148,-96252.26394914743,5865134.566666666,12174440.192570634,-444171.05923730135,6091073.5,12099158.72365474,82988.27634525951,5865134.566666666,12174440.192570634,-444171.05923730135
154,5950308.766666667,11814726.533617448,85890.99971588608,5847404.8,11690231.44565121,4578.154348788783,5839420.133333334,11741091.318897292,-62251.05223062541,5726773.766666667,11968626.357213259,-515078.82387992553,5939462.9,11804831.315444827,74094.48455517273,5726773.766666667,11968626.357213259,-515078.82387992553
155,5858095.9,11597418.114165783,118773.68583421875,5756704.466666667,11476403.517385136,37005.41594819818,5806408.483333333,11653461.3706494,-40644.403982732445,6132298.133333334,12849331.238108804,-584734.9714421369,5847790.866666666,11588000.704075199,107581.02925813477,6132298.133333334,12849331.238108804,-584734.9714421369
156,5761942.033333333,11390258.780240394,133625.28642627224,5662844.7,11274575.547545597,51113.852454403415,5642161.25,11315126.994562678,-30804.49456267804,6056751.433333334,12627141.690975275,-513638.82430860866,5750059.233333333,11379252.079594648,120866.38707201928,6056751.433333334,12627141.690975275,-513638.82430860866
157,6266759.3,12186862.267475199,346656.3325248007,6172860.033333333,12078090.709818423,267629.3568482436,6152182.3,12092991.363523396,211373.2364766039,6491015.866666666,13245418.123245342,-263386.38991200924,6255668.333333333,12176678.391792431,334658.2748742355,6491015.866666666,13245418.123245342,-263386.38991200924
158,6670825.466666667,12655979.121551927,685671.8117814064,6575891.05,12542843.447877437,608938.6521225618,6580360.683333334,12631066.09712931,529655.2695373576,6849672.3,13759156.124550693,-59811.52455069404,6659439.966666667,12645504.22015287,673375.7131804647,6849672.266666667,13759156.086891666,-59811.55355833378
159,5973545.333333333,11275886.679714808,671203.9869518578,5878127.016666667,11156896.651217874,599357.3821154591,5894734.35,11250138.288420103,539330.4115798958,6091123.5,12085202.338200822,97044.66179917753,5962955.933333334,11266070.14437264,659841.722294027,6091123.466666667,12085202.302719595,97044.63061373867
160,6714012.733333333,12563329.146780211,864696.3198864562,6628389.516666667,12459648.034649812,797130.9986835215,6562227.783333333,12426758.914209105,697696.6524575604,6706550.133333334,13364558.184530914,48542.082135753706,6703255.4,12553323.717048854,853187.0829511471,6706550.133333334,13364558.184530914,48542.082135753706
161,7575299.766666667,14559241.152386632,591358.3809467005,7497837.166666667,14469808.898927553,525865.4344057813,7414731.65,14399465.739747744,429997.5602522567,7424606.9,14910941.771581497,-61727.9715814963,7564344.866666666,14549127.154898085,579562.5784352487,7424606.9,14910941.771581497,-61727.9715814963
162,8063801.066666666,15891518.122839347,236084.0104939863,7982699.45,15800067.75075432,165331.1492456803,7892997.95,15718481.11748315,67514.78251685016,7831829.8,16131048.462088186,-467388.86208818667,8052925.3,15881498.960227087,224351.63977291156,7831829.766666667,16131048.424765982,-467388.8914326485
163,8058135.033333333,15876209.672803175,240060.39386349265,7981893.25,15792621.024071166,171165.4759288337,7881633.683333334,15701015.898481198,62251.46818547044,7901469.4,16192918.527569756,-389979.72756975424,8047654.5,15866512.950021073,228796.0499789277,7901469.366666666,16192918.490391638,-389979.7570583066
164,7850387.066666666,15898870.967108242,-198096.83377490938,7775706.766666667,15818768.269672345,-267354.73633901216,7670360.266666667,15722593.139941562,-381872.60660822876,7714532.8,16209501.98334667,-780436.3833466703,7838435.766666667,15887668.505376566,-210796.97204323392,7714532.8,16209501.98334667,-780436.3833466703
165,7144442.833333333,14683101.547164477,-394215.88049781043,7071852.4,14602317.270045402,-458612.4700454008,6954549.633333334,14495145.867688749,-586046.6010220824,7015694.233333333,14842511.300737035,-811122.8340703677,7132066.533333333,14671423.771176193,-407290.7045095265,7015694.2,14842511.25995892,-811122.8599589188
166,7806160.4,15506512.861875396,105807.93812460545,7734222.133333334,15426429.746573677,42014.52009299025,7602540.333333333,15307732.06079814,-102651.3941314742,7532317.233333333,15665069.791790806,-600435.3251241399,7793176.9,15494406.644965626,91947.15503437445,7532317.2,15665069.75403653,-600435.3540365305
167,7113543.566666666,14510042.11353615,-282954.9802028164,7043021.75,14431391.747926135,-345348.2479261337,6891897.483333333,14293219.562771097,-509424.59610443097,6842454.0,14510185.455895495,-825277.4558954947,7098855.366666666,14496089.61594243,-298378.88260909636,6842454.0,14510185.455895495,-825277.4558954947
168,7581476.833333333,14855449.712374363,307503.954292302,7513450.883333334,14782782.503277965,244119.26338870358,7383056.083333333,14665223.2961961,100888.87047056574,7355655.866666666,15133014.05554067,-421702.3222073363,7565835.133333334,14840725.659472771,290944.6071938975,7355655.833333333,15133014.01812208,-421702.3514554156
169,7857085.7,15381136.767716886,333034.6322831139,7791992.366666666,15313366.063258447,270618.6700748848,7655086.233333333,15191174.658385072,118997.80828159489,7651918.933333334,15666829.953617927,-362992.0869512586,7841999.5,15367062.319402583,316936.6805974161,7651918.933333334,15666829.953617927,-362992.0869512586
170,7302569.5,14079283.479272451,525855.5207275487,7242965.15,14016533.786443142,469396.5135568585,7127139.1,13911996.329784766,342281.8702152325,7037910.033333333,14171067.739565324,-95247.67289865669,7288889.4,14066489.641722769,511289.15827723313,7037909.966666667,14171067.669035433,-95247.73570209928
171,8082452.266666667,15338817.14209678,826087.391236553,8028210.95,15283973.752192125,772448.1478078747,7916013.9,15183864.57439902,648163.2256009802,7956349.9,15845332.98441827,67366.81558173243,8070017.033333333,15327320.326051975,812713.7406146917,7956349.9,15845332.98441827,67366.81558173243
172,7857890.9,15234483.525376897,481298.2746231044,7813010.933333334,15189902.992047079,436118.8746195892,7683136.816666666,15073066.885606602,293206.747726731,7642079.366666666,15551062.191295095,-266903.4579617614,7844324.2,15221684.877723418,466963.5222765831,7642079.366666666,15551062.191295095,-266903.4579617614
173,8350226.7,16158877.09861649,541576.3013835102,8296296.316666666,16104071.392635342,488521.2406979902,8136029.366666666,15959015.369747661,313043.36358567234,7816520.1,15971442.250989664,-338402.0509896651,8335306.5,16144651.512109637,525961.4878903637,7816520.1,15971442.250989664,-338402.0509896651
174,7517108.6,14641807.37059775,392409.8294022484,7471676.8,14594635.069231518,348718.530768482,7317544.166666667,14453689.55874955,181398.7745837858,6896850.433333334,14241856.915489038,-448156.0488223713,7501724.666666667,14626750.850199345,376698.4831339875,6896850.366666666,14241856.843751289,-448156.11041795556
175,8480440.333333334,16420418.405234043,540462.2614326254,8444971.766666668,16384742.131840674,505201.40149266087,8294684.55,16247230.619220972,342138.48077902663,7901783.4,16279732.77897156,-476165.9789715586,8465301.133333333,16405922.090468049,524680.1761986157,7901783.366666666,16279732.747688493,-476166.0143551603
176,8577725.4,16650186.119797446,505264.68020255584,8544615.35,16616775.332089039,472455.3679109607,8384679.766666667,16469942.671905134,299416.86142819934,8108908.533333333,16679150.485951466,-461333.41928480007,8563603.833333334,16636596.956288993,490610.71037767455,8108908.533333333,16679150.485951466,-461333.41928480007
177,7806323.733333333,14650274.961121505,962372.5055451617,7773730.166666667,14616690.45810231,930769.8752310239,7589106.883333334,14445092.943671435,733120.8229952315,7304477.2,14555420.832737148,53533.567262852564,7792002.366666666,14636128.7042598,947876.0290735327,7304477.166666667,14555420.792489704,53533.54084362928
178,7663855.333333333,14389047.70677147,938662.9598951954,7653894.066666666,14377969.32049372,929818.8128396133,7526573.55,14261729.866673902,791417.2333260989,7247282.933333334,14284561.119089048,210004.74757761974,7663855.333333333,14389047.70677147,938662.9598951954,7247282.9,14284561.077901397,210004.7220986029
179,6467799.0,11568885.856889097,1366712.143110903,6447170.333333333,11545877.323042631,1348463.3436240358,6254697.9,11363009.977313716,1146385.8226862838,5954751.7,11331962.66791049,577540.7320895102,6467799.0,11568885.856889097,1366712.143110903,5954751.666666667,11331962.621827647,577540.7115056878
180,6342846.9,11384547.721119761,1301146.0788802393,6310922.65,11349889.859053183,1271955.4409468165,6136141.616666666,11184406.821248017,1087876.4120853152,5885094.166666667,11238262.031298269,531926.3020350654,6327866.6,11369245.450585272,1286487.749414728,5885094.1,11238261.95215252,531926.2478474788
181,6202316.4,11195133.574861187,1209499.2251388142,6177596.666666667,11169553.81114215,1185639.5221911827,5995188.066666666,10994902.796279117,995473.3370542154,5950676.366666666,11379534.649315115,521818.0840182174,6186358.266666667,11178566.45876786,1194150.074565474,5950676.366666666,11379534.649315115,521818.0840182174
182,6921431.566666666,12497757.249406062,1345105.8839272717,6898850.9,12474187.78800013,1323514.0119998725,6687752.083333333,12270629.215084821,1104874.951581846,6625852.1,12807655.003668522,444049.1963314768,6909667.366666666,12485434.08829334,1333900.6450399933,6625852.1,12807655.003668522,444049.1963314768
183,6215415.133333334,10828290.772523642,1602539.494143026,6214083.233333333,10826820.540271722,1601345.926394946,5970239.683333334,10581830.011577599,1358649.3550890675,5854435.433333334,10948285.616337884,760585.250328783,6215415.133333334,10828290.772523642,1602539.494143026,5854435.433333334,10948285.616337884,760585.250328783
184,6303995.533333333,10855601.497613937,1752389.5690527307,6285757.75,10834663.319200024,1736852.180799976,6022928.15,10563650.304067444,1482205.9959325576,5824878.666666667,10791006.743388055,858750.5899452791,6302431.7,10853795.172113892,1751068.2278861096,5824878.666666667,10791006.76085617,858750.5724771637
185,6381461.733333333,11181495.173056703,1581428.2936099647,6365164.4,11162675.759047985,1567653.0409520166,6130788.933333334,10913276.918687232,1348300.9479794353,6090365.733333333,11775333.948521066,405397.51814560033,6381461.733333333,11181495.173056703,1581428.2936099647,6090365.666666667,11775333.8736092,405397.45972413477
186,5716225.033333333,10472016.11243775,960433.9542289171,5701706.333333333,10456203.905298991,947208.7613676749,5571008.4,10319555.716938365,822461.0830616364,5895065.933333334,11472145.391052907,317986.47561375983,5716225.033333333,10472016.11243775,960433.9542289171,5895065.933333334,11472145.391052907,317986.47561375983
187,5672787.566666666,10299053.76642691,1046521.366906424,5659671.383333334,10284257.652831081,1035085.1138355853,5514848.733333333,10127742.842168849,901954.6244978188,5724712.0,11032785.729530875,416638.2704691263,5672787.566666666,10299053.76642691,1046521.366906424,5724711.966666667,11032785.689137738,416638.24419559445
188,5691185.2,10372096.57295055,1010273.827049451,5679385.883333334,10359677.712270312,999094.0543963555,5614454.65,10292084.354406372,936824.9455936281,5790551.933333334,11125072.787193075,456031.07947359234,5691185.2,10372096.57295055,1010273.827049451,5790551.966666667,11125072.827429127,456031.1059042057
189,5149453.066666666,9130909.143795485,1167996.9895378486,5138752.083333333,9119201.417357367,1158302.7493092986,5077954.25,9051468.138079496,1104440.3619205044,5201663.8,9600799.457458567,802528.1425414318,5149453.066666666,9130909.143795485,1167996.9895378486,5201663.766666667,9600799.414895738,802528.1184375957
190,5630024.4,10266910.92411571,993137.8758842908,5620273.183333334,10256987.853260975,983558.5134056928,5589613.3,10223820.956311937,955405.6436880631,5761137.833333333,11042481.623558212,479794.0431084549,5630024.4,10266910.92411571,993137.8758842908,5761137.766666667,11042481.548733074,479793.9846002599
191,5838293.333333333,10584825.426496446,1091761.240170219,5829509.183333334,10575879.445085246,1083138.921581421,5813713.7,10556801.329452276,1070626.070547725,5888111.633333334,11184367.639752682,591855.6269139843,5838293.333333333,10584825.426496446,1091761.240170219,5888111.633333334,11184367.639752682,591855.6269139843
192,5299865.366666666,9493411.098291617,1106319.6350417165,5299865.366666666,9493411.098291617,1106319.6350417165,5308668.6,9498967.059972364,1118370.1400276343,5565881.533333333,10256399.633294797,875363.4333718698,5299865.366666666,9493411.098291617,1106319.6350417165,5565881.466666667,10256399.552819988,875363.3805133458
193,5324229.066666666,9522075.968735918,1126382.1645974135,5324229.066666666,9522075.968735918,1126382.1645974135,5360540.366666666,9554539.29752752,1166541.435805813,5610920.266666667,10392276.248608124,829564.2847252088,5324229.066666666,9522075.968735918,1126382.1645974135,5610920.233333333,10392276.21047166,829564.2561950069
194,6486806.3,12101122.381246177,872490.2187538221,6486806.3,12101122.381246177,872490.2187538221,6538881.4,12148712.76376451,929050.0362354908,6826170.6,13222400.567388628,429940.6326113716,6486806.3,12101122.381246177,872490.2187538221,6826170.6,13222400.567388628,429940.6326113716
195,5979378.366666666,11029126.120854855,929630.6124784779,5979378.366666666,11029126.120854855,929630.6124784779,6061524.933333334,11106022.241937563,1017027.6247291034,6019236.6,11364707.395500246,673765.8044997519,5979378.366666666,11029126.120854855,929630.6124784779,6019236.566666666,11364707.357792122,673765.7755412105
196,7000984.633333334,13010354.735145912,991614.531520755,7000984.633333334,13010354.735145912,991614.531520755,7099662.783333333,13101239.926958188,1098085.639708479,6885379.7,13258536.770931605,512222.62906839605,7000984.633333334,13010354.735145912,991614.531520755,6885379.733333333,13258536.809319966,512222.6573467003
197,7308430.9,13651290.845529769,965570.9544702331,7308430.9,13651290.845529769,965570.9544702331,7417089.033333333,13750966.999494512,1083211.0671721548,6999129.3,13445202.719110271,553055.8808897287,7308430.9,13651290.845529769,965570.9544702331,6999129.3,13445202.719110271,553055.8808897287
198,7364532.333333333,13509435.8062118,1219628.8604548676,7364532.333333333,13509435.8062118,1219628.8604548676,7470990.483333333,13606326.150151871,1335654.8165147956,6996142.933333334,13219420.17988301,772865.6867836565,7364532.333333333,13509435.8062118,1219628.8604548676,6996142.933333334,13219420.17988301,772865.6867836565
199,6643171.566666666,12210461.025547676,1075882.107785658,6643171.566666666,12210461.025547676,1075882.107785658,6750539.733333333,12308529.479173621,1192549.9874930456,6054212.733333333,11391861.031202558,716564.4354641093,6643171.566666666,12210461.025547676,1075882.107785658,6054212.733333333,11391861.047295071,716564.4193715965
200,3308273.533333333,5837836.420449099,778710.6462175678,3308273.533333333,5837836.420449099,778710.6462175678,3421136.55,5946419.867511688,895853.2324883123,3163723.6333333333,5680411.575357054,647035.6913096122,3308273.533333333,5837836.420449099,778710.6462175678,3163723.6333333333,5680411.575357054,647035.6913096122
201,3391832.066666667,5956648.481338771,827015.6519945622,3391832.066666667,5956648.481338771,827015.6519945622,3546346.8,6113850.228361521,978843.3716384787,3344184.7,6047409.6702797245,640959.7297202754,3391832.066666667,5956648.481338771,827015.6519945622,3344184.6666666665,6047409.614273608,640959.7190597258
202,3684959.2666666666,6677706.481321713,692212.0520116198,3684959.2666666666,6677706.481321713,692212.0520116198,3825530.566666667,6815931.085964587,835130.0473687467,3586761.6333333333,6786313.871980092,387209.3946865746,3684959.2666666666,6677706.481321713,692212.0520116198,3586761.6333333333,6786313.871980092,387209.3946865746
203,3878924.3666666667,6679751.396493109,1078097.3368402245,3878924.3666666667,6679751.396493109,1078097.3368402245,3998319.55,6784507.985821774,1212131.1141782254,3605840.8333333335,6304449.794326143,907231.8723405236,3878924.3666666667,6679751.396493109,1078097.3368402245,3605840.8333333335,6304449.794326143,907231.8723405236
204,4157969.4,7120318.2922498565,1195620.5077501438,4157969.4,7120318.2922498565,1195620.5077501438,4296155.65,7251671.782871284,1340639.5171287176,3831016.2666666666,6674150.659747617,987881.8735857164,4157969.4,7120318.2922498565,1195620.5077501438,3831016.2666666666,6674150.659747617,987881.8735857164
205,3910619.433333333,6666593.009785046,1154645.8568816204,3910619.433333333,6666593.009785046,1154645.8568816204,4042464.7333333334,6796299.763476682,1288629.703189985,3480446.2333333334,6033656.583090868,927235.8835757994,3910619.433333333,6666593.009785046,1154645.8568816204,3480446.2666666666,6033656.638094432,927235.8952389015
206,3753936.7,6434040.466603182,1073832.9333968186,3753936.7,6434040.466603182,1073832.9333968186,3854706.1666666665,6530694.05194821,1178718.2813851228,3336762.3333333335,5835438.060939267,838086.6057274002,3753936.7,6434040.466603182,1073832.9333968186,3336762.3333333335,5835438.060939267,838086.6057274002
207,3878535.8333333335,6701871.095703224,1055200.5709634437,3878535.8333333335,6701871.095703224,1055200.5709634437,3923607.3333333335,6736153.073978245,1111061.5926884222,3319117.3666666667,5860535.3422745485,777699.3910587854,3878535.8333333335,6701871.095703224,1055200.5709634437,3319117.3333333335,5860535.283114163,777699.3835525033
208,4491061.033333333,8144504.766738209,837617.2999284575,4491061.033333333,8144504.766738209,837617.2999284575,4549879.7,8194711.852265732,905047.5477342685,4092899.033333333,7664574.995440327,521223.0712263398,4491061.033333333,8144504.766738209,837617.2999284575,4092899.0,7664574.938361835,521223.06163816527
209,3361771.1,6072203.520606337,651338.6793936626,3361771.1,6072203.520606337,651338.6793936626,3396433.066666667,6104859.041202256,688007.0921310768,2849949.8666666667,5332362.415688578,367537.3176447549,3361771.1,6072203.520606337,651338.6793936626,2849949.8333333335,5332362.345522126,367537.32114454126
210,3511757.5,6755520.362593053,267994.63740694756,3508001.3666666667,6752049.434530835,263953.2988024987,3549874.4166666665,6787926.023176044,311822.81015728926,3228527.3,6446866.809257012,10187.790742987767,3509860.6333333333,6753765.440892771,265955.8257738962,3228527.3,6446866.809257012,10187.790742987767
211,3849700.533333333,7305020.515355874,394380.5513107921,3847226.6333333333,7302796.587770171,391656.6788964947,3865289.55,7327962.508436998,402616.5915630008,3288197.1666666665,6496931.329836836,79463.00349649647,3848504.933333333,7303944.876090545,393064.9905761215,3288197.0,6496931.105241748,79462.89475825289
212,3696529.2666666666,6543714.411539768,849344.1217935653,3694064.533333333,6541375.465755624,846753.6009110427,3722552.6333333333,6613662.8848936595,831442.3817730076,2897653.2,5242672.320842987,552634.0791570134,3695203.1,6542454.907795552,847951.2922044485,2897653.1666666665,5242672.277102581,552634.0562307518
213,4730064.766666667,8519632.650459474,940496.8828738588,4727746.483333333,8517275.77844975,938217.1882169168,4759012.683333334,8598940.826871289,919084.5397953782,3450720.1,6683127.333701019,218312.866298981,4729025.833333333,8518575.750040604,939475.9166260618,3450720.1333333333,6683127.365902774,218312.90076389257
214,4045415.8,7054801.704499168,1036029.8955008308,4043123.5,7052190.117114327,1034056.8828856731,4071351.4166666665,7098247.441714721,1044455.3916186127,3258205.1666666665,5813881.72367394,702528.6096593929,4044231.3333333335,7053451.42378162,1035011.2428850462,3258205.1333333333,5813881.66779908,702528.5988675863
215,4555961.133333334,8387692.556358626,724229.710308041,4553129.666666667,8384438.088735551,721821.2445977838,4544783.216666667,8373273.390677517,716293.0426558158,3020998.6666666665,6134459.528340169,-92462.1950068362,4554495.366666666,8386006.816886153,722983.9164471789,3020998.7,6134459.561267371,-92462.16126737092
216,4103666.933333333,7272537.279029092,934796.587637574,4100858.066666667,7269413.679709215,932302.4536241195,4059521.3833333333,7224339.60784708,894703.1588195865,2632210.2666666666,4899245.370428148,365175.1629051855,4102346.6,7271067.815289842,933625.3847101582,2632210.2666666666,4899245.370428148,365175.1629051855
217,4279113.5,7699728.778875252,858498.2211247473,4276448.133333334,7696450.310768886,856445.9558977815,4214551.833333333,7631707.78970052,797395.8769661458,2891928.466666667,5812757.678200167,-28900.74486683309,4277679.6,7697964.067775352,857395.1322246473,2891928.466666667,5812757.678200167,-28900.74486683309
218,4552397.766666667,8057564.334655461,1047231.1986778723,4549678.033333333,8054056.245290351,1045299.8213763153,4496087.116666666,8000299.9940400245,991874.239293308,3573708.466666667,6754828.031007148,392588.9023261848,4551534.7,8056450.236030159,1046619.1639698418,3573708.466666667,6754828.030644942,392588.9026883915
219,4166507.3333333335,7471472.876504621,861541.7901620469,4164879.183333333,7469861.362692764,859897.0039739022,4122292.75,7421813.099348963,822772.4006510368,3380080.2666666666,6631920.919641674,128239.61369165918,4165926.1,7470897.228481582,860954.9715184178,3380080.2666666666,6631920.919641674,128239.61369165918
220,3326117.466666667,5704398.055657566,947836.8776757685,3323851.0166666666,5701173.11069854,946528.9226347939,3329846.1666666665,5711164.509353677,948527.8239796567,2230272.433333333,4164061.9940449307,296482.87262173556,3325299.1666666665,5703232.77915349,947365.554179843,2230272.433333333,4164061.9940449307,296482.87262173556
221,3728808.3,6619955.228683904,837661.3713160958,3725443.1,6614065.650351835,836820.5496481643,3728467.3,6604902.764566229,852031.8354337709,2588395.466666667,5291279.971315558,-114489.03798222449,3728216.0,6618917.688023622,837514.3119763779,2588395.466666667,5291279.971315558,-114489.03798222449
222,3397917.533333333,5764390.893278804,1031444.1733878632,3391475.033333333,5751900.439577209,1031049.627089458,3470436.0166666666,5865217.911822354,1075654.1215109783,2213626.3666666667,4103517.3863570774,323735.346976256,3396668.966666667,5761966.165450282,1031371.7678830517,2213626.3666666667,4103517.3863570774,323735.346976256
223,4353765.966666667,7703759.197304921,1003772.7360284128,4343657.116666666,7687277.254882332,1000036.9784510005,4487302.933333334,7884209.729083461,1090396.1375832064,3043238.1,6073635.326793816,12840.87320618378,4350361.433333334,7698196.545929087,1002526.3207375794,3043238.1,6073635.326793816,12840.87320618378
224,4723010.066666666,8235150.815814384,1210869.3175189486,4711891.6,8217465.223354435,1206317.9766455642,4820676.75,8332799.054350287,1308554.4456497128,3325577.0,6401461.0815856885,249692.91841431148,4719298.333333333,8229233.06752094,1209363.5991457263,3325577.0,6401461.0815856885,249692.91841431148
225,4190518.8666666667,7014476.64505225,1366561.0882810839,4180936.216666667,6997589.6847736575,1364282.748559676,4340448.816666666,7181517.862130675,1499379.7712026578,2903797.933333333,5356961.065507105,450634.80115956115,4186662.1333333333,7007667.380575616,1365656.8860910502,2903797.933333333,5356961.065507105,450634.80115956115
226,4544087.633333334,7773974.194703644,1314201.0719630234,4537433.366666666,7763051.978232654,1311814.7551006787,4714849.416666667,7968729.731726395,1460969.101606939,3090519.7,5769260.501514621,411778.8984853788,4542061.066666666,7770642.835636087,1313479.2976972465,3090519.7333333334,5769260.534642939,411778.93202372734
227,4544219.766666667,7837618.541144738,1250820.9921885948,4533204.05,7819659.0737246955,1246749.0262753041,4728176.35,8038755.941025787,1417596.7589742122,3800220.7,7050597.634574421,549843.7654255792,4540817.833333333,7832058.648182672,1249577.0184839936,3800220.7,7050597.634574421,549843.7654255792
228,4074064.8666666667,6941153.30014405,1206976.4331892831,4060457.6166666667,6917328.924605536,1203586.3087277971,4378363.3,7280943.7776064295,1475782.8223935696,3118355.1666666665,5560629.510441212,676080.8228921206,4069707.2,6933500.573668302,1205913.8263316983,3118355.1333333333,5560629.447354598,676080.8193120686
229,4736883.366666666,8087998.649891961,1385768.0834413706,4728127.7,8073877.04346942,1382378.3565305807,5201490.733333333,8659080.40838106,1743901.0582856066,3877767.433333333,7203935.786946984,551599.0797196827,4733886.433333334,8083156.105851556,1384616.760815111,3877767.433333333,7203935.786946984,551599.0797196827
230,4872853.133333334,8430302.690837722,1315403.5758289457,4868017.7,8422986.03105868,1313049.3689413206,5355634.116666666,8983580.1159503,1727688.1173830326,3887797.3666666667,7077835.827005336,697758.9063279978,4870501.633333334,8426741.61706014,1314261.6496065278,3887797.3666666667,7077835.827005336,697758.9063279978
231,5117240.3,8764449.156857133,1470031.4431428658,5108415.483333333,8750807.09894128,1466023.8677253867,5882247.4,9801195.3339516,1963299.4660484004,4059862.6333333333,7406162.0700873425,713563.1965793241,5115236.0,8761344.117807414,1469127.8821925865,4059862.6666666665,7406162.121978426,713563.2113549071
232,5481812.4,9307705.975369155,1655918.8246308458,5478462.933333334,9302961.15854292,1653964.7081237463,6199247.283333333,10237325.166926265,2161169.3997404017,4980473.5,8843862.61119227,1117084.3888077303,5479847.833333333,9304921.68779352,1654773.9788731467,4980473.5,8843862.61119227,1117084.3888077303
233,4620223.2,7858863.881303599,1381582.5186964017,4618471.1,7856803.454933619,1380138.7450663797,5285138.0,8751858.540631868,1818417.4593681325,4584816.766666667,8013952.25270368,1155681.280629653,4619163.2,7857616.915834749,1380709.4841652517,4584816.766666667,8013952.25270368,1155681.280629653
234,4264035.433333334,7191449.705518914,1336621.1611477532,4254362.35,7174917.620644758,1333807.0793552408,4814472.816666666,7952489.280622112,1676456.3527112212,3780357.433333333,6727730.209678423,832984.656988244,4263573.7,7190658.140043135,1336489.2599568656,3780357.5,6727730.313155575,832984.6868444248
235,4513936.433333334,7782486.009412247,1245386.8572544204,4512472.216666667,7780756.795975103,1244187.6373582305,5025360.0,8504852.874181595,1545867.1258184044,4066171.433333333,7149456.451886842,982886.4147798242,4513276.0,7781705.740265379,1244846.2597346217,4066171.5,7149456.565852875,982886.4341471246
236,4019040.7666666666,6901633.356684441,1136448.1766488925,4016529.6,6897927.206725592,1135131.9932744089,4613786.416666667,7626482.91091374,1601089.9224195937,3615083.3666666667,6518408.995006185,711757.7383271488,4017555.0,6899439.605968855,1135670.3940311451,3615083.3666666667,6518408.995006185,711757.7383271488
237,3404148.1666666665,6075841.22886746,732455.1044658734,3402885.3833333333,6074574.751278416,731196.0153882504,3791502.2666666666,6626346.263052226,956658.2702811072,3294930.5,6185991.579761564,403869.4202384362,3403791.933333333,6075483.721200256,732100.1454664106,3294930.5,6185991.579761564,403869.4202384362
238,3151797.966666667,5704404.297558987,599191.635774347,3149857.933333333,5702584.749992993,597131.116673673,3764819.6333333333,6522293.390347529,1007345.8763191374,3253651.3,5976942.2909296835,530360.3090703161,3151473.2666666666,5704099.368773514,598847.1645598183,3253651.3666666667,5976942.419065593,530360.314267741
239,3934582.6666666665,6786668.895725638,1082496.4376076949,3932220.2666666666,6782561.286512399,1081879.2468209341,4300723.616666666,7298782.441709908,1302664.7916234252,3297534.1,5901805.6997807305,693262.5002192697,3933248.3666666667,6784348.096494196,1082148.636839137,3297533.966666667,5901805.412595712,693262.5207376215
240,4794355.166666667,8388194.661608509,1200515.6717248252,4779287.65,8364783.394311452,1193791.905688549,5066679.733333333,8753389.756533753,1379969.7101329146,3932978.433333333,7060095.270850563,805861.5958161033,4794355.166666667,8388194.661608509,1200515.6717248252,3932978.433333333,7060095.270850563,805861.5958161033
241,4785124.166666667,8524491.958360393,1045756.3749729404,4773285.816666666,8506329.18537655,1040242.4479567837,5034808.233333333,8851677.839516625,1217938.6271500424,3964900.0,7177583.152534638,752216.8474653624,4785124.166666667,8524491.958360393,1045756.3749729404,3964900.0,7177583.152534638,752216.8474653624
242,4971299.566666666,9037509.134836696,905089.9984966358,4969882.816666666,9035756.821308669,904008.8120246641,5308629.883333334,9468311.648906149,1148948.1177605176,4116280.566666667,7585260.849843095,647300.2834902387,4970524.6,9036550.382350864,904498.8176491354,4116280.533333333,7585260.77953158,647300.287135086
243,6433508.966666667,11225674.513563912,1641343.4197694203,6433508.966666667,11225674.513563912,1641343.4197694203,6736670.666666667,11577378.888680408,1895962.4446529262,5483651.4,9881435.388182856,1085867.4118171455,6433508.966666667,11225674.513563912,1641343.4197694203,5483651.4,9881435.388182856,1085867.4118171455
244,4580047.966666667,8438616.759069633,721479.1742637004,4580047.966666667,8438616.759069633,721479.1742637004,4848278.566666666,8766236.44709005,930320.6862432831,4276804.533333333,7706669.453055048,846939.6136116176,4580047.966666667,8438616.759069633,721479.1742637004,4276804.533333333,7706669.453055048,846939.6136116176
245,5980003.7,11023976.276451431,936031.1235485692,5967955.65,11007533.767759003,928377.5322409971,6299140.166666667,11393864.403261852,1204415.9300714815,5004749.733333333,9192365.636944776,817133.8297218904,5980003.7,11023976.276451431,936031.1235485692,5004749.633333334,9192365.433188157,817133.8334785104
246,5391741.766666667,10035419.754536223,748063.7787971105,5374384.333333333,10010916.387557171,737852.2791094948,5857903.983333333,10566873.24780452,1148934.7188621461,4791587.5,9066169.254992023,517005.7450079769,5391741.766666667,10035419.754536223,748063.7787971105,4791587.5,9066169.254992023,517005.7450079769
247,4995403.566666666,9236913.99791658,753893.1354167527,4988884.533333333,9231338.309551846,746430.7571148211,5514142.166666667,9852584.64745428,1175699.6858790545,5508575.066666666,10028965.048457198,988185.0848761359,4992411.3,9234349.978499256,750472.6215007426,5508575.066666666,10028965.048457198,988185.0848761359
248,5170494.4,9527939.500814542,813049.2991854595,5163756.216666667,9522174.942797799,805337.4905355349,5550087.016666667,9850825.8111943,1249348.2221390326,5730618.833333333,10404935.140600864,1056302.5260658022,5168446.8,9526183.555771112,810710.0442288863,5730618.8,10404935.067784375,1056302.532215625
249,5345559.4,10020816.444259342,670302.355740658,5336459.683333334,10012945.471829029,659973.8948376384,5660745.216666667,10235366.922829129,1086123.5105042038,5679252.1,10421114.76436441,937389.43563559,5343104.3,10018686.189077651,667522.4109223485,5679252.133333334,10421114.839696616,937389.4269700525
250,5589271.466666667,10619618.638481967,558924.2948513674,5579726.7,10611285.3074873,548168.0925127007,5911475.566666666,10953742.866716012,869208.2666173214,5916483.533333333,10935707.207499547,897259.8591671195,5587118.766666667,10617733.111881278,556504.4214520538,5916483.6,10935707.363220641,897259.8367793579
251,5414290.666666667,10330949.445702046,497631.88763128873,5404326.066666666,10322259.752860934,486392.38047239836,5795190.866666666,10732015.444595803,858366.2887375308,5904373.8,10945204.344976507,863543.2550234916,5414290.666666667,10330949.445702046,497631.88763128873,5904373.733333333,10945204.181245413,863543.2854212532
252,5207065.8,9847631.642564785,566499.9574352158,5198780.466666667,9840404.94325704,557155.9900762942,5550123.8,10213581.753696455,886665.8463035449,5571865.866666666,10190453.803081045,953277.9302522875,5207065.8,9847631.642564785,566499.9574352158,5571865.866666666,10190453.803081045,953277.9302522875
253,4779218.166666667,9592342.85503573,-33906.52170239575,4779218.166666667,9592342.85503573,-33906.52170239575,5127077.633333334,9958950.016308676,295205.250357992,4882167.066666666,9360239.589343112,404094.5439902218,4779218.166666667,9592342.85503573,-33906.52170239575,4882167.066666666,9360239.589343112,404094.5439902218
254,4583231.366666666,9211338.649311416,-44875.91597808339,4583231.366666666,9211338.649311416,-44875.91597808339,4957440.2,9608915.931869509,305964.4681304917,4927032.066666666,9437242.831131937,416821.30220139585,4583231.366666666,9211338.649311416,-44875.91597808339,4927032.033333333,9437242.750607114,416821.3160595512
255,4219290.133333334,8301265.397207599,137314.8694590684,4219290.133333334,8301265.397207599,137314.8694590684,4629651.666666667,8755256.400374647,504046.9329586867,4876193.466666667,9317021.695232756,435365.2381005762,4219290.133333334,8301265.397207599,137314.8694590684,4876193.433333334,9317021.646231811,435365.2204348566
256,4582867.833333333,9275629.325883191,-109893.65921652596,4582867.833333333,9275629.325883191,-109893.65921652596,4978933.633333334,9719379.221171245,238488.0454954235,4990340.566666666,9648919.71105092,331761.4222824136,4582867.833333333,9275629.325883191,-109893.65921652596,4990340.533333333,9648919.628293134,331761.43837353215
257,5538377.066666666,11344632.632676674,-267878.4993433412,5538377.066666666,11344632.632676674,-267878.4993433412,5787763.3,11620392.945275808,-44866.345275808126,5509598.7,10465487.575580873,553709.8244191268,5538377.066666666,11344632.632676674,-267878.4993433412,5509598.633333334,10465487.458187371,553709.8084792951
258,4448234.6,8528641.65039336,367827.54960663896,4440786.383333334,8522083.423551783,359489.3431148855,4675725.05,8805520.244699797,545929.855300203,5440222.7,10250397.181540834,630048.2184591666,4448234.6,8528641.65039336,367827.54960663896,5440222.766666667,10250397.344627518,630048.188705815
259,4568598.066666666,8817391.093891803,319805.0394415306,4568598.066666666,8817391.093891803,319805.0394415306,4867698.133333334,9173327.87422745,562068.3924392173,5750990.633333334,10974259.244472478,527722.022194189,4568598.066666666,8817391.093891803,319805.0394415306,5750990.666666667,10974259.367021242,527721.9663120918
260,3929599.533333333,7562439.65948301,296759.40718365693,3921372.3833333333,7555184.577283566,287560.1893831007,4196011.083333333,7899763.395281442,492258.7713852236,5827690.966666667,11556162.658548132,99219.27478520293,3929599.533333333,7562439.65948301,296759.40718365693,5827690.933333334,11556162.62463325,99219.2420334164
261,3919581.1,7687764.548561738,151397.6514382623,3919581.1,7687764.548561738,151397.6514382623,4247199.5,8110631.786080205,383767.2139197951,6086591.233333333,12293023.417667102,-119840.95100043621,3919581.1,7687764.548561738,151397.6514382623,6086591.133333334,12293023.162623987,-119840.89595732
262,4913256.966666667,10494756.411685873,-668242.4783525402,4913256.966666667,10494756.411685873,-668242.4783525402,5201232.466666667,10831269.163449544,-428804.2301162109,5589710.633333334,11274895.22255721,-95473.95589054283,4913256.966666667,10494756.411685873,-668242.4783525402,5589710.6,11274895.086134521,-95473.88613452204
263,5326193.7,11579325.994600277,-926938.594600277,5326193.7,11579325.994600277,-926938.594600277,5670327.966666667,11971187.696905844,-630531.7635725094,5253441.333333333,10431906.32584535,74976.3408213174,5326193.7,11579325.994600277,-926938.594600277,5253441.366666666,10431906.408445459,74976.3248878736
264,5016012.3,10772568.379385477,-740543.7793854773,5016012.3,10772568.379385477,-740543.7793854773,5371953.666666667,11199155.07697412,-455247.7436407851,5012159.566666666,9946593.59161314,77725.54172019195,5016012.3,10772568.379385477,-740543.7793854773,5012159.533333333,9946593.507373657,77725.55929300841
265,5111807.166666667,11191609.975308364,-967995.6419750303,5111807.166666667,11191609.975308364,-967995.6419750303,5428709.966666667,11564527.919380452,-707107.9860471198,5179314.766666667,10514395.122800779,-155765.58946744632,5111807.166666667,11191609.975308364,-967995.6419750303,5179314.766666667,10514395.122800779,-155765.58946744632
266,4558793.0,10103022.199357849,-985436.1993578477,4558793.0,10103022.199357849,-985436.1993578477,4884312.866666666,10485770.298147554,-717144.5648142211,5162633.6,10838806.23438854,-513539.0343885403,4558793.0,10103022.199357849,-985436.1993578477,5162633.466666667,10838805.88081963,-513538.9474862963
267,4716597.466666667,10327716.920846814,-894521.9875134807,4716597.466666667,10327716.920846814,-894521.9875134807,5002345.866666666,10663655.701919992,-658963.96858666,4547334.233333333,9471095.45529681,-376426.9886301439,4716597.466666667,10327716.920846814,-894521.9875134807,4547334.066666666,9471095.04297423,-376426.90964089707
268,4759174.633333334,10740278.441013787,-1221929.1743471185,4751346.95,10733117.436032014,-1230423.5360320136,4987943.05,10997888.151384518,-1022002.0513845179,5245586.5,11073788.568716358,-582615.5687163584,4759174.633333334,10740278.441013787,-1221929.1743471185,5245586.466666667,11073788.480221823,-582615.5468884883
269,5003268.633333334,11419332.605453245,-1412795.3387865787,5003268.633333334,11419332.605453245,-1412795.3387865787,5234016.7,11667888.510707323,-1199855.1107073221,4982173.2,10389722.864262605,-425376.4642626047,5003268.633333334,11419332.605453245,-1412795.3387865787,4982173.2,10389722.864262605,-425376.4642626047
270,4352237.133333334,9543308.374354683,-838834.1076880144,4345185.766666667,9536894.976939727,-846523.4436063943,4593066.766666667,9811209.76816544,-625076.2348321062,4977734.1,10340093.123455942,-384624.9234559415,4352237.133333334,9543308.374354683,-838834.1076880144,4977734.1,10340093.123455942,-384624.9234559415
271,3921498.3,8458323.315637328,-615326.7156373272,3912959.8333333335,8450574.281949982,-624654.6152833155,4133477.933333333,8698186.8171334,-431230.9504667348,4752828.666666667,9805415.777190102,-299758.4438567683,3921498.3,8458323.315637328,-615326.7156373272,4752828.7,9805415.862183802,-299758.4621838024
272,3561770.2333333334,7605370.109605957,-481829.6429392905,3552783.6,7597156.431667154,-491589.23166715354,3816358.8333333335,7906077.200025948,-273359.53335928125,4587094.0,9383710.474712372,-209522.47471237183,3561770.2333333334,7605370.109605957,-481829.6429392905,4587094.033333333,9383710.557504186,-209522.49083752
273,3945224.3333333335,8474255.991089301,-583807.3244226347,3934822.7333333334,8464833.168671062,-595187.7020043954,4185074.533333333,8755791.255106043,-385642.1884393776,4200821.0,8400119.279388659,1522.720611342229,3945224.3333333335,8474255.991089301,-583807.3244226347,4200821.066666666,8400119.469982155,1522.663351177238
274,4266857.766666667,9075530.516200926,-541814.9828675939,4257283.55,9066888.120425496,-552321.0204254957,4526243.05,9376596.475002527,-324110.37500252854,4320253.566666666,8532135.230231004,108371.903102329,4266857.766666667,9075530.516200926,-541814.9828675939,4320253.566666666,8532135.230231004,108371.903102329
275,3540155.6,7131093.732496054,-50782.532496053725,3531021.6166666667,7122911.474009728,-60868.2406763942,3781319.8833333333,7422600.811620321,140038.955046345,4871006.966666667,9683305.538332863,58708.3950004708,3540155.6,7131093.732496054,-50782.532496053725,4871007.0,9683305.613252643,58708.38674735557
276,2602312.8333333335,5589061.25121404,-384435.58454737347,2594719.8833333333,5582050.86300367,-392611.09633700363,2820139.4833333334,5860869.684306957,-220590.71764029004,4271758.633333334,8653521.121882642,-110003.85521597415,2602312.8333333335,5589061.25121404,-384435.58454737347,4271758.6,8653521.044131123,-110003.84413112234
277,2685208.933333333,5852374.433871839,-481956.5672051734,2677690.9833333334,5845404.058444728,-490022.09177806135,2838248.6166666667,6030130.235096896,-353633.0017635627,4183693.966666667,8448778.631007869,-81390.69767453615,2685208.933333333,5852374.433871839,-481956.5672051734,4183693.933333333,8448778.558414435,-81390.69174776832
278,2952940.1333333333,6280220.450845255,-374340.18417858845,2943769.7666666666,6271781.60418005,-384242.0708467169,3050125.7,6372261.07749127,-272009.6774912705,3698082.933333333,7544971.166110752,-148805.29944408545,2952940.1333333333,6280220.450845255,-374340.18417858845,3698082.933333333,7544971.166110752,-148805.29944408545
279,3415033.6,7337240.043568774,-507172.84356877394,3407242.05,7330048.278932761,-515564.17893276224,3528047.55,7443861.54508024,-387766.44508024026,3331929.566666667,6833250.707751929,-169391.57441859506,3415033.6,7337240.043568774,-507172.84356877394,3331929.7333333334,6833251.008113965,-169391.54144729907
280,3322774.2,6779183.54490808,-133635.1449080794,3314915.0,6771959.299480105,-142129.29948010528,3449759.7,6900478.881185209,-959.4811852094717,3840590.1,7836856.726734507,-155676.5267345067,3322774.2,6779183.54490808,-133635.1449080794,3840590.1333333333,7836856.782294104,-155676.51562743774
281,3176859.2333333334,6370717.873000691,-16999.40633402439,3167548.8666666667,6362092.783092903,-26995.049759569112,3304696.7666666666,6492426.739610195,116966.79372313758,4012249.433333333,7674085.779492589,350413.087174078,3176859.2333333334,6370717.873000691,-16999.40633402439,4012249.433333333,7674085.779492589,350413.087174078
282,4246221.2,7888171.652185945,604270.7478140551,4223104.033333333,7850793.095927445,595414.9707392217,4349598.566666666,7958097.840787686,741099.292545646,4489005.5,8714537.015856467,263473.98414353374,4246221.2,7888171.652185945,604270.7478140551,4489005.5,8714537.015856467,263473.98414353374
283,4743543.5,8871681.029523984,615405.9704760155,4725804.5,8846476.120591091,605132.8794089085,4879993.6,8993914.687850386,766072.5121496134,3808461.0,7315033.280988003,301888.7190119969,4737757.9,8863429.69961499,612086.1003850098,3808461.0,7315033.280988003,301888.7190119969
284,4934064.266666667,8949575.79555396,918552.7377793724,4920158.516666667,8929049.978400504,911267.054932829,5106385.866666666,9107870.91335817,1104900.8199751629,4107104.6333333333,8087459.000897559,126750.26576910727,4930020.833333333,8943589.458946127,916452.2077205377,4107104.6333333333,8087459.000897559,126750.26576910727
285,4833861.033333333,8472235.255357366,1195486.8113093008,4822267.583333333,8452998.891076684,1191536.275589981,4985994.333333333,8598626.908392988,1373361.7582736784,4217389.533333333,7979505.122418878,455273.94424778875,4833861.033333333,8472235.255357366,1195486.8113093008,4217389.533333333,7979505.122418878,455273.94424778875
286,5530377.5,10278755.350601006,781999.6493989928,5515604.45,10257159.44415788,774049.4558421196,5691075.35,10414518.966090819,967631.7339091804,4841394.8,9529757.627685599,153031.9723144006,5530377.5,10278755.350601006,781999.6493989928,4841394.8,9529757.627685599,153031.9723144006
287,5877339.4,10984882.568684839,769796.2313151611,5858228.183333334,10959894.394913366,756561.9717533011,6062011.1,11152211.965809196,971810.234190803,4989425.533333333,9740617.653729983,238233.41293668374,5870930.1,10976472.448338456,765387.7516615428,4989425.533333333,9740617.653729983,238233.41293668374
288,6637883.666666667,12536436.915621672,739330.4177116621,6609696.033333333,12501366.097689351,718025.9689773154,6837716.283333333,12717785.121683214,957647.4449834535,5102972.533333333,9943258.730307443,262686.33635922335,6626748.166666667,12522521.317257995,730975.0160753392,5102972.533333333,9943258.730307443,262686.33635922335
289,6893989.866666666,12980583.608152933,807396.1251803981,6875779.7,12957135.023748344,794424.3762516566,7092719.733333333,13159987.416493174,1025452.050173494,4862236.533333333,9796846.696995223,-72373.63032855652,6887977.5,12972819.045531861,803135.9544681394,4862236.5,9796846.656648446,-72373.65664844587
290,6323309.4,11955558.132474503,691060.6675254982,6310840.766666667,11941472.285466254,680209.2478670785,6536207.566666666,12151736.286868805,920678.8464645278,4715337.7,9541131.772963034,-110456.37296303362,6320172.833333333,11952004.805718258,688340.860948409,4715337.766666667,9541131.846191905,-110456.3128585713
291,7035466.366666666,12749987.87619938,1320944.857133953,7024129.0,12736466.626957417,1311791.3730425835,7264894.133333334,12959447.48183062,1570340.7848360473,6516805.666666667,12087269.968534727,946341.3647986064,7032730.033333333,12746716.616123864,1318743.450542802,6516805.566666666,12087269.79682754,946341.336505793
292,7967402.366666666,14774791.260695327,1160013.4726380045,7951894.616666666,14757052.544365585,1146736.6889677485,8221038.583333333,15007421.741028301,1434655.4256383637,6995952.9,12926290.045181997,1065615.7548180046,7962796.833333333,14769509.076315444,1156084.590351222,6995952.466666667,12926289.157202557,1065615.7761307778
293,6518795.3,11726846.118777595,1310744.4812224042,6496855.466666667,11698347.118968816,1295363.814364517,6744108.3,11923545.711577183,1564670.888422817,6373791.533333333,11675706.109239176,1071876.9574274905,6510971.0,11716642.850312194,1305299.1496878061,6373791.533333333,11675706.109239176,1071876.9574274905
294,7451999.433333334,13510274.109607603,1393724.7570590638,7435453.7,13488450.095998408,1382457.304001592,7744821.466666667,13784295.573147295,1705347.3601860385,6623677.433333334,12237067.334450074,1010287.5322165927,7446799.266666667,13503396.814345054,1390201.7189882798,6623677.366666666,12237067.200538429,1010287.532794904
295,5929012.066666666,10733829.445110781,1124194.6882225517,5917976.533333333,10718138.427469123,1117814.6391975442,5872155.3,10654307.287616018,1090003.3123839805,6114821.066666666,11314767.38843282,914874.7449005144,5926486.9,10730230.808975713,1122742.9910242874,6114821.066666666,11314767.38843282,914874.7449005144
296,5667018.8,10396522.490235813,937515.1097641857,5664549.666666667,10393457.85710166,935641.4762316728,5659923.166666667,10388064.04581064,931782.2875226932,6319524.733333333,11694477.110992037,944572.355674631,5665406.733333333,10394521.076421764,936292.390244904,6319524.6,11694476.860671002,944572.3393289959
297,5256535.633333334,9870958.05222844,642113.214438227,5255402.166666667,9869634.600219477,641169.733113856,5253411.616666666,9867556.414974865,639266.8183584688,5866392.733333333,10871307.485512504,861477.9811541624,5255795.366666666,9870093.585924834,641497.1474084985,5866392.7,10871307.430664014,861477.9693359854
298,6194010.4,11495032.16292302,892988.6370769823,6193580.6,11494587.967361875,892573.2326381234,6188954.433333334,11488078.34742267,889830.5192439966,5450834.9,10292487.941760149,609181.8582398519,6193729.6,11494741.942756552,892717.2572434461,5450834.9,10292487.941760149,609181.8582398519
299,6310023.833333333,11722834.293814074,897213.3728525918,6309818.083333333,11722618.634071972,897017.5325946929,6309670.95,11723720.50705729,895621.3929427089,5898000.9,11041906.870248985,754094.9297510153,6309889.366666666,11722693.347296078,897085.3860372538,5898000.9,11041906.870248985,754094.9297510153
300,7050758.866666666,12859521.415935118,1241996.3173982147,7049974.333333333,12858540.042082395,1241408.6245842697,7054641.5,12864105.055543546,1245177.9444564553,6372146.466666667,11946618.770573897,797674.1627594363,7050245.833333333,12858879.616509978,1241612.0501566874,6372146.3,11946618.456541441,797674.1434585573
301,7300836.266666667,13121745.073295016,1479927.4600383164,7300189.1,13120788.559264835,1479589.6407351643,7309346.383333334,13135811.784912411,1482880.9817542564,5772535.966666667,10564038.25615583,981033.6771775046,7300412.833333333,13121119.208315123,1479706.458351544,5772535.833333333,10564037.999731567,981033.6669351002
302,8276187.866666666,15184792.266768277,1367583.4665650567,8274988.95,15182977.289786708,1367000.6102132918,8272210.733333333,15179070.830284385,1365350.6363822818,6445258.533333333,12128530.16158099,761986.9050856773,8276187.866666666,15184792.266768277,1367583.4665650567,6445258.4,12128529.797402594,761987.0025974065
303,7240303.733333333,13333549.518228957,1147057.9484377094,7239363.033333333,13332317.329858173,1146408.7368084928,7277060.466666667,13364664.363585323,1189456.5697480096,6863767.5,13395729.084856406,331805.9151435951,7239687.7,13332742.537322607,1146632.8626773935,6863767.5,13395729.084856406,331805.9151435951
304,7646965.5,14147044.251001786,1146886.7489982126,7646526.1,14146497.667111512,1146554.532888486,7679607.266666667,14175313.702325579,1183900.8310077554,6230045.766666667,11688715.27597785,771376.2573554842,7646677.633333334,14146686.15164158,1146669.1150250882,6230045.8,11688715.358507734,771376.2414922649
305,8861971.433333334,16035048.239837345,1688894.6268293234,8860223.2,16032011.876960097,1688434.5230399016,8893198.4,16064523.646188296,1721873.1538117034,6024344.1,11068349.231025647,980338.968974351,8860825.533333333,16033057.861527476,1688593.20513919,6024344.2,11068349.462131187,980338.9378688121
306,9525918.333333334,17389727.59650837,1662109.0701582981,9523566.583333334,17385377.35442581,1661755.8122408595,9552233.466666667,17406738.433084227,1697728.5002491064,6853324.0,13193625.437158635,513022.5628413651,9525918.333333334,17389727.59650837,1662109.0701582981,6853324.033333333,13193625.523903703,513022.5427629631
307,9312717.7,17093173.732184283,1532261.667815716,9311397.866666667,17090924.531015534,1531871.2023177994,9372808.416666666,17146288.435121972,1599328.39821136,5732762.833333333,10445018.997141415,1020506.6695252508,9312188.6,17092271.973575518,1532105.2264244827,5732762.8,10445018.924291208,1020506.6757087903
308,9627452.133333333,17885941.87092302,1368962.3957436439,9626772.166666666,17884794.319710128,1368750.0136232032,9665745.533333333,17920806.558074065,1410684.5085926028,7001581.866666666,13476715.87847746,526447.8548558727,9627176.833333334,17885477.23594211,1368876.4307245584,7001581.933333334,13476716.050914604,526447.815752062
309,9289584.266666668,17415061.333860714,1164107.1994726202,9289051.583333334,17414239.255174547,1163863.9114921205,9326561.8,17449832.164483916,1203291.4355160855,7140427.833333333,13847560.6110189,433295.0556477653,9289495.6,17414924.487916958,1164066.7120830426,7140427.866666666,13847560.698645715,433295.03468761686
310,9548166.266666668,17934301.31857822,1162031.2147551123,9547306.533333333,17932909.52178375,1161703.544882916,9612365.0,17990768.224156998,1233961.7758430028,6115325.733333333,11269560.493099432,961090.9735672353,9547926.9,17933913.784359317,1161940.0156406844,6115325.733333333,11269560.493099432,961090.9735672353
311,9975828.566666666,18787196.426162034,1164460.7071712967,9974510.683333334,18784887.742443025,1164133.624223644,10040896.533333333,18838364.90805515,1243428.1586115174,6719104.133333334,12832136.179780994,606072.0868856739,9975828.566666666,18787196.426162034,1164460.7071712967,6719104.133333334,12832136.179780994,606072.0868856739
312,10780447.533333333,20796493.22649099,764401.840175679,10778514.116666667,20793301.86728803,763726.3660453055,10861611.266666668,20863302.338940408,859920.194392927,7464439.033333333,14667880.871262468,260997.1954041971,10780447.533333333,20796493.22649099,764401.840175679,7464439.1,14667881.097521896,260997.1024781037
313,10606519.8,20401635.628254592,811403.9717454109,10603869.2,20397215.65460676,810522.7453932371,10660667.3,20443415.48555375,877919.1144462507,8233521.8,16736252.35518289,-269208.75518289115,10606519.8,20401635.628254592,811403.9717454109,8233521.8,16736252.35518289,-269208.75518289115
314,11017676.066666666,21214539.867177032,820812.2661563009,11015194.483333332,21210480.199436247,819908.7672304157,11073590.966666667,21258756.639212415,888425.2941209171,8413746.666666666,16950602.13300612,-123108.79967278615,11017676.066666666,21214539.867177032,820812.2661563009,8413746.633333333,16950602.041523464,-123108.77485680021
315,11116962.2,21081121.041824788,1152803.3581752107,11114059.45,21076333.305074513,1151785.5949254874,11161658.95,21107966.77725262,1215351.1227473803,8210004.366666666,16080613.341146061,339395.39218727127,11116962.2,21081121.041824788,1152803.3581752107,8210004.333333333,16080613.253160603,339395.41350606363
316,10131372.2,18708209.97451602,1554534.4254839811,10129601.85,18705076.66047218,1554127.0395278186,10181849.616666667,18747704.779143836,1615994.454189498,7300544.7,13876848.766262785,724240.6337372158,10131372.2,18708209.97451602,1554534.4254839811,7300544.566666666,13876848.428312559,724240.7050207732
317,10331079.2,19163479.657345593,1498678.7426544055,10327730.783333333,19157638.964575723,1497822.6020909436,10390454.0,19209142.70534242,1571765.2946575787,7216041.766666667,13621428.243089065,810655.2902442692,10331079.2,19163479.657345593,1498678.7426544055,7216041.633333334,13621427.91433869,810655.3523279773
318,10488171.1,19507629.985064477,1468712.2149355225,10485174.283333333,19502455.589440636,1467892.9772260282,10569297.3,19570902.530003935,1567692.0699960683,7376810.8,13972045.45161728,781576.1483827196,10488171.1,19507629.985064477,1468712.2149355225,7376810.833333333,13972045.535187162,781576.1314795036
319,11300841.866666667,20884899.576812703,1716784.1565206312,11297637.5,20878760.943115614,1716514.0568843856,11397777.9,20965502.85825412,1830052.941745881,7072532.633333334,13163201.813855724,981863.4528109431,11300841.866666667,20884899.576812703,1716784.1565206312,7072532.7,13163201.938980047,981863.4610199528
320,12266414.966666667,23044294.5300212,1488535.4033121318,12259643.666666666,23031892.815131724,1487394.5182016063,12373470.683333334,23126820.324258845,1620121.0424078219,6584755.133333334,12240704.534705725,928805.7319609439,12266414.966666667,23044294.5300212,1488535.4033121318,6584755.166666667,12240704.600231275,928805.733102059
321,11409984.866666667,20854887.370360017,1965082.3629733194,11406921.616666667,20848878.70599488,1964964.5273384545,11491514.233333332,20919665.926334497,2063362.5403321683,6825570.633333334,12933948.115017198,717193.1516494704,11409984.866666667,20854887.370360017,1965082.3629733194,6825570.566666666,12933947.997604169,717193.135729163
322,11284281.333333334,20649411.450646035,1919151.2160206344,11280881.25,20642822.991521407,1918939.508478593,11347273.116666667,20696408.970116954,1998137.26321638,6673513.3,12622527.791943604,724498.8080563955,11284332.3,20649510.2383368,1919154.3616632,6673513.266666667,12622527.733766887,724498.7995664468
323,10532313.2,19084356.98820406,1980269.4117959403,10531819.216666667,19083331.498986844,1980306.9343464896,10563107.433333334,19109557.057238027,2016657.8094286378,6192560.466666667,11398876.980603125,986243.9527302077,10532313.2,19084356.98820406,1980269.4117959403,6192560.433333334,11398876.917889174,986243.9487774922
324,8887182.3,16187941.67722224,1586422.9227777598,8885520.183333334,16184195.110591045,1586845.2560756225,8980090.533333333,16265795.859393075,1694385.2072735922,5442996.0,10229729.488473967,656262.5115260342,8887182.3,16187941.67722224,1586422.9227777598,5442996.0,10229729.488473967,656262.5115260342
325,9034922.366666667,16520973.560672458,1548871.172660877,9033847.633333333,16518727.639063332,1548967.6276033344,9127266.0,16598805.848058939,1655726.15194106,6319375.166666667,12233950.45634706,404799.87698627356,9034922.366666667,16520973.560672458,1548871.172660877,6319375.233333333,12233950.603393678,404799.86327298917
326,8362385.633333334,15382290.66464886,1342480.6020178068,8360012.466666667,15377009.769570846,1343015.1637624875,8455002.983333332,15458864.739826899,1451141.2268397668,6395129.1,12464642.636109505,325615.56389049534,8362385.633333334,15382290.66464886,1342480.6020178068,6395129.066666666,12464642.564198667,325615.56913466565
327,8852923.866666667,16211895.028120399,1493952.7052129367,8846064.233333332,16196257.173364114,1495871.2933025518,8995406.133333333,16331250.669516124,1659561.5971505418,7077839.033333333,13758248.106327401,397429.96033926494,8852923.866666667,16211895.028120399,1493952.7052129367,7077839.066666666,13758248.184770057,397429.94856327586
328,8366410.433333334,15281440.383257966,1451380.4834086997,8354333.1,15252810.498991951,1455855.701008048,8520979.6,15397373.186672254,1644586.0133277457,5780739.733333333,10898997.323693318,662482.1429733485,8366410.433333334,15281440.383257966,1451380.4834086997,5780739.766666667,10898997.38503721,662482.1482961243
329,7647892.866666666,14058070.101875842,1237715.63145749,7632828.066666666,14021085.882880982,1244570.2504523508,7859555.066666666,14229686.525528103,1489423.6078052297,5225840.766666667,9756468.709980937,695212.8233523965,7647892.866666666,14058070.101875842,1237715.63145749,5225840.8,9756468.759420909,695212.8405790897
330,8239630.3,15188604.070751898,1290656.5292481016,8224500.9,15153357.738011468,1295644.0619885316,8454693.016666668,15362313.624165624,1547072.4091677107,5748999.333333333,10916467.709946752,581530.9567199135,8239630.3,15188604.070751898,1290656.5292481016,5748999.333333333,10916467.709946752,581530.9567199135
331,8526040.7,15385525.226917762,1666556.1730822353,8509424.066666666,15348508.195133006,1670339.9382003266,8804949.65,15732485.65967231,1877413.6403276902,5996991.733333333,11302035.631060427,691947.8356062397,8526040.7,15385525.226917762,1666556.1730822353,5996991.766666667,11302035.683784418,691947.8495489163
332,8848616.3,16161890.799071457,1535341.8009285433,8835679.016666668,16134452.94841941,1536905.0849139243,9052218.583333334,16272768.737061929,1831668.429604738,6545893.666666667,12642562.98279325,449224.35054008476,8848616.3,16161890.799071457,1535341.8009285433,6545893.633333334,12642562.930474069,449224.33619259857
333,8936825.366666667,16104224.227499288,1769426.5058340458,8935788.233333332,16101872.88646184,1769703.5802048258,9148735.75,16258324.208725559,2039147.2912744414,5995986.2,11307786.095520116,684186.3044798849,8936825.366666667,16104224.227499288,1769426.5058340458,5995986.166666667,11307786.050708864,684186.2826244701
334,8710116.166666666,15544982.345227804,1875249.988105529,8707750.916666666,15539349.833529707,1876151.999803625,8943351.783333333,15746254.679425256,2140448.88724141,5397735.266666667,9833497.400272965,961973.1330603687,8710116.166666666,15544982.345227804,1875249.988105529,5397735.266666667,9833497.400272965,961973.1330603687
335,8782566.6,15705118.650299897,1860014.5497001018,8780207.3,15699544.878815856,1860869.7211841457,9018384.466666667,15919469.272271473,2117299.6610618597,5493965.933333334,10070887.559987899,917044.3066787692,8782566.6,15705118.650299897,1860014.5497001018,5493965.933333334,10070887.559987899,917044.3066787692
336,9063817.3,16125756.079489902,2001878.5205100998,9061709.283333333,16120843.71994048,2002574.8467261866,9209570.566666666,16252609.987542085,2166531.1457912466,5686280.466666667,10450384.071459439,922176.8618738949,9063817.3,16125756.079489902,2001878.5205100998,5686280.466666667,10450384.071459439,922176.8618738949
337,9294138.066666666,16443724.226241224,2144551.9070921093,9292859.616666667,16440771.182763766,2144948.050569567,9466666.583333334,16598297.673455782,2335035.4932108847,5718073.0,10262974.877514783,1173171.1224852158,9294138.066666666,16443724.226241224,2144551.9070921093,5718072.9,10262974.6888608,1173171.1111391997
338,9409113.566666666,16582683.311789297,2235543.821544037,9406995.983333332,16577806.024065476,2236185.94260119,9536767.75,16693529.503264103,2380005.996735896,6196206.8,11324539.983975518,1067873.6160244811,9409113.566666666,16582683.311789297,2235543.821544037,6196206.833333333,11324540.047877368,1067873.6187892975
339,9412356.566666666,16716408.753886797,2108304.3794465372,9410468.916666666,16712105.06548406,2108832.767849272,9565027.133333333,16852076.3645738,2277977.9020928657,6750904.433333334,12602794.32211012,899014.544556546,9412356.566666666,16716408.753886797,2108304.3794465372,6750904.5,12602794.456202049,899014.5437979503
340,9830070.166666666,17582475.179083176,2077665.1542501552,9828061.633333333,17578058.987000607,2078064.2796660569,10004998.716666667,17737696.93957273,2272300.4937606053,6584589.833333333,12389453.03679672,779726.6298699453,9830070.166666666,17582475.179083176,2077665.1542501552,6584589.866666666,12389453.110807411,779726.6225259202
341,10063806.833333334,18192995.91496836,1934617.7516983077,10063565.183333334,18192478.879319284,1934651.487347384,10148363.383333333,18268961.534225985,2027765.2324406784,6967242.3,13484504.535661258,449980.0643387409,10063806.833333334,18192995.91496836,1934617.7516983077,6967242.3,13484504.535661258,449980.0643387409
342,10770477.233333332,19600238.037536316,1940716.4291303512,10770143.516666668,19599557.73359926,1940729.2997340728,10817704.366666667,19640927.627157733,1994481.1061756015,7818485.1,15279383.689283358,357586.5107166413,10770477.233333332,19600238.037536316,1940716.4291303512,7818485.1,15279383.689283358,357586.5107166413
343,11173949.433333334,20540240.59407549,1807658.2725911774,11170812.0,20534050.648141142,1807573.351858858,11237486.583333334,20589017.600050893,1885955.5666157752,8399258.4,16883363.594894513,-84846.7948945146,11173949.433333334,20540240.59407549,1807658.2725911774,8399258.4,16883363.594894513,-84846.7948945146
344,10689433.0,19770039.463759586,1608826.5362404156,10689175.416666666,19769521.445440453,1608829.3878928795,10724174.783333333,19798984.33941216,1649365.227254508,8313475.866666666,16389532.853887655,237418.8794456767,10689433.0,19770039.463759586,1608826.5362404156,8313475.833333333,16389532.819055967,237418.84761069808
345,11337671.566666666,21224074.437909186,1451268.695424145,11337084.366666667,21222947.0580071,1451221.6753262337,11368621.916666666,21249079.488256786,1488164.345076546,8736795.8,17469037.0939766,4554.506023403257,11337671.566666666,21224074.437909186,1451268.695424145,8736795.8,17469037.0939766,4554.506023403257
346,10237129.466666667,18877975.52159375,1596283.411739584,10229025.083333334,18861213.73517987,1596836.4314867966,10250695.433333334,18867002.566311978,1634388.3003546894,7580049.866666666,14780086.601772595,380013.1315607382,10237129.466666667,18877975.52159375,1596283.411739584,7580049.866666666,14780086.601772595,380013.1315607382
347,10315076.166666666,19091716.78806995,1538435.5452633835,10311310.083333334,19083991.82710317,1538628.3395634964,10332686.466666667,19096319.416731983,1569053.5166013483,7595033.133333334,14950294.987921227,239771.2787454417,10315076.166666666,19091716.78806995,1538435.5452633835,7595033.133333334,14950294.987921227,239771.2787454417
348,10912513.0,20397001.448243257,1428024.5517567433,10902059.616666667,20376477.977119796,1427641.2562135383,10914413.1,20372818.060295857,1456008.1397041436,7932144.433333334,15723378.211924661,140910.65474200714,10912513.0,20397001.448243257,1428024.5517567433,7932144.433333334,15723378.211924661,140910.65474200714
349,10720856.766666668,20031217.027075242,1410496.5062580928,10716051.266666668,20021678.247774668,1410424.285558669,10731058.966666667,20027132.22033467,1434985.712998664,7932693.3,15935758.038238842,-70371.43823884148,10720856.766666668,20031217.027075242,1410496.5062580928,7932693.3,15935758.038238842,-70371.43823884148
350,10711304.433333334,19972485.49140331,1450123.3752633538,10708858.033333333,19967615.429379463,1450100.637287205,10724018.25,19976900.02708991,1471136.4729100931,7873216.5,15721745.549479743,24687.450520256534,10711304.433333334,19972485.49140331,1450123.3752633538,7873216.466666667,15721745.474921891,24687.458411442116
351,10583943.466666667,19797324.15739271,1370562.7759406213,10577627.716666667,19784711.096812066,1370544.336521268,10587842.15,19783020.334520593,1392663.9654794056,7626458.133333334,15277857.492556222,-24941.225889553316,10583943.466666667,19797324.15739271,1370562.7759406213,7626458.166666667,15277857.577125918,-24941.243792585097
352,11079093.466666667,21062126.172525786,1096060.7608075477,11074747.883333333,21053809.22357534,1095686.543091325,11087738.2,21059008.786683537,1116467.6133164633,8276893.533333333,16933533.48978716,-379746.42312049493,11079093.466666667,21062126.172525786,1096060.7608075477,8276893.6,16933533.72293469,-379746.5229346901
353,10790038.766666668,20328111.47339449,1251966.0599388443,10781542.7,20311459.879970998,1251625.5200290028,10789791.3,20306674.21977473,1272908.380225271,7531762.966666667,14806235.061062135,257290.87227119878,10790038.766666668,20328111.47339449,1251966.0599388443,7531762.966666667,14806235.061062135,257290.87227119878
354,10517065.2,19729459.588989507,1304670.811010491,10513447.216666667,19722228.809307367,1304665.624025965,10527531.183333334,19729027.815184973,1326034.551481694,7220653.9,14098985.604713125,342322.1952868756,10517065.2,19729459.588989507,1304670.811010491,7220653.9,14098985.604713125,342322.1952868756
355,10308795.166666666,19169023.076819908,1448567.2565134242,10306854.033333333,19165461.974515613,1448246.0921510532,10307196.7,19165764.72341289,1448628.6765871085,7589000.4,14696893.620630173,481107.17936982773,10308647.066666666,19168751.333127122,1448542.8002062105,7589000.4,14696893.620630173,481107.17936982773
356,9452288.066666666,17576935.792923108,1327640.340410225,9450761.133333333,17574378.73803255,1327143.5286341142,9450644.733333332,17573831.365616377,1327458.1010502866,7567256.366666666,14781468.301660666,353044.4316726662,9452209.5,17576804.198775,1327614.8012249982,7567256.3,14781468.126585804,353044.4734141957
357,10451430.733333332,19515520.64149371,1387340.8251729533,10448951.166666666,19510535.059579417,1387367.2737539131,10447776.366666667,19507744.141429238,1387808.5919040944,7813600.333333333,15444679.93426644,182520.73240022548,10451430.733333332,19515520.64149371,1387340.8251729533,7813600.4,15444680.060733646,182520.7392663546
358,10429089.333333334,19477235.221741293,1380943.4449253753,10425469.683333334,19471348.631520726,1379590.7351459395,10423138.45,19467271.521101512,1379005.3788984865,7540634.7,14355072.698239017,726196.7017609831,10429003.1,19477094.92350147,1380911.276498532,7540634.766666667,14355072.859148135,726196.6741851978
359,10883209.733333332,20391527.67459146,1374891.7920752075,10880383.35,20386569.757721968,1374196.9422780313,10885404.35,20395055.18110771,1375753.5188922882,7141684.7,13520842.1192048,762527.2807951989,10883099.266666668,20391333.847206514,1374864.6861268207,7141684.733333333,13520842.19852323,762527.2681434369
360,10159531.966666667,19121429.951594558,1197633.981738776,10157651.15,19118274.52757432,1197027.7724256814,10156893.05,19116728.261764906,1197057.8382350951,6937804.0,13060097.821380563,815510.178619436,10159455.333333334,19121301.358660907,1197609.3080057614,6937804.033333333,13060097.906536862,815510.1601298051
361,10668249.8,20014095.652727984,1322403.9472720176,10666429.833333334,20010975.322154,1321884.3445126656,10666020.5,20009962.204708837,1322078.795291165,7311081.066666666,13904067.711227177,718094.4221061561,10668007.266666668,20013679.761449493,1322334.7718838435,7311081.0,13904067.547101269,718094.4528987315
362,11160475.9,20888111.11395709,1432840.6860429123,11158832.55,20884927.62884234,1432737.4711576607,11157057.683333334,20881074.828809816,1433040.5378568508,7158782.4,13514617.882945523,802946.9170544781,11160475.9,20888111.11395709,1432840.6860429123,7158782.366666666,13514617.799290393,802946.9340429399
363,11219525.2,21019283.345957622,1419767.0540423747,11217322.066666666,21015032.5973747,1419611.5359586347,11214778.616666667,21009754.89662808,1419802.3367052525,7086663.9,13377139.936783638,796187.863216362,11219525.2,21019283.345957622,1419767.0540423747,7086663.9,13377139.936783638,796187.863216362
364,11337170.666666666,21224146.733807586,1450194.599525744,11333188.5,21216503.507237487,1449873.4927625153,11328405.1,21206925.115580335,1449885.0844196621,7550972.9,14518100.809551787,583844.990448215,11337170.666666666,21224146.733807586,1450194.599525744,7550972.9,14518100.809551787,583844.990448215
365,11696196.833333334,21815400.7963377,1576992.8703289684,11690823.8,21805227.781310976,1576419.818689024,11684368.366666667,21792618.523257583,1576118.210075751,7610517.7,14496386.477893861,724648.9221061394,11696196.833333334,21815400.7963377,1576992.8703289684,7610517.7,14496386.477893861,724648.9221061394
366,11708212.966666667,21828423.147059225,1588002.7862741072,11698422.166666666,21809894.68929624,1586949.6440370902,11686230.466666667,21786435.17705267,1586025.7562806625,8159724.9,15826712.722292075,492737.0777079258,11708212.966666667,21828423.147059225,1588002.7862741072,8159724.966666667,15826712.887543213,492737.04579012
367,11776584.5,21901434.332778364,1651734.6672216374,11773512.866666667,21895622.365160637,1651403.3681726996,11770122.7,21888629.734968882,1651615.6650311165,8161735.4,15723225.603932079,600245.1960679209,11776584.5,21901434.332778364,1651734.6672216374,8161735.433333334,15723225.68596661,600245.1807000553
368,11459736.466666667,21415453.59028846,1504019.3430448733,11457381.083333334,21410950.973123427,1503811.1935432404,11454821.716666667,21405546.826620832,1504096.6067125034,7733757.433333334,14891593.583212752,575921.2834539153,11459736.466666667,21415453.59028846,1504019.3430448733,7733757.533333333,14891593.83252968,575921.2341369856
369,11233277.333333334,21081921.261620898,1384633.40504577,11230497.616666667,21076571.630852163,1384423.6024811715,11227306.733333332,21069988.883763738,1384624.582902927,8410043.166666666,16882111.512645278,-62025.179311946034,11233277.333333334,21081921.261620898,1384633.40504577,8410043.133333333,16882111.42329173,-62025.15662506595
370,10989300.9,20584816.6060454,1393785.193954602,10986494.35,20579453.692562643,1393535.0074373558,10978580.2,20563842.570964105,1393317.829035895,8457248.6,16967274.79120917,-52777.59120916948,10989300.9,20584816.6060454,1393785.193954602,8457248.6,16967274.79120917,-52777.59120916948
371,10662148.366666667,19968419.34881667,1355877.384516662,10659236.85,19963076.746995144,1355396.9530048557,10653210.283333333,19951257.015350968,1355163.551315697,8206370.033333333,16269616.035543803,143124.03112286236,10662141.733333332,19968407.173465922,1355876.2932007443,8206370.033333333,16269616.035543803,143124.03112286236
372,10714001.033333333,20127949.44670318,1300052.619963484,10708339.55,20117475.986761186,1299203.1132388152,10699797.116666667,20101419.21481484,1298175.0185184926,7605897.6,14685381.015286453,526414.1847135462,10714001.033333333,20127949.44670318,1300052.619963484,7605897.566666666,14685380.927405037,526414.2059282968
373,10628178.466666667,19941812.781462453,1314544.1518708821,10602340.933333334,19895457.390996337,1309224.475670332,10577824.25,19851308.145918272,1304340.3540817257,7432594.133333334,14085931.94674807,779256.3199185971,10628178.466666667,19941812.781462453,1314544.1518708821,7432594.133333334,14085931.94674807,779256.3199185971
374,10838162.666666666,20240537.545689788,1435787.7876435444,10825777.4,20217870.97227063,1433683.8277293704,10819333.516666668,20205724.335911565,1432942.6974217687,8116878.833333333,15668647.38017658,565110.2864900865,10838105.533333333,20240432.86652703,1435778.2001396362,8116878.866666666,15668647.46901891,565110.2643144224
375,10119127.666666666,18905124.32337577,1333131.009957565,10115713.65,18899583.216223672,1331844.0837763306,10111418.25,18892283.485949885,1330553.014050115,7962126.6,15195686.616262764,728566.5837372355,10119107.1,18905090.92900714,1333123.2709928602,7962126.766666667,15195687.061543422,728566.4717899114
376,10516751.1,19597501.46274685,1436000.7372531462,10514079.05,19592901.88290683,1435256.2170931678,10510986.066666666,19587272.5307583,1434699.6025750358,8337200.966666667,16110990.991762446,563410.9415708873,10516751.1,19597501.46274685,1436000.7372531462,8337200.933333334,16110990.901595514,563410.9650711529
377,10380455.533333333,18202542.33397959,2558368.7326870738,10376907.783333333,18196015.865137488,2557799.7015291806,10372754.566666666,18187916.60682466,2557592.526508676,8824208.3,16242206.82036687,1406209.7796331318,10380455.533333333,18202542.33397959,2558368.7326870738,8824208.3,16242206.82036687,1406209.7796331318
378,10438910.433333334,18411484.299029693,2466336.567636976,10436992.0,18407986.792232227,2465997.2077677734,10435312.283333333,18404816.994719688,2465807.5719469786,8654743.033333333,15973614.075611886,1335871.9910547817,10438910.433333334,18411484.299029693,2466336.567636976,8654743.033333333,15973614.075611886,1335871.9910547817
379,10153379.2,17817572.739941284,2489185.6600587126,10144333.033333333,17800749.359105505,2487916.707561163,10141884.433333334,17795889.263204746,2487879.6034619203,8606657.266666668,15930494.950836772,1282819.582496563,10153379.2,17817572.739941284,2489185.6600587126,8606657.266666668,15930494.950836772,1282819.582496563
380,10319352.166666666,18325609.223611336,2313095.109721996,10311841.533333333,18311936.0106304,2311747.0560362656,10311744.6,18311359.96258521,2312129.2374147875,8523594.233333332,15810606.76356852,1236581.7030981435,10319352.166666666,18325609.223611336,2313095.109721996,8523594.233333332,15810606.76356852,1236581.7030981435
381,9787347.866666667,16922532.363836024,2652163.3694973113,9783370.716666667,16914850.90021074,2651890.5331225935,9783312.316666666,16914200.7553007,2652423.8780326303,8018824.633333334,14346441.703290023,1691207.5633766446,9787347.866666667,16922532.363836024,2652163.3694973113,8018824.633333334,14346441.703290023,1691207.5633766446
382,9016777.7,15958309.8954442,2075245.5045558,9013153.383333333,15951162.076448075,2075144.6902185893,9012587.1,15949507.971163739,2075666.2288362617,7340606.4,13565065.43636559,1116147.3636344112,9016777.7,15958309.8954442,2075245.5045558,7340606.4,13565065.43636559,1116147.3636344112
383,9430500.033333333,16614605.06994113,2246394.996725536,9425487.583333334,16604923.912187457,2246051.2544792118,9424751.383333333,16603046.615776706,2246456.1508899583,7662189.466666667,14035751.63362553,1288627.299707803,9430500.033333333,16614605.06994113,2246394.996725536,7662189.466666667,14035751.63362553,1288627.299707803
384,9248881.833333334,16181279.598836571,2316484.067830098,9247302.8,16178212.017129593,2316393.582870409,9247451.0,16177503.92639899,2317398.0736010093,7636701.1,13938347.534868013,1335054.6651319852,9247849.666666666,16179274.292568786,2316425.040764546,7636701.133333334,13938347.572828645,1335054.6938380226
385,9491753.566666666,16659712.161764542,2323794.971568791,9485766.983333332,16648144.9637788,2323389.0028878655,9484355.75,16644440.57964554,2324270.9203544594,8124564.733333333,14990646.041848037,1258483.4248186285,9491753.566666666,16659712.161764542,2323794.971568791,8124564.733333333,14990646.041848037,1258483.4248186285
386,8582886.7,14833513.852605294,2332259.547394704,8575880.583333334,14818883.758067586,2332877.4085990833,8567864.85,14800591.254679965,2335138.4453200344,7038820.7,12611712.710535033,1465928.6894649677,8582886.7,14833513.852605294,2332259.547394704,7038820.7,12611712.710535033,1465928.6894649677
387,8480308.4,14601756.963409128,2358859.836590873,8479073.45,14599145.50006216,2359001.3999378374,8478407.666666666,14596028.93811408,2360786.3952192524,7356418.4,13309788.231373355,1403048.568626647,8480308.4,14601756.963409128,2358859.836590873,7356418.4,13309788.231373355,1403048.568626647
388,8807020.566666666,14938176.209654205,2675864.923679129,8806443.366666667,14936960.65778549,2675926.0755478432,8766552.733333332,14898395.664294269,2634709.802372395,7724078.566666666,14080147.46663717,1368009.666696163,8807020.566666666,14938176.209654205,2675864.923679129,7724078.566666666,14080147.46663717,1368009.666696163
389,8950061.033333333,15308397.308485394,2591724.758181272,8949621.283333333,15307489.895012695,2591752.671653971,8926431.4,15282849.943966303,2570012.856033697,7850679.733333333,14409659.006278748,1291700.460387919,8950061.033333333,15308397.308485394,2591724.758181272,7850679.733333333,14409659.006278748,1291700.460387919
390,9793758.766666668,16991774.40352352,2595743.1298098136,9792864.283333333,16990053.608225483,2595674.958441184,9733694.416666666,16934146.706381112,2533242.1269522216,7836691.333333333,14357325.031701185,1316057.6349654812,9793758.766666668,16991774.40352352,2595743.1298098136,7836691.333333333,14357325.031701185,1316057.6349654812
391,10072111.633333333,17628835.881713115,2515387.384953549,10071632.383333333,17627937.22295845,2515327.5437082164,9945297.85,17509859.403912038,2380736.2960879616,7847107.6,14419875.314436015,1274339.8855639836,10072111.633333333,17628835.881713115,2515387.384953549,7847107.633333334,14419875.392346663,1274339.8743200041
392,10734649.466666667,19170316.639924742,2298982.2934085894,10733927.866666667,19169036.884781606,2298818.8485517297,10539359.466666667,18992369.917267025,2086349.0160663072,8004892.366666666,14826686.94196057,1183097.791372764,10734649.466666667,19170316.639924742,2298982.2934085894,8004892.433333334,14826687.104404218,1183097.7622624496
393,11226515.233333332,20539453.54804355,1913576.9186231177,11221834.75,20531529.871628806,1912139.6283711959,11066236.566666666,20384287.66392625,1748185.4694070835,8497488.233333332,16091217.43182017,903759.0348464968,11226515.233333332,20539453.54804355,1913576.9186231177,8497488.333333334,16091217.687432371,903758.9792342959
394,10765851.933333334,19521453.987320356,2010249.879346313,10764872.15,19519744.54931932,2009999.7506806832,10710641.183333334,19471637.61328288,1949644.7533837836,8502847.033333333,16063306.77754693,942387.2891197372,10765851.933333334,19521453.987320356,2010249.879346313,8502846.966666667,16063306.60544717,942387.3278861633
395,11104231.9,20233000.50090856,1975463.2990914378,11104231.9,20233000.50090856,1975463.2990914378,11102703.5,20230466.28690207,1974940.71309793,8779557.8,16739021.872231688,820093.7277683131,11104231.9,20233000.50090856,1975463.2990914378,8779557.866666667,16739022.04495434,820093.6883789934
396,10733268.633333333,19172925.30129506,2293611.965371605,10732319.066666666,19171241.61628799,2293396.5170453414,10639646.683333334,19087720.134555493,2191573.2321111746,8697352.833333334,16391935.970631365,1002769.6960353022,10733268.633333333,19172925.30129506,2293611.965371605,8697352.833333334,16391935.970631365,1002769.6960353022
397,10874476.2,19454573.116390176,2294379.2836098205,10873420.2,19452716.40143159,2294123.99856841,10802267.766666668,19389298.411009844,2215237.1223234907,7859221.2,14406613.002130091,1311829.39786991,10874476.2,19454573.116390176,2294379.2836098205,7859221.133333334,14406612.795012102,1311829.471654567
398,10718365.533333333,18895238.702119716,2541492.364546951,10716771.666666666,18892372.8151539,2541170.5181794316,10618189.383333333,18804503.13868273,2431875.627983936,8164424.5,14966842.266932763,1362006.7330672378,10718365.533333333,18895238.702119716,2541492.364546951,8164424.533333333,14966842.349594865,1362006.7170718024
399,9446380.5,16484571.501825383,2408189.498174617,9444824.283333333,16482120.965960056,2407527.6007066118,9366254.5,16411326.591585692,2321182.408414309,8008171.433333334,14494818.212799542,1521524.6538671246,9446380.5,16484571.501825383,2408189.498174617,8008171.433333334,14494818.212799542,1521524.6538671246
400,9609722.133333333,16636541.861001085,2582902.4056655793,9607409.15,16632905.07310797,2581913.22689203,9525695.333333334,16559525.26711044,2491865.399556227,7866708.966666667,14060345.654667927,1673072.2786654066,9609722.133333333,16636541.861001085,2582902.4056655793,7866709.0,14060345.723793093,1673072.2762069078
401,9454858.5,16232152.182966683,2677564.817033317,9453039.0,16229247.228662305,2676830.7713376964,9385097.683333334,16167064.05947398,2603131.307192688,7876237.633333334,14084360.633298151,1668114.6333685163,9454858.5,16232152.182966683,2677564.817033317,7876237.666666667,14084360.697034951,1668114.6362983827
402,9242926.233333332,15867456.164909031,2618396.3017576328,9240517.033333333,15863566.72562569,2617467.3410409773,9181331.633333333,15809548.166548831,2553115.1001178343,7581633.533333333,13691234.709398199,1472032.3572684685,9242926.233333332,15867456.164909031,2618396.3017576328,7581633.533333333,13691234.709398199,1472032.3572684685
403,9373947.166666666,15972904.063331986,2774990.2700013462,9369573.683333334,15965846.808855895,2773300.557810772,9310572.366666667,15912447.893782277,2708696.8395510577,7536647.4,13584126.104895879,1489168.695104123,9373947.166666666,15972904.063331986,2774990.2700013462,7536647.433333334,13584126.159863278,1489168.7068033898
404,9580473.433333334,16289206.341458585,2871740.525208083,9574336.95,16279393.714609016,2869280.185390982,9514829.816666666,16225477.340320107,2804182.293013227,7859796.833333333,14072995.799366295,1646597.8673003716,9580473.433333334,16289206.341458585,2871740.525208083,7859796.866666666,14072995.858676743,1646597.8746565897
405,10069658.533333333,16946005.173308376,3193311.89335829,10060484.5,16931562.964072067,3189406.0359279327,10022729.7,16893515.992923845,3151943.407076153,8124144.9,14364927.20871368,1883362.5912863193,10069658.533333333,16946005.173308376,3193311.89335829,8124144.933333334,14364927.265922379,1883362.6007442884
406,10258370.933333334,17198442.66276794,3318299.2038987298,10247540.45,17182451.0497948,3312629.850205196,10222102.85,17154115.60608393,3290090.093916068,8455463.7,14897610.728632491,2013316.6713675084,10258370.933333334,17198442.66276794,3318299.2038987298,8455463.666666666,14897610.690094214,2013316.6432391172
407,10421795.933333334,17586618.087156735,3256973.77950993,10412145.633333333,17573709.986851204,3250581.2798154606,10392320.5,17554025.16131185,3230615.83868815,8694320.333333334,15368988.204438902,2019652.4622277655,10421795.933333334,17586618.087156735,3256973.77950993,8694320.366666667,15368988.268633816,2019652.464699518
408,10553232.4,17754161.32113538,3352303.4788646223,10543256.616666667,17739316.654352523,3347196.57898081,10521508.716666667,17714833.431963887,3328184.0013694456,8946328.466666667,15913695.710705888,1978961.222627447,10553232.4,17754161.32113538,3352303.4788646223,8946328.533333333,15913695.848411545,1978961.2182551203
409,10332163.466666667,17490726.500299044,3173600.4330342878,10318019.45,17471694.808878202,3164344.0911217956,10300377.6,17453232.85630685,3147522.3436931493,8495290.8,15194766.175943494,1795815.4240565086,10332163.466666667,17490726.500299044,3173600.4330342878,8495290.8,15194766.175943494,1795815.4240565086
410,10239781.433333334,17336647.32656964,3142915.540097028,10229478.65,17323021.514623147,3135935.7853768542,10210485.216666667,17302865.934196774,3118104.4991365597,8628598.933333334,15579025.102578286,1678172.764088381,10239781.433333334,17336647.32656964,3142915.540097028,8628599.033333333,15579025.277611807,1678172.7890548604
411,10763272.466666667,18033592.27405811,3492952.6592752244,10752075.733333332,18019075.808795072,3485075.657871592,10688728.466666667,17945699.127110075,3431757.8062232574,8557223.566666666,15409520.489999142,1704926.6433341913,10763272.466666667,18033592.27405811,3492952.6592752244,8557223.6,15409520.557871975,1704926.6421280243
412,10438950.233333332,17388817.52905406,3489082.9376126025,10422479.666666666,17367098.59744985,3477860.735883481,10367630.233333332,17303403.687569316,3431856.7790973475,7740755.0,13918453.259569671,1563056.740430329,10438950.233333332,17388817.52905406,3489082.9376126025,7740755.0,13918453.259569671,1563056.740430329
413,10885465.3,17969627.51205213,3801303.0879478706,10872703.633333333,17950930.255566835,3794477.011099831,10829739.383333333,17899307.945083957,3760170.8215827076,8016715.966666667,14256092.79809645,1777339.1352368835,10885465.3,17969627.51205213,3801303.0879478706,8016715.933333334,14256092.738827843,1777339.127838824
414,10999709.833333334,18272738.077308472,3726681.5893581957,10993956.15,18263953.39011146,3723958.9098885385,10998765.616666667,18267701.29076013,3729829.9425732037,7684418.233333333,13671488.685772007,1697347.7808946595,10999709.833333334,18272738.077308472,3726681.5893581957,7684418.233333333,13671488.685772007,1697347.7808946595
415,11645746.666666666,19567120.675634556,3724372.6576987756,11635628.683333334,19552228.457955763,3719028.9087109044,11673740.65,19591701.78549711,3755779.5145028904,7986047.4,14061737.501942094,1910357.2980579054,11645746.666666666,19567120.675634556,3724372.6576987756,7986047.366666666,14061737.45129025,1910357.2820430817
416,11536347.533333333,19436206.474879976,3636488.591786691,11531052.433333334,19428390.473616563,3633714.3930501034,11600961.683333334,19505899.36433306,3696024.0023336066,7786537.533333333,13748051.736515613,1825023.3301510531,11536347.533333333,19436206.474879976,3636488.591786691,7786537.633333334,13748051.889528267,1825023.3771383995
417,10943566.633333333,18339474.0075353,3547659.2591313645,10941888.683333334,18336923.47641052,3546853.890256148,11013256.016666668,18413728.255921893,3612783.7774114404,7002600.2,11917037.713906178,2088162.6860938221,10943566.633333333,18339474.0075353,3547659.2591313645,7002600.266666667,11917037.810559856,2088162.7227734774
418,11089451.233333332,18665443.467523463,3513458.999143203,11087220.033333333,18662085.548865043,3512354.5178016247,11157906.733333332,18735782.481929086,3580030.9847375797,6979048.766666667,11871737.054437902,2086360.4788954314,11089451.233333332,18665443.467523463,3513458.999143203,6979048.8,11871737.109518986,2086360.4904810144
419,10052218.1,16840442.95841223,3263993.2415877692,10051202.9,16839230.970257424,3263174.829742578,10126971.0,16916774.54427795,3337167.4557220507,6463584.733333333,11194095.261741243,1733074.2049254235,10052218.1,16840442.95841223,3263993.2415877692,6463584.7,11194095.22253444,1733074.177465559
420,9649325.3,15898030.880510297,3400619.7194897057,9648039.866666667,15896463.888230398,3399615.845102936,9670043.333333334,15914149.452864513,3425937.213802156,6567207.3,11260195.217536274,1874219.3824637262,9649325.3,15898030.880510297,3400619.7194897057,6567207.333333333,11260195.2629209,1874219.4037457667
421,9653674.433333334,15858441.08187176,3448907.784794907,9652691.35,15857241.141266264,3448141.5587337352,9671964.883333333,15871145.501948066,3472784.2647186005,6267189.1,11000530.596463125,1533847.603536874,9653674.433333334,15858441.08187176,3448907.784794907,6267189.1,11000530.596463125,1533847.603536874
422,10167651.166666666,16870540.73975741,3464761.593575921,10166720.433333334,16869429.3955201,3464011.4711465677,10177958.55,16868500.770283803,3487416.3297161963,6463457.766666667,11160398.368027588,1766517.1653057449,10167651.166666666,16870540.73975741,3464761.593575921,6463457.766666667,11160398.368027588,1766517.1653057449
423,10247926.566666666,17136978.80276407,3358874.3305692645,10246960.8,17135832.19153169,3358089.4084683107,10268200.183333334,17145091.523783263,3391308.8428834034,6358567.5,11044884.082294457,1672250.9177055424,10247926.566666666,17136978.80276407,3358874.3305692645,6358567.5,11044884.082294457,1672250.9177055424
424,10075235.7,16847927.42467475,3302543.975325248,10074096.166666666,16846567.048403792,3301625.28492954,10125058.316666666,16901356.053874195,3348760.579459138,6227619.366666666,10907716.808388246,1547521.9249450862,10075235.7,16847927.42467475,3302543.975325248,6227619.366666666,10907716.808388246,1547521.9249450862
425,10560680.1,17729815.309815377,3391544.890184624,10559837.733333332,17728826.208944093,3390849.2577225715,10583831.85,17741713.280399274,3425950.419600726,6420760.3,11204501.103439532,1637019.4965604665,10560680.1,17729815.309815377,3391544.890184624,6420760.266666667,11204501.061141849,1637019.4721914856
426,10698080.266666668,17935679.93677243,3460480.5965609057,10696988.466666667,17934402.56963455,3459574.3636987833,10827502.016666668,18107974.352453317,3547029.6808800185,6618556.633333334,11553738.27862566,1683374.9880410088,10698080.266666668,17935679.93677243,3460480.5965609057,6618556.633333334,11553738.27862566,1683374.9880410088
427,11055468.133333333,18757351.117624287,3353585.14904238,11054341.633333333,18756051.62917862,3352631.637488044,11045128.983333332,18729022.281726595,3361235.684940069,6666131.166666667,11660686.655708307,1671575.6776250266,11055468.133333333,18757351.117624287,3353585.14904238,6666131.166666667,11660686.655708307,1671575.6776250266
428,11316786.233333332,19482651.935781553,3150920.5308851134,11315820.983333332,19481550.937219504,3150091.0294471616,11199586.983333332,19302722.383921243,3096451.5827454217,6664671.666666667,11681020.856134266,1648322.4771990692,11316786.233333332,19482651.935781553,3150920.5308851134,6664671.7,11681020.895350944,1648322.5046490552
429,11537813.2,19855339.221167214,3220287.1788327824,11536997.633333333,19854413.891094223,3219581.375572444,11485897.75,19769429.013884604,3202366.486115394,6706491.266666667,11783521.33600013,1629461.1973332046,11537813.2,19855339.221167214,3220287.1788327824,6706491.233333333,11783521.291709384,1629461.1749572828
430,11300976.266666668,19570515.098212514,3031437.435120821,11300976.266666668,19570515.098212514,3031437.435120821,11233502.433333334,19467013.230984397,2999991.635682272,6647531.1,11710554.310483947,1584507.8895160519,11300976.266666668,19570515.098212514,3031437.435120821,6647531.1,11710554.310483947,1584507.8895160519
431,11092280.9,19273447.72907143,2911114.070928569,11091603.266666668,19272672.465702485,2910534.06763085,11114733.366666667,19296942.41605916,2932524.3172741756,6800542.733333333,11949994.798102548,1651090.6685641184,11092280.9,19273447.72907143,2911114.070928569,6800542.7,11949994.751102742,1651090.6488972586
432,10878439.466666667,18780531.11701602,2976347.8163173115,10877193.916666666,18779095.48244314,2975292.3508901913,10999150.2,18933457.642325256,3064842.7576747416,6887977.233333333,12041111.520480134,1734842.9461865341,10878439.466666667,18780531.11701602,2976347.8163173115,6887977.166666667,12041111.4237225,1734842.909610834
433,11654747.4,20206787.35962055,3102707.44037945,11652370.283333333,20204104.226550248,3100636.340116419,11763792.933333334,20339441.079750888,3188144.786915779,7690117.266666667,13814221.330326237,1566013.2030070974,11654747.4,20206787.35962055,3102707.44037945,7690117.2,13814221.24299083,1566013.1570091695
434,11841757.733333332,20712982.360000044,2970533.106666621,11837909.466666667,20708668.48249918,2967150.450834155,11935328.55,20824491.59783619,3046165.5021638107,7651850.466666667,13757841.007998098,1545859.925335236,11841757.733333332,20712982.360000044,2970533.106666621,7651850.433333334,13757840.96272868,1545859.903937989
435,11931330.6,20922321.44174444,2940339.758255558,11927423.2,20917952.78025337,2936893.619746629,11938429.5,20928198.399972387,2948660.600027615,7872568.733333333,14045207.37106162,1699930.0956050465,11931330.6,20922321.44174444,2940339.758255558,7872568.8,14045207.460932199,1699930.1390678016
436,11594182.033333333,20176962.13352503,3011401.9331416395,11591945.216666667,20174436.23231078,3009454.201022554,11605539.183333334,20191657.812681988,3019420.5539846793,7791549.566666666,13928956.763354573,1654142.3699787604,11594182.033333333,20176962.13352503,3011401.9331416395,7791549.6,13928956.812836837,1654142.3871631613
437,11267543.533333333,19638563.967427112,2896523.099239556,11264218.8,19634782.31782457,2893655.282175433,11274474.133333333,19643619.593450326,2905328.67321634,7774325.266666667,13891707.31534643,1656943.217986904,11267543.533333333,19638563.967427112,2896523.099239556,7774325.3,13891707.356741235,1656943.243258766
438,11851112.833333334,21258681.79988173,2443543.8667849377,11849430.0,21256806.445515603,2442053.554484397,11863876.616666667,21271323.62392097,2456429.609412363,7719277.833333333,13876155.126148185,1562400.5405184813,11851112.833333334,21258681.79988173,2443543.8667849377,7719277.8,13876155.084991425,1562400.5150085734
439,11852373.833333334,21257105.403976955,2447642.2626897134,11851449.266666668,21256074.906003557,2446823.627329778,11868252.3,21272916.41721692,2463588.182783082,7393447.866666666,13423928.741175853,1362966.9921574797,11852373.833333334,21257105.403976955,2447642.2626897134,7393447.833333333,13423928.689576387,1362966.9770902786
440,10913699.7,19191236.0077869,2636163.3922131006,10913088.233333332,19190535.712836884,2635640.753829783,10930429.583333334,19212544.851183787,2648314.315482881,6873840.166666667,11963592.788636819,1784087.5446965164,10913699.7,19191236.0077869,2636163.3922131006,6873840.166666667,11963592.788636819,1784087.5446965164
441,11063485.566666666,19745878.364288434,2381092.7690448985,11062257.783333333,19744483.5093109,2380032.0573557653,11077567.183333334,19765557.44056979,2389576.926096877,7199261.966666667,12455405.298805017,1943118.6345283175,11063485.566666666,19745878.364288434,2381092.7690448985,7199262.0,12455405.346914154,1943118.6530858474
442,11161932.4,20042332.493087254,2281532.306912748,11160195.85,20040367.65002208,2280024.049977921,11170064.483333332,20049906.629082978,2290222.337583689,7365175.9,12797694.19050724,1932657.6094927592,11161932.4,20042332.493087254,2281532.306912748,7365175.833333333,12797694.063783735,1932657.60288293
443,11763745.966666667,21030547.028691076,2496944.904642258,11760882.483333332,21027348.100096524,2494416.866570143,11772563.7,21044074.912185326,2501052.487814674,8098247.733333333,14547021.381112128,1649474.0855545392,11763745.966666667,21030547.028691076,2496944.904642258,8098247.733333333,14547021.381112128,1649474.0855545392
444,11925455.533333333,21257585.984974343,2593325.081692323,11923379.416666666,21255272.792917613,2591486.040415719,11926897.666666666,21257934.062878054,2595861.2704552785,8518252.1,15467368.104290266,1569136.0957097337,11925455.533333333,21257585.984974343,2593325.081692323,8518252.0,15467367.93925935,1569136.0607406488
445,11707762.266666668,21309176.756101556,2106347.777231777,11704648.966666667,21305709.20688288,2103588.7264504526,11705606.25,21306795.286472008,2104417.213527994,8533340.066666666,15570492.834436128,1496187.298897205,11707762.266666668,21309176.756101556,2106347.777231777,8533340.033333333,15570492.795288477,1496187.2713781903
446,11681604.866666667,21278642.89824874,2084566.835084593,11675239.633333333,21271554.8925213,2078924.374145368,11676386.233333332,21272852.925198488,2079919.5414681789,8091918.333333333,14790918.020908456,1392918.6457582098,11681604.866666667,21278642.89824874,2084566.835084593,8091918.3,14790917.960441649,1392918.6395583516
447,12419574.7,22769948.675810933,2069200.7241890673,12412933.133333333,22762670.92494462,2063195.341722045,12319660.1,22650187.857336953,1989132.342663044,8448434.566666666,15311528.94876923,1585340.1845641024,12419574.7,22769948.675810933,2069200.7241890673,8448434.6,15311529.011684354,1585340.1883156458
448,13404714.466666667,24696497.488144554,2112931.4451887775,13401075.933333334,24692579.681869723,2109572.1847969424,13342422.216666667,24622470.573167864,2062373.8601654693,8954073.033333333,16583069.055173194,1325077.0114934724,13404714.466666667,24696497.488144554,2112931.4451887775,8954072.966666667,16583068.945121488,1325076.988211846
449,13174671.066666666,24427977.974533893,1921364.1587994397,13170612.316666666,24423595.932402004,1917628.7009313293,13119787.0,24362997.095267244,1876576.9047327582,8819734.2,16399724.94452744,1239743.4554725597,13174671.066666666,24427977.974533893,1921364.1587994397,8819734.233333332,16399725.01613505,1239743.450531615
450,12903490.633333333,23512424.788742173,2294556.477924492,12895999.0,23504279.456491917,2287718.5435080826,12829838.45,23435155.89843528,2224521.0015647206,8857989.566666666,16381666.369052783,1334312.7642805502,12903490.633333333,23512424.788742173,2294556.477924492,8857989.566666666,16381666.369052783,1334312.7642805502
451,13127730.533333333,23804249.036804214,2451212.0298624523,13120648.766666668,23796572.43012865,2444725.103204686,13050261.783333333,23718755.26623302,2381768.3004336488,9122403.866666667,16696471.44887112,1548336.2844622144,13127730.533333333,23804249.036804214,2451212.0298624523,9122403.933333334,16696471.55835126,1548336.3083154066
452,14238105.2,26586308.13308028,1889902.2669197172,14231997.4,26579828.59255565,1884166.2074443512,14153533.883333333,26480075.363246985,1826992.4034196828,9476074.666666666,17401174.181753356,1550975.151579977,14238105.2,26586308.13308028,1889902.2669197172,9476074.8,17401174.37520805,1550975.2247919515
453,14261042.566666666,26636299.386801798,1885785.746531535,14255536.866666667,26630460.162418105,1880613.5709152278,14188340.216666667,26548361.391533375,1828319.0417999607,9821206.5,18028705.386836205,1613707.6131637963,14261042.566666666,26636299.386801798,1885785.746531535,9821206.5,18028705.386836205,1613707.6131637963
454,14435332.666666666,26686277.6013761,2184387.7319572326,14429325.366666667,26679914.491952963,2178736.2413803693,14354695.65,26590107.22841446,2119284.0715855416,10167059.9,18491067.31881021,1843052.481189791,14435332.666666666,26686277.6013761,2184387.7319572326,10167059.833333334,18491067.19061111,1843052.4760555588
455,13678989.033333333,25460277.798420288,1897700.2682463806,13672896.8,25453758.61203278,1892034.987967223,13585023.133333333,25345885.42153857,1824160.8451280948,9752175.666666666,17927234.953089472,1577116.3802438611,13678989.033333333,25460277.798420288,1897700.2682463806,9752175.633333333,17927234.91413053,1577116.3525361354
456,13687039.666666666,25659892.530661367,1714186.8026719652,13685604.216666667,25658357.148519933,1712851.2848134004,13631780.783333333,25596545.653940916,1667015.9127257504,9699585.533333333,17768362.324673828,1630808.7419928377,13687039.666666666,25659892.530661367,1714186.8026719652,9699585.5,17768362.284256563,1630808.7157434374
457,13666037.8,25888737.87047836,1443337.7295216378,13664185.133333333,25886758.562283248,1441611.7043834198,13623752.366666667,25841723.361799393,1405781.3715339415,9575791.6,17610527.78826356,1541055.4117364418,13666037.8,25888737.87047836,1443337.7295216378,9575791.5,17610527.64621075,1541055.3537892513
458,13575743.833333334,25757146.67158426,1394340.9950824082,13574663.2,25755990.727179736,1393335.6728202626,13533612.0,25710483.99559187,1356740.0044081304,9400031.7,17304905.229028165,1495158.1709718332,13575743.833333334,25757146.67158426,1394340.9950824082,9400031.6,17304905.036078036,1495158.1639219653
459,13076767.366666667,24410880.53712997,1742654.196203366,13075568.783333333,24409585.212026745,1741552.3546399213,13060980.316666666,24408426.528546356,1713534.1047869772,8964925.033333333,16471714.038139686,1458136.0285269804,13076767.366666667,24410880.53712997,1742654.196203366,8964924.933333334,16471713.86076077,1458136.0059058955
460,12391976.666666666,22966735.60547632,1817217.7278570123,12390742.55,22965384.147364546,1816100.9526354559,12367627.55,22955835.40458017,1779419.6954198312,8774816.233333332,16129078.623226814,1420553.84343985,12391976.666666666,22966735.60547632,1817217.7278570123,8774816.133333333,16129078.45646131,1420553.8102053553
461,11335026.333333334,20402893.61501918,2267159.051647488,11332772.75,20400355.837115116,2265189.6628848854,11393903.716666667,20497068.3511635,2290739.0821698364,7924214.133333334,14115291.087903775,1733137.1787628932,11335026.333333334,20402893.61501918,2267159.051647488,7924213.933333334,14115290.766823454,1733137.0998432133
462,12216799.966666667,22559455.387506947,1874144.5458263867,12216015.95,22558593.328117102,1873438.5718828961,12292446.833333334,22674658.702212006,1910234.964454664,8164429.2,14444162.837695558,1884695.5623044418,12216799.966666667,22559455.387506947,1874144.5458263867,8164429.233333333,14444162.89633653,1884695.5703301374
463,13012683.133333333,24636391.927381217,1388974.3392854482,13011511.55,24635127.276639856,1387895.823360147,13145140.883333333,24799694.22349939,1490587.5431672744,8143495.6,14479882.882765839,1807108.3172341604,13012683.133333333,24636391.927381217,1388974.3392854482,8143495.533333333,14479882.762529366,1807108.3041373007
464,13093688.166666666,24755046.34316103,1432329.9901722986,13085553.6,24746284.475437656,1424822.7245623413,13219852.533333333,24919145.62443735,1520559.4422293156,8283876.7,14758316.905492328,1809436.4945076723,13093688.166666666,24755046.34316103,1432329.9901722986,8283876.7,14758316.905492328,1809436.4945076723
465,12826892.8,23678659.72394675,1975125.8760532513,12824099.233333332,23675622.922601573,1972575.5440650936,12801088.033333333,23664649.44063133,1937526.6260353364,8167979.066666666,14516718.342838213,1819239.790495121,12826892.8,23678659.72394675,1975125.8760532513,8167979.066666666,14516718.342838213,1819239.790495121
466,12544113.566666666,22923405.89173952,2164821.2415938117,12537630.733333332,22916313.92411144,2158947.542555224,12524324.916666666,22912185.320381902,2136464.512951428,8265224.933333334,14546869.15414678,1983580.7125198878,12544113.566666666,22923405.89173952,2164821.2415938117,8265224.9,14546869.094999406,1983580.7050005943
467,13179320.5,24781869.811227627,1576771.188772373,13179320.5,24781869.811227627,1576771.188772373,13142729.466666667,24750228.5751672,1535230.358166134,8413097.733333332,14924250.616441548,1901944.8502251161,13179320.5,24781869.811227627,1576771.188772373,8413097.7,14924250.552997787,1901944.847002213
468,13561006.866666667,25366490.21627547,1755523.5170578677,13556589.533333333,25361726.706885956,1751452.3597807102,13501670.483333332,25299311.11181581,1704029.8548508547,8249291.0,14511362.84810375,1987219.1518962486,13561006.866666667,25366490.21627547,1755523.5170578677,8249291.033333333,14511362.890937142,1987219.1757295234
469,13381727.833333334,25119858.297663774,1643597.3690028936,13378161.783333333,25116003.8606799,1640319.705986768,13323882.0,25050148.782341253,1597615.217658747,8309829.633333334,14640930.75304753,1978728.513619137,13381727.833333334,25119858.297663774,1643597.3690028936,8309829.533333333,14640930.572672032,1978728.4939946346
470,11806333.833333334,23532097.383624658,80570.28304200806,11806333.833333334,23532097.383624658,80570.28304200806,11813286.6,23535122.05133958,91451.14866041578,6993778.466666667,12980049.73541765,1007507.1979156844,11806333.833333334,23532097.383624658,80570.28304200806,6993778.466666667,12980049.737513516,1007507.1958198166
471,11767797.566666666,23537160.82594738,-1565.6926140468568,11767797.566666666,23537160.82594738,-1565.6926140468568,11765903.6,23529433.952368222,2373.2476317752153,7245816.766666667,13327114.45478517,1164519.0785481632,11767797.566666666,23537160.82594738,-1565.6926140468568,7245816.9,13327114.653081518,1164519.146918484
472,11806962.1,23684389.56655352,-70465.36655351892,11806962.1,23684389.56655352,-70465.36655351892,11817758.866666667,23693537.133429267,-58019.40009593405,7228269.2,13359516.45234252,1097021.9476574808,11806962.1,23684389.56655352,-70465.36655351892,7228269.233333333,13359516.491186976,1097021.9754796904
473,11470527.833333334,22756395.395258635,184660.27140803263,11470527.833333334,22756395.395258635,184660.27140803263,11474831.566666666,22745619.968785502,204043.16454783082,7211221.833333333,13226017.049623206,1196426.6170434598,11470527.833333334,22756395.395258635,184660.27140803263,7211221.833333333,13226017.049623206,1196426.6170434598
474,11851742.433333334,23210358.38084143,493126.4858252369,11851742.433333334,23210358.38084143,493126.4858252369,11858301.633333333,23205339.131012328,511264.1356543377,7633655.166666667,14635885.49164772,631424.8416856145,11851742.433333334,23210358.38084143,493126.4858252369,7633655.166666667,14635885.49164772,631424.8416856145
475,12639683.266666668,23942337.101490825,1337029.4318425115,12634895.95,23937140.698545285,1332651.201454714,12651124.566666666,23946387.267455056,1355861.8658782747,7793487.6,14827500.693106193,759474.5068938062,12639683.266666668,23942337.101490825,1337029.4318425115,7793487.633333334,14827500.734382471,759474.5322841965
476,12266392.233333332,22856249.676597618,1676534.7900690492,12261643.866666667,22851046.03265532,1672241.7006780133,12246600.616666667,22829049.24923189,1664151.9841014463,8018131.933333334,15141208.811483897,895055.0551827708,12266392.233333332,22856249.676597618,1676534.7900690492,8018131.9,15141208.772961054,895055.0270389477
477,12753598.133333333,24127673.86719141,1379522.399475256,12753598.133333333,24127673.86719141,1379522.399475256,12761928.4,24129910.31338638,1393946.486613622,8073613.0,15243003.914627083,904222.0853729183,12753598.133333333,24127673.86719141,1379522.399475256,8073612.966666667,15243003.86603016,904222.0673031732
478,12892210.0,24308327.230826925,1476092.7691730745,12892210.0,24308327.230826925,1476092.7691730745,12906966.1,24321732.133602217,1492200.0663977824,8704846.666666666,17049074.02322136,360619.3101119753,12892210.0,24308327.230826925,1476092.7691730745,8704846.666666666,17049074.03310807,360619.30022525974
479,12106141.466666667,22570147.482518487,1642135.4508148488,12090988.216666667,22553521.980969183,1628454.4523641504,12114343.283333333,22576773.465408254,1651913.101258412,8423764.266666668,16671392.584834058,176135.94849927723,12106141.466666667,22570147.482518487,1642135.4508148488,8423764.233333332,16671392.540766893,176135.92589977197
480,11988561.9,22172060.97738296,1805062.822617039,11973798.966666667,22155490.625574056,1792107.3077592775,11963512.616666667,22144043.890066072,1782981.3432672638,8430621.566666666,16676462.876423646,184780.256909688,11988561.9,22172060.97738296,1805062.822617039,8430621.5,16676462.793575995,184780.2064240044
481,12065523.766666668,22103394.68273835,2027652.850594988,12054788.1,22091333.967501067,2018242.2324989345,12047616.566666666,22083035.852003455,2012197.2813298758,8601406.833333334,16907759.012591857,295054.65407481045,12065523.766666668,22103394.68273835,2027652.850594988,8601406.833333334,16907759.012591857,295054.65407481045
482,11927047.466666667,21823763.219545197,2030331.7137881368,11926781.383333333,21823461.902691368,2030100.8639752977,11914648.433333334,21810311.362401452,2018985.5042652152,8604664.333333334,16908014.36122793,301314.30543873925,11927047.466666667,21823763.219545197,2030331.7137881368,8604664.333333334,16908014.36122793,301314.30543873925
483,11731349.733333332,21314085.196004994,2148614.2706616707,11724093.683333334,21305805.887362882,2142381.4793037865,11725844.233333332,21307528.60717439,2144159.8594922777,8651177.966666667,16954798.057160754,347557.8761725798,11731349.733333332,21314085.196004994,2148614.2706616707,8651177.966666667,16954798.057160754,347557.8761725798
484,11727951.733333332,21348181.5841499,2107721.882516764,11713432.25,21331663.876178134,2095200.6238218658,11705040.65,21322040.72107206,2088040.5789279416,8583418.633333333,16876265.96104014,290571.3056265274,11727951.733333332,21348181.5841499,2107721.882516764,8583418.633333333,16876265.96104014,290571.3056265274
485,11470267.233333332,20905349.096441958,2035185.3702247068,11464762.35,20899052.790708967,2030471.9092910346,11470730.666666666,20906377.896466948,2035083.436866384,8456755.566666666,16764689.42354884,148821.70978449378,11470267.233333332,20905349.096441958,2035185.3702247068,8456755.566666666,16764689.42354884,148821.70978449378
486,12148192.766666668,21699624.74645096,2596760.7868823726,12138039.233333332,21685393.3206869,2590685.145979764,12118406.833333334,21660443.323148273,2576370.343518395,8618345.666666666,16935468.30349572,301223.0298376102,12148192.766666668,21699624.74645096,2596760.7868823726,8618345.666666666,16935468.30349572,301223.0298376102
487,11827549.1,21243443.753789518,2411654.446210481,11814740.7,21225469.71044474,2404011.6895552594,11815321.716666667,21228103.128207035,2402540.3051263,8356115.766666667,16674965.244692232,37266.28864110168,11827549.1,21243443.753789518,2411654.446210481,8356115.766666667,16674965.244692232,37266.28864110168
488,11871963.366666667,21380306.736320753,2363619.9970125817,11861208.966666667,21365262.578995127,2357155.3543382064,11854094.583333334,21357587.96935868,2350601.197307989,8279424.6,16622345.336018078,-63496.136018078774,11871963.366666667,21380306.736320753,2363619.9970125817,8279424.566666666,16622345.30159537,-63496.16826203652
489,12067628.466666667,21704252.535148926,2431004.3981844056,12048743.583333334,21677992.114498295,2419495.052168375,12028810.833333334,21652725.186471626,2404896.48019504,8304229.2,16671107.538566198,-62649.13856619783,12067628.466666667,21704252.535148926,2431004.3981844056,8304229.2,16671107.538566198,-62649.13856619783
490,12050236.833333334,21651002.72453404,2449470.9421326295,12020844.4,21609912.31096947,2431776.4890305325,12003788.833333334,21594414.560678907,2413163.1059877593,8288506.533333333,16672104.449515143,-95091.38284847699,12050236.833333334,21651002.72453404,2449470.9421326295,8288506.566666666,16672104.482827261,-95091.34949392732
491,11797093.833333334,21276655.9352531,2317531.731413571,11765736.633333333,21232814.624337733,2298658.642328931,11747398.966666667,21210411.876406584,2284386.0569267496,8186719.0,16502318.707394652,-128880.70739465114,11797093.833333334,21276655.9352531,2317531.731413571,8186718.966666667,16502318.673985045,-128880.74065171182
492,11690480.7,21081794.92011913,2299166.4798808694,11661457.683333334,21040548.95686945,2282366.4097972177,11635331.766666668,21007151.66458041,2263511.8687529266,8183245.766666667,16460765.37325734,-94273.83992400765,11690480.7,21081794.92011913,2299166.4798808694,8183245.766666667,16460765.37325734,-94273.83992400765
493,11670025.333333334,21055469.281495538,2284581.3851711303,11641321.4,21014647.020760767,2267995.7792392317,11608253.583333334,20971408.361979753,2245098.8046869133,8230975.066666666,16530663.27905314,-68713.14571980853,11670025.333333334,21055469.281495538,2284581.3851711303,8230975.066666666,16530663.27905314,-68713.14571980853
494,11700359.433333334,21046458.78254607,2354260.0841205977,11671739.05,21005670.272051245,2337807.8279487565,11627839.8,20947076.664840892,2308602.9351591095,8299577.3,16595129.809755716,4024.7902442831546,11700359.433333334,21046458.78254607,2354260.0841205977,8299577.3,16595129.809755716,4024.7902442831546
495,11406809.333333334,20702875.253622297,2110743.4130443707,11377042.483333332,20660145.51092869,2093939.4557379764,11324407.6,20589479.803420946,2059335.3965790533,8027638.8,16253598.691753775,-198321.09175377525,11406809.333333334,20702875.253622297,2110743.4130443707,8027638.733333333,16253598.617268443,-198321.15060177632
496,11380140.7,20584175.184571844,2176106.215428155,11351018.7,20542206.147340544,2159831.252659453,11289917.8,20458678.941688493,2121156.6583115086,8209671.066666666,16481906.862463385,-62564.7291300511,11380140.7,20584175.184571844,2176106.215428155,8209671.033333333,16481906.827527707,-62564.760861041024
497,10884186.366666667,19962230.521876957,1806142.211456377,10856072.433333334,19921217.45835856,1790927.4083081074,10749393.65,19771626.991328266,1727160.3086717352,8015807.4,16293777.352975216,-262162.552975215,10884186.366666667,19962230.521876957,1806142.211456377,8015807.4,16293777.352975216,-262162.552975215
498,11694796.6,21168336.892887186,2221256.307112813,11665047.066666666,21125807.005578097,2204287.127755236,11539186.516666668,20952577.22948169,2125795.8038516436,8512105.466666667,17097817.022434454,-73606.08910112083,11694796.6,21168336.892887186,2221256.307112813,8512105.5,17097817.06191901,-73606.06191901304
499,11561423.266666668,20909911.566625826,2212934.966707507,11532190.333333334,20868003.627969567,2196377.038697101,11470373.333333334,20783404.63560787,2157342.0310587995,8432584.533333333,16945023.84009915,-79854.77343248203,11561423.266666668,20909911.566625826,2212934.966707507,8432584.6,16945023.913214605,-79854.71321460605
500,11926107.433333334,21431713.440639354,2420501.426027311,11897954.916666666,21391767.104164504,2404142.7291688304,11784474.983333332,21236280.41455452,2332669.5521121453,8558796.666666666,17077875.365720764,39717.96761256829,11926107.433333334,21431713.440639354,2420501.426027311,8558796.7,17077875.39989285,39718.00010714494
501,12007175.0,21508597.02319993,2505752.976800071,11978433.116666667,21467836.705805756,2489029.527527578,11903442.283333333,21362826.70049917,2444057.8661674988,8860104.2,17471879.57248729,248328.82751270756,12007175.0,21508597.02319993,2505752.976800071,8860104.2,17471879.57248729,248328.82751270756
502,12208282.233333332,21863582.28715179,2552982.1795148756,12173754.266666668,21814947.00423028,2532561.5291030556,11995318.166666666,21572538.062485937,2418098.270847395,9070454.0,17791048.792989288,349859.2070107125,12208282.233333332,21863582.28715179,2552982.1795148756,9070454.033333333,17791048.831779357,349859.2348873094
503,12427926.0,22880876.985175803,1974975.0148241948,12393396.5,22833312.113426767,1953480.8865732346,12118001.533333333,22470265.138972078,1765737.927694589,9149603.433333334,18700424.938368738,-401218.0717020724,12427926.0,22880876.985175803,1974975.0148241948,9149603.433333334,18700424.938368738,-401218.0717020724
504,11708999.7,21834136.567281526,1583862.832718473,11670296.816666666,21780036.35829211,1560557.2750412207,11428463.3,21455383.321502507,1401543.2784974966,8608045.966666667,18029789.64792646,-813697.7145931274,11708999.7,21834136.567281526,1583862.832718473,8608045.966666667,18029789.64792646,-813697.7145931274
505,11987306.5,22214085.962321755,1760527.0376782455,11948203.2,22159633.223098733,1736773.176901266,11705731.15,21834279.693748727,1577182.6062512752,8726422.233333332,18142717.15027403,-689872.6836073659,11987306.5,22214085.962321755,1760527.0376782455,8726422.266666668,18142717.183915082,-689872.6505817473
506,11283416.366666667,20402227.04751519,2164605.6858181413,11243950.083333334,20344723.492155373,2143176.674511295,11054461.85,20080685.79823988,2028237.901760118,8001177.9,16157389.6578698,-155033.85786979925,11283416.366666667,20402227.04751519,2164605.6858181413,8001177.866666666,16157389.621704105,-155033.88837077376
507,11175833.033333333,20221955.315939948,2129710.7507267185,11136690.533333333,20164916.166316636,2108464.9003500324,11090266.2,20101199.434128053,2079332.9658719432,7806073.766666667,15879907.2241608,-267759.69082746655,11175833.033333333,20221955.315939948,2129710.7507267185,7806073.766666667,15879907.2241608,-267759.69082746655
508,11411980.0,20547001.143582143,2276958.856417857,11373972.333333334,20491789.594464578,2256155.07220209,11302943.183333334,20387446.58756665,2218439.779100014,7885150.1,16030853.679749623,-260553.4797496237,11411980.0,20547001.143582143,2276958.856417857,7885150.133333334,16030853.714520663,-260553.44785399642
509,11907230.633333333,21307322.21651073,2507139.050155934,11866195.716666667,21248704.866140373,2483686.5671929605,11868138.6,21238940.42464096,2497336.7753590383,8518974.0,17051920.076252885,-13972.0762528833,11907230.633333333,21307322.21651073,2507139.050155934,8518973.966666667,17051920.040079802,-13972.106746470556
510,11755085.133333333,21111507.803834237,2398662.4628324285,11715259.216666667,21054555.60909784,2375962.8242354933,11724920.333333334,21056610.338665277,2393230.3280013893,8357142.266666667,16850728.85357125,-136444.32023791876,11755085.133333333,21111507.803834237,2398662.4628324285,8357142.266666667,16850728.85357125,-136444.32023791876
511,11879289.733333332,21213005.453780703,2545574.0128859635,11841401.833333334,21158943.99078863,2523859.6758780386,11859441.866666667,21173233.64295363,2545650.090379704,8490598.4,16951166.029488374,30030.770511627197,11879289.733333332,21213005.453780703,2545574.0128859635,8490598.466666667,16951166.099128243,30030.834205091
512,12353078.966666667,21830018.46114357,2876139.4721897654,12317247.35,21779318.45746552,2855176.242534481,12341833.716666667,21799177.96364613,2884489.4696872067,8974054.733333332,17605769.424798213,342340.04186845385,12353078.966666667,21830018.46114357,2876139.4721897654,8974054.766666668,17605769.45919531,342340.0741380267
513,12634950.0,22154303.429865386,3115596.5701346137,12599018.966666667,22103585.622987185,3094452.310346149,12631735.966666667,22134473.19778193,3128998.735551402,9411072.633333333,18125814.752000786,696330.5146658774,12634950.0,22154303.429865386,3115596.5701346137,9411072.633333333,18125814.752000786,696330.5146658774
514,12560782.3,22103718.317262188,3017846.2827378158,12528150.483333332,22057617.915965945,2998683.0507007185,12572103.9,22102302.43473198,3041905.365268022,9311956.666666666,18050060.977500137,573852.3558331951,12560782.3,22103718.317262188,3017846.2827378158,9311956.666666666,18050060.98366573,573852.3496676013
515,12344052.466666667,21846106.261214726,2841998.672118606,12314294.0,21803995.426493965,2824592.573506035,12371778.35,21863649.89179503,2879906.8082049675,9281940.033333333,17994840.018336512,569040.0483301543,12344052.466666667,21846106.261214726,2841998.672118606,9281940.033333333,17994840.018336512,569040.0483301543
516,12519442.033333333,22038818.22810351,3000065.8385631554,12493127.516666668,22001600.357482173,2984654.6758511625,12554963.4,22058384.664011914,3051542.1359880865,9366508.1,18074257.08280644,658759.1171935629,12519442.033333333,22038818.22810351,3000065.8385631554,9366508.133333333,18074257.120035194,658759.1466314718
517,11953598.2,21049382.04641752,2857814.353582477,11923692.716666667,21006365.69654397,2841019.7367893625,11963738.216666667,21041870.586975664,2885605.8463576715,9115296.9,17454483.35447207,776110.4455279289,11953598.2,21049382.04641752,2857814.353582477,9115296.933333334,17454483.394290958,776110.4723757086
518,12048643.133333333,21191279.96485185,2906006.301814817,12021368.5,21152063.31937457,2890673.680625433,12012042.733333332,21132006.16939355,2892079.2972731143,9432919.533333333,17824114.33811962,1041724.7285470497,12048643.133333333,21191279.96485185,2906006.301814817,9432919.4,17824114.159809932,1041724.6401900686
519,12331366.666666666,21551578.533326752,3111154.8000065796,12302979.316666666,21510972.982043896,3094985.651289437,12223788.866666667,21411694.496624768,3035883.2367085684,9393356.066666666,17798489.94684425,988222.186489081,12331366.666666666,21551578.533326752,3111154.8000065796,9393356.033333333,17798489.902168173,988222.1644984931
520,12515549.4,21657028.21594925,3374070.584050752,12482807.416666666,21610213.15761901,3355401.6757143214,12436078.55,21559659.224134274,3312497.8758657295,9619844.633333333,17973385.05561705,1266304.2110496154,12515549.4,21657028.21594925,3374070.584050752,9619844.6,17973385.017841414,1266304.1821585875
521,11867979.633333333,20852817.70075396,2883141.565912705,11832461.516666668,20801399.411157012,2863523.622176325,11785374.733333332,20753055.290362656,2817694.176304007,8636169.333333334,16708551.717581814,563786.9490848538,11867979.633333333,20852817.70075396,2883141.565912705,8636169.3,16708551.678376991,563786.9216230093
522,12098735.266666668,21021401.147562597,3176069.385770738,12059372.05,20964554.89765292,3154189.202347081,12050833.0,20948784.995613657,3152881.004386345,9255632.666666666,17397609.459064268,1113655.8742690645,12098735.266666668,21021401.147562597,3176069.385770738,9255632.566666666,17397609.3358007,1113655.797532632
523,12897020.7,22022861.86817278,3771179.5318272207,12854944.566666666,21962812.452904552,3747076.6804287806,12842180.166666666,21937736.70503261,3746623.6283007246,10601686.466666667,19222298.27778802,1981074.655545311,12897020.7,22022861.86817278,3771179.5318272207,10601686.4,19222298.195858557,1981074.604141444
524,13173377.333333334,22405086.3567397,3941668.309926968,13136059.333333334,22352022.450526588,3920096.2161400802,13069900.533333333,22280206.508381575,3859594.558285093,10877521.833333334,19625443.702088073,2129599.964578597,13173377.333333334,22405086.3567397,3941668.309926968,10877521.8,19625443.663977884,2129599.9360221177
525,13425164.666666666,22677128.604572237,4173200.7287610956,13390636.633333333,22628247.283659667,4153025.9830070008,13310959.733333332,22538057.86850509,4083861.5981615763,11065244.233333332,19820872.940638073,2309615.5260285903,13425164.666666666,22677128.604572237,4173200.7287610956,11065244.233333332,19820872.940638073,2309615.5260285903
526,14860123.833333334,25447201.51180821,4273046.154858461,14824136.466666667,25398902.90517907,4249370.028154267,14754844.816666666,25337143.851977408,4172545.781355923,11648195.466666667,21500902.126843058,1795488.8064902779,14860123.833333334,25447201.51180821,4273046.154858461,11648195.4,21500902.051306844,1795488.748693157
527,14830581.866666667,25739716.525276758,3921447.2080565766,14797907.266666668,25696202.06811879,3899612.465214547,14715467.083333334,25613129.143579505,3817805.0230871644,11928399.833333334,22057894.44186727,1798905.2247993983,14830581.866666667,25739716.525276758,3921447.2080565766,11928399.8,22057894.402314104,1798905.1976858992
528,15044014.5,25997091.973782934,4090937.0262170658,15010131.933333334,25951952.487966076,4068311.3787005916,14853222.166666666,25787388.206998296,3919056.126335036,11994327.0,22137489.44789979,1851164.5521002132,15044014.5,25997091.973782934,4090937.0262170658,11994326.9,22137489.32865247,1851164.4713475313
529,14810849.7,25710953.211291477,3910746.1887085196,14778160.2,25667394.02168973,3888926.378310267,14630313.216666667,25513617.17343825,3747009.2598950807,11858324.333333334,21965272.743968394,1751375.9226982743,14810849.7,25710953.211291477,3910746.1887085196,11858324.333333334,21965272.743968394,1751375.9226982743
530,14975992.566666666,25901867.7876369,4050117.3456964344,14939622.633333333,25853502.401498295,4025742.8651683703,14730777.283333333,25635067.711144064,3826486.855522603,11695013.366666667,21701639.182273753,1688387.5510595832,14975992.566666666,25901867.7876369,4050117.3456964344,11695013.433333334,21701639.259444512,1688387.6072221529
531,15476203.833333334,26639132.08516325,4313275.581503419,15438301.816666666,26589251.8067481,4287351.826585235,15257248.35,26395935.142171662,4118561.557828337,12508370.633333333,22884882.213470623,2131859.053196041,15476203.833333334,26639132.08516325,4313275.581503419,12508370.633333333,22884882.213470623,2131859.053196041
532,15544140.866666667,26837467.05215437,4250814.681178967,15497277.3,26775903.99744352,4218650.602556482,15362477.25,26640986.791875575,4083967.7081244253,11953138.633333333,22371105.042897,1535172.2237696666,15544140.866666667,26837467.05215437,4250814.681178967,11953138.7,22371105.128584,1535172.2714159973
533,15697182.533333333,26958473.571936402,4435891.494730264,15651822.783333333,26898639.314562142,4405006.252104526,15503152.55,26737726.49673789,4268578.603262112,12380998.466666667,22844786.502955798,1917210.4303775355,15697182.533333333,26958473.571936402,4435891.494730264,12380998.633333333,22844786.70638003,1917210.5602866374
534,15937675.6,27210527.809549905,4664823.390450094,15887987.3,27145155.931447037,4630818.668552967,15719456.3,26962560.041905485,4476352.558094518,12289210.966666667,22696623.860721126,1881798.0726122074,15937675.6,27210527.809549905,4664823.390450094,12289211.066666666,22696623.97384603,1881798.1594873033
535,15998180.166666666,27315282.137521222,4681078.19581211,15948015.3,27249190.14936879,4646840.450631212,15808651.0,27093386.84881731,4523915.151182691,12428848.666666666,22903487.553739242,1954209.7795940898,15998180.166666666,27315282.137521222,4681078.19581211,12428848.666666666,22903487.553739242,1954209.7795940898
536,15179052.066666666,25631063.80653123,4727040.326802101,15127453.333333334,25561013.601591453,4693893.065075215,15050570.966666667,25464392.732452884,4636749.200880451,11437072.3,20856445.70829738,2017698.8917026222,15179052.066666666,25631063.80653123,4727040.326802101,11437072.3,20856445.70829738,2017698.8917026222
537,15150430.066666666,25586977.863833077,4713882.269500256,15095210.733333332,25511664.84275259,4678756.623914072,14962688.883333333,25355901.085785642,4569476.680881023,11378001.066666666,20786299.06703144,1969703.0663018934,15150430.066666666,25586977.863833077,4713882.269500256,11378001.066666666,20786299.06703144,1969703.0663018934
538,14644844.633333333,24900898.348598145,4388790.918068523,14596372.7,24834048.559520952,4358696.840479048,14429260.483333332,24645881.45599415,4212639.510672515,10953687.2,20344570.97953724,1562803.4204627555,14644844.633333333,24900898.348598145,4388790.918068523,10953687.233333332,20344571.013656482,1562803.4530101828
539,14733636.3,25004735.365359064,4462537.234640937,14680473.466666667,24931662.09682862,4429284.836504713,14514281.05,24752015.259425916,4276546.840574086,11180953.633333333,20634258.394194193,1727648.8724724744,14733636.3,25004735.365359064,4462537.234640937,11180953.533333333,20634258.28359826,1727648.7830684055
540,14320831.4,23810986.226528943,4830676.573471058,14264186.5,23731084.808990248,4797288.191009754,14070966.666666666,23517788.737262506,4624144.596070826,10847043.233333332,19434380.472606376,2259705.994060291,14320831.4,23810986.226528943,4830676.573471058,10847043.333333334,19434380.594736453,2259706.0719302148
541,13428013.1,22132934.91740795,4723091.282592051,13374246.233333332,22053544.64798504,4694947.818681626,13194802.233333332,21857978.349534795,4531626.117131872,10113381.766666668,17816186.08512467,2410577.4482086617,13428013.1,22132934.91740795,4723091.282592051,10113381.833333334,17816186.156974535,2410577.5096921325
542,13394229.0,22115037.517019697,4673420.4829803035,13338960.1,22032503.713898826,4645416.486101173,13174068.533333333,21853968.355023596,4494168.71164307,10339984.733333332,18064518.719151877,2615450.747514786,13394229.0,22115037.517019697,4673420.4829803035,10339984.733333332,18064518.719151877,2615450.747514786
543,13197803.033333333,21860141.99130168,4535464.075364985,13143177.533333333,21777166.63344431,4509188.433222355,12948500.966666667,21559936.596818663,4337065.336514669,10246184.0,17884482.157895237,2607885.842104761,13197803.033333333,21860141.99130168,4535464.075364985,10246184.033333333,17884482.20718962,2607885.859477045
544,13493322.833333334,22191051.292911608,4795594.37375506,13447251.35,22122332.756660514,4772169.943339486,13251253.016666668,21892938.803457823,4609567.229875512,10628820.4,18309199.327773213,2948441.4722267864,13493322.833333334,22191051.292911608,4795594.37375506,10628820.366666667,18309199.287546445,2948441.4457868887
545,13204313.1,21890224.064420998,4518402.135578999,13149749.9,21809069.038559463,4490430.761440538,12961902.066666666,21597780.738735877,4326023.394597458,10344369.366666667,18012162.837886773,2676575.895446562,13204313.1,21890224.064420998,4518402.135578999,10344369.333333334,18012162.78829228,2676575.8783743856
546,13259646.5,21948577.45664622,4570715.543353783,13208226.75,21872703.90508631,4543749.594913689,13036419.733333332,21678892.269192267,4393947.197474398,10736814.833333334,18534732.820583872,2938896.8460827973,13259646.5,21948577.45664622,4570715.543353783,10736814.833333334,18534732.820583872,2938896.8460827973
547,12848489.966666667,21509398.46369253,4187581.4696408026,12800738.033333333,21438283.054389752,4163193.012276914,12562944.6,21176959.32693109,3948929.87306891,10290886.3,18030297.394328833,2551475.205671168,12848489.966666667,21509398.46369253,4187581.4696408026,10290886.3,18030297.394328833,2551475.205671168
548,12734933.8,21420128.184223395,4049739.4157766066,12691283.933333334,21355193.55199552,4027374.3146711476,12414472.1,21045418.85685364,3783525.3431463577,10106207.6,17925704.810732175,2286710.3892678246,12734933.8,21420128.184223395,4049739.4157766066,10106207.566666666,17925704.778355297,2286710.354978035
549,13170575.833333334,21885352.056462996,4455799.610203674,13123857.816666666,21816567.746799298,4431147.886534037,12924298.933333334,21587559.2742502,4261038.592416469,10481386.166666666,18413483.092204235,2549289.2411290966,13170575.833333334,21885352.056462996,4455799.610203674,10481386.166666666,18413483.092204235,2549289.2411290966
550,13023914.566666666,21657507.74409424,4390321.389239091,12978012.183333334,21589395.809491437,4366628.55717523,12713387.183333334,21297051.883064866,4129722.4836017992,10065790.866666667,17703605.273031846,2427976.4603014905,13023914.566666666,21657507.74409424,4390321.389239091,10065790.933333334,17703605.36886248,2427976.497804189
551,13157446.666666666,21842559.768841036,4472333.564492298,13114378.816666666,21778930.66435638,4449826.968976952,12899907.6,21545519.829301085,4254295.370698914,10433720.433333334,18332718.995712582,2534721.870954085,13157446.666666666,21842559.768841036,4472333.564492298,10433720.466666667,18332719.029003076,2534721.9043302555
552,12660049.4,21187808.28489559,4132290.515104411,12622781.0,21132292.866487604,4113269.1335123964,12410125.15,20900802.561062586,3919447.738937415,10204776.7,17933701.88735095,2475851.512649048,12660049.4,21187808.28489559,4132290.515104411,10204776.733333332,17933701.934830606,2475851.53183606
553,12777996.233333332,21268306.63174301,4287685.834923655,12738091.95,21208754.342126876,4267429.5578731205,12528621.65,20983525.128712803,4073718.1712871958,10163800.133333333,17867061.311954632,2460538.9547120314,12777996.233333332,21268306.63174301,4287685.834923655,10163800.133333333,17867061.311954632,2460538.9547120314
554,13037053.966666667,21616121.6703918,4457986.262941532,13002547.133333333,21564422.310913533,4440671.955753131,12777403.6,21321208.572381534,4233598.627618467,10463943.833333334,18319757.66834714,2608129.99831953,13037053.966666667,21616121.6703918,4457986.262941532,10463943.866666667,18319757.71639628,2608130.0169370547
555,12566905.233333332,21068779.227644213,4065031.2390224542,12532095.55,21016118.28235808,4048072.8176419195,12307074.333333334,20766311.026953585,3847837.6397130806,9844789.466666667,17489826.887874097,2199752.045459235,12566905.233333332,21068779.227644213,4065031.2390224542,9844789.4,17489826.82269674,2199751.977303259
556,12701437.366666667,21189333.938381433,4213540.794951903,12668595.533333333,21139345.428424098,4197845.638242567,12457763.2,20901162.9025387,4014363.4974613003,10009936.466666667,17599050.802195013,2420822.13113832,12701437.366666667,21189333.938381433,4213540.794951903,10009936.466666667,17599050.79512863,2420822.138204704
557,12991163.433333334,21562827.96680545,4419498.899861218,12959110.35,21514204.92576569,4404015.77423431,12796582.966666667,21338776.872594684,4254389.060738647,10212808.966666667,17865291.81458281,2560326.118750524,12991163.433333334,21562827.96680545,4419498.899861218,10212808.966666667,17865291.78658368,2560326.146749654
558,12734645.3,21296869.3656291,4172421.234370904,12701072.783333333,21245173.333724372,4156972.232942296,12557743.116666667,21092215.356566068,4023270.8767672665,10067680.1,17748909.445505075,2386450.7544949222,12734645.3,21296869.3656291,4172421.234370904,10067680.1,17748909.46106388,2386450.738936119
559,13153846.066666666,21789864.02461497,4517828.108718362,13112467.966666667,21727384.986777086,4497550.946556248,12967293.6,21579512.858193453,4355074.341806546,10738187.333333334,18618384.086065,2857990.580601666,13153846.066666666,21789864.02461497,4517828.108718362,10738187.333333334,18618384.086065,2857990.580601666
560,13453265.633333333,22148424.824403577,4758106.442263091,13405190.033333333,22076725.664283738,4733654.402382929,13226266.05,21883148.867367305,4569383.2326326985,11070247.466666667,18991020.378482156,3149474.55485118,13453265.633333333,22148424.824403577,4758106.442263091,11070247.433333334,18991020.327962313,3149474.5387043543
561,12897577.3,21467691.896291316,4327462.703708686,12843896.066666666,21387367.606207795,4300424.527125537,12651344.833333334,21185300.687621742,4117388.9790449236,10401393.833333334,18101748.211535513,2701039.4551311554,12897577.3,21467691.896291316,4327462.703708686,10401393.833333334,18101748.211535513,2701039.4551311554
562,12511102.766666668,20990350.854320675,4031854.679012662,12463849.433333334,20918720.24597617,4008978.6206904985,12283320.616666667,20731064.89909707,3835576.334236264,10087081.4,17645084.586762268,2529078.2132377326,12511102.766666668,20990350.854320675,4031854.679012662,10087081.4,17645084.586762268,2529078.2132377326
563,12499995.366666667,20960320.905941527,4039669.827391807,12456046.083333334,20893691.418720745,4018400.7479459234,12285900.3,20720315.35705843,3851485.242941575,9976007.5,17502763.904700957,2449251.095299042,12499995.366666667,20960320.905941527,4039669.827391807,9976007.433333334,17502763.821865153,2449251.0448015146
564,11942142.433333334,19822588.35803974,4061696.5086269258,11894755.2,19748149.96093686,4041360.43906314,11723679.583333334,19570847.905557144,3876511.2611095235,9393050.466666667,16231078.043609582,2555022.8897237517,11942142.433333334,19822588.35803974,4061696.5086269258,9393050.466666667,16231078.043609582,2555022.8897237517
565,11800837.4,19676271.31987608,3925403.480123922,11752875.65,19599788.269453004,3905963.030546995,11558729.883333333,19400492.07939834,3716967.687268324,9200295.0,15996954.128699826,2403635.871300174,11800837.4,19676271.31987608,3925403.480123922,9200294.933333334,15996954.03579145,2403635.830875219
566,11822646.533333333,19671240.720781162,3974052.345885504,11753262.3,19559320.86951202,3947203.73048798,11532607.3,19322968.68199299,3742245.9180070115,9268529.7,16021631.775170017,2515427.6248299805,11822646.533333333,19671240.720781162,3974052.345885504,9268529.7,16021631.769862885,2515427.630137114
567,11660475.5,19480235.347920995,3840715.652079004,11613210.366666667,19404431.99720579,3821988.736127545,11376332.083333334,19158490.513060696,3594173.6536059733,9142964.466666667,15890060.451089013,2395868.48224432,11660475.5,19480235.347920995,3840715.652079004,9142964.433333334,15890060.410274658,2395868.456392009
568,11183845.8,18300324.856667995,4067366.743332004,11128603.4,18208946.899807584,4048259.9001924163,10856038.05,17923179.757556222,3788896.3424437772,9229378.333333334,15866259.808801113,2592496.857865555,11183845.8,18300324.856667995,4067366.743332004,9229378.333333334,15866259.798648559,2592496.8680181094
569,11261175.533333333,18398064.81119035,4124286.2554763146,11205168.216666667,18306509.244968254,4103827.1883650785,10969211.716666667,18048011.100522745,3890412.332810588,9321617.433333334,15996206.610550929,2647028.2561157383,11261175.533333333,18398064.81119035,4124286.2554763146,9321617.433333334,15996206.610550929,2647028.2561157383
570,10984736.3,18101600.375912078,3867872.2240879247,10928445.433333334,18007956.983617425,3848933.883049243,10655350.2,17714638.303811233,3596062.096188766,9110149.966666667,15748369.365454443,2471930.5678788917,10984736.3,18101600.375912078,3867872.2240879247,9110149.933333334,15748369.323521147,2471930.5431455206
571,11292434.666666666,18461910.18905368,4122959.1442796513,11238749.516666668,18372155.266575016,4105343.766758319,10998595.2,18116580.65440658,3880609.7455934174,9520780.766666668,16226406.609216642,2815154.9241166934,11292434.666666666,18461910.18905368,4122959.1442796513,9520780.8,16226406.651948504,2815154.9480514964
572,11542334.1,18757482.153526302,4327186.046473697,11492099.0,18673541.334905427,4310656.665094574,11285422.35,18461091.624387003,4109753.0756129967,9731438.866666667,16517313.52249283,2945564.2108405037,11542334.1,18757482.153526302,4327186.046473697,9731438.9,16517313.569717333,2945564.230282669
573,12288316.666666666,19809006.37384728,4767626.959486051,12248927.683333334,19744264.638722166,4753590.7279445,12065224.966666667,19564374.203966144,4566075.729367189,10226968.833333334,17280976.294885106,3172961.3717815625,12288316.666666666,19809006.37384728,4767626.959486051,10226968.9,17280976.380160596,3172961.4198394036
574,12031590.5,19360712.7489109,4702468.251089101,11985100.266666668,19284625.77459583,4685574.7587375045,11813259.766666668,19117045.653849967,4509473.879483367,10001305.3,16878587.481987584,3124023.118012416,12031590.5,19360712.7489109,4702468.251089101,10001305.266666668,16878587.43412917,3124023.099204166
575,11193711.666666666,18443379.030243292,3944044.303090038,11147628.583333334,18367598.0150944,3927659.1515722703,10950879.016666668,18168806.664049838,3732951.3692834983,9237601.833333334,16018754.537750993,2456449.128915676,11193711.666666666,18443379.030243292,3944044.303090038,9237601.866666667,16018754.58442923,2456449.148904103
576,11417462.333333334,18721688.34722148,4113236.319445188,11368147.25,18641434.283251073,4094860.216748926,11158106.333333334,18436122.000584155,3880090.6660825107,9335586.866666667,16194839.051270131,2476334.6820632033,11417462.333333334,18721688.34722148,4113236.319445188,9335586.866666667,16194839.051270131,2476334.6820632033
577,10882507.833333334,18110788.668984946,3654226.997681723,10820707.016666668,18007121.692099757,3634292.3412335785,10615341.033333333,17790039.154325306,3440642.91234136,8823985.2,15530185.271345321,2117785.1286546784,10882507.833333334,18110788.668984946,3654226.997681723,8823985.166666666,15530185.222395137,2117785.110938196
578,11114144.133333333,19057957.690726373,3170330.5759402914,11063978.133333333,18977266.738644935,3150689.5280217305,11028662.266666668,18920673.59868163,3136650.934651708,9182591.766666668,16682255.87653283,1682927.6568005038,11114144.133333333,19057957.690726373,3170330.5759402914,9182591.766666668,16682255.87653283,1682927.6568005038
579,10873140.233333332,18800253.14789459,2946027.318772072,10836500.133333333,18741134.8215435,2931865.445123167,10819465.8,18713928.198730733,2925003.4012692673,8909030.366666667,16313275.122392423,1504785.61094091,10873140.233333332,18800253.14789459,2946027.318772072,8909030.333333334,16313275.075569429,1504785.5910972403
580,10864801.433333334,18831911.24488652,2897691.621780146,10828471.716666667,18773997.122774877,2882946.310558457,10807062.4,18740171.75745276,2873953.042547242,8942173.533333333,16468561.949857106,1415785.11680956,10864801.433333334,18831911.24488652,2897691.621780146,8942173.566666666,16468561.998087551,1415785.1352457805
581,11077908.2,18937760.932526942,3218055.4674730552,11041882.916666666,18880098.855997123,3203666.9773362074,11035142.566666666,18868589.693646017,3201695.4396873154,9202669.533333333,16588407.120949544,1816931.9457171224,11077908.2,18937760.932526942,3218055.4674730552,9202669.5,16588407.082082637,1816931.9179173643
582,10985093.966666667,18836085.814275734,3134102.1190575995,10944796.783333333,18771338.505281247,3118255.061385421,10934660.366666667,18755589.111268632,3113731.622064704,9036796.766666668,16329703.444216004,1743890.0891173314,10985093.966666667,18836085.814275734,3134102.1190575995,9036796.766666668,16329703.444216004,1743890.0891173314
583,10885809.133333333,18697026.24956749,3074592.0170991747,10849507.516666668,18638835.258888766,3060179.7744445708,10830460.383333333,18608234.148481287,3052686.6181853795,9075639.4,16445974.724042986,1705304.075957016,10885809.133333333,18697026.24956749,3074592.0170991747,9075639.4,16445974.724042986,1705304.075957016
584,10785079.633333333,18601633.26791804,2968525.9987486256,10746557.0,18538961.379077733,2954152.6209222665,10725331.083333334,18506404.954677995,2944257.2119886726,9086423.433333334,16474877.693768196,1697969.1728984704,10785079.633333333,18601633.26791804,2968525.9987486256,9086423.466666667,16474877.734021291,1697969.1993120434
585,11872309.433333334,20211084.42781274,3533534.438853925,11830765.2,20133104.370334737,3528426.0296652606,11813565.3,20102705.572598692,3524425.0274013104,9610410.233333332,17046321.96492223,2174498.5017444342,11872309.433333334,20211084.42781274,3533534.438853925,9610410.266666668,17046321.996573508,2174498.5367598273
586,11996139.1,20358417.148258623,3633861.0517413756,11957049.416666666,20285037.88122388,3629060.952109454,11938742.833333334,20253028.932589762,3624456.734076907,9676913.2,17123479.333399914,2230347.0666000852,11996139.1,20358417.148258623,3633861.0517413756,9676913.2,17123479.333399914,2230347.0666000852
587,12392772.766666668,20869709.817410693,3915835.7159226444,12349632.85,20789190.948432848,3910074.7515671495,12325551.4,20746891.70050273,3904211.09949727,10144201.5,17813073.31851682,2475329.681483181,12392772.766666668,20869709.817410693,3915835.7159226444,10144201.5,17813073.31851682,2475329.681483181
588,12298673.333333334,20748200.24009895,3849146.4265677184,12247590.533333333,20651970.843752116,3843210.2229145505,12218229.7,20600550.025498748,3835909.3745012516,10041131.5,17634323.063397616,2447939.936602382,12298673.333333334,20748200.24009895,3849146.4265677184,10041131.5,17634323.063397616,2447939.936602382
589,12305221.033333333,20703101.749979295,3907340.3166873734,12247971.316666666,20595833.780811243,3900108.852522088,12203577.666666666,20517321.63356457,3889833.699768762,10046552.7,17607099.095960245,2486006.304039756,12305221.033333333,20703101.749979295,3907340.3166873734,10046552.7,17607099.095960245,2486006.304039756
590,11596971.1,19988364.81619843,3205577.38380157,11525517.533333333,19853035.701842997,3197999.36482367,11477674.416666666,19765338.502768055,3190010.3305652784,9259091.433333334,16760789.749347746,1757393.1173189199,11596971.1,19988364.81619843,3205577.38380157,9259091.433333334,16760789.749347746,1757393.1173189199
591,11404930.6,19803385.241269127,3006475.9587308727,11329753.4,19660354.19131831,2999152.608681688,11275369.066666666,19561715.83630153,2989022.297031801,9087210.6,16556409.47215898,1618011.7278410206,11404930.6,19803385.241269127,3006475.9587308727,9087210.6,16556409.47215898,1618011.7278410206
592,11857662.133333333,20408913.14737244,3306411.119294226,11784362.366666667,20271669.941869754,3297054.79146358,11729121.8,20173666.434245184,3284577.1657548156,9515198.233333332,17181587.82693653,1848808.6397301322,11857662.133333333,20408913.14737244,3306411.119294226,9515198.233333332,17181587.82693653,1848808.6397301322
593,11922110.833333334,20485365.05209059,3358856.614576079,11867387.883333333,20380706.305857845,3354069.460808819,11824885.05,20304472.224144932,3345297.8758550696,9391217.266666668,16966432.963270914,1816001.5700624213,11922110.833333334,20485365.05209059,3358856.614576079,9391217.266666668,16966432.963270914,1816001.5700624213
594,11703289.433333334,20273105.937015913,3133472.9296507556,11625298.233333332,20123426.97440525,3127169.4922614153,11622508.383333333,20127086.31709872,3117930.4495679457,9083841.0,16540190.578846086,1627491.421153915,11666192.3,20201643.643439524,3130740.9565604758,9083840.966666667,16540190.531155992,1627491.4021773422
595,12498870.8,21877707.654299892,3120033.945700109,12421510.883333333,21735486.21008335,3107535.556583317,12466474.016666668,21841912.798671614,3091035.2346617207,9850680.966666667,18190506.156148225,1510855.7771851085,12462836.8,21811211.385607354,3114462.214392649,9850681.033333333,18190506.25771615,1510855.8089505155
596,10687442.566666666,19518938.26472271,1855946.8686106242,10607465.416666666,19367172.18482321,1847758.6485101208,10685074.25,19518681.730714105,1851466.769285895,8483970.2,16389241.204727456,578699.1952725435,10650313.0,19448206.04734665,1852419.9526533484,8483970.2,16389241.213703334,578699.1862966632
597,10693103.466666667,19556269.9873034,1829936.946029937,10615936.466666667,19408455.943445463,1823416.9898878708,10707807.366666667,19571099.026751474,1844515.7065818608,8454427.366666667,16372140.483059522,536714.2502738126,10655952.833333334,19484854.773409426,1827050.8932572417,8454427.366666667,16372140.483059522,536714.2502738126
598,10648096.966666667,19512530.584373713,1783663.348959621,10571307.666666666,19365217.602606878,1777397.7307264544,10666553.816666666,19533431.19736118,1799676.4359721541,8261946.0,16034286.800265983,489605.1997340163,10612229.533333333,19443473.17583278,1780985.8908338882,8261946.0,16034286.800265983,489605.1997340163
599,10709127.366666667,19609316.29886232,1808938.434471015,10631828.616666667,19460046.350233193,1803610.8831001408,10729352.383333333,19634161.72335451,1824543.0433121528,8189288.733333333,16027776.848046593,350800.6186200725,10671782.166666666,19536949.460862048,1806614.8724712823,8189288.7,16027776.811049223,350800.5889507765
600,10569031.6,19422715.910608232,1715347.2893917654,10491856.283333333,19274800.823494993,1708911.7431716714,10607054.033333333,19463024.722014308,1751083.3446523566,8063960.133333334,15884200.806906115,243719.45976055134,10532087.033333333,19351654.633040994,1712519.433625672,8063960.133333334,15884200.806906115,243719.45976055134
601,10770368.966666667,19663472.317635342,1877265.6156979892,10694166.133333333,19516857.28022395,1871474.9864427168,10757672.216666667,19660166.80380462,1855177.6295287106,7662721.866666666,15495250.216659324,-169806.48332599178,10734229.166666666,19593694.829988733,1874763.5033445992,7662721.866666666,15495250.216659324,-169806.48332599178
602,10710786.933333334,19652850.239733472,1768723.6269331966,10634529.333333334,19504621.02574127,1764437.6409253944,10683387.45,19618986.185912132,1747788.714087868,7639721.8,15460703.450714745,-181259.85071474407,10675100.333333334,19583242.973568305,1766957.6930983644,7639721.8,15460703.450714745,-181259.85071474407
603,10786677.733333332,19766414.446454763,1806941.0202119015,10712126.816666666,19620983.707396463,1803269.9259368721,10749554.05,19717654.079863228,1781454.0201367754,7686948.3,15519974.421188978,-146077.82118897885,10750839.033333333,19696274.03773888,1805404.0289277881,7686948.3,15519974.421188978,-146077.82118897885
604,11323913.8,21205281.786224514,1442545.8137754854,11248711.166666666,21066910.22517155,1430512.1081617791,11294846.816666666,21151896.721289977,1437796.9120433554,8338195.266666667,17248504.44066432,-572113.9073309889,11288370.1,21139657.619892046,1437082.5801079553,8338195.266666667,17248504.44066432,-572113.9073309889
605,9861657.966666667,19074309.08483272,649006.848500615,9780474.133333333,18923161.680025022,637786.5866416432,9823093.783333333,19002362.54665196,643825.0200147089,7704008.633333334,15977760.922452081,-569743.6557854135,9826434.433333334,19008457.014076672,644411.8525899965,7704008.633333334,15977760.922452081,-569743.6557854135
606,10062062.9,19254181.595918234,869944.2040817663,9985038.183333334,19111025.070512384,859051.2961542848,10036736.166666666,19206098.370833226,867373.9625001065,7461992.566666666,15713278.514879141,-789293.3815458082,10027663.5,19189999.186660074,865327.8133399244,7461992.533333333,15713278.483851088,-789293.4171844218
607,9453906.466666667,18654971.943809457,252840.9895238746,9377993.383333333,18512455.127134502,243531.63953216374,9419055.066666666,18588954.659321904,249155.47401142865,6595998.4,14781065.329620933,-1589068.5296209324,9420247.266666668,18591543.051126935,248951.48220640235,6595998.4,14781065.329620933,-1589068.5296209324
608,9696389.433333334,18936635.90980401,456142.9568626564,9625049.566666666,18802435.544755742,447663.58857759275,9668879.1,18884690.768984504,453067.43101549335,6718898.866666666,14915041.193506002,-1477243.460172671,9662580.233333332,18872824.888545025,452335.5781216398,6718898.9,14915041.224869397,-1477243.4248693949
609,9197780.8,17991140.065639168,404421.53436083347,9135629.75,17886871.068691015,384388.4313089829,9176479.316666666,17955313.21113001,397645.422203321,6562558.766666667,14750243.135442153,-1625125.6021088194,9164824.8,17935665.230458245,393984.3695417568,6562558.766666667,14750243.135442153,-1625125.6021088194
610,9307381.0,18120121.4624497,494640.5375503022,9243905.033333333,18012638.48434014,475171.5823265258,9299481.433333334,18105901.75423842,493061.1124282479,6450045.833333333,14639834.828881795,-1739743.1622151285,9273976.0,18063365.181018412,484586.818981586,6450045.833333333,14639834.828881795,-1739743.1622151285
611,9304375.566666666,18085346.255320616,523404.8780127149,9240940.15,17979351.76081538,502528.53918462247,9305405.166666666,18087215.030970857,523595.30236247554,6654482.033333333,14834710.427379342,-1525746.3607126754,9270600.8,18028717.89849388,512483.7015061211,6654482.033333333,14834710.427379342,-1525746.3607126754
612,9155092.633333333,18005104.837427147,305080.42923951894,9090990.733333332,17894436.226394627,287545.2402720377,9088715.433333334,17890545.410313986,286885.45635267906,6506947.366666666,14693545.386668067,-1679650.653334735,9120786.833333334,17945685.73096745,295887.935699217,6506947.366666666,14693545.386668067,-1679650.653334735
613,9129486.233333332,18112438.26583311,146534.20083355345,9064384.933333334,17995980.93399428,132788.932672387,9018882.016666668,17915565.805266276,122198.2280670572,6585659.266666667,14769728.731574422,-1598410.1982410885,9122983.533333333,18100737.50477426,145229.56189240515,6585659.266666667,14769728.731574422,-1598410.1982410885
614,9107293.233333332,18068432.307218745,146154.15944791958,9040339.333333334,17949452.112358756,131226.55430791155,9013297.783333333,17901972.170625877,124623.39604078978,6848375.3,15037885.454576695,-1341134.8545766957,9071953.666666666,18005429.79311109,138477.54022224247,6848375.3,15037885.454576695,-1341134.8545766957
615,9079513.333333334,18022094.830976695,136931.83568997495,9012815.55,17904404.43008867,121226.66991133057,9053088.733333332,17975335.33677358,130842.12989308313,7454648.133333334,15794344.118419915,-885047.8517532488,9044700.6,17960463.88413831,128937.31586169079,7454648.133333334,15794344.118419915,-885047.8517532488
616,9018357.266666668,17866046.617739074,170667.91559426114,8951622.266666668,17751437.295723215,151807.2376101222,9009014.85,17849940.013832074,168089.6861679256,6856530.066666666,15047188.174280632,-1334128.0409472995,8982179.533333333,17803707.25830221,160651.80836445466,6856530.066666666,15047188.174280632,-1334128.0409472995
617,9230701.533333333,18165638.512889616,295764.5537770521,9165031.566666666,18050431.63903109,279631.49430224113,9207506.016666668,18124756.90184349,290255.131489845,7367171.1,15639554.98496152,-905212.7849615216,9195394.433333334,18103501.250983734,287287.6156829335,7367171.1,15639554.98496152,-905212.7849615216
618,9266821.9,18226191.596503846,307452.20349615626,9201363.2,18111889.850961693,290836.5490383059,9213257.7,18153606.047099374,272909.35290062614,7580588.066666666,15914506.996418208,-753330.863084875,9231512.2,18164339.27488863,298685.12511136755,7580588.066666666,15914506.996418208,-753330.863084875
619,9296837.5,18174171.690164465,419503.30983553454,9232764.6,18063858.8028349,401670.397165101,9249702.45,18115007.55014459,384397.34985540994,7606867.666666667,15889738.267486732,-676002.9341533994,9261861.366666667,18113763.168034866,409959.5652984679,7606867.666666667,15889738.267486732,-676002.9341533994
620,8985341.5,17789022.21107751,181660.78892249055,8920509.033333333,17679257.398322936,161760.66834373027,8939325.283333333,17733921.250877257,144729.31578940898,7104177.233333333,15304364.948729103,-1096010.4820624366,8950882.133333333,17730480.320509292,171283.94615737535,7104177.2,15304364.91473332,-1096010.51473332
621,9032062.233333332,17931244.362654842,132880.10401182435,8968197.25,17821713.46576573,114681.03423426859,8985584.05,17877137.884020865,94030.21597913466,7577869.7,15940009.907709803,-784270.507709804,8997216.333333334,17871292.565092914,123140.10157375224,7577869.7,15940009.907709803,-784270.507709804
622,9066770.4,18030055.99070993,103484.80929007009,9002098.366666667,17918269.118548498,85927.6147848349,9014832.7,17968719.170894578,60946.22910541855,7776942.2,16254525.052377917,-700640.6523779174,9032091.666666666,17969920.47647067,94262.8568626605,7776942.166666667,16254525.020832594,-700640.6874992596
623,8943899.033333333,16746534.448857341,1141263.6178093245,8880675.116666667,16633673.510708015,1127676.7226253198,8901535.533333333,16703964.38220575,1099106.6844609166,7519964.933333334,14731448.761778,308481.10488866735,8909581.6,16685068.705605742,1134094.4943942586,7519964.933333334,14731448.761778,308481.10488866735
624,8721104.0,16406906.197537232,1035301.8024627669,8659554.766666668,16300629.487183193,1018480.0461501423,8672388.2,16355853.199611489,988923.2003885088,7184264.666666667,14317820.360654023,50708.97267931048,8688043.3,16349616.809837183,1026469.7901628185,7184264.666666667,14317820.360654023,50708.97267931048
625,8467086.2,16085592.223107386,848580.1768926131,8405567.8,15981458.51671812,829677.0832818821,8438011.85,16069701.949606182,806321.7503938172,6941089.8,14038576.010761607,-156396.41076160874,8434580.133333333,16030359.715662634,838800.5510040317,6941089.8,14038576.010761607,-156396.41076160874
626,8567832.6,16253280.837109823,882384.3628901755,8508110.583333334,16150216.965489391,866004.2011772776,8520769.066666666,16209904.367482264,831633.7658510683,6993738.233333333,14115434.357058695,-127957.8903920278,8535593.233333332,16197452.837522708,873733.629143957,6993738.266666667,14115434.389081538,-127957.85574820358
627,8205645.033333333,15820078.34013678,591211.726529887,8152947.533333333,15731768.098488817,574126.9681778494,8167077.033333333,15791842.871690169,542311.1949764965,6917118.033333333,14076678.81275417,-242442.74608750176,8179039.033333333,15775337.45729527,582740.6093713958,6917118.033333333,14076678.81275417,-242442.74608750176
628,8092923.266666667,15714992.826596692,470853.70673664194,8033952.116666666,15614677.91099156,453226.3223417727,8055311.35,15688954.83376519,421667.8662348082,6689916.433333334,13809257.143850442,-429424.2771837739,8062680.466666667,15663355.795212131,462005.13812120166,6689916.433333334,13809257.143850442,-429424.2771837739
629,8352198.033333333,16032984.426109977,671411.6405566894,8295243.483333333,15935312.577994391,655174.3886722764,8313389.666666667,16007308.249870298,619471.0834630355,6879210.066666666,14029444.853534684,-271024.7202013517,8321588.8,15980317.051007051,662860.5489929486,6879210.066666666,14029444.853534684,-271024.7202013517
630,8005557.2,15233545.0837006,777569.3162994012,7950047.95,15136314.823444692,763781.076555308,7957917.15,15196043.253524447,719791.0464755539,6632152.433333334,13339037.437445752,-74732.57077908609,7976508.366666666,15182488.256086223,770528.4772471096,6632152.433333334,13339037.437445752,-74732.57077908609
631,8299058.9,15803779.625837613,794338.1741623878,8245057.0,15714474.13414054,775639.8658594592,8254401.233333333,15771184.205885027,737618.2607816393,6937374.266666667,14022068.956235722,-147320.42290238943,8270898.766666667,15757043.942412559,784753.5909207752,6937374.266666667,14022068.956235722,-147320.42290238943
632,8402773.366666667,15762866.96748951,1042679.7658438226,8367035.933333334,15701598.444234576,1032473.4224320911,8364784.516666667,15738371.35110721,991197.6822261233,7110311.5,14005230.116444547,215392.88355545234,8382985.233333333,15728870.482992047,1037099.9836746193,7110311.5,14005230.116444547,215392.88355545234
633,8515746.666666666,15744660.241158716,1286833.0921746166,8469859.666666666,15665712.008827623,1274007.32450571,8474470.733333332,15717845.066085007,1231096.400581657,7233958.6,14012640.794152722,455276.4058472784,8491321.766666668,15702516.626288548,1280126.907044788,7233958.6,14012640.794152722,455276.4058472784
634,8921309.666666666,16474238.54772583,1368380.7856075028,8875010.366666667,16395926.619043719,1354094.1142896144,8870914.333333334,16438830.811198182,1302997.8554684864,7603426.3,14714447.506399268,492405.09360073134,8896034.7,16431369.166942194,1360700.2330578044,7603426.3,14714447.506399268,492405.09360073134
635,8874344.133333333,16452900.860995982,1295787.405670683,8818189.433333334,16356705.363536809,1279673.5031298585,8814545.466666667,16404535.790849982,1224555.1424833518,7514636.8,14626073.244130917,403200.35586908273,8844781.1,16402084.710287794,1287477.4897122057,7514636.8,14626073.244130917,403200.35586908273
636,9493298.166666666,17243467.241213523,1743129.0921198092,9435165.216666667,17140509.465895407,1729820.9674379285,9420749.6,17174683.065517567,1666816.1344824322,8032857.766666667,15207598.092846412,858117.4404869219,9462634.533333333,17188982.676732052,1736286.3899346134,8032857.766666667,15207598.092846412,858117.4404869219
637,9260220.0,16935197.02037152,1585242.979628482,9203200.633333333,16835562.654709198,1570838.6119574672,9180014.433333334,16857211.82726945,1502817.0393972173,7898459.966666667,15018430.011415305,778489.921918029,9229930.266666668,16882095.740483068,1577764.7928502671,7898459.866666666,15018429.887297362,778489.8460359704
638,9142117.133333333,16851812.02424476,1432422.2424219055,9085831.733333332,16751417.102161247,1420246.3645054176,9059958.5,16772533.351723906,1347383.6482760934,7407840.566666666,14443504.572119825,372176.5612135073,9113107.7,16799902.48037851,1426312.919621488,7407840.566666666,14443504.572119825,372176.5612135073
639,9414451.933333334,17213700.867293973,1615202.9993726937,9357358.333333334,17109308.580712717,1605408.08595395,9322006.366666667,17123787.405325003,1520225.3280083314,7547341.166666667,14552447.770035718,542234.5632976154,9385190.533333333,17160032.86479568,1610348.2018709853,7547341.166666667,14552447.771953605,542234.5613797279
640,9226794.866666667,16921723.676821884,1531866.0565114515,9168317.033333333,16816495.50403915,1520138.5626275158,9147396.633333333,16850600.87021373,1444192.3964529363,7320116.266666667,14231483.588026863,408748.9453064697,9197544.7,16868910.903274916,1526178.4967250824,7320116.233333333,14231483.552930927,408748.9137357399
641,9259680.5,16929994.696024105,1589366.3039758932,9200613.016666668,16826462.71282375,1574763.3205095846,9192289.283333333,16877543.654404655,1507034.9122620132,7275648.8,14175419.739977933,375877.8600220671,9230542.7,16878735.99124364,1582349.4087563576,7275648.8,14175419.74093721,375877.859062789
642,9214747.666666666,16795485.25734764,1634010.0759856924,9155325.05,16693807.022380289,1616843.0776197137,9153912.916666666,16748759.983425044,1559065.8499082895,7246329.8,14124583.504076041,368076.09592395835,9185671.4,16745538.08567359,1625804.7143264106,7246329.866666666,14124583.57639985,368076.15693348274
643,8913495.566666666,16418621.072705034,1408370.0606282996,8854062.25,16317107.143848324,1391017.3561516758,8844191.433333334,16367690.437009575,1320692.4296570923,7009657.166666667,13837848.744808873,181465.5885244608,8882999.066666666,16366335.16554365,1399662.9677896835,7009657.233333333,13837848.815597521,181465.65106914565
644,9099483.633333333,16716123.073527217,1482844.1931394478,9037657.1,16607745.341377854,1467568.858622145,9038806.483333332,16674553.922418501,1403059.0442481628,7315353.4,14260211.730134048,370495.0698659532,9067570.6,16659975.815248676,1475165.3847513227,7315353.4,14260211.730134048,370495.0698659532
645,9245584.733333332,16927808.162108786,1563361.3045578776,9182935.016666668,16818761.06427028,1547108.969063053,9171120.483333332,16874021.127834655,1468219.8388320077,7432313.966666667,14441755.367430506,422872.5659028273,9213072.633333333,16871007.442889303,1555137.8237773608,7432314.0,14441755.4000135,422872.5999864992
646,8578164.0,16042481.612687103,1113846.3873128956,8517604.933333334,15940477.246067407,1094732.6205992606,8496446.366666667,15981086.271902481,1011806.4614308532,6828664.7,13662215.556292929,-4886.156292928383,8546883.766666668,15989586.331842724,1104181.20149061,6828664.7,13662215.556292929,-4886.156292928383
647,8420118.733333332,15339460.554206526,1500776.912460139,8360604.2,15231848.473627616,1489359.9263723837,8361638.216666667,15298176.825557541,1425099.6077757925,6336324.633333334,12137970.287153464,534678.9795132047,8390517.833333334,15285732.525012296,1495303.1416543722,6336324.633333334,12137970.287153464,534678.9795132047
648,8932281.366666667,15798470.856003955,2066091.8773293784,8880335.866666667,15707664.216720346,2053007.516612989,8704151.166666666,15595727.711332612,1812574.6220007194,6965395.8,12876277.838162163,1054513.7618378364,8907261.933333334,15754572.597489174,2059951.2691774918,6965395.8,12876277.838162163,1054513.7618378364
649,8337344.533333333,15118209.677555136,1556479.389111529,8284989.933333334,15027757.655292235,1542222.2113744328,8093374.166666667,14898780.511122756,1287967.8222105782,6340563.1,12188929.61319267,492196.5868073283,8311080.766666667,15072666.452591525,1549495.0807418078,6340563.1,12188929.61319267,492196.5868073283
650,9566607.733333332,17374973.8996422,1758241.5670244638,9515623.5,17293869.336678248,1737377.663321753,9015415.866666667,16794119.02039905,1236712.7129342854,7048690.066666666,14056033.183579516,41346.94975381624,9540695.866666667,17333608.30766475,1747783.425668586,7048690.066666666,14056033.183579516,41346.94975381624
651,9699161.3,17611916.68495972,1786405.9150402807,9641521.766666668,17517566.018357895,1765477.514975438,9475701.933333334,17428358.910786588,1523044.9558800803,6950242.566666666,13982672.972381726,-82187.83904839214,9669913.6,17563860.145326592,1775967.0546734054,6950242.566666666,13982672.972381726,-82187.83904839214
652,9972093.9,17946829.178888284,1997358.6211117161,9915308.666666666,17853276.78252462,1977340.550808712,9759394.283333333,17766291.347082365,1752497.219584302,7001980.833333333,14017752.21502493,-13790.54835826438,9942274.6,17897529.58968271,1987019.6103172898,7001980.833333333,14017752.21502493,-13790.54835826438
653,10328672.1,18366377.848335635,2290966.3516643653,10271454.216666667,18269853.150835678,2273055.2824976575,10123903.733333332,18179730.776192408,2068076.6904742578,7359155.3,14403568.149224214,314742.4507757854,10299960.166666666,18317769.768981326,2282150.564352005,7359155.333333333,14403568.182463812,314742.48420285434
654,9296750.833333334,17271900.505725082,1321601.160941586,9239259.716666667,17174761.79052543,1303757.6428079065,9136180.416666666,17129612.346954007,1142748.4863793254,6284236.4,13249716.812795602,-681244.0127956001,9267255.233333332,17221889.149870303,1312621.3167963615,6284236.433333334,13249716.84613986,-681243.9794731913
655,8742481.566666666,15742763.48120512,1742199.6521282122,8686464.366666667,15645433.734499142,1727494.9988341918,8552474.55,15517181.47095716,1587767.6290428406,5909920.2,11747157.994426688,72682.4055733122,8715108.8,15695018.148272252,1735199.4517277498,5909920.133333334,11747157.918042472,72682.3486241959
656,9763067.5,17911516.14966245,1614618.850337552,9709789.066666666,17828008.550569817,1591569.5827635136,9598115.05,17696983.103078585,1499246.9969214173,7076025.5,14165888.251939327,-13837.251939325593,9735889.7,17868764.69130922,1603014.7086907774,7076025.5,14165888.251939327,-13837.251939325593
657,9108367.4,16240657.849827426,1976076.9501725752,9082572.033333333,16197741.817867376,1967402.2487992905,8930609.55,15961610.850719027,1899608.2492809743,6460986.466666667,12393714.680188831,528258.2531445017,9095477.066666666,16219172.351692125,1971781.7816412086,6460986.466666667,12393714.680188831,528258.2531445017
658,9585823.766666668,16835083.236647848,2336564.296685488,9549128.616666667,16774896.355227508,2323360.8781058267,9445555.983333332,16595632.17277157,2295479.7938950965,6751485.4,12762492.464619322,740478.335380679,9567033.7,16804184.260451782,2329883.139548217,6751485.4,12762492.464619322,740478.335380679
659,9630051.933333334,17062267.992372304,2197835.874294361,9591983.833333334,17000071.939940818,2183895.726725851,9382044.816666666,16581147.777672473,2182941.8556608604,6683462.533333333,12712327.945249937,654597.121416729,9612309.2,17033196.15023817,2191422.249761829,6683462.533333333,12712327.945249937,654597.121416729
660,10059038.1,17659009.03465619,2459067.16534381,10022454.516666668,17600601.86957927,2444307.1637540637,9570924.55,16708412.391643379,2433436.7083566217,6945542.5,13028227.152273014,862857.8477269867,10041478.7,17630898.03176275,2452059.3682372477,6945542.533333333,13028227.194099598,862857.8725670688
661,10889616.066666666,19698665.28454729,2080566.8487860411,10863306.133333333,19659453.552518927,2067158.7141477372,10012027.95,17746633.960075494,2277421.9399245055,7488314.766666667,13950191.486165479,1026438.0471678553,10876135.033333333,19678538.079258155,2073731.9874085113,7488314.733333333,13950191.434009226,1026438.0326574408
662,10689290.4,19472539.103345226,1906041.6966547742,10650571.5,19415271.73225088,1885871.2677491195,9708828.7,17311923.240524497,2105734.1594755016,7196315.433333334,13564712.800630921,827918.0660357457,10671032.1,19445457.185548827,1896607.0144511703,7196315.466666667,13564712.854185328,827918.0791480048
663,8935368.066666666,15767272.904948577,2103463.2283847565,8895807.866666667,15701553.38954395,2090062.3437893828,8740292.783333333,15420867.647763807,2059717.918902859,6336608.7,12358557.193914678,314660.20608532336,8916814.5,15736353.448613312,2097275.551386688,6336608.733333333,12358557.227313317,314660.2393533485
664,9537237.566666666,16609977.16934554,2464497.963987792,9505922.133333333,16558714.990805993,2453129.275860673,9149448.0,15910955.404332964,2387940.5956670363,6587536.166666667,12727843.290382722,447229.04295061156,9522917.4,16586476.407384347,2459358.3926156526,6587536.166666667,12727843.290382722,447229.04295061156
665,10563890.6,18567980.540855296,2559800.659144705,10542706.716666667,18535112.680996887,2550300.752336446,10325266.016666668,18020849.415636152,2629682.617697184,6592490.733333333,12680270.40346165,504711.0632050168,10554611.333333334,18553558.86637419,2555663.800292477,6592490.733333333,12680270.40346165,504711.0632050168
666,10193724.966666667,17795737.213837367,2591712.719495967,10184991.583333334,17781938.706012055,2588044.4606546117,9995127.883333333,17364428.94440306,2625826.8222636078,6904378.933333334,13197238.076653175,611519.7900134912,10188420.133333333,17787351.52679156,2589488.7398751033,6904378.933333334,13197238.076653175,611519.7900134912
667,10093200.166666666,17795582.411879063,2390817.9214542676,10048430.266666668,17723450.252306573,2373410.281026762,9898566.7,17349904.80387969,2447228.59612031,7398789.533333333,13874301.297647268,923277.7690193979,10074622.966666667,17765541.577532724,2383704.35580061,7398789.566666666,13874301.343832094,923277.7895012377
668,9415092.366666667,16809805.445101865,2020379.2882314678,9372897.433333334,16742224.892672177,2003569.9739944907,9414674.55,16753073.617955837,2076275.4820441632,7170502.4,13770927.979851378,570076.8201486226,9396675.233333332,16780204.875066683,2013145.5915999822,7170502.4,13770927.979851378,570076.8201486226
669,10023909.3,17727300.08404407,2320518.5159559343,9982213.9,17661810.93626345,2302616.8637365513,10078616.2,17797437.983383402,2359794.4166165944,7479360.666666667,14180124.70890868,778596.6244246531,10004699.866666667,17697029.95032478,2312369.783008554,7479360.666666667,14180124.70890868,778596.6244246531
670,10104120.4,18082729.616176277,2125511.1838237215,10061254.383333333,18013359.488322183,2109149.2783444813,10152532.883333333,18145491.454059582,2159574.3126070835,7290588.333333333,14080191.926388955,500984.7402777113,10084436.433333334,18050775.954104085,2118096.9125625836,7290588.333333333,14080191.926388955,500984.7402777113
671,9724417.233333332,17442861.334321886,2005973.1323447805,9685310.95,17380622.16511008,1989999.7348899161,10079479.5,18121991.419097394,2036967.5809026072,7146202.1,13869391.303657617,423012.8963423809,9705092.9,17412019.31170613,1998166.4882938704,7146202.1,13869391.303657617,423012.8963423809
672,9156652.833333334,16765695.539657883,1547610.1270087855,9111151.016666668,16687736.794366308,1534565.2389670275,9632764.0,17699684.124942858,1565843.8750571413,6575269.133333334,12749363.651228875,401174.61543779355,9138248.1,16734053.105809476,1542443.094190523,6575269.1,12749363.615844574,401174.58415542636
673,9233112.166666666,16882685.00531367,1583539.3280196628,9199469.55,16826112.871249326,1572826.228750676,9653067.033333333,17696969.928873826,1609164.1377928397,6612448.5,12818413.074753068,406483.9252469307,9219250.066666666,16859314.42872067,1579185.7046126612,6612448.5,12818413.074753068,406483.9252469307
674,9449603.7,17271677.019537274,1627530.3804627238,9427232.533333333,17232045.512208354,1622419.5544583127,9846903.016666668,18030482.828129463,1663323.2052038722,6340157.733333333,12435550.02393942,244765.44272724632,9440601.333333334,17255703.934120353,1625498.7325463146,6340157.666666667,12435549.93883016,244765.39450317528
675,8564188.966666667,15460325.444693916,1668052.488639417,8528048.75,15389504.0615681,1666593.4384319,8503450.183333334,15285823.64033604,1721076.7263306258,5437958.966666667,10432883.472177573,443034.46115576196,8550841.866666667,15434105.549243003,1667578.1840903321,5437959.033333333,10432883.553766675,443034.5128999911
676,8041995.866666666,14569444.153940758,1514547.5793925747,8020541.216666667,14525804.581239065,1515277.8520942684,8034508.316666666,14514824.717701908,1554191.9156314237,5307098.966666667,10238838.005999463,375359.9273338709,8033147.533333333,14551422.58677996,1514872.4798867078,5307099.0,10238838.056932604,375359.94306739606
677,8481084.433333334,15615820.278650861,1346348.588015805,8456202.6,15571265.642900683,1341139.5570993163,8537831.95,15656964.403730433,1418699.496269566,5946220.166666667,11987636.667469159,-95196.33413582481,8472448.8,15600325.233996145,1344572.366003856,5946220.166666667,11987636.667469159,-95196.33413582481
678,8721806.7,15932444.096338462,1511169.3036615374,8707086.133333333,15906361.837249484,1507810.4294171818,9345999.183333334,17019514.603105716,1672483.7635609508,6395571.366666666,12664500.726437338,126642.00689599384,8712840.966666667,15916546.767053943,1509135.1662793914,6395571.366666666,12664500.726437338,126642.00689599384
679,9324362.133333333,16447031.832608445,2201692.434058221,9288906.4,16384037.987812497,2193774.812187505,9989812.166666666,17551826.472032726,2427797.8613006044,7371794.1,13887683.135066355,855905.0649336446,9310620.433333334,16422549.158674289,2198691.7079923777,7371794.066666666,13887683.080021355,855905.0533119775
680,9074310.733333332,16162280.227721678,1986341.2389449868,9059503.9,16135370.24301357,1983637.5569864307,9689120.133333333,17198438.513445728,2179801.753220939,7449993.1,14004910.45269695,895075.74730305,9065227.633333333,16145760.923058834,1984694.3436078327,7449993.1,14004910.45269695,895075.74730305
681,9691028.8,17080252.776879556,2301804.823120444,9669507.416666666,17039919.515247412,2299095.31808592,10136388.7,17803136.210655387,2469641.18934461,7321106.7,13822723.670508293,819489.7294917069,9682030.466666667,17063365.493333764,2300695.4399995683,7321106.7,13822723.670508293,819489.7294917069
682,9544780.033333333,16743060.382599175,2346499.6840674914,9507622.483333332,16673598.130306726,2341646.8363599386,10001718.4,17465314.38743642,2538122.412563582,7541330.5,14171107.50424423,911553.4957557693,9530526.1,16716344.011517916,2344708.1884820824,7541330.5,14171107.50424423,911553.4957557693
683,9487787.466666667,16580696.440911628,2394878.4924217043,9465734.2,16539327.682537146,2392140.7174628526,9544724.933333334,16624576.124014203,2464873.7426524637,6726311.266666667,12832960.445559643,619662.0877736909,9479097.666666666,16564370.430265125,2393824.903068207,6726311.266666667,12832960.445559643,619662.0877736909
684,9789549.1,17068218.87084023,2510879.32915977,9752507.8,16997411.71720226,2507603.8827977395,9918687.016666668,17254882.10465262,2582491.928680715,7309453.233333333,13795024.753020817,823881.7136458494,9775893.266666668,17042048.58832898,2509737.9450043533,7309453.233333333,13795024.753020817,823881.7136458494
685,9777143.9,16759809.232374445,2794478.567625557,9777143.9,16759809.232374445,2794478.567625557,9895737.666666666,16925135.0999807,2866340.2333526323,7818363.966666667,14436326.922224678,1200401.0111086546,9777143.9,16759809.232374445,2794478.567625557,7818363.966666667,14436326.922224678,1200401.0111086546
686,10577763.9,17820504.64837744,3335023.15162256,10556170.866666667,17778947.149573866,3333394.583759467,10756866.483333332,18064912.96831462,3448819.9983520433,8446889.166666666,15204814.993252357,1688963.3400809746,10568789.6,17803209.522331856,3334369.677668144,8446889.133333333,15204814.931073952,1688963.3355927141
687,10724790.566666666,18137452.627841257,3312128.5054920744,10688875.166666666,18069032.069918957,3308718.2634143764,10931575.166666666,18421398.599088077,3441751.7342452556,8678281.966666667,15728947.635991994,1627616.2973413402,10711452.366666667,18111981.223072555,3310923.5102607785,8678281.966666667,15728947.635991994,1627616.2973413402
688,11202018.833333334,19436148.30997764,2967889.3566890294,11180998.716666667,19399282.74071674,2962714.692616594,11329899.733333332,19585044.98841767,3074754.478248995,9186497.433333334,17167734.414196927,1205260.452469741,11193270.2,19420783.396932065,2965757.003067932,9186497.4,17167734.35637053,1205260.4436294716
689,10835872.566666666,19015285.48277946,2656459.6505538747,10821559.083333334,18990435.928436782,2652682.2382298857,10964833.85,19174308.774943408,2755358.9250565907,8681246.233333332,16475747.511450911,886744.955215754,10831496.233333332,19007678.980631564,2655313.486035102,8681246.166666666,16475747.396039948,886744.9372933833
690,10688227.3,18730607.265290044,2645847.3347099563,10688227.3,18730607.265290044,2645847.3347099563,10762471.933333334,18807694.58112694,2717249.2855397277,8285069.8,15810413.165656451,759726.4343435494,10688227.3,18730607.265290044,2645847.3347099563,8285069.8,15810413.165656451,759726.4343435494
691,9943132.466666667,17786191.944295406,2100072.989037929,9943132.466666667,17786191.944295406,2100072.989037929,10546762.133333333,18740948.42581083,2352575.840855836,7686823.133333334,14967294.437281284,406351.82938538305,9943132.466666667,17786191.944295406,2100072.989037929,7686823.166666667,14967294.485434137,406351.84789919667
692,9712017.066666666,17478008.869351596,1946025.2639817353,9712017.066666666,17478008.869351596,1946025.2639817353,10424999.5,18635113.94977482,2214885.0502251796,7527062.7,14787742.229145456,266383.17085454427,9712017.066666666,17478008.869351596,1946025.2639817353,7527062.7,14787742.244811581,266383.1551884189
693,9425408.666666666,17043288.172013868,1807529.1613194644,9418292.9,17031117.68853163,1805468.11146837,10484202.883333333,18706461.278812356,2261944.4878543075,7665028.8,14932897.877617918,397159.72238208074,9420930.666666666,17035626.616424114,1806234.7169092167,7665028.8,14932897.877617918,397159.72238208074
694,9524221.1,17344713.174374517,1703729.0256254831,9502566.283333333,17305570.743468907,1699561.8231977606,10696402.433333334,19082028.954538785,2310775.9121278822,7706165.166666667,15065199.445166096,347130.88816723786,9515183.9,17328354.598226618,1702013.2017733827,7706165.2,15065199.492889397,347130.90711060446
695,9323786.433333334,17075723.19223037,1571849.6744362973,9323786.433333334,17075723.19223037,1571849.6744362973,9789445.166666666,17676787.335929967,1902102.9974033646,7370843.433333334,14618888.731234655,122798.13543201238,9323786.433333334,17075723.19223037,1571849.6744362973,7370843.433333334,14618888.731234655,122798.13543201238
696,9264391.633333333,16998287.301028803,1530495.9656378627,9264391.633333333,16998287.301028803,1530495.9656378627,9486599.066666666,17268749.927114766,1704448.2062185667,7272134.966666667,14464890.891382003,79379.04195133038,9264391.633333333,16998287.301028803,1530495.9656378627,7272134.966666667,14464890.891382003,79379.04195133038
697,9251302.233333332,16955768.405387647,1546836.0612790184,9251302.233333332,16955768.405387647,1546836.0612790184,9474620.666666666,17227054.312277984,1722187.0210553473,7235797.833333333,14356369.162806083,115226.50386058446,9251302.233333332,16955768.405387647,1546836.0612790184,7235797.8,14356369.130562486,115226.4694375135
698,8894134.366666667,16303531.18447835,1484737.5488549853,8894134.366666667,16303531.18447835,1484737.5488549853,9872786.066666666,17716631.52330328,2028940.6100300523,7818070.1,15234098.257795788,402041.9422042109,8894134.366666667,16303531.18447835,1484737.5488549853,7818070.066666666,15234098.228009433,402041.9053239012
699,8981477.0,16372023.227125812,1590930.7728741867,8973909.916666666,16359890.933482239,1587928.899851093,10112308.983333332,18037460.6240261,2187157.342640563,7860619.766666667,15291344.265413396,429895.2679199381,8976638.133333333,16364261.972060861,1589014.2946058046,7860619.766666667,15291344.265413396,429895.2679199381
700,8984462.566666666,16350234.258410972,1618690.8749223622,8984462.566666666,16350234.258410972,1618690.8749223622,10112934.1,18007723.022748124,2218145.1772518763,8129398.9,15661051.754296057,597746.0457039438,8984462.566666666,16350234.258410972,1618690.8749223622,8129398.9,15661051.754296057,597746.0457039438
701,9796060.933333334,17306229.365054555,2285892.501612114,9796060.933333334,17306229.365054555,2285892.501612114,10919306.766666668,18931583.087544918,2907030.445788415,8765836.233333332,16363828.086459607,1167844.380207058,9796060.933333334,17306229.365054555,2285892.501612114,8765836.2,16363828.032240143,1167844.3677598555
702,8525061.433333334,15521532.092351634,1528590.774315034,8517411.5,15512322.851575656,1522500.1484243441,9777968.466666667,17421181.410035543,2134755.5232977914,8463322.0,15940220.484126378,986423.5158736231,8520135.166666666,15515598.046578683,1524672.28675465,8463321.933333334,15940220.399641618,986423.46702505
703,8115790.033333333,15285898.445563328,945681.621103338,8115790.033333333,15285898.445563328,945681.621103338,9354591.766666668,17158981.470242675,1550202.0630906597,8250795.0,15951379.949285625,550210.0507143755,8115790.033333333,15285898.445563328,945681.621103338,8250795.033333333,15951380.006374124,550210.0602925429
704,8199131.866666666,15385824.570783298,1012439.1625500349,8183985.25,15366423.817512907,1001546.6824870938,9254998.6,16929576.94088389,1580420.2591161085,8208266.033333333,15864708.2934643,551823.7732023662,8189342.433333334,15373271.90562935,1005412.9610373173,8208266.1,15864708.401552223,551823.7984477757
705,9111023.2,16577127.773791693,1644918.6262083054,9095693.2,16558005.936118122,1633380.4638818763,10195547.0,18152205.254498743,2238888.7455012575,9345122.8,17335791.687748887,1354453.9122511167,9101171.966666667,16564826.193367165,1637517.739966169,9345122.833333334,17335791.74359756,1354453.9230691101
706,9555103.0,17196948.722089544,1913257.2779104551,9534312.15,17164598.81442721,1904025.4855727917,10711474.533333333,18883043.26065787,2539905.806008797,9031975.8,16934480.820576258,1129470.7794237444,9544899.1,17181046.788127143,1908751.4118728573,9031975.766666668,16934480.789939247,1129470.743394087
707,9223198.733333332,16787018.97490695,1659378.4917597156,9194752.566666666,16743214.01358734,1646291.119745993,10327732.5,18399833.806810573,2255631.1931894273,9050393.966666667,17002712.91852535,1098075.0148079842,9208222.4,16763909.15426537,1652535.6457346296,9050394.0,17002712.974591672,1098075.0254083257
708,9262229.6,16846152.90552008,1678306.2944799159,9233836.4,16802568.643081766,1665104.1569182351,10199612.783333333,18180683.70262441,2218541.864042254,8887397.933333334,16727734.20600858,1047061.6606580885,9247242.466666667,16823100.140769668,1671384.7925636675,8887397.933333334,16727734.20600858,1047061.6606580885
709,9777713.2,17303899.026681166,2251527.3733188333,9756371.55,17271758.097651422,2240985.0023485776,10463584.783333333,18243724.855460614,2683444.7112060543,9122474.5,16810593.80460309,1434355.1953969114,9767302.633333333,17288193.389712643,2246411.876954022,9122474.433333334,16810593.70975423,1434355.1569124404
710,9683976.066666666,17210031.010746874,2157921.122586459,9668793.866666667,17187588.152154174,2149999.5811791597,10315925.9,18071824.678161155,2560027.1218388453,9079239.8,16750421.183092158,1408058.4169078423,9674336.933333334,17195769.27448367,2152904.5921829976,9079239.8,16750421.183092158,1408058.4169078423
711,9314793.666666666,16819196.23981906,1810391.0935142701,9299367.2,16795740.14863433,1802994.251365671,9490821.666666666,17011424.12857545,1970219.2047578786,8307914.066666666,15759843.333042696,855984.8002906367,9304959.833333334,16804230.708488233,1805688.9581784355,8307914.1,15759843.369061667,855984.8309383309
712,9478518.066666666,16320724.475197397,2636311.6581359366,9437557.083333334,16256673.163724478,2618441.0029421905,9603997.4,16526601.646559166,2681393.153440835,8664346.366666667,15481825.166037712,1846867.567295623,9458413.266666668,16289178.139328778,2627648.3940045564,8664346.366666667,15481825.166037712,1846867.567295623
713,9257400.166666666,16120324.166237233,2394476.167096099,9223969.1,16068816.062876299,2379122.1371236993,9456600.316666666,16451213.827054366,2461986.8062789654,8412467.133333333,15301223.988678515,1523710.2779881507,9241720.433333334,16096093.936944384,2387346.929722283,8412467.2,15301224.102512872,1523710.2974871267
714,9004638.433333334,15854784.007187478,2154492.859479188,8970596.616666667,15801835.528528035,2139357.7048052996,9175464.766666668,16122786.750693563,2228142.782639771,8007633.733333333,14805912.902412605,1209354.5642540623,8988433.6,15829504.44730362,2147362.752696381,8007633.733333333,14805912.902412605,1209354.5642540623
715,9069037.4,15982239.687796274,2155835.1122037265,9035011.283333333,15928862.569814023,2141159.9968526447,8894440.333333334,15709157.490992362,2079723.1756743062,8024972.033333333,14830060.017033342,1219884.049633325,9052675.333333334,15956498.704522554,2148851.962144115,8024972.033333333,14830060.017033342,1219884.049633325
716,9231678.9,16206982.751983032,2256375.048016968,9198629.466666667,16155151.849152356,2242107.0841809763,9343905.45,16399041.591024637,2288769.3089753604,8146100.7,15023275.730290845,1268925.6697091553,9216183.3,16182612.55462438,2249754.045375621,8146100.7,15023275.730290845,1268925.6697091553
717,9532590.933333334,16632068.563920487,2433113.3027461795,9499656.15,16579489.372974094,2419822.927025906,9650056.116666667,16839415.669044424,2460696.5642889095,8191532.266666667,15096287.541753165,1286776.9915801687,9516948.266666668,16607029.118158728,2426867.415174608,8191532.233333333,15096287.484252982,1286776.982413684
718,9664743.133333333,16816514.749521375,2512971.517145292,9631365.9,16763223.187125605,2499508.612874396,9989419.166666666,17389401.022499934,2589437.310833399,8894262.2,16317942.386673093,1470582.0133269066,9648497.8,16790508.81975866,2506486.7802413395,8894262.166666666,16317942.35832458,1470581.9750087513
719,9939130.466666667,17517382.93775023,2360877.995583101,9897666.6,17436255.26313091,2359077.9368690904,10024474.55,17639726.353114888,2409222.7468851125,8109869.166666667,14962420.12162815,1257318.2117051827,9922171.3,17484120.431767363,2360222.1682326375,8109869.166666667,14962420.12162815,1257318.2117051827
720,9932380.6,17448317.93274932,2416443.2672506785,9891003.116666667,17367853.926021375,2414152.3073119586,9968058.783333333,17488218.7468763,2447898.819790367,7692689.266666667,14310335.160277385,1075043.373055948,9915753.666666666,17415903.743363474,2415603.5899698576,7692689.333333333,14310335.261617586,1075043.405049079
721,9690272.866666667,17069937.631732166,2310608.1016011667,9650953.65,16992401.31744103,2309505.9825589694,10033831.7,17586610.739653066,2481052.660346932,7405611.3,13877422.129816104,933800.4701838959,9674750.0,17039254.354793508,2310245.6452064924,7405611.333333333,13877422.175494403,933800.4911722643
722,9529201.133333333,16897706.724006034,2160695.542660633,9490754.966666667,16819916.897631392,2161593.035701941,9718390.95,17141905.844850775,2294876.0551492227,7641847.5,14217142.054861715,1066552.945138285,9514208.6,16867304.855582345,2161112.344417653,7641847.666666667,14217142.29570349,1066553.0376298456
723,10011438.633333333,17515788.38749636,2507088.879170307,9973150.216666667,17439734.674384005,2506565.7589493273,10189877.383333333,17772751.001325868,2607003.7653407957,7961881.366666666,14700882.698330164,1222880.0350031676,9997061.2,17487164.12031227,2506958.279687728,7961881.366666666,14700882.698330164,1222880.0350031676
724,10035334.7,17541948.351572473,2528721.048427525,10004292.766666668,17481118.1754208,2527467.3579125386,9987723.016666668,17446660.44071535,2528785.5926179867,7883964.833333333,14582280.503446795,1185649.163219872,10025543.7,17522721.25134506,2528366.1486549396,7883964.766666667,14582280.39385352,1185649.139479815
725,9948116.466666667,17184600.243589297,2711632.6897440376,9948116.466666667,17184600.243589297,2711632.6897440376,10319861.366666667,17762268.38492117,2877454.3484121654,8290575.633333334,15037248.510393847,1543902.7562728217,9948116.466666667,17184600.243589297,2711632.6897440376,8290575.733333333,15037248.683962245,1543902.7827044213
726,9943254.133333333,16300862.52163475,3585645.7450319147,9943254.133333333,16300862.52163475,3585645.7450319147,10317286.233333332,16907075.063213248,3727497.403453418,8201022.3,14082555.82066511,2319488.779334889,9943254.133333333,16300862.52163475,3585645.7450319147,8201022.3,14082555.82066511,2319488.779334889
727,9654242.233333332,16056271.724051049,3252212.742615616,9654242.233333332,16056271.724051049,3252212.742615616,9711871.066666666,16122501.5061814,3301240.6271519335,7649026.733333333,13222149.493700553,2075903.972966115,9654242.233333332,16056271.724051049,3252212.742615616,7649026.633333334,13222149.330586048,2075903.9360806197
728,10103208.0,16679676.415875152,3526739.5841248473,10103208.0,16679676.415875152,3526739.5841248473,9974963.166666666,16449816.404249456,3500109.9290838763,7976018.4,13598066.214504305,2353970.5854956945,10103208.0,16679676.415875152,3526739.5841248473,7976018.5,13598066.370123334,2353970.629876666
729,9200472.2,15072813.882257722,3328130.517742277,9200472.2,15072813.882257722,3328130.517742277,9254066.766666668,15131200.725574043,3376932.8077592934,7957964.9,13515799.054392073,2400130.7456079274,9200472.2,15072813.882257722,3328130.517742277,7957964.9,13515799.054392073,2400130.7456079274
730,9171914.2,14981643.301236637,3362185.0987633606,9171914.2,14981643.301236637,3362185.0987633606,9481064.566666666,15454005.870113023,3508123.263220311,8541394.766666668,14517228.280647986,2565561.2526853494,9171914.2,14981643.301236637,3362185.0987633606,8541394.733333332,14517228.191636851,2565561.275029814
731,9316186.733333332,15114155.513481498,3518217.953185168,9316186.733333332,15114155.513481498,3518217.953185168,9508471.766666668,15411275.310162257,3605668.2231710786,8098520.866666666,13738948.05466227,2458093.678671062,9316186.733333332,15114155.513481498,3518217.953185168,8098520.8,13738947.926316908,2458093.673683092
732,8573719.2,14051674.723286208,3095763.67671379,8573719.2,14051674.723286208,3095763.67671379,9050511.766666668,14779158.24220361,3321865.291129725,8132593.7,13848848.600471482,2416338.7995285178,8573719.2,14051674.723286208,3095763.67671379,8132593.666666667,13848848.545019489,2416338.7883138442
733,8759127.166666666,14262812.369779848,3255441.9635534845,8759127.166666666,14262812.369779848,3255441.9635534845,9200648.366666667,14976320.159487557,3424976.5738457767,8181803.6,13933957.8328818,2429649.3671181975,8759127.166666666,14262812.369779848,3255441.9635534845,8181803.5,13933957.653790448,2429649.346209552
734,9454843.366666667,15714150.801129848,3195535.9322034856,9454843.366666667,15714150.801129848,3195535.9322034856,10177740.8,17044126.603283692,3311354.9967163084,8721940.866666667,15099053.184130061,2344828.549203274,9454843.366666667,15714150.801129848,3195535.9322034856,8721940.833333334,15099053.12514503,2344828.5415216377
735,8583658.933333334,14175961.183627198,2991356.6830394696,8583658.933333334,14175961.183627198,2991356.6830394696,8642268.6,14251739.37401776,3032797.82598224,7653617.4,13137279.336727234,2169955.463272767,8583658.933333334,14175961.183627198,2991356.6830394696,7653617.333333333,13137279.229217164,2169955.437449502
736,8931223.066666666,14560714.017279673,3301732.1160536585,8931223.066666666,14560714.017279673,3301732.1160536585,9150798.7,14929507.02776578,3372090.3722342188,8048178.5,13659130.375677878,2437226.624322122,8931223.066666666,14560714.017279673,3301732.1160536585,8048178.533333333,13659130.433555007,2437226.6331116585
737,8647547.7,14641437.11430552,2653658.285694478,8647547.7,14641437.11430552,2653658.285694478,9309436.2,15717786.13945708,2901086.260542917,8320312.6,14333855.953355402,2306769.2466445966,8647547.7,14641437.11430552,2653658.285694478,8320312.533333333,14333855.874304384,2306769.1923622834
738,8420525.3,14399654.323659223,2441396.27634078,8420525.3,14399654.323659223,2441396.27634078,9402579.033333333,16048372.273667665,2756785.792999001,8711008.333333334,15053119.569703594,2368897.096963075,8420525.3,14399654.323659223,2441396.27634078,8711008.366666667,15053119.629053894,2368897.10427944
739,8093743.433333334,13955672.601779051,2231814.264887616,8093743.433333334,13955672.601779051,2231814.264887616,8687465.366666667,14836173.211870473,2538757.5214628605,7832897.766666667,13737262.303200152,1928533.2301331824,8093743.433333334,13955672.601779051,2231814.264887616,7832897.766666667,13737262.303200152,1928533.2301331824
740,9006707.9,15574164.895471659,2439250.904528343,9006707.9,15574164.895471659,2439250.904528343,9357597.133333333,16255842.94271911,2459351.3239475563,8218590.866666666,14427909.037193302,2009272.6961400295,9006707.9,15574164.895471659,2439250.904528343,8218590.866666666,14427909.037193302,2009272.6961400295
741,8409632.066666666,14547848.884659521,2271415.2486738106,8409632.066666666,14547848.884659521,2271415.2486738106,8732946.7,15116379.513878245,2349513.8861217545,8395744.9,14845430.000172492,1946059.7998275096,8409632.066666666,14547848.884659521,2271415.2486738106,8395744.866666667,14845429.966247443,1946059.7670858903
742,7916351.833333333,14475368.003626697,1357335.6630399702,7916351.833333333,14475368.003626697,1357335.6630399702,8330828.333333333,14933596.950021468,1728059.716645198,8427551.3,15177993.684307728,1677108.9156922726,7916351.833333333,14475368.003626697,1357335.6630399702,8427551.3,15177993.684307728,1677108.9156922726
743,7071392.933333334,12055707.033219354,2087078.833447313,7071392.933333334,12055707.033219354,2087078.833447313,8127268.933333334,13711777.095005792,2542760.7716608765,8129835.9,13925221.377680913,2334450.422319088,7071392.933333334,12055707.033219354,2087078.833447313,8129836.066666666,13925221.707334515,2334450.425998818
744,7629660.9,12802457.244527003,2456864.555472998,7629660.9,12802457.244527003,2456864.555472998,7514867.2,12626962.73776308,2402771.6622369206,7360030.466666667,12554986.905485298,2165074.027848035,7629660.9,12802457.244527003,2456864.555472998,7360030.466666667,12554986.905485298,2165074.027848035
745,7429034.033333333,12557868.761949617,2300199.304717049,7429034.033333333,12557868.761949617,2300199.304717049,7870071.533333333,13282156.172025487,2457986.8946411796,7549324.866666666,12907902.573795766,2190747.1595375678,7429034.033333333,12557868.761949617,2300199.304717049,7549324.933333334,12907902.687085856,2190747.1795808105
746,8566375.933333334,14627369.033290328,2505382.8333763387,8566375.933333334,14627369.033290328,2505382.8333763387,8726932.133333333,14903766.519882401,2550097.746784264,8508507.566666666,14683887.586034674,2333127.5472986577,8566375.933333334,14627369.033290328,2505382.8333763387,8508507.566666666,14683887.586034674,2333127.5472986577
747,8416411.8,14379630.603633076,2453192.9963669255,8416411.8,14379630.603633076,2453192.9963669255,9314924.2,16007572.919936333,2622275.4800636647,9043720.7,15686993.138579044,2400448.261420954,8416411.8,14379630.603633076,2453192.9963669255,9043720.566666666,15686992.875710515,2400448.2576228175
748,8217063.566666666,14083173.115791958,2350954.017541376,8217063.566666666,14083173.115791958,2350954.017541376,8915759.533333333,15217124.334213737,2614394.732452928,8781515.566666666,15145334.328272391,2417696.8050609417,8217063.566666666,14083173.115791958,2350954.017541376,8781515.566666666,15145334.328272391,2417696.8050609417
749,8075505.7,13893180.613452263,2257830.7865477363,8075505.7,13893180.613452263,2257830.7865477363,8923775.733333332,15241165.483489562,2606385.983177102,8355331.266666667,14713286.704840463,1997375.8284928696,8075505.7,13893180.613452263,2257830.7865477363,8355331.266666667,14713286.704840463,1997375.8284928696
750,8134915.5,14003664.982482295,2266166.0175177045,8134915.5,14003664.982482295,2266166.0175177045,9088025.333333334,15424464.10758216,2751586.5590845086,8395031.933333334,14760070.597917367,2029993.2687493004,8134915.5,14003664.982482295,2266166.0175177045,8395031.866666667,14760070.502353195,2029993.2309801383
751,7460608.233333333,12618591.390675252,2302625.0759914145,7460608.233333333,12618591.390675252,2302625.0759914145,7780071.4,13034118.650159147,2526024.149840854,7050302.5,12250031.445880352,1850573.5541196484,7460608.233333333,12618591.390675252,2302625.0759914145,7050302.5,12250031.445880352,1850573.5541196484
752,8718205.166666666,14704973.317549508,2731437.015783823,8718205.166666666,14704973.317549508,2731437.015783823,8607505.1,14545267.172472276,2669743.0275277225,8226164.766666667,14387161.14687172,2065168.3864616146,8718205.166666666,14704973.317549508,2731437.015783823,8226164.8,14387161.204373378,2065168.3956266204
753,7653472.2,12826361.756580327,2480582.6434196737,7653472.2,12826361.756580327,2480582.6434196737,7977742.4,13248037.738215532,2707447.0617844677,7210718.833333333,12470159.10534086,1951278.5613258062,7653472.2,12826361.756580327,2480582.6434196737,7210719.033333333,12470159.4203993,1951278.6462673647
754,7805209.4,13029888.078383861,2580530.7216161396,7805209.4,13029888.078383861,2580530.7216161396,8097786.866666666,13450851.566358779,2744722.166974555,7196683.333333333,12478037.875693494,1915328.7909731716,7805209.4,13029888.078383861,2580530.7216161396,7196683.266666667,12478037.768409312,1915328.7649240224
755,8597059.833333334,14775913.068608277,2418206.5980583923,8597059.833333334,14775913.068608277,2418206.5980583923,8677972.966666667,14883831.59215438,2472114.3411789536,7837915.266666667,14068189.4133712,1607641.1199621335,8597059.833333334,14775913.068608277,2418206.5980583923,7837915.2,14068189.31357145,1607641.086428551
756,8534208.233333332,14667476.154091736,2400940.3125749286,8534208.233333332,14667476.154091736,2400940.3125749286,8862779.533333333,15120736.808592575,2604822.2580740917,8050412.3,14358986.531309223,1741838.0686907768,8534208.233333332,14667476.154091736,2400940.3125749286,8050412.266666667,14358986.476434806,1741838.0568985268
757,7320203.866666666,11691603.344661217,2948804.388672116,7320203.866666666,11691603.344661217,2948804.388672116,7736340.5,12377654.67679834,3095026.32320166,7258256.133333334,12522596.951246133,1993915.3154205345,7320203.866666666,11691603.344661217,2948804.388672116,7258256.166666667,12522597.026459072,1993915.3068742612
758,7139844.433333334,11449326.093108092,2830362.7735585757,7139844.433333334,11449326.093108092,2830362.7735585757,7890922.1,12687349.523386095,3094494.6766139055,7569185.1,13089597.06194372,2048773.13805628,7139844.433333334,11449326.093108092,2830362.7735585757,7569185.066666666,13089596.984385017,2048773.1489483155
759,7306032.1,11696171.918148872,2915892.281851127,7306032.1,11696171.918148872,2915892.281851127,8182107.0,13156789.871830914,3207424.1281690868,7364095.133333334,12478673.465914875,2249516.8007517913,7306032.1,11696171.918148872,2915892.281851127,7364095.033333333,12478673.287740156,2249516.7789265104
760,8386937.9,13738704.362829875,3035171.4371701246,8386937.9,13738704.362829875,3035171.4371701246,9057010.166666666,14943149.087624513,3170871.2457088204,7538610.9,13061895.63071147,2015326.16928853,8386937.9,13738704.362829875,3035171.4371701246,7538610.933333334,13061895.694024503,2015326.172642164
761,7918179.2,13034075.376522712,2802283.023477289,7918179.2,13034075.376522712,2802283.023477289,8654056.333333334,14154329.208902538,3153783.45776413,8298472.133333334,14439426.547359865,2157517.7193068033,7918179.2,13034075.376522712,2802283.023477289,8298472.066666666,14439426.403193407,2157517.730139927
762,7242526.733333333,11536025.824241761,2949027.6424249057,7242526.733333333,11536025.824241761,2949027.6424249057,7827680.3,12474657.478974149,3180703.12102585,7561680.633333334,13057967.28701828,2065393.979648388,7242526.733333333,11536025.824241761,2949027.6424249057,7561680.666666667,13057967.363611387,2065393.9697219469
763,6879681.533333333,11091050.752479693,2668312.3141869735,6879681.533333333,11091050.752479693,2668312.3141869735,7495281.533333333,11917283.553570744,3073279.5130959237,6938326.1,11624015.87990854,2252636.320091461,6879681.533333333,11091050.752479693,2668312.3141869735,6938326.033333333,11624015.781064903,2252636.285601763
764,7767377.7,12799178.714149285,2735576.6858507153,7767377.7,12799178.714149285,2735576.6858507153,8309986.9,13538946.649785262,3081027.150214739,7928683.033333333,13451754.226350278,2405611.8403163888,7767377.7,12799178.714149285,2735576.6858507153,7928682.966666667,13451754.12533532,2405611.807998012
765,8193906.166666667,13312365.680260591,3075446.653072742,8193906.166666667,13312365.680260591,3075446.653072742,8351273.7,13544198.929462817,3158348.470537183,7675875.566666666,13049501.185713753,2302249.947619579,8193906.166666667,13312365.680260591,3075446.653072742,7675875.533333333,13049501.134597545,2302249.932069121
766,8406489.266666668,13845189.008391485,2967789.5249418505,8406489.266666668,13845189.008391485,2967789.5249418505,8609281.1,14194338.095995016,3024224.104004984,8027566.133333334,14159031.24391266,1896101.0227540089,8406489.266666668,13845189.008391485,2967789.5249418505,8027565.966666667,14159030.893770125,1896101.039563208
767,8007611.2,13398285.177888352,2616937.222111649,8007611.2,13398285.177888352,2616937.222111649,8098216.933333334,13558138.98908116,2638294.877585507,7927791.2,14169732.458809793,1685849.9411902074,8007611.2,13398285.177888352,2616937.222111649,7927791.2,14169732.458809793,1685849.9411902074
768,7166068.166666667,11927235.12713217,2404901.206201163,7166068.166666667,11927235.12713217,2404901.206201163,7316019.466666667,12211499.445016298,2420539.488317035,6477847.033333333,11258023.951197404,1697670.115469262,7166068.166666667,11927235.12713217,2404901.206201163,6477847.033333333,11258023.951197404,1697670.115469262
769,7304970.966666667,12383787.171768725,2226154.7615646096,7304970.966666667,12383787.171768725,2226154.7615646096,7588659.9,12989585.678336322,2187734.1216636775,6511802.933333334,11677258.339681428,1346347.5269852383,7304970.966666667,12383787.171768725,2226154.7615646096,6511802.966666667,11677258.414330803,1346347.5190025298
770,7535733.166666667,12850546.514102293,2220919.819231041,7535733.166666667,12850546.514102293,2220919.819231041,7589544.0,12949497.724629905,2229590.275370096,6735665.133333334,12162041.084916871,1309289.1817497956,7535733.166666667,12850546.514102293,2220919.819231041,6735665.133333334,12162041.084916871,1309289.1817497956
771,9120327.6,15939438.451827822,2301216.748172177,9120327.6,15939438.451827822,2301216.748172177,9133913.0,15965638.16283155,2302187.8371684495,8941064.4,16556911.578784928,1325217.221215074,9120327.6,15939438.451827822,2301216.748172177,8941064.4,16556911.578784928,1325217.221215074
772,8721130.033333333,15078240.09308364,2364019.973583026,8721130.033333333,15078240.09308364,2364019.973583026,8726578.666666666,15087541.796621948,2365615.5367113845,7654334.5,14197645.353921328,1111023.6460786723,8721130.033333333,15078240.09308364,2364019.973583026,7654334.6,14197645.603197299,1111023.5968027003
773,9102284.633333333,15466278.708261821,2738290.5584048443,9102284.633333333,15466278.708261821,2738290.5584048443,9074517.7,15403545.880768497,2745489.519231501,8268078.4,14883987.491609702,1652169.3083902989,9102284.633333333,15466278.708261821,2738290.5584048443,8268078.233333333,14883987.133455431,1652169.3332112357
774,8131883.166666667,13369926.275646564,2893840.0576867703,8131883.166666667,13369926.275646564,2893840.0576867703,8164836.6,13440869.668804571,2888803.5311954273,7462889.7,13448956.638230171,1476822.7617698284,8131883.166666667,13369926.275646564,2893840.0576867703,7462889.633333334,13448956.487441376,1476822.7792252917
775,8568802.833333334,14299153.300318137,2838452.366348531,8568802.833333334,14299153.300318137,2838452.366348531,8570090.7,14301087.70260716,2839093.697392838,8125779.266666667,14630182.03346258,1621376.499870752,8568802.833333334,14299153.300318137,2838452.366348531,8125779.2,14630181.893878216,1621376.5061217844
776,8593383.366666667,14229590.78098629,2957175.952347045,8593383.366666667,14229590.78098629,2957175.952347045,8593136.433333334,14228930.698871884,2957342.1677947817,7727914.433333334,13713547.411229573,1742281.455437094,8593383.366666667,14229590.78098629,2957175.952347045,7727914.433333334,13713547.411229573,1742281.455437094
777,7687168.233333333,12455475.834710624,2918860.6319560427,7687168.233333333,12455475.834710624,2918860.6319560427,7660398.533333333,12429759.207575852,2891037.8590908144,6459406.8,11276623.728171468,1642189.871828531,7687168.233333333,12455475.834710624,2918860.6319560427,6459406.833333333,11276623.790639644,1642189.8760270216
778,7228468.466666667,12078427.36471153,2378509.568621802,7228468.466666667,12078427.36471153,2378509.568621802,7220066.7,12071072.655946348,2369060.7440536525,6681958.366666666,12047636.382551927,1316280.3507814044,7228468.466666667,12078427.36471153,2378509.568621802,6681958.433333334,12047636.516890494,1316280.349776173
779,7840619.133333334,13015957.188141465,2665281.0785252033,7840619.133333334,13015957.188141465,2665281.0785252033,7825307.433333334,12995428.69603172,2655186.1706349477,7762432.633333334,14098285.802697042,1426579.4639696255,7840619.133333334,13015957.188141465,2665281.0785252033,7762432.6,14098285.727163434,1426579.4728365652
780,7742872.966666667,12897354.209096763,2588391.7242365703,7742872.966666667,12897354.209096763,2588391.7242365703,7733301.333333333,12886356.999339106,2580245.6673275605,7192016.9,12885819.435480785,1498214.364519217,7742872.966666667,12897354.209096763,2588391.7242365703,7192016.9,12885819.435480785,1498214.364519217
781,7671527.666666667,12794257.228836343,2548798.1044969903,7671527.666666667,12794257.228836343,2548798.1044969903,7665419.366666666,12787052.049571164,2543786.6837621694,6525529.4,11766119.470145784,1284939.3298542164,7671527.666666667,12794257.228836343,2548798.1044969903,6525529.333333333,11766119.343676781,1284939.3229898848
782,7692425.366666666,12857949.156104274,2526901.5772290593,7692425.366666666,12857949.156104274,2526901.5772290593,7664851.366666666,12805292.845536038,2524409.887797294,6464493.966666667,11665955.676952135,1263032.2563811997,7692425.366666666,12857949.156104274,2526901.5772290593,6464493.933333334,11665955.614014093,1263032.2526525743
783,7691405.233333333,12587985.769812603,2794824.6968540633,7691405.233333333,12587985.769812603,2794824.6968540633,7664761.1,12534655.559049021,2794866.6409509787,6214734.3,10938438.000028282,1491030.5999717182,7691405.233333333,12587985.769812603,2794824.6968540633,6214734.3,10938438.000028282,1491030.5999717182
784,8527532.4,14403272.295158753,2651792.5048412476,8527532.4,14403272.295158753,2651792.5048412476,8528550.933333334,14402230.797226386,2654871.069440281,6914823.6,12475823.955456477,1353823.2445435235,8527532.4,14403272.295158753,2651792.5048412476,6914823.566666666,12475823.89204209,1353823.2412912427
785,9510191.0,16387417.030414965,2632964.969585036,9510191.0,16387417.030414965,2632964.969585036,9510490.633333333,16385634.911215588,2635346.355451077,7371898.766666667,13747690.756071348,996106.7772619855,9510191.0,16387417.030414965,2632964.969585036,7371898.766666667,13747690.756071348,996106.7772619855
786,9891879.266666668,17115550.59448799,2668207.938845343,9891879.266666668,17115550.59448799,2668207.938845343,9876522.266666668,17090615.828678206,2662428.7046551313,8093420.266666667,15064459.666424073,1122380.866909259,9891879.266666668,17115550.59448799,2668207.938845343,8093420.266666667,15064459.666424073,1122380.866909259
787,9866577.366666667,17058656.88120815,2674497.8521251846,9866577.366666667,17058656.88120815,2674497.8521251846,9862711.033333333,17052382.839756742,2673039.2269099234,8057299.666666667,14984180.488690367,1130418.844642967,9866577.366666667,17058656.88120815,2674497.8521251846,8057299.6,14984180.37878342,1130418.8212165786
788,9621955.866666667,16716469.462897375,2527442.270435958,9621955.866666667,16716469.462897375,2527442.270435958,9632447.166666666,16727644.819829468,2537249.5135038653,7982032.0,14929093.995320411,1034970.0046795886,9621955.866666667,16716469.462897375,2527442.270435958,7982032.0,14929093.995320411,1034970.0046795886
789,9268455.3,15734022.264936246,2802888.3350637555,9268455.3,15734022.264936246,2802888.3350637555,9272523.233333332,15737382.021785438,2807664.444881227,7427910.866666666,13554026.78101062,1301794.9523227112,9268455.3,15734022.264936246,2802888.3350637555,7427910.866666666,13554026.78101062,1301794.9523227112
790,9503629.933333334,16161548.621171106,2845711.2454955606,9503629.933333334,16161548.621171106,2845711.2454955606,9503349.666666666,16159178.59741678,2847520.735916551,7597532.2,13788226.236401808,1406838.1635981938,9503629.933333334,16161548.621171106,2845711.2454955606,7597532.266666667,13788226.358499536,1406838.174833797
791,10168431.466666667,17294590.542310506,3042272.3910228256,10168431.466666667,17294590.542310506,3042272.3910228256,10172808.1,17302212.294408955,3043403.9055910427,8286880.666666667,15067503.404258993,1506257.9290743405,10168431.466666667,17294590.542310506,3042272.3910228256,8286880.666666667,15067503.404258993,1506257.9290743405
792,10004045.466666667,16981916.853384268,3026174.079949067,10004045.466666667,16981916.853384268,3026174.079949067,9967719.9,16951980.699340105,2983459.1006598957,8167097.666666667,14687153.118104117,1647042.215229217,10004045.466666667,16981916.853384268,3026174.079949067,8167097.666666667,14687153.118104117,1647042.215229217
793,9640207.533333333,16397415.338065986,2882999.728600681,9640207.533333333,16397415.338065986,2882999.728600681,9657430.366666667,16437876.202824272,2876984.530509063,7935925.433333334,14269261.462498233,1602589.4041684354,9640207.533333333,16397415.338065986,2882999.728600681,7935925.433333334,14269261.462498233,1602589.4041684354
794,9676678.333333334,16444919.511460029,2908437.1552066393,9676678.333333334,16444919.511460029,2908437.1552066393,9682751.4,16462381.205805765,2903121.5941942353,8333696.366666666,15147159.642212028,1520233.0911213048,9676678.333333334,16444919.511460029,2908437.1552066393,8333696.366666666,15147159.642212028,1520233.0911213048
795,9843287.966666667,17018937.367746383,2667638.5655869516,9843287.966666667,17018937.367746383,2667638.5655869516,9839897.933333334,17011961.014670968,2667834.8519957,8325483.5,15125974.518169228,1524992.481830773,9843287.966666667,17018937.367746383,2667638.5655869516,8325483.533333333,15125974.5466674,1524992.5199992666
796,10510191.833333334,17834510.950388014,3185872.7162786545,10510191.833333334,17834510.950388014,3185872.7162786545,10526586.266666668,17870564.75744383,3182607.7758895066,8883113.933333334,16030277.171088986,1735950.695577681,10510191.833333334,17834510.950388014,3185872.7162786545,8883113.9,16030277.09834307,1735950.7016569301
797,9166224.0,15703536.664029302,2628911.335970698,9166224.0,15703536.664029302,2628911.335970698,9157963.5,15692333.184975594,2623593.8150244057,8107565.0,15212931.720547315,1002198.2794526843,9166224.0,15703536.664029302,2628911.335970698,8107565.0,15212931.720547315,1002198.2794526843
798,8672644.066666666,14913806.407225031,2431481.7261083024,8672644.066666666,14913806.407225031,2431481.7261083024,8632880.1,14880051.10942893,2385709.09057107,8353775.4,15598340.430399535,1109210.3696004655,8672644.066666666,14913806.407225031,2431481.7261083024,8353775.4,15598340.430399535,1109210.3696004655
799,8338253.8,14432599.122106913,2243908.477893087,8338253.8,14432599.122106913,2243908.477893087,8271382.466666667,14350495.569901945,2192269.3634313885,8072945.8,15138407.158042945,1007484.4419570556,8338253.8,14432599.122106913,2243908.477893087,8072945.766666667,15138407.039506195,1007484.4938271381
800,8699145.466666667,15065007.404110663,2333283.529222671,8699145.466666667,15065007.404110663,2333283.529222671,8631733.266666668,14972496.715424063,2290969.8179092724,7920947.333333333,14684455.14701805,1157439.5196486153,8699145.466666667,15065007.404110663,2333283.529222671,7920947.3,14684455.076831527,1157439.5231684726
801,8937892.133333333,15404714.177881066,2471070.088785601,8937892.133333333,15404714.177881066,2471070.088785601,8873666.866666667,15322091.562946606,2425242.170386727,7554737.033333333,14219693.120410692,889780.9462559754,8937892.133333333,15404714.177881066,2471070.088785601,7554736.766666667,14219692.560276834,889780.9730564989
802,8551189.766666668,14867704.719283428,2234674.814049908,8551189.766666668,14867704.719283428,2234674.814049908,8525558.533333333,14823020.238857877,2228096.82780879,7815167.1,14437625.407328751,1192708.7926712483,8551189.766666668,14867704.719283428,2234674.814049908,7815167.066666666,14437625.339477401,1192708.7938559325
803,8478045.1,14680999.215134816,2275090.984865183,8478045.1,14680999.215134816,2275090.984865183,8477178.933333334,14680535.846680876,2273822.0199857913,7978462.3,14615118.413308553,1341806.1866914453,8478045.1,14680999.215134816,2275090.984865183,7978462.233333333,14615118.278036065,1341806.1886306005
804,7835956.666666667,13449391.009061687,2222522.3242716473,7835956.666666667,13449391.009061687,2222522.3242716473,7822655.1,13424637.11500062,2220673.0849993797,7187630.6,13022171.86210638,1353089.3378936192,7835956.666666667,13449391.009061687,2222522.3242716473,7187630.5,13022171.654990777,1353089.3450092226
805,7686697.866666666,13024641.241499415,2348754.491833918,7686697.866666666,13024641.241499415,2348754.491833918,7618132.366666666,12942830.562160768,2293434.171172565,7845952.233333333,14075203.377695689,1616701.0889709778,7686697.866666666,13024641.241499415,2348754.491833918,7845952.2,14075203.305030499,1616701.0949695008
806,7062975.8,12215516.315183843,1910435.284816157,7062975.8,12215516.315183843,1910435.284816157,7022665.0,12154879.74308993,1890450.2569100708,7345101.1,13361599.333630932,1328602.8663690668,7062975.8,12215516.315183843,1910435.284816157,7345101.133333334,13361599.40520098,1328602.8614656879
807,7835243.233333333,13093382.076933747,2577104.3897329196,7835243.233333333,13093382.076933747,2577104.3897329196,7774435.6,13004755.256177232,2544115.9438227685,7744345.5,13631021.889241826,1857669.1107581733,7835243.233333333,13093382.076933747,2577104.3897329196,7744345.566666666,13631022.023390472,1857669.109942861
808,7538389.666666667,12704113.04527511,2372666.288058223,7538389.666666667,12704113.04527511,2372666.288058223,7517833.566666666,12680128.872686397,2355538.2606469356,7566391.533333333,13278668.613693032,1854114.452973634,7538389.666666667,12704113.04527511,2372666.288058223,7566391.566666666,13278668.677644018,1854114.4556893148
809,7264681.633333334,12317726.445157317,2211636.82150935,7264681.633333334,12317726.445157317,2211636.82150935,7224140.5,12281912.014515989,2166368.9854840124,7458853.833333333,13046535.853254009,1871171.813412658,7264681.633333334,12317726.445157317,2211636.82150935,7458853.933333334,13046536.042569008,1871171.8240976604
810,7457283.3,12607009.28322824,2307557.3167717597,7457283.3,12607009.28322824,2307557.3167717597,7418660.733333333,12574104.679420408,2263216.787246259,7986996.166666667,13987553.993000828,1986438.3403325053,7457283.3,12607009.28322824,2307557.3167717597,7986996.266666667,13987554.19866312,1986438.334670213
811,7527265.266666667,12652950.057538811,2401580.475794522,7527265.266666667,12652950.057538811,2401580.475794522,7364622.366666666,12477432.214188673,2251812.519144661,7925410.433333334,13847988.626212895,2002832.2404537722,7527265.266666667,12652950.057538811,2401580.475794522,7925410.433333334,13847988.626212895,2002832.2404537722
812,7635302.2,12822180.753820116,2448423.6461798847,7635302.2,12822180.753820116,2448423.6461798847,7463129.933333334,12612647.565135071,2313612.301531596,8025213.466666667,14198896.204276843,1851530.7290564906,7635302.2,12822180.753820116,2448423.6461798847,8025213.466666667,14198896.204276843,1851530.7290564906
813,8207356.566666666,13645947.504453914,2768765.6288794186,8207356.566666666,13645947.504453914,2768765.6288794186,8094108.833333333,13463589.309431111,2724628.3572355546,8265764.333333333,14716502.955655713,1815025.7110109534,8207356.566666666,13645947.504453914,2768765.6288794186,8265764.333333333,14716502.955655713,1815025.7110109534
814,7315402.433333334,12670685.657632548,1960119.2090341188,7315402.433333334,12670685.657632548,1960119.2090341188,7109659.566666666,12357355.44461615,1861963.6887171827,8023878.733333333,14340322.964774173,1707434.501892494,7315402.433333334,12670685.657632548,1960119.2090341188,8023878.766666667,14340323.039043559,1707434.4942897744
815,8276532.7,14491440.663739447,2061624.736260553,8276532.7,14491440.663739447,2061624.736260553,8225419.2,14400796.244045224,2050042.1559547763,8694066.866666667,15520581.608377788,1867552.1249555452,8276532.7,14491440.663739447,2061624.736260553,8694066.866666667,15520581.608377788,1867552.1249555452
816,9667003.6,17282032.882039946,2051974.3179600546,9667003.6,17282032.882039946,2051974.3179600546,9648439.8,17246664.437191524,2050215.1628084797,10024686.3,18098183.815367363,1951188.7846326372,9667003.6,17282032.882039946,2051974.3179600546,10024686.3,18098183.815367363,1951188.7846326372
817,9799269.066666666,17489427.594387975,2109110.538945359,9799269.066666666,17489427.594387975,2109110.538945359,9791729.8,17474627.38461148,2108832.2153885216,9763060.233333332,17700267.60776812,1825852.8588985456,9799269.066666666,17489427.594387975,2109110.538945359,9763060.266666668,17700267.67703648,1825852.856296856
818,9260056.166666666,16439781.987926256,2080330.345407077,9260056.166666666,16439781.987926256,2080330.345407077,9289876.9,16492898.192031674,2086855.6079683257,9587642.0,17411094.50632171,1764189.4936782895,9260056.166666666,16439781.987926256,2080330.345407077,9587642.066666666,17411094.641230445,1764189.4921028866
819,9262462.766666668,16523454.443026213,2001471.090307122,9262462.766666668,16523454.443026213,2001471.090307122,9253487.2,16506767.421755074,2000206.978244925,9182726.533333333,16823819.35824087,1541633.7084257975,9262462.766666668,16523454.443026213,2001471.090307122,9182726.533333333,16823819.35824087,1541633.7084257975
820,9130840.866666667,16500225.399772951,1761456.333560383,9130840.866666667,16500225.399772951,1761456.333560383,9117954.5,16477201.487843186,1758707.5121568134,8981487.633333333,16703547.483101958,1259427.7835647073,9130840.866666667,16500225.399772951,1761456.333560383,8981487.7,16703547.618349046,1259427.781650953
821,9352520.1,16754401.272962622,1950638.927037377,9352520.1,16754401.272962622,1950638.927037377,9356745.966666667,16762812.454007905,1950679.4793254286,9173874.6,16924856.921708114,1422892.2782918848,9352520.1,16754401.272962622,1950638.927037377,9173874.633333333,16924856.954143543,1422892.312523122
822,8375019.9,14916484.906856988,1833554.893143014,8375019.9,14916484.906856988,1833554.893143014,8365646.266666667,14898296.994571213,1832995.5387621215,7568624.0,14039416.675597511,1097831.3244024888,8375019.9,14916484.906856988,1833554.893143014,7568623.933333334,14039416.54255784,1097831.324108827
823,8506412.066666666,14632383.795065824,2380440.33826751,8506412.066666666,14632383.795065824,2380440.33826751,8553305.0,14684158.739343511,2422451.260656489,7692248.3,13869333.418297932,1515163.1817020671,8506412.066666666,14632383.795065824,2380440.33826751,7692248.3,13869333.418297932,1515163.1817020671
824,7617001.133333334,13779457.435522985,1454544.831143682,7617001.133333334,13779457.435522985,1454544.831143682,7611184.266666667,13768870.11685513,1453498.4164782036,7110711.833333333,13296291.221419543,925132.4452471221,7617001.133333334,13779457.435522985,1454544.831143682,7110711.766666667,13296291.099179823,925132.4341535093
825,7372641.9,13296043.31371741,1449240.4862825908,7372641.9,13296043.31371741,1449240.4862825908,7349851.066666666,13258602.469175588,1441099.6641577445,6837881.2,12933848.915484143,741913.484515857,7372641.9,13296043.31371741,1449240.4862825908,6837881.2,12933848.915484143,741913.484515857
826,6784511.0,12428087.328221327,1140934.6717786733,6784511.0,12428087.328221327,1140934.6717786733,6772541.333333333,12412775.159300327,1132307.5073663397,6065525.966666667,11742782.109682392,388269.8236509422,6784511.0,12428087.328221327,1140934.6717786733,6065525.933333334,11742782.063805975,388269.80286069214
827,6542261.133333334,12199081.50194493,885440.7647217382,6542261.133333334,12199081.50194493,885440.7647217382,6573699.666666667,12238845.217833392,908554.1154999426,6099014.666666667,11772067.948086135,425961.38524719886,6542261.133333334,12199081.50194493,885440.7647217382,6099014.666666667,11772067.948086135,425961.38524719886
828,6700308.066666666,12409558.045182038,991058.0881512957,6700308.066666666,12409558.045182038,991058.0881512957,6717394.4,12432980.139716672,1001808.660283329,5974487.6,11596580.423448244,352394.77655175515,6700308.066666666,12409558.045182038,991058.0881512957,5974487.6,11596580.423448244,352394.77655175515
829,6721677.066666666,12337682.882701904,1105671.2506314302,6721677.066666666,12337682.882701904,1105671.2506314302,6717516.2,12333236.41835548,1101795.9816445196,6305772.666666667,11943794.149349755,667751.1839835793,6721677.066666666,12337682.882701904,1105671.2506314302,6305772.666666667,11943794.149349755,667751.1839835793
830,8125460.4,14422620.391658131,1828300.4083418697,8125460.4,14422620.391658131,1828300.4083418697,8138462.766666667,14447605.580171183,1829319.9531621505,6489212.733333333,12148732.247975178,829693.2186914887,8125460.4,14422620.391658131,1828300.4083418697,6489212.733333333,12148732.247975178,829693.2186914887
831,7255397.433333334,12968257.272422189,1542537.5942444783,7255397.433333334,12968257.272422189,1542537.5942444783,7236924.666666667,12945452.98247126,1528396.3508620746,7098393.033333333,12870428.420248462,1326357.6464182045,7255397.433333334,12968257.272422189,1542537.5942444783,7098393.033333333,12870428.420248462,1326357.6464182045
832,8125287.733333333,14239283.873629494,2011291.5930371732,8125287.733333333,14239283.873629494,2011291.5930371732,8130738.833333333,14245939.594747525,2015538.0719191423,6814946.966666667,12600126.034996472,1029767.8983368613,8125287.733333333,14239283.873629494,2011291.5930371732,6814946.966666667,12600126.034996472,1029767.8983368613
833,6899694.9,12032195.201378465,1767194.598621536,6899694.9,12032195.201378465,1767194.598621536,6884110.6,12009476.09405817,1758745.1059418293,6262227.833333333,11354104.500631757,1170351.16603491,6899694.9,12032195.201378465,1767194.598621536,6262227.833333333,11354104.500631757,1170351.16603491
834,7352747.0,12966966.184286479,1738527.815713521,7352747.0,12966966.184286479,1738527.815713521,7364506.9,12986051.758675456,1742962.0413245447,6159375.9,11203431.620430827,1115320.1795691727,7352747.0,12966966.184286479,1738527.815713521,6159375.933333334,11203431.663623594,1115320.2030430734
835,7328060.433333334,12837320.394554924,1818800.472111743,7328060.433333334,12837320.394554924,1818800.472111743,7316993.733333333,12814413.53205999,1819573.934606676,6322144.766666667,11421024.557632178,1223264.975701156,7328060.433333334,12837320.394554924,1818800.472111743,6322144.766666667,11421024.557632178,1223264.975701156
836,7134675.133333334,12426532.009521786,1842818.2571448814,7134675.133333334,12426532.009521786,1842818.2571448814,7132817.0,12421908.908733135,1843725.091266865,6404307.3,11518346.959592558,1290267.6404074403,7134675.133333334,12426532.009521786,1842818.2571448814,6404307.3,11518346.965526558,1290267.634473442
837,7164665.966666667,12484842.190970145,1844489.7423631893,7164665.966666667,12484842.190970145,1844489.7423631893,7163605.633333334,12484123.672793405,1843087.5938732624,6087917.9,11148203.871989895,1027631.9280101061,7164665.966666667,12484842.190970145,1844489.7423631893,6087917.933333334,11148203.913928714,1027631.9527379544
838,7958934.9,13964591.495627165,1953278.304372835,7958934.9,13964591.495627165,1953278.304372835,7880726.933333334,13853387.262389772,1908066.6042768965,7340105.533333333,13271715.663137339,1408495.4035293283,7958934.9,13964591.495627165,1953278.304372835,7340105.5,13271715.626071107,1408495.3739288934
839,8555251.666666666,15053384.23816377,2057119.0951695628,8555251.666666666,15053384.23816377,2057119.0951695628,8489921.033333333,14971370.578887062,2008471.4877796043,7750270.5,14153122.413265318,1347418.5867346823,8555251.666666666,15053384.23816377,2057119.0951695628,7750270.533333333,14153122.449436141,1347418.6172305252
840,8249714.733333333,14517946.879828501,1981482.5868381644,8249714.733333333,14517946.879828501,1981482.5868381644,8215562.333333333,14474694.778507635,1956429.888159032,7535850.366666666,13693391.641941166,1378309.091392167,8249714.733333333,14517946.879828501,1981482.5868381644,7535850.366666666,13693391.641941166,1378309.091392167
841,7597974.866666666,13293825.948872108,1902123.7844612235,7597974.866666666,13293825.948872108,1902123.7844612235,7632171.7,13346259.021704528,1918084.378295471,6774832.533333333,12236886.629235767,1312778.4374309005,7597974.866666666,13293825.948872108,1902123.7844612235,6774832.566666666,12236886.674655685,1312778.4586776476
842,7788104.7,13805240.44662806,1770968.9533719392,7788104.7,13805240.44662806,1770968.9533719392,7943253.9,14059913.553959059,1826594.2460409421,7098210.266666667,12961368.45043091,1235052.082902424,7788104.7,13805240.44662806,1770968.9533719392,7098210.266666667,12961368.45043091,1235052.082902424
843,8175726.033333333,14490378.184101623,1861073.8825650439,8175726.033333333,14490378.184101623,1861073.8825650439,8408365.233333332,14816146.837468628,2000583.629198037,7478591.933333334,13709151.464392286,1248032.4022743804,8175726.033333333,14490378.184101623,1861073.8825650439,7478591.933333334,13709151.464392286,1248032.4022743804
844,7686381.566666666,13582244.849615902,1790518.2837174302,7686381.566666666,13582244.849615902,1790518.2837174302,8185166.833333333,14302242.674962725,2068090.9917039396,7185368.033333333,13050450.1812528,1320285.8854138665,7686381.566666666,13582244.849615902,1790518.2837174302,7185368.066666666,13050450.22505612,1320285.9082772136
845,7271851.566666666,12573766.251673108,1969936.8816602249,7271851.566666666,12573766.251673108,1969936.8816602249,8115490.566666666,14018770.345641937,2212210.787691395,6997399.233333333,12333548.869213043,1661249.597453624,7271851.566666666,12573766.251673108,1969936.8816602249,6997399.233333333,12333548.869213043,1661249.597453624
846,8458924.833333334,14723389.004663922,2194460.662002747,8458924.833333334,14723389.004663922,2194460.662002747,8700190.7,15070868.323139118,2329513.0768608805,7791190.4,13982593.329656933,1599787.4703430673,8458924.833333334,14723389.004663922,2194460.662002747,7791190.366666666,13982593.286971036,1599787.446362297
847,7499397.066666666,12722199.820921283,2276594.3124120487,7499397.066666666,12722199.820921283,2276594.3124120487,7639317.366666666,12897842.017806355,2380792.7155269766,7155082.166666667,12483621.82276811,1826542.5105652232,7499397.066666666,12722199.820921283,2276594.3124120487,7155082.166666667,12483621.82276811,1826542.5105652232
848,7921754.866666666,13301057.742306575,2542451.991026758,7921754.866666666,13301057.742306575,2542451.991026758,7974491.833333333,13383861.438957632,2565122.2277090354,7116443.366666666,12444887.604652274,1787999.128681058,7921754.866666666,13301057.742306575,2542451.991026758,7116443.366666666,12444887.604652274,1787999.128681058
849,7469946.633333334,12715446.819761276,2224446.4469053904,7469946.633333334,12715446.819761276,2224446.4469053904,8091444.266666667,13614087.843026288,2568800.6903070444,6827882.9,12055129.804095717,1600635.9959042836,7469946.633333334,12715446.819761276,2224446.4469053904,6827882.9,12055129.804095717,1600635.9959042836
850,9790837.033333333,16934166.22742044,2647507.8392462237,9790837.033333333,16934166.22742044,2647507.8392462237,9497037.566666666,16493993.377566438,2500081.7557668956,8494459.433333334,15381636.497755293,1607282.3689113753,9790837.033333333,16934166.22742044,2647507.8392462237,8494459.366666667,15381636.409954468,1607282.3233788665
851,8541536.733333332,15175731.71457194,1907341.7520947251,8541536.733333332,15175731.71457194,1907341.7520947251,8567368.766666668,15202939.627682455,1931797.9056508811,8161251.533333333,14943432.24087682,1379070.8257898455,8541536.733333332,15175731.71457194,1907341.7520947251,8161251.566666666,14943432.276890175,1379070.8564431574
852,9793842.566666666,17597779.351275414,1989905.7820579177,9793842.566666666,17597779.351275414,1989905.7820579177,9782043.233333332,17583355.57087024,1980730.8957964247,9236651.566666666,17153572.386676148,1319730.7466571834,9793842.566666666,17597779.351275414,1989905.7820579177,9236651.7,17153572.579702612,1319730.8202973865
853,9901317.9,17687193.568567615,2115442.231432385,9901317.9,17687193.568567615,2115442.231432385,9878675.1,17658238.61300834,2099111.586991661,9398490.333333334,17304081.458324987,1492899.2083416814,9901317.9,17687193.568567615,2115442.231432385,9398490.366666667,17304081.492641274,1492899.2406920614
854,8501141.233333332,15274199.125154715,1728083.341511949,8501141.233333332,15274199.125154715,1728083.341511949,8476906.466666667,15247805.356309164,1706007.5770241702,8294589.866666666,15098472.768841088,1490706.9644922446,8501141.233333332,15274199.125154715,1728083.341511949,8294589.9,15098472.801995836,1490706.9980041636
855,9088671.966666667,16180499.93099622,1996844.002337112,9088671.966666667,16180499.93099622,1996844.002337112,9089580.966666667,16181955.292080816,1997206.6412525177,9199215.166666666,16279377.714945402,2119052.618387931,9088671.966666667,16180499.93099622,1996844.002337112,9199215.166666666,16279377.703175075,2119052.6301582567
856,9436580.466666667,16616552.546768505,2256608.3865648275,9436580.466666667,16616552.546768505,2256608.3865648275,9547987.733333332,16764943.013229214,2331032.453437452,9696001.3,16926333.563684575,2465669.036315426,9436580.466666667,16616552.546768505,2256608.3865648275,9696001.3,16926333.563684575,2465669.036315426
857,9465922.6,16942676.05060161,1989169.1493983893,9465922.6,16942676.05060161,1989169.1493983893,9468187.166666666,16946097.083502226,1990277.2498311074,9680885.233333332,17120945.928046122,2240824.5386205427,9465922.6,16942676.05060161,1989169.1493983893,9680885.233333332,17120945.928046122,2240824.5386205427
858,9367931.7,16780000.944210365,1955862.455789634,9367931.7,16780000.944210365,1955862.455789634,9448383.333333334,16878953.605509937,2017813.061156733,9936007.8,17471938.030104525,2400077.569895475,9367931.7,16780000.944210365,1955862.455789634,9936007.8,17471938.030104525,2400077.569895475
859,8770947.5,16023159.515600186,1518735.4843998142,8770947.5,16023159.515600186,1518735.4843998142,8831731.9,16094115.596196841,1569348.2038031584,9440321.766666668,16829410.751070585,2051232.78226275,8770947.5,16023159.515600186,1518735.4843998142,9440321.766666668,16829410.733549703,2051232.7997836322
860,9708124.9,17225147.37469142,2191102.4253085805,9708124.9,17225147.37469142,2191102.4253085805,9783504.1,17312541.535373203,2254466.664626796,10102819.733333332,17673780.74163546,2531858.7250312045,9708124.9,17225147.37469142,2191102.4253085805,10102819.766666668,17673780.782949947,2531858.75038339
861,9237914.033333333,16516375.045557637,1959453.0211090297,9237914.033333333,16516375.045557637,1959453.0211090297,9224856.2,16490064.739044774,1959647.6609552233,9810059.433333334,17143968.143106245,2476150.7235604217,9237914.033333333,16516375.045557637,1959453.0211090297,9810059.466666667,17143968.187231097,2476150.746102236
862,9212973.666666666,16489813.881589308,1936133.4517440237,9212973.666666666,16489813.881589308,1936133.4517440237,9228427.466666667,16510657.110070465,1946197.8232628684,9653961.033333333,16959054.699897252,2348867.3667694144,9212973.666666666,16489813.881589308,1936133.4517440237,9653961.133333333,16959054.809321053,2348867.4573456133
863,9195313.733333332,16504099.28650159,1886528.1801650748,9195313.733333332,16504099.28650159,1886528.1801650748,9184432.233333332,16498996.156960238,1869868.3097064262,9742001.833333334,17021106.29357276,2462897.373093906,9195313.733333332,16504099.28650159,1886528.1801650748,9742001.8,17021106.24970905,2462897.3502909513
864,9388915.6,17505354.56802514,1272476.631974861,9388915.6,17505354.56802514,1272476.631974861,9377199.633333333,17489276.152161125,1265123.1145055406,9670395.966666667,17666525.383116174,1674266.55021716,9388915.6,17505354.56802514,1272476.631974861,9670395.966666667,17666525.383116174,1674266.55021716
865,9247662.866666667,17383053.942923523,1112271.790409809,9247662.866666667,17383053.942923523,1112271.790409809,9240589.2,17374028.33424516,1107150.0657548383,9601465.566666666,17657251.89239932,1545679.2409340162,9247662.866666667,17383053.942923523,1112271.790409809,9601465.5,17657251.814786877,1545679.1852131234
866,9464015.166666666,17562931.288190193,1365099.0451431377,9464015.166666666,17562931.288190193,1365099.0451431377,9477030.866666667,17579658.372495044,1374403.3608382912,9946387.833333334,18085217.06889967,1807558.5977669992,9464015.166666666,17562931.288190193,1365099.0451431377,9946387.8,18085217.026828453,1807558.5731715485
867,10199858.6,18513828.11760756,1885889.0823924383,10199858.6,18513828.11760756,1885889.0823924383,10235894.066666666,18572609.68157959,1899178.451753744,10052957.3,18397729.641526088,1708184.9584739134,10199858.6,18513828.11760756,1885889.0823924383,10052957.266666668,18397729.595970545,1708184.9373627892
868,10071730.233333332,18360003.612241745,1783456.854424918,10071730.233333332,18360003.612241745,1783456.854424918,10083797.066666666,18376403.897824198,1791190.235509133,9849585.1,18159556.928326353,1539613.2716736458,10071730.233333332,18360003.612241745,1783456.854424918,9849585.166666666,18159557.016669877,1539613.316663457
869,9221790.5,16864243.258073956,1579337.7419260424,9221790.5,16864243.258073956,1579337.7419260424,9210389.8,16857052.765589103,1563726.8344108993,9016738.5,16717699.497008078,1315777.5029919231,9221790.5,16864243.258073956,1579337.7419260424,9016738.5,16717699.497008078,1315777.5029919231
870,9005451.4,16620632.998101104,1390269.8018988958,9005451.4,16620632.998101104,1390269.8018988958,9012404.566666666,16629479.213567179,1395329.9197661532,8813011.0,16466485.717757996,1159536.2822420048,9005451.4,16620632.998101104,1390269.8018988958,8813011.0,16466485.717757996,1159536.2822420048
871,9405588.633333333,18008803.235229634,802374.0314370338,9405588.633333333,18008803.235229634,802374.0314370338,9407070.1,18011051.168018185,803089.0319818147,9192699.333333334,17832906.433580816,552492.233085854,9405588.633333333,18008803.235229634,802374.0314370338,9192699.333333334,17832906.433580816,552492.233085854
872,9967726.066666666,18859559.85918217,1075892.2741511613,9967726.066666666,18859559.85918217,1075892.2741511613,9988679.533333333,18879009.855009824,1098349.2116568442,9866737.5,18786791.1965872,946683.8034127988,9967726.066666666,18859559.85918217,1075892.2741511613,9866737.5,18786791.1965872,946683.8034127988
873,10384937.233333332,19347569.544851594,1422304.9218150694,10384937.233333332,19347569.544851594,1422304.9218150694,10402996.333333334,19362830.808528874,1443161.8581377938,10629563.166666666,19825977.23411603,1433149.099217303,10384937.233333332,19347569.544851594,1422304.9218150694,10629563.166666666,19825977.23411603,1433149.099217303
874,10378598.6,19372533.26289271,1384663.937107293,10378598.6,19372533.26289271,1384663.937107293,10402577.766666668,19398076.09702736,1407079.4363059737,10309173.266666668,19367918.008774463,1250428.524558872,10378598.6,19372533.26289271,1384663.937107293,10309173.233333332,19367917.958589252,1250428.5080774128
875,9441061.9,18264996.79142254,617127.0085774604,9441061.9,18264996.79142254,617127.0085774604,9350911.6,18137209.00460629,564614.1953937076,9524603.4,18325995.363361645,723211.4366383553,9441061.9,18264996.79142254,617127.0085774604,9524603.466666667,18325995.45252266,723211.480810672
876,8154166.033333333,16473141.961184254,-164809.8945175875,8154166.033333333,16473141.961184254,-164809.8945175875,8202182.666666667,16534707.815173715,-130342.48184038047,8353340.6,16694976.993689261,11704.20631073881,8154166.033333333,16473141.961184254,-164809.8945175875,8353340.566666666,16694976.953507546,11704.17982578557
877,8261223.866666666,16665538.377743967,-143090.64441063534,8261223.866666666,16665538.377743967,-143090.64441063534,8251418.666666667,16654868.611796342,-152031.27846300695,8881784.333333334,17402074.494982366,361494.1716843024,8261223.866666666,16665538.377743967,-143090.64441063534,8881784.366666667,17402074.532609686,361494.2007236462
878,8182209.433333334,16555113.205504058,-190694.33883739077,8182209.433333334,16555113.205504058,-190694.33883739077,8171924.4,16542827.339666137,-198978.53966613673,8390208.266666668,16820574.344016273,-40157.8106829375,8182209.433333334,16555113.205504058,-190694.33883739077,8390208.233333332,16820574.310657997,-40157.843991331756
879,8593532.1,17094067.12457614,92997.07542385906,8593532.1,17094067.12457614,92997.07542385906,8573963.233333332,17078964.21183493,68962.25483173318,8642094.233333332,17167708.301369004,116480.16529765911,8593532.1,17094067.12457614,92997.07542385906,8642094.266666668,17167708.334466133,116480.1988672018
880,8839845.366666667,17413089.502289087,266601.2310442459,8839845.366666667,17413089.502289087,266601.2310442459,8875131.433333334,17444458.044933304,305804.82173336484,8811558.0,17403247.5735677,219868.42643230036,8839845.366666667,17413089.502289087,266601.2310442459,8811557.966666667,17403247.52521222,219868.40812111273
881,7941956.466666667,15218317.242068212,665595.6912651202,7941956.466666667,15218317.242068212,665595.6912651202,7977805.0,15247720.873399224,707889.1266007768,8329132.233333333,15732310.178863272,925954.2878033957,7941956.466666667,15218317.242068212,665595.6912651202,8329132.233333333,15732310.178863272,925954.2878033957
882,7572221.633333334,14699061.784261163,445381.48240550514,7572221.633333334,14699061.784261163,445381.48240550514,7589333.533333333,14711108.32419161,467558.742475057,8051366.0,15353761.333841879,748970.666158122,7572221.633333334,14699061.784261163,445381.48240550514,8051366.0,15353761.333841879,748970.666158122
883,7784258.833333333,15009756.615024155,558761.051642511,7784258.833333333,15009756.615024155,558761.051642511,7837453.633333334,15067008.446323946,607898.8203427223,8070876.566666666,15418098.791342234,723654.3419910986,7784258.833333333,15009756.615024155,558761.051642511,8070876.566666666,15418098.791342234,723654.3419910986
884,7670018.2,14922909.86016322,417126.53983678017,7670018.2,14922909.86016322,417126.53983678017,7715326.433333334,14970638.601546846,460014.2651198199,7640260.6,14959383.100604437,321138.09939556103,7670018.2,14922909.86016322,417126.53983678017,7640260.633333334,14959383.155290723,321138.11137594376
885,7228583.4,14354527.420376636,102639.37962336466,7228583.4,14354527.420376636,102639.37962336466,7234019.233333333,14363347.48481923,104690.98184743803,7290106.133333334,14527711.729209274,52500.53745739255,7228583.4,14354527.420376636,102639.37962336466,7290106.166666667,14527711.780897763,52500.55243557133
886,6878081.5,13921174.58556189,-165011.58556189016,6878081.5,13921174.58556189,-165011.58556189016,6862798.4,13908963.265929885,-183366.4659298854,7010402.333333333,14132968.930108149,-112164.26344148256,6878081.5,13921174.58556189,-165011.58556189016,7010402.333333333,14132968.942333704,-112164.27566703781
887,7048506.966666667,14147927.903801026,-50913.97046769224,7048506.966666667,14147927.903801026,-50913.97046769224,7056683.2,14159495.174805142,-46128.77480514068,7100263.766666667,14250937.430763483,-50409.89743015077,7048506.966666667,14147927.903801026,-50913.97046769224,7100263.766666667,14250937.430763483,-50409.89743015077
888,7065792.166666667,14131868.588097366,-284.25476403161883,7065792.166666667,14131868.588097366,-284.25476403161883,7088030.266666667,14164181.48111728,11879.052216053009,7694468.7,15142325.669846894,246611.73015310615,7065792.166666667,14131868.588097366,-284.25476403161883,7694468.733333333,15142325.71285965,246611.7538070185
889,7288523.1,14447015.019415084,130031.18058491591,7288523.1,14447015.019415084,130031.18058491591,7308506.866666666,14466598.917808048,150414.8155252831,7934557.966666667,15668656.348647589,200459.58468574472,7288523.1,14447015.019415084,130031.18058491591,7934558.0,15668656.392533123,200459.6074668765
890,6484921.2,13562812.189224344,-592969.7892243443,6484921.2,13562812.189224344,-592969.7892243443,6527856.366666666,13611933.39002768,-556220.656694348,7161474.433333334,14603392.622676078,-280443.75600941014,6484921.2,13562812.189224344,-592969.7892243443,7161474.533333333,14603392.763244485,-280443.69657781906
891,6843048.466666667,13871821.444460463,-185724.51112713013,6843048.466666667,13871821.444460463,-185724.51112713013,6853510.466666667,13882486.472270139,-175465.53893680405,6895036.533333333,14095648.389616158,-305575.3229494905,6843048.466666667,13871821.444460463,-185724.51112713013,6895036.533333333,14095648.389616158,-305575.3229494905
892,7276667.1,14376523.68799388,176810.51200611796,7276667.1,14376523.68799388,176810.51200611796,7291096.333333333,14390922.801086139,191269.86558052804,7281750.233333333,14540066.040329792,23434.426336874254,7276667.1,14376523.68799388,176810.51200611796,7281750.233333333,14540066.040329792,23434.426336874254
893,7264021.466666667,14410339.600112405,117703.33322092798,7264021.466666667,14410339.600112405,117703.33322092798,7224844.7,14376155.594992533,73533.80500746612,7144832.466666667,14362035.613234643,-72370.67990131024,7264021.466666667,14410339.600112405,117703.33322092798,7144832.466666667,14362035.613234643,-72370.67990131024
894,6612687.066666666,13628594.71366322,-403220.58032988664,6612687.066666666,13628594.71366322,-403220.58032988664,6570695.733333333,13590676.772056568,-449285.30538990255,6629167.666666667,13724299.619268026,-465964.2859346932,6612687.066666666,13628594.71366322,-403220.58032988664,6629167.666666667,13724299.619268026,-465964.2859346932
895,7018975.533333333,14121899.001087274,-83947.93442060705,7018975.533333333,14121899.001087274,-83947.93442060705,6948459.6,14058187.49112369,-161268.29112369008,6828112.866666666,13972209.398143798,-315983.66481046565,7018975.533333333,14121899.001087274,-83947.93442060705,6828112.833333333,13972209.360646863,-315983.6939801965
896,7845761.333333333,15139601.716576599,551920.9500900675,7845761.333333333,15139601.716576599,551920.9500900675,7795672.4,15096762.856541682,494581.9434583178,8255645.766666667,15832490.224218309,678801.3091150234,7845761.333333333,15139601.716576599,551920.9500900675,8255645.766666667,15832490.224218309,678801.3091150234
897,7990781.7,15309048.37373074,672515.0262692608,7990781.7,15309048.37373074,672515.0262692608,7936844.933333334,15261934.364292659,611755.5023740092,8693898.7,16491120.450497366,896676.949502633,7990781.7,15309048.37373074,672515.0262692608,8693898.633333333,16491120.37850533,896676.8881613361
898,8223935.966666667,15521489.584002908,926382.3493304253,8223935.966666667,15521489.584002908,926382.3493304253,8167051.966666667,15472464.664204072,861639.2691292623,8632541.3,16419975.770117288,845106.829882713,8223935.966666667,15521489.584002908,926382.3493304253,8632541.266666668,16419975.736420669,845106.7969126673
899,7941155.066666666,15114280.339834869,768029.7934984639,7941155.066666666,15114280.339834869,768029.7934984639,7913726.733333333,15094938.967892304,732514.4987743637,7951178.9,15277658.870086819,624698.9299131809,7941155.066666666,15114280.339834869,768029.7934984639,7951178.85,15277658.798507601,624698.9014923992
900,7294241.8,14320407.708395522,268075.8916044766,7294241.8,14320407.708395522,268075.8916044766,7278351.166666667,14307922.121987145,248780.2113461895,7370591.5,14582207.727710608,158975.27228939068,7294241.8,14320407.708395522,268075.8916044766,7370591.433333334,14582207.651570883,158975.21509578452
901,7340777.866666666,14385961.759336188,295593.9739971431,7340777.866666666,14385961.759336188,295593.9739971431,7343452.133333334,14388965.185813881,297939.08085278515,7657847.7,15020713.898879863,294981.501120138,7340777.866666666,14385961.759336188,295593.9739971431,7657847.633333334,15020713.820211109,294981.4464555597
902,7519116.1,14578846.052909624,459386.1470903754,7519116.1,14578846.052909624,459386.1470903754,7525036.733333333,14586826.52858718,463246.93807948753,7901706.766666667,15278993.634165458,524419.8991678748,7519116.1,14578846.052909624,459386.1470903754,7901706.733333333,15278993.589438606,524419.8772280598
903,8293624.0,15619426.347492337,967821.6525076618,8293624.0,15619426.347492337,967821.6525076618,8324339.633333334,15656138.145607978,992541.1210586904,8911285.433333334,16736811.494408853,1085759.3722578147,8293624.0,15619426.347492337,967821.6525076618,8911285.5,16736811.580227442,1085759.419772557
904,8968096.133333333,16544532.226526637,1391660.04014003,8968096.133333333,16544532.226526637,1391660.04014003,8867682.0,16404356.244620493,1331007.7553795073,9779310.733333332,18121983.05701526,1436638.409651406,8968096.133333333,16544532.226526637,1391660.04014003,9779310.7,18121983.024026956,1436638.3759730412
905,8766609.2,16452415.151940132,1080803.248059867,8766609.2,16452415.151940132,1080803.248059867,8705377.2,16362454.52176477,1048299.8782352293,10320833.066666666,18806553.899642214,1835112.2336911205,8766609.2,16452415.151940132,1080803.248059867,10320833.033333333,18806553.84449824,1835112.2221684288
906,8226458.533333333,15756454.011747856,696463.0549188107,8226458.533333333,15756454.011747856,696463.0549188107,8154702.333333333,15682641.541260514,626763.1254061526,10445732.366666667,19167782.97231427,1723681.7610190678,8226458.533333333,15756454.011747856,696463.0549188107,10445732.366666667,19167782.97231427,1723681.7610190678
907,8499116.966666667,16149609.900923572,848624.0324097611,8499116.966666667,16149609.900923572,848624.0324097611,8448542.566666666,16101123.394670077,795961.7386632562,10368494.9,18991588.72941464,1745401.0705853608,8499116.966666667,16149609.900923572,848624.0324097611,10368494.966666667,18991588.81730292,1745401.1160304118
908,8134956.4,15691965.245188741,577947.5548112597,8134956.4,15691965.245188741,577947.5548112597,8155855.5,15716090.609922891,595620.3900771085,10609144.2,19467043.496883914,1751244.9031160846,8134956.4,15691965.245188741,577947.5548112597,10609144.133333333,19467043.37880586,1751244.887860803
909,7658684.1,14085009.201263953,1232358.9987360453,7658684.1,14085009.201263953,1232358.9987360453,7563420.833333333,13969325.220251422,1157516.4464152427,10184240.5,18237847.546332933,2130633.453667067,7658684.1,14085009.201263953,1232358.9987360453,10184240.6,18237847.73133447,2130633.468665529
910,8022092.4,14594980.469558222,1449204.3304417785,8022092.4,14594980.469558222,1449204.3304417785,8003799.3,14568719.074329086,1438879.525670915,10725914.366666667,19173095.7252755,2278733.0080578346,8022092.4,14594980.469558222,1449204.3304417785,10725914.366666667,19173095.695669744,2278733.03766359
911,8229612.366666666,14852019.800301729,1607204.9330316037,8229612.366666666,14852019.800301729,1607204.9330316037,8213465.966666667,14827771.360180924,1599160.5731524099,10574103.133333333,18844112.82223445,2304093.444432215,8229612.366666666,14852019.800301729,1607204.9330316037,10574103.2,18844112.941288967,2304093.4587110328
912,8317684.6,15000195.597052354,1635173.602947645,8317684.6,15000195.597052354,1635173.602947645,8297943.7,14969911.630176984,1625975.7698230157,10694500.666666666,19060151.077298746,2328850.2560345847,8317684.6,15000195.597052354,1635173.602947645,10694500.7,19060151.139861703,2328850.2601382975
913,8341382.5,15054036.440285547,1628728.5597144533,8341382.5,15054036.440285547,1628728.5597144533,8346317.566666666,15061519.232082106,1631115.9012512267,10659189.5,18882861.087338034,2435517.912661966,8341382.5,15054036.440285547,1628728.5597144533,10659189.433333334,18882860.967468414,2435517.8991982536
914,8458701.6,15162382.064440463,1755021.1355595374,8458701.6,15162382.064440463,1755021.1355595374,8462901.8,15167858.088805392,1757945.51119461,10527903.233333332,18529940.093029696,2525866.3736369684,8458701.6,15162382.064440463,1755021.1355595374,10527903.3,18529940.17308124,2525866.426918758
915,8850145.7,15750232.837638233,1950058.5623617666,8850145.7,15750232.837638233,1950058.5623617666,8837728.966666667,15732052.510130959,1943405.423202375,10558026.5,18620859.120894466,2495193.8791055335,8850145.7,15750232.837638233,1950058.5623617666,10558026.5,18620859.120894466,2495193.8791055335
916,9595387.1,17124410.84876078,2066363.3512392193,9595387.1,17124410.84876078,2066363.3512392193,9580159.633333333,17105211.114699494,2055108.1519671706,11710141.233333332,20419935.537099987,3000346.9295666777,9595387.1,17124410.84876078,2066363.3512392193,11710141.233333332,20419935.526316576,3000346.940350091
917,9540573.6,17031366.65562269,2049780.5443773065,9540573.6,17031366.65562269,2049780.5443773065,9535830.6,17025504.17681075,2046157.0231892485,11624245.433333334,20306322.663734395,2942168.202932272,9540573.6,17031366.65562269,2049780.5443773065,11624245.433333334,20306322.663734395,2942168.202932272
918,9454523.866666667,17007438.753307573,1901608.9800257608,9454523.866666667,17007438.753307573,1901608.9800257608,9435291.4,16991180.43654822,1879402.363451778,11360828.666666666,19920072.225276224,2801585.108057108,9454523.866666667,17007438.753307573,1901608.9800257608,11360828.666666666,19920072.225276224,2801585.108057108
919,9682603.6,17264541.001788907,2100666.1982110906,9682603.6,17264541.001788907,2100666.1982110906,9660943.2,17246025.72845724,2075860.67154276,11096684.066666666,19445186.76254685,2748181.3707864834,9682603.6,17264541.001788907,2100666.1982110906,11096684.0,19445186.672081023,2748181.3279189784
920,9841931.233333332,17502402.84994964,2181459.6167170266,9841931.233333332,17502402.84994964,2181459.6167170266,9838025.366666667,17498518.74735049,2177531.985982841,11127315.6,19462199.529598027,2792431.6704019736,9841931.233333332,17502402.84994964,2181459.6167170266,11127315.6,19462199.529598027,2792431.6704019736
921,9803075.0,17361044.00241913,2245105.997580871,9803075.0,17361044.00241913,2245105.997580871,9801792.733333332,17359280.056864254,2244305.4098024108,11258614.3,19519198.164620124,2998030.435379876,9803075.0,17361044.00241913,2245105.997580871,11258614.3,19519198.164620124,2998030.435379876
922,9548771.966666667,17056605.29401516,2040938.63931817,9548771.966666667,17056605.29401516,2040938.63931817,9543364.133333333,17051467.349754393,2035260.9169122744,11486937.7,19791595.284089535,3182280.115910463,9548771.966666667,17056605.29401516,2040938.63931817,11486937.7,19791595.282943,3182280.1170569994
923,9758906.366666667,17391794.863676004,2126017.86965733,9758906.366666667,17391794.863676004,2126017.86965733,9773180.466666667,17403109.951005366,2143250.982327967,12057752.233333332,20444554.145483885,3670950.321182779,9758906.366666667,17391794.863676004,2126017.86965733,12057752.266666668,20444554.184614643,3670950.3487186925
924,9453674.266666668,16979141.189534876,1928207.3437984586,9453674.266666668,16979141.189534876,1928207.3437984586,9451626.966666667,16976897.64565352,1926356.2876798147,11355589.666666666,19617826.120865267,3093353.2124680644,9453674.266666668,16979141.189534876,1928207.3437984586,11355589.766666668,19617826.22620571,3093353.3071276248
925,9523224.833333334,17094768.955769084,1951680.7108975835,9523224.833333334,17094768.955769084,1951680.7108975835,9502218.3,17076475.004898734,1927961.595101269,11672081.966666667,20199291.0493308,3144872.884002533,9523224.833333334,17094768.955769084,1951680.7108975835,11672081.966666667,20199291.0493308,3144872.884002533
926,9111074.866666667,16481150.530261062,1740999.2030722713,9111074.866666667,16481150.530261062,1740999.2030722713,9106691.866666667,16476929.72546168,1736454.0078716548,11165670.2,19568038.90443851,2763301.495561486,9111074.866666667,16481150.530261062,1740999.2030722713,11165670.233333332,19568038.93551496,2763301.5311517045
927,8726170.1,15295438.942820607,2156901.2571793925,8726170.1,15295438.942820607,2156901.2571793925,8720271.5,15289317.884185772,2151225.1158142285,10388907.5,17951936.002218265,2825878.997781734,8726170.1,15295438.942820607,2156901.2571793925,10388907.5,17951936.002218265,2825878.997781734
928,8711181.433333334,15198997.780502802,2223365.0861638654,8711181.433333334,15198997.780502802,2223365.0861638654,8703704.8,15191268.07004653,2216141.5299534723,10423308.366666667,17953285.45853664,2893331.2747966936,8711181.433333334,15198997.780502802,2223365.0861638654,10423308.366666667,17953285.45853664,2893331.2747966936
929,9274974.8,16019196.388369065,2530753.2116309367,9274974.8,16019196.388369065,2530753.2116309367,9267244.2,16011549.500893421,2522938.899106578,10813997.733333332,18468891.49163608,3159103.975030585,9274974.8,16019196.388369065,2530753.2116309367,10813997.733333332,18468891.49163608,3159103.975030585
930,9825022.5,16898384.147090554,2751660.8529094467,9825022.5,16898384.147090554,2751660.8529094467,9815562.033333333,16889118.861013975,2742005.2056526924,11441496.0,19464574.141263265,3418417.858736734,9825022.5,16898384.147090554,2751660.8529094467,11441496.0,19464574.141263265,3418417.858736734
931,9294114.4,16052616.467813,2535612.3321870016,9294114.4,16052616.467813,2535612.3321870016,9283656.9,16042467.20074131,2524846.599258692,11026639.5,18828263.529576447,3225015.470423554,9294114.4,16052616.467813,2535612.3321870016,11026639.5,18828263.529576447,3225015.470423554
932,9606935.066666666,17268163.190278184,1945706.9430551492,9606935.066666666,17268163.190278184,1945706.9430551492,9599247.366666667,17260656.925133366,1937837.8081999682,11415803.9,19910796.23187407,2920811.5681259297,9606935.066666666,17268163.190278184,1945706.9430551492,11415803.9,19910796.23187407,2920811.5681259297
933,9199896.466666667,16728249.061493432,1671543.8718399014,9191408.916666666,16719689.489738263,1663128.3435950698,9208807.95,16735498.557428844,1682117.3425711542,11096232.866666667,19479632.54140415,2712833.191929184,9194247.9,16722548.472024508,1665947.327975493,11096232.866666667,19479632.54140415,2712833.191929184
934,8344922.4,15755788.987135263,934055.8128647376,8335771.133333334,15746068.270651475,925473.9960151929,8337594.65,15748259.530844864,926929.7691551382,9580085.966666667,17268952.410805926,1891219.5225274079,8338832.1,15749314.88287123,928349.317128771,9580086.0,17268952.44186318,1891219.5581368217
935,8626459.866666667,16133974.092422182,1118945.6409111526,8626459.866666667,16133974.092422182,1118945.6409111526,8607077.2,16115977.697856784,1098176.7021432146,10102673.333333334,17952316.18825792,2253030.4784087455,8626459.866666667,16133974.092422182,1118945.6409111526,10102673.333333334,17952316.18825792,2253030.4784087455
936,8843969.066666666,16458659.5274236,1229278.605909733,8843969.066666666,16458659.5274236,1229278.605909733,8848202.866666667,16460942.995066302,1235462.7382670324,10129495.033333333,17991156.69310674,2267833.3735599276,8843969.066666666,16458659.5274236,1229278.605909733,10129495.0,17991156.63342517,2267833.3665748304
937,8884465.766666668,16331505.229245212,1437426.3040881231,8876125.033333333,16322470.034652367,1429780.0320142992,8888114.366666667,16334172.429126648,1442056.304206686,10107007.9,17787897.69168128,2426118.108318722,8878916.133333333,16325489.537352085,1432342.7293145796,10107007.9,17787897.69168128,2426118.108318722
938,8864919.333333334,16409600.397320442,1320238.269346225,8856393.666666666,16400279.999359306,1312507.3339740261,8863765.916666666,16406845.133535422,1320686.6997979106,9825655.466666667,17578624.1572723,2072686.776061033,8859247.033333333,16403395.234827701,1315098.8318389645,9825655.466666667,17578624.1572723,2072686.776061033
939,8949457.3,16540811.403624237,1358103.196375764,8949457.3,16540811.403624237,1358103.196375764,8939551.1,16530611.818498606,1348490.3815013934,10019607.633333333,17833713.69719046,2205501.569476207,8949457.3,16540811.403624237,1358103.196375764,10019607.6,17833713.652660992,2205501.5473390073
940,8913043.966666667,16449763.260456776,1376324.6728765573,8913043.966666667,16449763.260456776,1376324.6728765573,8903683.733333332,16441438.739796955,1365928.7268697098,9972822.9,17710771.88666133,2234873.9133386714,8913043.966666667,16449763.260456776,1376324.6728765573,9972822.9,17710771.88666133,2234873.9133386714
941,8729476.6,16219681.95877327,1239271.241226728,8729476.6,16219681.95877327,1239271.241226728,8709490.666666666,16202303.801099021,1216677.532234311,9892820.7,17610200.58469076,2175440.8153092377,8729476.6,16219681.95877327,1239271.241226728,9892820.766666668,17610200.645894703,2175440.8874386325
942,7854008.933333334,14805839.722727543,902178.1439391244,7854008.933333334,14805839.722727543,902178.1439391244,7842854.8,14796492.71417822,889216.8858217793,9066381.5,16304445.246125858,1828317.7538741408,7854008.933333334,14805839.722727543,902178.1439391244,9066381.466666667,16304445.2136259,1828317.719707434
943,8014755.5,14409285.400494173,1620225.5995058278,8014755.5,14409285.400494173,1620225.5995058278,8014384.433333334,14409240.91150837,1619527.955158297,9178533.0,15878108.322881017,2478957.677118982,8014755.5,14409285.400494173,1620225.5995058278,9178533.0,15878108.322881017,2478957.677118982
944,8724973.233333332,15934406.281301547,1515540.1853651172,8724973.233333332,15934406.281301547,1515540.1853651172,8744763.833333334,15952484.954999577,1537042.7116670897,9827107.3,17295559.138468083,2358655.4615319194,8724973.233333332,15934406.281301547,1515540.1853651172,9827107.266666668,17295559.09531506,2358655.4380182754
945,9100865.833333334,16751875.067233186,1449856.5994334826,9100865.833333334,16751875.067233186,1449856.5994334826,9096164.566666666,16747131.720053041,1445197.4132802915,10098024.3,17942827.954812646,2253220.6451873574,9100865.833333334,16751875.067233186,1449856.5994334826,10098024.266666668,17942827.90914957,2253220.6241837675
946,9518383.866666667,17272517.66875402,1764250.0645793146,9518383.866666667,17272517.66875402,1764250.0645793146,9482931.9,17242924.797689144,1722939.0023108572,10656603.1,18693503.202927236,2619702.9970727647,9518383.866666667,17272517.66875402,1764250.0645793146,10656603.066666666,18693503.157689553,2619702.97564378
947,9064346.6,16461060.611621562,1667632.5883784369,9064346.6,16461060.611621562,1667632.5883784369,8998968.633333333,16403315.240291815,1594622.0263748504,10293261.266666668,18040675.90463504,2545846.628698298,9064346.6,16461060.611621562,1667632.5883784369,10293261.266666668,18040675.90463504,2545846.628698298
948,8406411.9,15705748.634136457,1107075.1658635437,8406411.9,15705748.634136457,1107075.1658635437,8331444.366666666,15639393.7700567,1023494.9632766321,9762931.333333334,17457181.029875368,2068681.6367912982,8406411.9,15705748.634136457,1107075.1658635437,9762931.366666667,17457181.060805343,2068681.672527993
949,8023289.833333333,14517145.60324077,1529434.0634258976,8023289.833333333,14517145.60324077,1529434.0634258976,7947970.133333334,14450577.71595271,1445362.5507139582,9169907.866666667,16081123.564015422,2258692.1693179132,8023289.833333333,14517145.60324077,1529434.0634258976,9169907.866666667,16081123.564015422,2258692.1693179132
950,8600211.4,15360923.771471575,1839499.0285284258,8600211.4,15360923.771471575,1839499.0285284258,8533175.8,15302467.61526569,1763883.9847343126,9736996.4,16845267.89253892,2628724.9074610807,8600211.4,15360923.771471575,1839499.0285284258,9736996.4,16845267.89253892,2628724.9074610807
951,9581622.0,16908436.635854073,2254807.364145929,9581622.0,16908436.635854073,2254807.364145929,9478421.433333334,16819862.00020403,2136980.8664626367,10748287.433333334,18708505.85963234,2788069.0070343288,9581622.0,16908436.635854073,2254807.364145929,10748287.433333334,18708505.85963234,2788069.0070343288
952,9676639.466666667,16984791.754899036,2368487.1784342974,9676639.466666667,16984791.754899036,2368487.1784342974,9603226.133333333,16921818.513048653,2284633.753618013,10905131.033333333,18752092.390751414,3058169.6759152533,9676639.466666667,16984791.754899036,2368487.1784342974,10905131.066666666,18752092.426885813,3058169.706447521
953,10244489.466666667,17890524.999157682,2598453.9341756506,10244489.466666667,17890524.999157682,2598453.9341756506,10201058.566666666,17854723.23282749,2547393.9005058436,11924717.866666667,20394947.764028274,3454487.969305059,10244489.466666667,17890524.999157682,2598453.9341756506,11924717.866666667,20394947.764028274,3454487.969305059
954,10886547.3,18912956.181605555,2860138.4183944464,10886547.3,18912956.181605555,2860138.4183944464,10845985.066666666,18878385.042383824,2813585.0909495084,12391726.066666666,21243574.6881893,3539877.445144031,10886547.3,18912956.181605555,2860138.4183944464,12391726.0,21243574.615754742,3539877.384245258
955,10890093.4,18997498.430557366,2782688.369442635,10890093.4,18997498.430557366,2782688.369442635,10854740.833333334,18968247.204255857,2741234.462410813,12321395.033333333,21315456.338426016,3327333.7282406483,10890093.4,18997498.430557366,2782688.369442635,12321395.066666666,21315456.372760735,3327333.7605725992
956,10686176.6,18335689.555652685,3036663.644347314,10686176.6,18335689.555652685,3036663.644347314,10637358.833333334,18294640.439975664,2980077.226691002,12568274.6,21841216.404049076,3295332.795950925,10686176.6,18335689.555652685,3036663.644347314,12568274.6,21841216.404049076,3295332.795950925
957,10208973.433333334,17726503.61243791,2691443.254228755,10208973.433333334,17726503.61243791,2691443.254228755,10135079.1,17659082.512574133,2611075.6874258667,12567909.4,22021198.820771642,3114619.9792283587,10208973.433333334,17726503.61243791,2691443.254228755,12567909.4,22021198.820771642,3114619.9792283587
958,10519672.733333332,18319583.717940312,2719761.748726353,10519672.733333332,18319583.717940312,2719761.748726353,10475559.0,18281635.11149937,2669482.88850063,13042942.433333334,22787949.315564133,3297935.551102536,10519672.733333332,18319583.717940312,2719761.748726353,13042942.466666667,22787949.36054456,3297935.572788775
959,10518213.866666667,18132128.45592573,2904299.277407605,10518213.866666667,18132128.45592573,2904299.277407605,10475728.866666667,18095985.83593831,2855471.897395027,13053719.3,22776637.504045755,3330801.0959542487,10518213.866666667,18132128.45592573,2904299.277407605,13053719.3,22776637.504045755,3330801.0959542487
960,11442242.3,19868464.43747832,3016020.1625216845,11442242.3,19868464.43747832,3016020.1625216845,11340211.166666666,19776138.29886145,2904284.0344718806,13996045.833333334,24351147.637662012,3640944.029004656,11442242.3,19868464.43747832,3016020.1625216845,13996045.833333334,24351147.637662012,3640944.029004656
961,11052909.633333333,19286903.84156102,2818915.4251056444,11052909.633333333,19286903.84156102,2818915.4251056444,10935039.6,19183630.137865245,2686449.062134755,13595281.766666668,23669026.631604657,3521536.9017286766,11052909.633333333,19286903.84156102,2818915.4251056444,13595281.733333332,23669026.59397199,3521536.872694675
962,10831636.466666667,18962767.5131086,2700505.4202247346,10831636.466666667,18962767.5131086,2700505.4202247346,10734701.233333332,18885031.1136571,2584371.3530095667,13681600.6,23735365.04968256,3627836.150317438,10831636.466666667,18962767.5131086,2700505.4202247346,13681600.6,23735365.04968256,3627836.150317438
963,11024369.533333333,19415875.986719925,2632863.0799467415,11024369.533333333,19415875.986719925,2632863.0799467415,10902426.066666666,19311501.812051818,2493350.321281517,13599803.833333334,23740150.33108703,3459457.3355796356,11024369.533333333,19415875.986719925,2632863.0799467415,13599803.8,23740150.303010605,3459457.296989398
964,9850977.133333333,17067399.854938544,2634554.411728123,9850977.133333333,17067399.854938544,2634554.411728123,9825897.066666666,17050008.053226426,2601786.0801069047,11941275.0,21024912.29555979,2857637.70444021,9850977.133333333,17067399.854938544,2634554.411728123,11941274.966666667,21024912.260317653,2857637.67301568
965,11256855.9,19694000.150513813,2819711.6494861897,11256855.9,19694000.150513813,2819711.6494861897,11252697.3,19690619.92543167,2814774.6745683346,13171464.033333333,23091116.571331255,3251811.4953354113,11256855.9,19694000.150513813,2819711.6494861897,13171464.033333333,23091116.571331255,3251811.4953354113
966,9686737.333333334,17017408.249160156,2356066.4175065113,9686737.333333334,17017408.249160156,2356066.4175065113,9674024.2,17010074.717581704,2337973.6824182933,11849646.2,21014849.095602617,2684443.30439738,9686737.333333334,17017408.249160156,2356066.4175065113,11849646.2,21014849.095602617,2684443.30439738
967,9384171.333333334,16378441.132112239,2389901.5345544294,9384171.333333334,16378441.132112239,2389901.5345544294,9327996.7,16333501.235365096,2322492.164634902,11613952.7,20510715.280512307,2717190.1194876917,9384171.333333334,16378441.132112239,2389901.5345544294,11613952.7,20510715.280512307,2717190.1194876917
968,10112976.933333334,17825303.329106443,2400650.5375602255,10112976.933333334,17825303.329106443,2400650.5375602255,10112005.033333333,17825025.795515932,2398984.271150735,12755500.533333333,22202225.324797906,3308775.7418687586,10112976.933333334,17825303.329106443,2400650.5375602255,12755500.5,22202225.289469607,3308775.710530393
969,9295816.966666667,16613688.367231064,1977945.566102269,9295816.966666667,16613688.367231064,1977945.566102269,9308040.233333332,16624389.133881647,1991691.3327850169,12509287.133333333,21939990.656131733,3078583.6105349325,9295816.966666667,16613688.367231064,1977945.566102269,12509287.1,21939990.62119492,3078583.578805078
970,9096242.966666667,16059333.21898947,2133152.7143438645,9096242.966666667,16059333.21898947,2133152.7143438645,9079847.366666667,16045751.87966393,2113942.853669404,12545399.966666667,21899853.092495456,3190946.8408378754,9096242.966666667,16059333.21898947,2133152.7143438645,12545400.0,21899853.126956172,3190946.8730438277
971,8971871.266666668,15756061.115334038,2187681.4179992964,8971871.266666668,15756061.115334038,2187681.4179992964,8959387.133333333,15747384.438975222,2171389.827691444,12058232.1,21012559.176514067,3103905.0234859325,8971871.266666668,15756061.115334038,2187681.4179992964,12058232.1,21012559.176514067,3103905.0234859325
972,8621019.633333333,15308035.356454205,1934003.91021246,8621019.633333333,15308035.356454205,1934003.91021246,8536390.033333333,15236860.125419501,1835919.9412471643,11875668.8,20712615.601840336,3038721.9981596656,8621019.633333333,15308035.356454205,1934003.91021246,11875668.8,20712615.601840336,3038721.9981596656
973,8454558.433333334,15166178.107561853,1742938.7591048144,8454558.433333334,15166178.107561853,1742938.7591048144,8389256.033333333,15112650.734042795,1665861.332623871,11500507.6,20157481.569923986,2843533.6300760135,8454558.433333334,15166178.107561853,1742938.7591048144,11500507.6,20157481.569923986,2843533.6300760135
974,9265656.066666666,16422540.793538563,2108771.33979477,9265656.066666666,16422540.793538563,2108771.33979477,9205614.2,16371035.25814153,2040193.1418584678,12252454.4,21273574.171188932,3231334.628811069,9265656.066666666,16422540.793538563,2108771.33979477,12252454.333333334,21273574.099445205,3231334.5672214627
975,8796206.366666667,15883553.37060554,1708859.3627277939,8796206.366666667,15883553.37060554,1708859.3627277939,8723707.666666666,15820743.90802708,1626671.4253062513,11698511.133333333,20621931.29093293,2775090.975733733,8796206.366666667,15883553.37060554,1708859.3627277939,11698511.133333333,20621931.29093293,2775090.975733733
976,8990890.566666666,16332276.885649722,1649504.2476836108,8990890.566666666,16332276.885649722,1649504.2476836108,8928353.066666666,16279735.003709208,1576971.1296241246,11458342.466666667,20173356.648715027,2743328.284618307,8990890.566666666,16332276.885649722,1649504.2476836108,11458342.5,20173356.686640225,2743328.313359773
977,8851168.133333333,15584047.951337531,2118288.3153291335,8851168.133333333,15584047.951337531,2118288.3153291335,8798986.1,15542069.375668734,2055902.8243312659,11245156.633333333,19899415.240287095,2590898.0263795704,8851168.133333333,15584047.951337531,2118288.3153291335,11245156.7,19899415.3146708,2590898.085329199
978,8252736.266666667,14723672.288942711,1781800.2443906218,8252736.266666667,14723672.288942711,1781800.2443906218,8202189.566666666,14683381.30456695,1720997.8287663842,11048893.666666666,19629474.180221245,2468313.1531120893,8252736.266666667,14723672.288942711,1781800.2443906218,11048893.7,19629474.217375148,2468313.1826248504
979,7632089.2,13776875.699426148,1487302.7005738523,7632089.2,13776875.699426148,1487302.7005738523,7594582.633333334,13746836.821110748,1442328.4455559189,10794213.333333334,19326420.323413294,2262006.343253374,7632089.2,13776875.699426148,1487302.7005738523,10794213.366666667,19326420.362047423,2262006.3712859116
980,7350891.366666666,13196357.982194034,1505424.751139298,7350891.366666666,13196357.982194034,1505424.751139298,7343668.266666667,13192121.856684491,1495214.6766488422,10362750.5,18593226.246747304,2132274.753252697,7350891.366666666,13196357.982194034,1505424.751139298,10362750.533333333,18593226.286028374,2132274.7806382915
981,7376407.133333334,13162682.577720212,1590131.6889464557,7376407.133333334,13162682.577720212,1590131.6889464557,7262465.366666666,13066387.76804053,1458542.9652928011,10405792.566666666,18655952.85899591,2155632.274337422,7376407.133333334,13162682.577720212,1590131.6889464557,10405792.566666666,18655952.85899591,2155632.274337422
982,7820265.766666667,13795843.717243506,1844687.8160898276,7820265.766666667,13795843.717243506,1844687.8160898276,7738442.2,13729884.750860207,1746999.6491397936,10611175.033333333,19133274.128197968,2089075.9384687003,7820265.766666667,13795843.717243506,1844687.8160898276,10611175.1,19133274.192096584,2089076.0079034157
983,8388507.266666667,15004181.103205381,1772833.4301279522,8388507.266666667,15004181.103205381,1772833.4301279522,8314349.4,14948059.767433073,1680639.0325669274,10991298.366666667,19930399.105534036,2052197.6277992986,8388507.266666667,15004181.103205381,1772833.4301279522,10991298.366666667,19930399.105534036,2052197.6277992986
984,7496862.866666666,13459746.992164597,1533978.7411687365,7496862.866666666,13459746.992164597,1533978.7411687365,7480965.4,13455309.941435223,1506620.8585647773,11005127.0,19902595.86752948,2107658.1324705184,7496862.866666666,13459746.992164597,1533978.7411687365,11005127.033333333,19902595.902828462,2107658.163838202
985,7503309.666666667,13790579.1212362,1216040.2120971344,7503309.666666667,13790579.1212362,1216040.2120971344,7466669.566666666,13760968.082333762,1172371.0509995716,11283734.333333334,20286017.767818984,2281450.8988476843,7503309.666666667,13790579.1212362,1216040.2120971344,11283734.333333334,20286017.767818984,2281450.8988476843
986,7108573.533333333,13214059.108604431,1003087.9580622353,7108573.533333333,13214059.108604431,1003087.9580622353,7094486.7,13204548.24167009,984425.1583299106,10816125.833333334,19624368.069176123,2007883.5974905435,7108573.533333333,13214059.108604431,1003087.9580622353,10816125.8,19624368.039222457,2007883.560777545
987,8219013.633333334,14943201.471099477,1494825.7955671903,8219013.633333334,14943201.471099477,1494825.7955671903,8168766.166666667,14903646.501057986,1433885.8322753487,11719414.2,20867352.081297874,2571476.318702122,8219013.633333334,14943201.471099477,1494825.7955671903,11719414.2,20867352.081297874,2571476.318702122
988,7558611.8,13987515.997329632,1129707.6026703678,7558611.8,13987515.997329632,1129707.6026703678,7513736.666666667,13952235.665975945,1075237.667357389,11247596.366666667,20218660.405891106,2276532.327442227,7558611.8,13987515.997329632,1129707.6026703678,11247596.366666667,20218660.405891106,2276532.327442227
989,7716004.533333333,14247869.487007435,1184139.579659231,7708049.85,14240705.69754656,1175394.0024534399,7622457.583333333,14168436.992535383,1076478.1741312845,11150230.533333333,20057628.22625055,2242832.840416115,7710714.9,14243101.640632646,1178328.1593673546,11150230.533333333,20057628.22625055,2242832.840416115
990,7967928.066666666,14548356.682237335,1387499.4510959992,7967928.066666666,14548356.682237335,1387499.4510959992,7835575.8,14436282.648001399,1234868.9519986007,11219745.733333332,20117668.55984441,2321822.9068222567,7967928.066666666,14548356.682237335,1387499.4510959992,11219745.733333332,20117668.55984441,2321822.9068222567
991,7950266.9,14429360.257557333,1471173.5424426692,7950266.9,14429360.257557333,1471173.5424426692,7774969.733333333,14279263.406748485,1270676.059918183,11476079.7,20495925.973981373,2456233.4260186255,7950266.9,14429360.257557333,1471173.5424426692,11476079.7,20495925.973981373,2456233.4260186255
992,8399515.466666667,15757273.179868259,1041757.753465076,8399515.466666667,15757273.179868259,1041757.753465076,8295053.433333334,15668438.134299211,921668.7323674569,11749898.066666666,21304360.19469098,2195435.938642351,8399515.466666667,15757273.179868259,1041757.753465076,11749898.1,21304360.22741551,2195435.9725844916
993,8839498.033333333,16481703.68003029,1197292.3866363754,8839498.033333333,16481703.68003029,1197292.3866363754,8715879.966666667,16375242.39649729,1056517.536836042,12128323.466666667,21807398.01870858,2449248.9146247525,8839498.033333333,16481703.68003029,1197292.3866363754,12128323.466666667,21807398.01870858,2449248.9146247525
994,8869145.666666666,16476387.436360534,1261903.8969727978,8869145.666666666,16476387.436360534,1261903.8969727978,8738011.366666667,16363249.461530661,1112773.271802673,12119573.2,21739568.88163223,2499577.5183677673,8869145.666666666,16476387.436360534,1261903.8969727978,12119573.2,21739568.88163223,2499577.5183677673
995,7623450.2,14012749.923728887,1234150.4762711124,7623450.2,14012749.923728887,1234150.4762711124,7474132.366666666,13884189.080357134,1064075.652976199,10660988.6,19230245.375275366,2091731.8247246314,7623450.2,14012749.923728887,1234150.4762711124,10660988.6,19230245.375275366,2091731.8247246314
996,7729076.166666667,14266364.846723165,1191787.4866101677,7729076.166666667,14266364.846723165,1191787.4866101677,7608674.666666667,14163455.485872969,1053893.847460365,10221924.8,18591500.01155673,1852349.58844327,7729076.166666667,14266364.846723165,1191787.4866101677,10221924.833333334,18591500.04654483,1852349.6201218357
997,7168104.4,12994313.198985074,1341895.601014926,7168104.4,12994313.198985074,1341895.601014926,7035656.666666667,12880726.366153585,1190586.9671797492,9685410.066666666,17210646.20363297,2160173.9297003644,7168104.4,12994313.198985074,1341895.601014926,9685410.066666666,17210646.20363297,2160173.9297003644
998,7893274.366666666,14351171.68705653,1435377.0462768013,7893274.366666666,14351171.68705653,1435377.0462768013,7738291.433333334,14222401.73990978,1254181.126756887,10509680.2,18837516.273683533,2181844.1263164654,7893274.366666666,14351171.68705653,1435377.0462768013,10509680.166666666,18837516.23781649,2181844.095516843
999,8467126.666666666,15575714.746525537,1358538.586807794,8467126.666666666,15575714.746525537,1358538.586807794,8289758.966666667,15421099.998579945,1158417.934753389,11111501.833333334,19932259.457277097,2290744.2093895692,8467126.666666666,15575714.746525537,1358538.586807794,11111501.833333334,19932259.457277097,2290744.2093895692
1000,7997076.033333333,14823404.795328243,1170747.2713384237,7997076.033333333,14823404.795328243,1170747.2713384237,7828266.166666667,14676115.649170961,980416.6841623718,11237895.833333334,20286248.15948475,2189543.5071819164,7997076.033333333,14823404.795328243,1170747.2713384237,11237895.833333334,20286248.15948475,2189543.5071819164
