x,meanNoByzantine,upNoByzantine,lowNoByzantine,meanGreyhole,upGreyhole,lowGreyhole,meanSinkhole,upSinkhole,lowSinkhole,meanSelectiveJam,upSelectiveJam,lowSelectiveJam,meanPosSpoofing,upPosSpoofing,lowPosSpoofing,meanAllAttacks,upAllAttacks,lowAllAttacks
1,20275697.033333335,27629878.061740704,12921516.004925966,243597.1,551077.2181534141,-63883.0181534141,243597.1,551077.2181534141,-63883.0181534141,74695.13333333333,156420.40131902444,-7030.134652357796,243597.1,551077.2181534141,-63883.0181534141,74695.13333333333,156420.40131902444,-7030.134652357796
2,19660354.7,27048993.91526208,12271715.484737918,286133.11666666664,660233.2916138549,-87967.05828052171,286133.11666666664,660233.2916138549,-87967.05828052171,71745.1,150416.91217375497,-6926.7121737549605,294867.0333333333,669284.1548819168,-79550.08821525017,71745.1,150416.91217375497,-6926.7121737549605
3,20167616.266666666,27671307.550797712,12663924.98253562,293286.05,598821.0352495994,-12248.935249599395,293286.05,598821.0352495994,-12248.935249599395,118015.73333333334,230725.84499446087,5305.621672205787,303929.26666666666,610295.2900184261,-2436.7566850928124,118015.73333333334,230725.84499446087,5305.621672205787
4,19520347.4,27082580.454884127,11958114.34511587,334349.26666666666,683534.1998840915,-14835.66655075812,334349.26666666666,683534.1998840915,-14835.66655075812,143808.76666666666,293568.9383274064,-5951.40499407312,343302.0333333333,692704.4328861807,-6100.36621951405,143808.76666666666,293568.9383274064,-5951.40499407312
5,19151267.633333333,26621942.836550854,11680592.430115812,353201.15,676580.8120047544,29821.48799524561,369872.75,694197.6524976911,45547.8475023089,149115.46666666667,292830.14954734885,5400.783785984502,388861.1,721725.4495389909,55996.75046100916,149115.46666666667,292830.14954734885,5400.783785984502
6,19739420.033333335,27111732.001067005,12367108.065599665,376879.13333333336,754389.7946091474,-631.5279424806358,376879.13333333336,754389.7946091474,-631.5279424806358,149350.3,310066.3850479926,-11365.785047992598,408972.13333333336,798141.496215895,19802.77045077161,149350.3,310066.3850479926,-11365.785047992598
7,19626685.3,26860100.058429986,12393270.541570015,432262.5333333333,919132.7924873336,-54607.725820666994,433335.8,920405.5942099812,-53733.994209981174,137436.36666666667,269175.41215271724,5697.321180616069,468933.8333333333,967629.7379230473,-29762.071256380645,137436.36666666667,269175.41215271724,5697.321180616069
8,21587705.133333333,29244072.22902453,13931338.037642134,525546.5833333334,1253200.752971415,-202107.5863047483,525546.5833333334,1253200.752971415,-202107.5863047483,121940.4,239885.39882247552,3995.401177524458,558537.0,1291830.0282104006,-174756.0282104006,121940.4,239885.39882247552,3995.401177524458
9,20294020.7,27716059.654866643,12871981.745133355,610697.9666666667,1612028.1088604273,-390632.17552709393,610697.9666666667,1612028.1088604273,-390632.17552709393,59946.63333333333,142377.55997462815,-22484.293307961503,632393.8333333334,1636275.2194444775,-371487.5527778106,59946.63333333333,142377.55997462815,-22484.293307961503
10,18765516.833333332,26073747.411498494,11457286.25516817,487759.31666666665,1184315.8768797196,-208797.24354638613,487759.31666666665,1184315.8768797196,-208797.24354638613,81825.83333333333,175074.46338953287,-11422.796722866231,520453.93333333335,1222998.2716264622,-182090.40495979553,81825.83333333333,175074.46338953287,-11422.796722866231
11,19377637.8,26892246.725624833,11863028.874375168,342003.8333333333,691792.6271287951,-7784.960462128511,346530.51666666666,697720.6744111364,-4659.64107780304,124986.23333333334,269740.58749468846,-19768.120828021783,378519.06666666665,745620.6253524026,11417.507980930735,124986.23333333334,269740.58749468846,-19768.120828021783
12,19697117.866666667,27684281.385404676,11709954.347928658,400243.5833333333,806184.8325852932,-5697.66591862659,417609.48333333334,828619.0761720892,6599.890494577412,134921.26666666666,291796.5924619073,-21954.05912857398,434010.63333333336,852061.2047532129,15960.061913453916,134921.26666666666,291796.5924619073,-21954.05912857398
13,19332744.6,26483023.510164917,12182465.689835086,360794.81666666665,692345.139710479,29244.49362285441,360952.68333333335,692499.0162324434,29406.350434223306,174698.1,378713.4190320688,-29317.219032068766,394717.26666666666,733241.8724110778,56192.66092225548,174698.1,378713.4190320688,-29317.219032068766
14,20096064.5,27252065.327987306,12940063.672012694,221460.36666666667,406164.5122179055,36756.22111542788,217627.26666666666,400036.7701207341,35217.76321259918,130155.5,272783.0798227893,-12472.079822789266,267429.1,487298.38915079064,47559.810849209345,130155.5,272783.0798227893,-12472.079822789266
15,21334014.7,28991507.44512468,13676521.954875322,214678.68333333332,403752.301629495,25605.065037171647,226935.31666666668,426470.0034354418,27400.629897891544,117623.56666666667,266386.0580011514,-31138.92466781808,269593.5,515684.17090878746,23502.829091212538,117623.56666666667,266386.0580011514,-31138.92466781808
16,21358117.266666666,29281538.023128103,13434696.510205228,335958.1666666667,670845.7589254386,1070.5744078946882,352562.76666666666,696883.8178619496,8241.715471383708,228066.56666666668,537885.7931336154,-81752.65980028201,382103.9,738085.3052998488,26122.494700151205,228066.56666666668,537885.7931336154,-81752.65980028201
17,22417151.533333335,30583047.5109706,14251255.555696068,287257.2833333333,508419.08389055444,66095.48277611221,302877.93333333335,537325.0854384108,68430.78122825589,157748.5,332953.63869879197,-17456.638698791998,360971.73333333334,648380.5470783692,73562.91958829755,157748.5,332953.63869879197,-17456.638698791998
18,22833481.633333333,30918944.62106461,14748018.645602055,262029.8,447907.9561362979,76151.64386370208,268984.8333333333,460659.08758958284,77310.57907708379,134935.23333333334,266676.7500584663,3193.716608200397,317514.3,554303.6803588575,80724.91964114245,134935.23333333334,266676.7500584663,3193.716608200397
19,21677724.466666665,29304278.19106888,14051170.74226445,221438.15,398976.2759604645,43900.02403953552,212135.28333333333,377089.3987651422,47181.16790152446,112165.2,229688.13752197294,-5357.737521972944,258339.2,478150.2909960485,38528.10900395154,112165.2,229688.13752197294,-5357.737521972944
20,21864492.8,29951545.00663817,13777440.593361832,218000.1,424574.4533492139,11425.746650786139,200858.93333333332,381802.91256553243,19914.954101134208,84816.96666666666,180735.58968266787,-11101.656349334546,253578.6,519085.90493955417,-11928.704939554125,84816.96666666666,180735.58968266787,-11101.656349334546
21,21515845.666666668,29612118.647603177,13419572.68573016,257848.08333333334,466247.3175019821,49448.849164684594,274671.81666666665,492484.1278055343,56859.50552779902,142886.36666666667,289635.6814070286,-3862.9480736952682,303848.6,547098.6743950421,60598.52560495783,142886.36666666667,289635.6814070286,-3862.9480736952682
22,20414558.966666665,27753608.33629295,13075509.597040381,243642.95,459353.4127720243,27932.48722797574,262616.7166666667,490998.6987148244,34234.734618508926,139143.43333333332,309256.4016033623,-30969.53493669565,273668.9666666667,509781.15564178344,37556.77769154991,139143.43333333332,309256.4016033623,-30969.53493669565
23,18945767.1,25594939.427213416,12296594.772786587,273715.15,482650.6623213814,64779.63767861869,286080.2,502934.4470840078,69225.95291599221,166458.26666666666,337277.691023523,-4361.157690189633,308759.2,532972.3204602775,84546.07953972253,166458.26666666666,337277.691023523,-4361.157690189633
24,19487610.366666667,26425266.977489438,12549953.755843896,194900.51666666666,348663.95633998537,41137.07699334796,192120.68333333332,348347.95660665457,35893.4100600121,93256.23333333334,199501.16835166898,-12988.701685002321,246020.2,439048.2280065211,52992.17199347887,93256.23333333334,199501.16835166898,-12988.701685002321
25,19031766.533333335,25543669.016191553,12519864.050475117,195120.76666666666,368249.87843723956,21991.654896093736,197279.31666666668,369311.1247481863,25247.508585147065,78783.06666666667,196087.04031413794,-38520.90698080462,246191.2,480588.2264205831,11794.173579416907,78783.06666666667,196087.04031413794,-38520.90698080462
26,19095149.533333335,25541778.59689234,12648520.469774332,157885.78333333333,337212.3076011898,-21440.740934523143,161027.31666666668,336523.5533888198,-14468.920055486436,43226.1,103329.58374463714,-16877.383744637154,231688.03333333333,502685.11769104976,-39309.05102438311,43226.1,103329.58374463714,-16877.383744637154
27,20314100.166666668,27162464.803013124,13465735.530320214,211923.5,402894.72573141847,20952.274268581503,232307.65,433762.73625687486,30852.563743125094,73877.06666666667,155270.8905622366,-7516.757228903254,312556.6,622884.2962727378,2228.9037272621645,73877.06666666667,155270.8905622366,-7516.757228903254
28,20965246.5,28115302.48623778,13815190.51376222,239035.95,475157.5241237511,2914.3758762489597,275091.93333333335,523903.1176912547,26280.748975412018,64698.03333333333,135796.22832904343,-6400.161662376755,334550.63333333336,683714.0438302478,-14612.777163581166,64698.03333333333,135796.22832904343,-6400.161662376755
29,21582044.333333332,28808889.43448046,14355199.232186206,224014.56666666668,444275.6358260301,3753.4975073032547,250297.46666666667,467225.3466199073,33369.58671342602,47158.73333333333,111987.15654740388,-17669.68988073722,291957.3,590463.0460705135,-6548.446070513572,47158.73333333333,111987.15654740388,-17669.68988073722
30,20577323.633333333,27496200.961708017,13658446.304958649,226215.63333333333,489468.36933634477,-37037.102669678075,256045.35,514854.0067341736,-2763.306734173646,55010.63333333333,115181.27956010483,-5160.012893438157,304949.4,667441.5942771031,-57542.794277103036,55010.63333333333,115181.27956010483,-5160.012893438157
31,20498836.3,27516137.582575623,13481535.017424379,211775.18333333332,461304.97335186624,-37754.60668519963,243894.35,494892.23957308044,-7103.53957308043,54483.36666666667,114061.77726415248,-5095.043930819142,295322.3,666921.4239878181,-76276.82398781809,54483.36666666667,114061.77726415248,-5095.043930819142
32,19970516.5,26921528.660800107,13019504.339199895,267737.23333333334,519211.28414671903,16263.182519947615,286851.4666666667,532568.4341162528,41134.499217080534,59869.46666666667,125344.45927235657,-5605.525939023239,343528.7,672663.927368504,14393.472631496028,59869.46666666667,125344.45927235657,-5605.525939023239
33,19909581.166666668,26589789.149503425,13229373.183829911,241746.06666666668,449848.6331253576,33643.50020797574,276845.26666666666,512853.5983835688,40836.934949764545,60989.46666666667,128335.79533230295,-6356.861998969609,326314.63333333336,619003.9161388335,33625.350527833216,60989.46666666667,128335.79533230295,-6356.861998969609
34,20292786.1,27411080.06642461,13174492.133575395,241566.08333333334,490205.5552860669,-7073.388619400212,265912.61666666664,517745.59819254326,14079.635140790051,42611.933333333334,101190.28035464112,-15966.413687974455,291555.2,581225.358612527,1885.0413874730002,42611.933333333334,101190.28035464112,-15966.413687974455
35,19090654.333333332,25418781.290654577,12762527.376012089,547106.15,1163311.3522434062,-69099.05224340607,568485.6166666667,1181320.8737650544,-44349.640431720996,341187.5,918949.2809592786,-236574.28095927858,629332.7666666667,1287100.1373616913,-28434.60402835789,341187.5,918949.2809592786,-236574.28095927858
36,20021582.933333334,26259042.050493155,13784123.816173512,917898.3833333333,2235568.689487567,-399771.9228209008,938590.8666666667,2254596.398181131,-377414.66484779795,685281.9666666667,1991199.6793830497,-620635.7460497163,1040096.1333333333,2387467.657932141,-307275.39126547426,685281.9666666667,1991199.6793830497,-620635.7460497163
37,20057105.833333332,26063545.007356763,14050666.659309901,929247.9166666666,2245762.935244823,-387267.10191148974,1034726.3833333333,2383000.9119558623,-313548.1452891957,712446.7333333333,2019100.1461961973,-594206.6795295306,1014635.7666666667,2357030.7645207746,-327759.23118744127,712446.7333333333,2019100.1461961973,-594206.6795295306
38,22665514.766666666,29745776.663631827,15585252.869701507,470681.8333333333,884958.4858784836,56405.180788183,573850.2,1085541.7808758365,62158.619124163524,242288.73333333334,592927.6290559154,-108350.16238924867,549502.6,1041448.0385513376,57557.16144866246,242288.73333333334,592927.6290559154,-108350.16238924867
39,21665048.066666666,27990742.88563527,15339353.247698063,717935.95,1560688.257543127,-124816.35754312715,827691.9166666666,1733237.4613620406,-77853.62802870723,484827.63333333336,1291205.8787304494,-321550.6120637827,798574.4666666667,1688850.802755286,-91701.86942195252,484827.63333333336,1291205.8787304494,-321550.6120637827
40,21779105.266666666,28322302.21978244,15235908.313550888,562596.6833333333,1200631.3492309763,-75437.98256430973,679765.75,1394378.914497543,-34847.41449754289,339198.5333333333,915974.1954733828,-237577.12880671618,670573.2,1376186.3905610368,-35039.990561036975,339198.5333333333,915974.1954733828,-237577.12880671618
41,21876360.3,28615936.15558389,15136784.444416113,552659.15,1156153.8853409896,-50835.585340989404,609592.7,1259124.715338172,-39939.315338172135,316000.3,859894.2348024568,-227893.6348024569,635917.4666666667,1301438.6515512904,-29603.718217957066,316000.3,859894.2348024568,-227893.6348024569
42,22778306.4,29543064.40020475,16013548.399795245,992518.7,2455519.391394074,-470481.99139407417,1038320.65,2505870.547361059,-429229.2473610592,740133.3666666667,2190794.765333333,-710528.0319999999,1105133.7333333334,2594695.8916136455,-384428.42494697846,740133.3666666667,2190794.765333333,-710528.0319999999
43,22709323.733333334,29337813.77711738,16080833.68954929,1214959.05,3092133.187535691,-662215.087535691,1239272.25,3118660.235279084,-640115.7352790844,1024434.7333333333,2896623.362900491,-847753.8962338244,1304740.2333333334,3201589.4334497973,-592108.9667831305,1024434.7333333333,2896623.362900491,-847753.8962338244
44,24926182.0,32428218.38178593,17424145.61821407,819039.9166666666,1921333.798598845,-283253.9652655119,892174.1,2008032.952012022,-223684.75201202196,593583.2,1669388.4341882344,-482222.0341882345,931718.0,2083704.7472022297,-220268.7472022297,593583.2,1669388.4341882344,-482222.0341882345
45,25038785.7,32823380.506103925,17254190.893896073,892689.7333333333,2209020.8062571553,-423641.3395904888,1018058.05,2383857.5192235266,-347741.4192235265,716075.1,2022990.9684337764,-590840.7684337763,998794.2666666667,2342344.524648724,-344755.99131539057,716075.1,2022990.9684337764,-590840.7684337763
46,24700057.633333333,32629057.55495643,16771057.711710237,1158635.7833333334,2849674.5627362514,-532402.9960695843,1307370.2333333334,3036859.1620276803,-422118.6953610135,927312.5666666667,2614665.7759473184,-760040.6426139853,1249113.3,2952981.4826454413,-454754.8826454412,927312.5666666667,2614665.7759473184,-760040.6426139853
47,24613403.933333334,32357404.06598582,16869403.800680846,920511.5166666667,2004428.5146237114,-163405.4812903778,1043172.75,2173451.845186511,-87106.34518651105,636220.4666666667,1693549.36359666,-421108.4302633266,1040093.0333333333,2164195.157405744,-84009.0907390773,636220.4666666667,1693549.36359666,-421108.4302633266
48,25556221.6,33106303.667487465,18006139.532512538,1291575.5666666667,2933015.1568745766,-349864.02354124305,1365488.25,3018846.341170448,-287869.8411704481,976620.5,2602151.463528348,-648910.4635283481,1444433.0333333334,3128295.8086243393,-239429.7419576724,976620.5,2602151.463528348,-648910.4635283481
49,24803067.5,32458516.64092738,17147618.35907262,554060.8666666667,1009574.0075015919,98547.72583174141,572545.65,1034495.9009213881,110595.39907861204,229552.33333333334,462559.79139017337,-3455.124723506684,702354.8,1342081.3879083237,62628.21209167654,229552.33333333334,462559.79139017337,-3455.124723506684
50,22978752.966666665,30153749.286506996,15803756.646826334,511572.35,910285.2757743408,112859.42422565911,596285.9666666667,1107500.9545348724,85070.97879846086,218142.3,440242.22406828054,-3957.6240682805947,632956.4666666667,1162910.1987887262,103002.73454460723,218142.3,440242.22406828054,-3957.6240682805947
51,23937279.466666665,31682667.725451186,16191891.207882145,1094816.5,2532588.695223674,-342955.6952236742,1228061.8333333333,2724302.793178453,-268179.1265117866,847274.0333333333,2266355.9353025663,-571807.8686358997,1200037.3,2667620.04296749,-267545.4429674898,847274.0333333333,2266355.9353025663,-571807.8686358997
52,24539930.566666666,32519949.202964887,16559911.930368446,1063508.5333333334,2460386.1964828703,-333369.1298162034,1206863.4833333334,2654543.2238445356,-240816.25717786863,808557.6333333333,2190692.3317032503,-573577.0650365839,1165560.3666666667,2587861.214175951,-256740.4808426178,808557.6333333333,2190692.3317032503,-573577.0650365839
53,22963135.433333334,30700295.307674076,15225975.55899259,492191.11666666664,878345.7437587718,106036.48957456142,625588.2333333333,1156256.7918893974,94919.67477726925,193622.6,382079.96853251173,5165.231467488251,626102.0666666667,1166088.2192489007,86115.91408443265,193622.6,382079.96853251173,5165.231467488251
54,22842190.8,30623239.211942863,15061142.388057139,546911.25,1016323.0684090145,77499.43159098545,677702.05,1289429.4586298359,65974.64137016411,192890.76666666666,402960.1512604404,-17178.617927107087,717027.7333333333,1434894.2083473739,-838.7416807073168,192890.76666666666,402960.1512604404,-17178.617927107087
55,21980275.333333332,29681068.59391359,14279482.072753076,559337.5166666667,1054109.1811223524,64565.85221098113,646230.6,1239859.0995449142,52602.10045508575,198668.7,426810.0050957624,-29472.605095762352,730857.7,1464198.1749138313,-2482.774913831381,198668.7,426810.0050957624,-29472.605095762352
56,22537147.466666665,30394009.81596343,14680285.117369901,650695.0333333333,1241790.9531165739,59599.11355009291,721914.3333333334,1374196.1943327216,69632.47233394498,241023.33333333334,565560.7973388681,-83514.13067220143,834995.6666666666,1678735.389978303,-8744.056644969853,241023.33333333334,565560.7973388681,-83514.13067220143
57,21816794.9,29039751.542333964,14593838.257666033,668393.6333333333,1198051.5827844455,138735.68388222123,796895.4333333333,1471248.0913494057,122542.77531726111,242618.16666666666,495244.1946010388,-10007.861267705477,847251.1333333333,1616152.6828557234,78349.58381094318,242618.16666666666,495244.1946010388,-10007.861267705477
58,22811111.3,30785454.54170824,14836768.058291763,681413.0333333333,1288588.7137843599,74237.35288230667,695593.4333333333,1266967.893534302,124218.97313236468,218253.53333333333,479548.27571587136,-43041.20904920474,901073.6333333333,1841220.6108975015,-39073.34423083498,218253.53333333333,479548.27571587136,-43041.20904920474
59,21792612.733333334,29716825.70833623,13868399.758330438,684879.05,1347417.1128223748,22340.987177625182,676706.3,1258939.8879327849,94472.71206721535,169131.9,379363.18993227556,-41099.389932275575,921272.8333333334,1942050.7078630282,-99505.0411963613,169131.9,379363.18993227556,-41099.389932275575
60,21452580.4,29504334.911715884,13400825.888284113,719769.7166666667,1384769.8024919932,54769.630841340055,745258.3833333333,1395592.868147854,94923.89851881261,174085.13333333333,393290.8225156573,-45120.555848990596,951300.0333333333,1969333.9875233117,-66733.92085664521,174085.13333333333,393290.8225156573,-45120.555848990596
61,22955161.7,31331029.700806275,14579293.699193725,603389.7333333333,1173560.4124230617,33219.054243604885,728929.0,1429261.8142285808,28596.185771419085,136751.3,318903.6748749255,-45401.074874925514,785622.5,1630869.6139128006,-59624.61391280056,136751.3,318903.6748749255,-45401.074874925514
62,24425267.633333333,33278599.268743016,15571935.99792365,508189.55,911540.7084281393,104838.3915718607,623649.8833333333,1154992.3926976107,92307.37396905595,132250.6,309715.0420222394,-45213.842022239405,586430.6666666666,1071709.195525679,101152.13780765422,132250.6,309715.0420222394,-45213.842022239405
63,23055439.6,31511539.420415208,14599339.779584793,608620.5333333333,1104503.256774692,112737.80989197455,729502.9,1362221.2333174276,96784.56668257248,159659.86666666667,375603.99838169955,-56284.265048366215,749213.2,1426452.1253443067,71974.27465569321,159659.86666666667,375603.99838169955,-56284.265048366215
64,23066788.833333332,31424383.01179453,14709194.654872134,731573.9833333333,1374934.8396449136,88213.12702175288,768182.1166666667,1410906.5489676408,125457.68436569266,172203.53333333333,377812.2043926086,-33405.137725941924,955223.5666666667,1947619.7277764326,-37172.59444309934,172203.53333333333,377812.2043926086,-33405.137725941924
65,25052256.033333335,34986552.623758666,15117959.442908004,782721.1333333333,1429560.4289955772,135881.83767108945,842924.6166666667,1546552.1982955437,139297.03503778973,216399.76666666666,474090.9320576859,-41291.39872435262,978099.0,1928063.3699925449,28134.63000745501,216399.76666666666,474090.9320576859,-41291.39872435262
66,24942507.066666666,34706630.26402057,15178383.869312765,711932.4,1345820.5020347112,78044.29796528898,845259.7166666667,1586403.1502907632,104116.28304257011,163765.53333333333,358731.30033465725,-31200.2336679906,917631.4,1857810.5228596525,-22547.722859652364,163765.53333333333,358731.30033465725,-31200.2336679906
67,23294357.866666667,31918137.76548475,14670577.967848586,785146.2166666667,1420136.9152199286,150155.51811340475,922951.5666666667,1696650.4001096638,149252.73322366946,204984.36666666667,483618.17763888533,-73649.44430555202,984449.5333333333,1869418.5187953683,99480.5478712985,204984.36666666667,483618.17763888533,-73649.44430555202
68,23834937.666666668,33305708.121700324,14364167.21163301,922744.8166666667,1691895.962440332,153593.67089300125,1002757.9333333333,1810726.917733597,194788.9489330697,255508.56666666668,640588.4469395537,-129571.31360622033,1109001.2666666666,2094757.1740198187,123245.35931351443,255508.56666666668,640588.4469395537,-129571.31360622033
69,23314706.133333333,32648336.45459369,13981075.812072977,1056322.0666666667,1969131.3583750627,143512.77495827072,1121935.2166666666,2042207.289207751,201663.14412558207,334351.63333333336,880125.1909099044,-211421.92424323777,1247456.2333333334,2369378.705130606,125533.76153606107,334351.63333333336,880125.1909099044,-211421.92424323777
70,23150784.266666666,32366151.168510523,13935417.364822809,1013780.2666666667,1925455.6460295138,102104.88730381965,1079238.8166666667,2011160.5015465925,147317.13178674073,373864.8,1000255.7489943339,-252526.14899433398,1238176.0333333334,2430670.873219641,45681.19344702596,373864.8,1000255.7489943339,-252526.14899433398
71,22858968.866666667,31507737.534188367,14210200.199144969,733072.0166666667,1353322.120044659,112821.91328867443,932558.85,1727723.4062973585,137394.2937026415,254384.1,662016.5250498228,-153248.32504982277,854779.2,1611048.072060634,98510.3279393661,254384.1,662016.5250498228,-153248.32504982277
72,23380398.9,32045629.63776265,14715168.162237346,625194.9,1169173.8205433767,81215.9794566232,770835.4333333333,1447414.4966482846,94256.37001838221,241053.5,576047.4707939571,-93940.47079395718,729958.5,1403960.5817399262,55956.41826007387,241053.5,576047.4707939571,-93940.47079395718
73,21161372.866666667,28941109.076378196,13381636.656955138,838845.35,1572814.4417665792,104876.25823342067,927517.1,1718033.1550062224,137001.04499377753,378433.5333333333,966165.4420665248,-209298.3753998581,951444.4666666667,1792778.097167214,110110.83616611944,378433.5333333333,966165.4420665248,-209298.3753998581
74,20109512.1,27478157.44730617,12740866.752693832,934526.4333333333,1729412.1777566797,139640.6889099871,992944.2333333333,1810747.404060754,175141.06260591256,322010.63333333336,819671.8375058305,-175650.57083916367,1122386.2,2166966.666489493,77805.73351050692,322010.63333333336,819671.8375058305,-175650.57083916367
75,20249572.266666666,27291026.731596474,13208117.801736858,873385.5166666667,1632359.5794216204,114411.45391171321,978928.7333333333,1799430.4726796006,158426.9939870661,317433.56666666665,843665.0849619227,-208797.95162858942,1012037.2333333333,1928792.8804272246,95281.58623944188,317433.56666666665,843665.0849619227,-208797.95162858942
76,21781971.033333335,29624983.79827686,13938958.26838981,978464.6166666667,1869479.8591426436,87449.37419068976,1103489.25,2080611.1203537518,126367.3796462483,302163.73333333334,761523.4740519982,-157196.0073853315,1229769.8,2485053.1220450727,-25513.522045072867,302163.73333333334,761523.4740519982,-157196.0073853315
77,20593631.966666665,28261160.25139609,12926103.681937242,1222550.0166666666,2301312.1202677507,143787.91306558228,1384706.9333333333,2569950.8781929137,199462.9884737532,437221.3333333333,1134528.1565406213,-260085.48987395474,1472789.4,2840263.834984578,105314.96501542185,437221.3333333333,1134528.1565406213,-260085.48987395474
78,21846901.466666665,29806440.89255401,13887362.040779319,1359940.1666666667,2730026.404948618,-10146.071615284309,1536175.5833333333,2973063.8584165936,99287.30825007288,645428.7,1782139.2992270568,-491281.8992270569,1589112.0333333334,3136627.628876332,41596.43779033446,645428.7,1782139.2992270568,-491281.8992270569
79,22086191.466666665,30122067.379980944,14050315.553352388,1426146.6833333333,2845334.1152929817,6959.251373684965,1480432.6333333333,2870728.0483898483,90137.21827681828,602090.0,1683645.2165868268,-479465.21658682683,1730599.4666666666,3477710.138578468,-16511.205245134886,602090.0,1683645.2165868268,-479465.21658682683
80,20338699.166666668,26888984.05616284,13788414.277170494,1389361.9833333334,2771404.437981069,7319.528685597936,1457485.3666666667,2820830.5191796347,94140.21415369865,593403.3,1628833.7236665944,-442027.1236665944,1701938.2666666666,3460905.813090804,-57029.27975747059,593403.3,1628833.7236665944,-442027.1236665944
81,17904621.566666666,23852082.221059594,11957160.912273739,1030174.3,1987315.9294986753,73032.67050132493,1189800.8666666667,2257273.192587492,122328.54074584157,329342.1,918939.8008022725,-260255.60080227256,1258123.1333333333,2504334.794126425,11911.472540241433,329342.1,918939.8008022725,-260255.60080227256
82,18365893.7,24398579.469736148,12333207.93026385,886955.9,1677197.6652239296,96714.13477607048,1015756.3833333333,1885650.2150787283,145862.55158793821,281029.36666666664,736785.2810025373,-174726.54766920407,1024322.7,1940351.508332274,108293.89166772587,281029.36666666664,736785.2810025373,-174726.54766920407
83,19869373.9,26502244.97478868,13236502.825211318,933123.8833333333,1740797.9473046872,125449.81936197937,991110.5833333334,1807505.6634808057,174715.50318586105,268659.1666666667,695516.0774338385,-158197.74410050514,1090021.8666666667,2064588.475691339,115455.25764199428,268659.1666666667,695516.0774338385,-158197.74410050514
84,19271090.833333332,25484805.97697866,13057375.689688003,885935.0,1708261.8021351672,63608.19786483294,875943.0333333333,1633228.1646203103,118657.90204635635,177792.33333333334,452064.7740723338,-96480.1074056671,1085249.0333333334,2139601.118557738,30896.948108928744,177792.33333333334,452064.7740723338,-96480.1074056671
85,19566069.966666665,26206238.098881967,12925901.83445136,827427.3833333333,1621628.5564953142,33226.21017135237,894634.35,1683573.3432749948,105695.35672500532,160327.2,391511.5468662127,-70857.14686621266,935878.3,1809201.030025364,62555.56997463608,160327.2,391511.5468662127,-70857.14686621266
86,19789896.666666668,26681587.09511721,12898206.238216124,841316.1,1605947.7743396205,76684.42566037958,847515.9333333333,1549080.8634967546,145951.00316991215,189406.8,395512.1429363574,-16698.542936357466,996364.1666666666,1954739.993369707,37988.33996362623,189406.8,395512.1429363574,-16698.542936357466
87,18292447.7,24006686.022129275,12578209.377870722,1047525.2666666667,2052117.7637694594,42932.769563874,1011674.1333333333,1920002.311502412,103345.95516425453,159746.7,353442.98554275546,-33949.58554275546,1301021.6,2617312.936424777,-15269.736424776725,159746.7,353442.98554275546,-33949.58554275546
88,20490118.733333334,27291412.59182769,13688824.874838978,1134429.9666666666,2317831.0597923715,-48971.12645903858,1117206.2833333334,2182685.569870039,51726.996796627995,153435.13333333333,363005.1425090925,-56134.875842425856,1524081.3666666667,3289442.720113701,-241279.9867803678,153435.13333333333,363005.1425090925,-56134.875842425856
89,20523226.566666666,27645620.07502624,13400833.058307093,1103521.1666666667,2286338.5812742393,-79296.24794090563,979762.9,1853692.4202839774,105833.37971602276,195186.73333333334,448466.9048800666,-58093.4382133999,1545048.4,3452687.7904793043,-362590.9904793042,195186.73333333334,448466.9048800666,-58093.4382133999
90,21074031.6,28406562.673733525,13741500.52626648,1007202.4333333333,2013144.4358749313,1260.4307917354163,877794.6,1569021.011194539,186568.18880546093,242132.83333333334,547395.4677728111,-63129.80110614441,1360488.1,2930471.6578607624,-209495.4578607625,242132.83333333334,547395.4677728111,-63129.80110614441
91,19007104.1,26236831.493785344,11777376.706214659,845604.4166666666,1699924.7416261034,-8715.908292770153,692020.2833333333,1224809.642530187,159230.92413647973,175004.43333333332,394884.7611179325,-44875.89445126586,1129192.5333333334,2435590.219003034,-177205.15233636717,175004.43333333332,394884.7611179325,-44875.89445126586
92,20035204.933333334,27680772.385578744,12389637.481087921,680948.5166666667,1266423.015216548,95474.01811678545,661481.3,1188133.0700266785,134829.52997332148,141073.56666666668,316635.7160667193,-34488.58273338596,824028.2333333333,1565364.1412461181,82692.32542054844,141073.56666666668,316635.7160667193,-34488.58273338596
93,19253112.033333335,26751361.76046605,11754862.30620062,783566.2333333333,1445823.4407735227,121309.02589314384,778376.7,1381008.7307851664,175744.66921483353,204536.13333333333,498175.9493223679,-89103.68265570127,944397.8,1795810.5901348863,92985.00986511377,204536.13333333333,498175.9493223679,-89103.68265570127
94,17966002.433333334,25172679.626987968,10759325.2396787,988418.0666666667,1947799.6411240585,29036.492209274904,814142.8666666667,1460103.1985143803,168182.53481895314,176607.7,421186.74521767604,-67971.34521767599,1298917.8,2733594.5227868753,-135758.9227868754,176607.7,421186.74521767604,-67971.34521767599
95,19544023.7,27312479.108936336,11775568.291063663,824972.3833333333,1549480.5835437747,100464.18312289205,841081.05,1514473.7066863184,167688.3933136817,204407.0,450543.60266825336,-41729.602668253356,1017537.5666666667,1990989.1944296851,44085.93890364817,204407.0,450543.60266825336,-41729.602668253356
96,19235856.666666668,26936694.22443433,11535019.108899005,942340.3833333333,1781316.5223489567,103364.24431771005,918684.4,1650137.2476773602,187231.55232263973,228799.6,478934.4366749859,-21335.236674985877,1177441.9666666666,2316705.7492938247,38178.18403950846,228799.6,478934.4366749859,-21335.236674985877
97,18055586.6,25194757.20297844,10916415.997021565,1236369.6333333333,2413503.1471924083,59236.119474258274,1227275.3166666667,2309740.8235528795,144809.80978045403,205556.16666666666,455266.407889006,-44154.074555672705,1598863.6,3238495.412705223,-40768.21270522312,205556.16666666666,455266.407889006,-44154.074555672705
98,18526930.233333334,25490995.491388593,11562864.975278076,1271363.7,2522813.430299947,19913.9697000531,1239128.5333333334,2335019.8923376314,143237.17432903522,206091.5,493432.279853449,-81249.27985344903,1744054.6666666667,3705347.602871447,-217238.26953811315,206091.5,493432.279853449,-81249.27985344903
99,19976530.5,27360794.38642373,12592266.61357627,1237041.4666666666,2435838.504884774,38244.42844855948,1177478.6666666667,2168094.927432966,186862.40590036742,298364.5333333333,731240.3334227396,-134511.266756073,1718681.6666666667,3662067.054979955,-224703.72164662136,298364.5333333333,731240.3334227396,-134511.266756073
100,17311663.266666666,24604950.150632367,10018376.382700967,1358173.4166666667,2667843.1056982283,48503.72763510514,1218290.0833333333,2239972.181663526,196607.9850031404,424096.0,996410.484245809,-148218.48424580903,1884693.6333333333,4033533.8448353903,-264146.57816872373,424096.0,996410.484245809,-148218.48424580903
101,18239661.533333335,25387162.823158357,11092160.243508313,1143100.1833333333,2255934.330897727,30266.035768939415,967008.35,1741939.0358561848,192077.66414381517,344173.4666666667,803202.4635429916,-114855.5302096582,1598690.5,3399994.5023333975,-202613.5023333975,344173.4666666667,803202.4635429916,-114855.5302096582
102,19271743.133333333,26923085.936036207,11620400.330630457,831163.9666666667,1598158.0467117925,64169.88662154088,731599.6666666666,1322836.3504618842,140362.9828714491,234092.76666666666,554867.852926637,-86682.31959330372,1101443.3666666667,2228602.257855897,-25715.524522563675,234092.76666666666,554867.852926637,-86682.31959330372
103,20237668.933333334,28364502.89446589,12110834.972200777,1047455.0333333333,2024181.6394662415,70728.4272004253,1015079.4166666666,1893202.5124696405,136956.3208636928,366091.1666666667,895024.3853896726,-162842.05205633916,1406023.5666666667,2888478.435566828,-76431.30223349482,366091.1666666667,895024.3853896726,-162842.05205633916
104,19618731.066666666,27250710.752264097,11986751.381069236,1214991.8333333333,2405381.920305698,24601.746360968566,1115910.4833333334,2085918.992450682,145901.9742159847,318001.73333333334,751244.9994883174,-115241.53282165079,1680405.3,3594545.7414574516,-233735.1414574515,318001.73333333334,751244.9994883174,-115241.53282165079
105,20154181.633333333,28269864.256068416,12038499.01059825,953970.2666666667,1966844.0817327811,-58903.548399447696,930903.0166666667,1793181.5352695803,68624.49806375324,259920.83333333334,573494.5775443438,-53652.91087767712,1350085.8666666667,2986274.399346845,-286102.6660135116,259920.83333333334,573494.5775443438,-53652.91087767712
106,19579703.466666665,27287384.380937945,11872022.552395385,1031130.2333333333,2004051.4240258567,58209.0426408099,1039112.4833333333,1946597.5637531832,131627.40291348333,278291.8333333333,583289.3768812662,-26705.710214599676,1426060.1333333333,2949322.638649054,-97202.37198238727,278291.8333333333,583289.3768812662,-26705.710214599676
107,18940824.566666666,27110367.96659731,10771281.166736024,1263839.45,2447721.852117357,79957.04788264306,1321052.4833333334,2477844.6911099395,164260.27555672708,340294.4666666667,777168.2122776933,-96579.27894435998,1651148.1333333333,3287314.7943843836,14981.472282283241,340294.4666666667,777168.2122776933,-96579.27894435998
108,20949848.2,28652582.179666698,13247114.2203333,1306600.6833333333,2538345.272628269,74856.09403839754,1271696.5833333333,2335945.5525752297,207447.61409143708,329727.7,800961.0482183006,-141505.64821830048,1781691.9333333333,3684846.7688498423,-121462.90218317532,329727.7,800961.0482183006,-141505.64821830048
109,22224932.4,30630189.870747343,13819674.929252654,1489333.5,2812009.6162174684,166657.3837825316,1418170.5666666667,2573005.873144058,263335.26018927526,466408.86666666664,1088117.3740894422,-155299.64075610886,1990950.3,3979583.3839708525,2317.2160291476175,466408.86666666664,1088117.3740894422,-155299.64075610886
110,17828843.4,23973815.80504485,11683870.994955149,1323736.4666666666,2508739.9568939544,138732.97643937892,1299459.2,2368153.525447903,230764.87455209647,431863.63333333336,1077796.3368365164,-214069.0701698496,1766606.0,3530212.028857775,2999.9711422247346,431863.63333333336,1077796.3368365164,-214069.0701698496
111,18978118.533333335,26461575.970506895,11494661.096159775,1042853.7333333333,1905107.7871444942,180599.67952217232,1083318.6166666667,1885589.9831485027,281047.25018483086,329796.3333333333,772740.9318461589,-113148.2651794923,1360921.9,2601850.380677035,119993.4193229645,329796.3333333333,772740.9318461589,-113148.2651794923
112,20047751.633333333,27782831.10749253,12312672.159174137,969898.0333333333,1728828.341613988,210967.72505267872,1015267.8333333334,1729707.7170087462,300827.9496579205,284599.5,631584.4229236236,-62385.422923623584,1248329.5666666667,2323463.4697513017,173195.66358203162,284599.5,631584.4229236236,-62385.422923623584
113,20602316.533333335,27976947.9786098,13227685.08805687,1118863.5166666666,2073571.0991267315,164155.9342066017,1214768.2333333334,2174579.944945284,254956.5217213825,304084.9666666667,734714.5144263017,-126544.58109296829,1491003.3666666667,2930222.4216868393,51784.31164649408,304084.9666666667,734714.5144263017,-126544.58109296829
114,20809274.3,28709484.826836724,12909063.773163278,1136027.3666666667,2123892.44805608,148162.28527725337,1184789.45,2102868.863857358,266710.03614264156,267922.36666666664,581155.1183519362,-45310.385018602945,1541318.6333333333,3101703.4116886705,-19066.145022004144,267922.36666666664,581155.1183519362,-45310.385018602945
115,20045249.433333334,27775221.284779936,12315277.581886731,927376.6,1772526.714950598,82226.48504940188,947293.1666666666,1734930.3662852356,159655.96704809775,255788.06666666668,528583.2116440604,-17007.078310727054,1315537.4,2715430.7076954744,-84355.90769547457,255788.06666666668,528583.2116440604,-17007.078310727054
116,19966670.233333334,27004969.69472863,12928370.771938037,937867.3333333334,1766917.530935491,108817.13573117577,1015316.9,1836069.3632034212,194564.4367965788,223273.33333333334,453430.32244866306,-6883.655781996407,1309829.8666666667,2650855.713309147,-31195.979975813534,223273.33333333334,453430.32244866306,-6883.655781996407
117,17593351.566666666,23923665.669793118,11263037.463540215,1091110.1666666667,2036100.084674526,146120.24865880748,1237515.0333333334,2224798.9751986684,250231.09146799846,259409.96666666667,554441.3444947863,-35621.411161453056,1418307.1666666667,2739227.3215454714,97387.01178786228,259409.96666666667,554441.3444947863,-35621.411161453056
118,19064015.1,26288328.94571603,11839701.254283974,1335226.5666666667,2481083.7729639383,189369.36036939477,1351685.7,2424161.919772152,279209.48022784805,386760.6,893574.0543486571,-120052.85434865725,1771972.0666666667,3451742.8228216395,92201.31051169382,386760.6,893574.0543486571,-120052.85434865725
119,20306488.333333332,27695931.012555934,12917045.654110732,1992548.75,4156741.387852942,-171643.8878529421,1998050.15,4117715.2828614516,-121614.9828614518,394723.9666666667,870295.4157056942,-80847.48237236089,2423609.433333333,4911647.88788428,-64429.021217613015,394723.9666666667,870295.4157056942,-80847.48237236089
120,18421356.333333332,25028418.364201892,11814294.302464772,1835891.0,3743523.743054482,-71741.74305448215,1843950.3833333333,3697358.5808135364,-9457.814146869816,372260.93333333335,802288.9059909452,-57767.03932427848,2254885.4,4534434.443678003,-24663.643678003456,372260.93333333335,802288.9059909452,-57767.03932427848
121,19102914.566666666,26384039.122483615,11821790.010849718,1792931.2666666666,3712050.9862170033,-126188.45288367034,1704748.8666666667,3545005.418478438,-135507.68514510477,291233.13333333336,622305.231381847,-39838.96471518034,2229710.7666666666,4575341.755738759,-115920.2224054262,291233.13333333336,622305.231381847,-39838.96471518034
122,19012337.6,26103872.40205416,11920802.797945842,1706072.3666666667,3605102.299624612,-192957.5662912787,1638002.3666666667,3486380.5278523327,-210375.7945189993,217874.36666666667,407103.5526438323,28645.180689501023,2125081.2,4399927.747700799,-149765.34770079842,217874.36666666667,407103.5526438323,28645.180689501023
123,18975653.666666668,26148578.49280507,11802728.840528265,1819076.75,3975028.7253661603,-336875.2253661603,1848426.6,3989107.1049934966,-292253.90499349637,203072.73333333334,418213.38520049467,-12067.918533827964,2192853.1,4598064.396220675,-212358.19622067455,203072.73333333334,418213.38520049467,-12067.918533827964
124,18819254.0,25869482.93673013,11769025.063269868,2303572.15,4925265.566310968,-318121.2663109689,2246672.1,4814429.846431291,-321085.646431291,388812.23333333334,763202.1595936092,14422.307073057455,2762318.933333333,5700695.270103231,-176057.40343656437,388812.23333333334,763202.1595936092,14422.307073057455
125,19735815.933333334,27515716.415890098,11955915.45077657,1848435.3666666667,3719964.350496997,-23093.617163663497,1847999.95,3690597.400159909,5402.499840090983,457591.5,925399.409685466,-10216.409685466031,2278566.533333333,4509934.550027078,47198.51663958887,457591.5,925399.409685466,-10216.409685466031
126,18723391.333333332,25600600.251670852,11846182.41499581,1684024.6666666667,3507384.9806298204,-139335.64729648666,1660915.2,3465223.617669827,-143393.21766982693,369888.23333333334,721140.4503440689,18636.016322597687,2039462.2666666666,4188607.0815701317,-109682.5482367985,369888.23333333334,721140.4503440689,18636.016322597687
127,18573356.2,26395074.16415634,10751638.235843658,1895774.25,3990056.988817212,-198508.4888172124,1870462.6,3953367.8602514714,-212442.6602514712,418475.63333333336,819655.1194684592,17296.1471982075,2229280.7,4586423.4945464395,-127862.09454643959,418475.63333333336,819655.1194684592,17296.1471982075
128,19350039.9,26884768.865529742,11815310.934470255,1922638.2333333334,3782373.3363138484,62903.13035281841,1871332.9666666666,3722495.268990406,20170.664342927048,512782.56666666665,994755.7894646007,30809.34386873257,2268913.6333333333,4434743.908527587,103083.35813907953,512782.56666666665,994755.7894646007,30809.34386873257
129,20253513.633333333,28762668.678686365,11744358.587980302,1847142.4666666666,3653080.683989467,41204.24934386625,1758107.0666666667,3532785.705636791,-16571.57230345742,559980.8333333334,1071264.858793215,48696.80787345185,2234805.466666667,4418429.221133862,51181.71219947236,559980.8333333334,1071264.858793215,48696.80787345185
130,19783167.133333333,28035122.15167324,11531212.114993427,1804483.2166666666,3578131.2488383017,30835.184495031368,1688404.25,3376550.311681267,258.1883187331259,508823.8,986822.8117740826,30824.78822591738,2211610.466666667,4459440.071203086,-36219.13786975201,508823.8,986822.8117740826,30824.78822591738
131,20243245.5,29217216.821194045,11269274.178805953,1708750.2333333334,3473442.1140018958,-55941.647335228976,1599297.7166666666,3275297.0656452747,-76701.63231194159,434075.43333333335,813775.7251097999,54375.141556866816,2104684.3333333335,4336426.369336573,-127057.7026699069,434075.43333333335,813775.7251097999,54375.141556866816
132,18992350.733333334,26525820.01583673,11458881.450829936,1810095.6666666667,3641939.088692234,-21747.755358900176,1644601.55,3323227.8105513803,-34024.71055138018,388266.9666666667,754666.4738187762,21867.45951455715,2273128.4,4686560.278562268,-140303.47856226843,388266.9666666667,754666.4738187762,21867.45951455715
133,18766050.466666665,26672744.846745517,10859356.086587813,1778109.3666666667,3592429.560994234,-36210.82766090031,1633544.6166666667,3343335.776937401,-76246.54360406753,438540.93333333335,941135.0504734511,-64053.18380678439,2193359.8,4508923.459415298,-122203.85941529833,438540.93333333335,941135.0504734511,-64053.18380678439
134,20090796.333333332,28987141.411850728,11194451.254815938,1924777.15,3840841.597443004,8712.702556995675,1688420.8,3434130.1964060906,-57288.59640609054,442194.36666666664,882485.1167390612,1903.6165942720836,2376667.533333333,4835681.566786523,-82346.50011985656,442194.36666666664,882485.1167390612,1903.6165942720836
135,20052912.833333332,29000006.991611645,11105818.675055021,1769819.7333333334,3553777.973554381,-14138.506887714611,1683918.7833333334,3390233.2623208007,-22395.695654133568,428709.6666666667,850917.1639031315,6502.169430201873,2166283.0,4402778.784065567,-70212.78406556742,428709.6666666667,850917.1639031315,6502.169430201873
136,18202870.166666668,25611422.460524958,10794317.872808378,1601633.35,3321213.115137141,-117946.41513714124,1634736.1166666667,3389183.8129987093,-119711.57966537587,408623.43333333335,793696.8734748955,23549.99319177115,1819437.1666666667,3680681.2296809754,-41806.896347641945,408623.43333333335,793696.8734748955,23549.99319177115
137,17587126.6,24861355.873076133,10312897.326923868,1840235.5166666666,3934655.205389975,-254184.1720566419,1856061.0166666666,3984441.2670309497,-272319.2336976165,476248.43333333335,919361.2322523656,33135.63441430114,2072921.9,4297236.568045964,-151392.76804596512,476248.43333333335,919361.2322523656,33135.63441430114
138,19608786.6,28195565.297059104,11022007.902940897,1747067.35,3609018.0952576133,-114883.39525761316,1744326.6,3623358.4283652063,-134705.22836520593,450792.43333333335,866862.4457406452,34722.42092602153,2004355.7333333334,4052229.7451377627,-43518.27847109595,450792.43333333335,866862.4457406452,34722.42092602153
139,18858963.2,27041725.959602915,10676200.440397084,1448806.7333333334,2872515.3093753993,25098.157291267533,1535672.5833333333,3018165.725177209,53179.44148945785,443284.7,801703.6950051611,84865.70499483892,1668395.2333333334,3283089.970000564,53700.49666610267,443284.7,801703.6950051611,84865.70499483892
140,18635594.266666666,26837691.936748873,10433496.596584458,1178696.9833333334,2474646.0929999417,-117252.12633327511,1247313.1833333333,2583719.9603314055,-89093.59366473882,308604.2,592753.1611214954,24455.238878504606,1263769.9666666666,2590458.574676396,-62918.64134306274,308604.2,592753.1611214954,24455.238878504606
141,16751726.333333334,24921716.619488787,8581736.047177881,1035982.5,2094941.491649948,-22976.49164994806,1074224.0833333333,2164562.31920621,-16114.152539543342,278451.63333333336,534658.5989337835,22244.667732883216,1130152.8666666667,2237768.9702914148,22536.76304191863,278451.63333333336,534658.5989337835,22244.667732883216
142,15391344.866666667,21414121.315416276,9368568.417917058,1234047.6666666667,2583097.5945069976,-115002.26117366413,1229446.3166666667,2597658.762753491,-138766.12942015752,226304.8,461248.38115227816,-8638.781152278185,1349938.2333333334,2759312.9469808843,-59436.48031421774,226304.8,461248.38115227816,-8638.781152278185
143,16378591.766666668,23100270.03548046,9656913.497852877,541848.5833333334,1052709.1853575278,30987.981309139053,523692.81666666665,1074055.4731577127,-26669.83982437942,226779.6,475660.1269804335,-22100.926980433433,683663.6,1431189.2506188035,-63862.050618803594,226779.6,475660.1269804335,-22100.926980433433
144,16592999.766666668,24431092.096273325,8754907.43706001,556085.3,1032371.2362431661,79799.36375683395,508037.86666666664,972500.8389486134,43574.8943847199,284775.1666666667,568789.4593117833,760.8740215500584,685847.6666666666,1368173.5912198229,3521.742113510496,284775.1666666667,568789.4593117833,760.8740215500584
145,16020703.033333333,23015138.22415439,9026267.842512276,612049.6333333333,1113268.1362917824,110831.13037488429,627775.9666666667,1180399.9993844423,75151.93394889112,255763.3,506725.10397751746,4801.496022482519,763382.3666666667,1495330.2567003132,31434.476633020327,255763.3,506725.10397751746,4801.496022482519
146,14444568.1,20160089.70082087,8729046.499179129,524978.45,910974.6135218984,138982.28647810145,554237.1833333333,987665.3287102978,120809.03795636888,241120.73333333334,490273.4473770521,-8031.9807103854255,618106.0666666667,1133265.5088333103,102946.62450002297,241120.73333333334,490273.4473770521,-8031.9807103854255
147,15051453.666666666,20943075.79406963,9159831.539263703,538110.0833333334,988194.2668199369,88025.89984672982,481702.5333333333,883050.3863949103,80354.68027175643,254704.16666666666,484251.5161454738,25156.81718785953,702804.8,1424240.238004853,-18630.638004852808,254704.16666666666,484251.5161454738,25156.81718785953
148,15726686.333333334,21913200.60956261,9540172.057104059,637892.6333333333,1235336.3452053335,40448.92146133294,655541.2,1289246.8415576718,21835.55844232824,286122.26666666666,529647.3271027637,42597.20623056963,892567.5,1918230.9554549945,-133095.95545499446,286122.26666666666,529647.3271027637,42597.20623056963
149,16004596.266666668,22346876.525635675,9662316.00769766,611889.9666666667,1180744.4259443951,43035.50738893822,687758.85,1331896.4143690136,43621.28563098621,281651.6666666667,521398.6405502769,41904.69278305647,836734.3,1794386.2504667751,-120917.65046677506,281651.6666666667,521398.6405502769,41904.69278305647
150,15925781.0,22268569.536981028,9582992.463018972,522658.48333333334,932272.8846238473,113044.08204281935,536134.6833333333,967859.0075533574,104410.3591133093,288671.63333333336,589336.1391189059,-11992.872452239157,646769.9,1181924.8720982054,111614.92790179467,288671.63333333336,589336.1391189059,-11992.872452239157
151,17251447.166666668,24596658.142680302,9906236.190653034,666090.9666666667,1266618.455981629,65563.47735170426,686731.6,1291053.9667414634,82409.23325853655,351411.8,850410.0001381083,-147586.4001381083,786481.3333333334,1482436.0033211042,90526.66334556264,351411.8,850410.0001381083,-147586.4001381083
152,17703338.166666668,24513878.902299635,10892797.431033703,664285.0666666667,1227174.8349732254,101395.29836010805,644783.2833333333,1200300.86935254,89265.69731412665,288773.7,707785.7765107012,-130238.37651070114,798720.0,1499339.5367889518,98100.46321104816,288773.7,707785.7765107012,-130238.37651070114
153,15994521.266666668,22889507.12949954,9099535.403833797,769588.0166666667,1454755.7760417731,84420.2572915603,740590.7833333333,1389231.7340523386,91949.83261432801,318297.0,648647.6562887756,-12053.656288775615,985868.5666666667,1949369.8342263608,22367.299106972525,318297.0,648647.6562887756,-12053.656288775615
154,16017711.566666666,22526966.964521404,9508456.168811928,878161.7833333333,1649131.2631856664,107192.30348100024,829359.5166666667,1545677.6689587608,113041.36437457276,360991.2,848776.4777152641,-126794.077715264,1108111.8666666667,2137290.9070371273,78932.82629620621,360991.2,848776.4777152641,-126794.077715264
155,15544615.3,21867862.869402714,9221367.730597287,799166.4,1554795.8179193612,43536.982080638874,796608.3,1512969.8561816765,80246.74381832348,278484.6666666667,610297.3863619075,-53328.0530285741,1104665.8,2325863.2365823546,-116531.63658235432,278484.6666666667,610297.3863619075,-53328.0530285741
156,15228307.7,21164485.013859164,9292130.386140835,763822.7166666667,1433702.486828547,93942.94650478626,736096.5166666667,1385013.7938127895,87179.23952054384,466137.36666666664,1079018.314635435,-146743.58130210167,911934.2333333333,1716681.8192446735,107186.64742199297,466137.36666666664,1079018.314635435,-146743.58130210167
157,15427619.466666667,21730171.06317842,9125067.870154914,1006340.3166666667,1991007.7375668972,21672.89576643624,1010220.1833333333,1994780.0809831913,25660.28568347555,596187.6,1447992.281313722,-255617.08131372218,1284530.0,2593379.8948178412,-24319.89481784124,596187.6,1447992.281313722,-255617.08131372218
158,14973230.4,20163681.66540237,9782779.13459763,1016377.0166666667,1894620.1752371918,138133.8580961416,976543.6666666666,1797650.3317347816,155437.00159855175,581552.7666666667,1289179.7347691928,-126074.20143585932,1327367.0333333334,2557559.544116799,97174.5225498681,581552.7666666667,1289179.7347691928,-126074.20143585932
159,15698052.4,21341347.058685664,10054757.741314337,1081221.8833333333,1984904.9020782923,177538.8645883744,1078120.0333333334,1976410.961207423,179829.1054592441,619252.6333333333,1371969.2568011703,-133463.9901345038,1333729.2333333334,2502043.502570354,165414.96409631288,619252.6333333333,1371969.2568011703,-133463.9901345038
160,15082361.9,20637463.718433455,9527260.081566546,1550462.95,2989057.496247392,111868.40375260776,1586940.4,3046494.5795189384,127386.22048106114,1015299.9,2337805.8844245407,-307206.08442454075,1764625.6666666667,3331493.9718598574,197757.36147347582,1015299.9,2337805.8844245407,-307206.08442454075
161,15639933.566666666,22031217.489950757,9248649.643382575,1518669.35,2896663.4273471897,140675.2726528102,1555082.65,2938835.563089149,171329.73691085097,967476.1666666666,2210872.8470626003,-275920.5137292672,1759865.0333333334,3292990.9210509486,226739.14561571833,967476.1666666666,2210872.8470626003,-275920.5137292672
162,15205415.3,21045042.87762826,9365787.722371742,1226162.9,2277510.8821902657,174814.91780973412,1231881.15,2294016.194927902,169746.1050720981,763916.3666666667,1720090.6233802913,-192257.890046958,1342504.1,2432718.029935711,252290.17006428912,763916.3666666667,1720090.6233802913,-192257.890046958
163,14732517.566666666,20420957.975260235,9044077.158073097,1536365.05,2877841.6991537344,194888.4008462655,1606500.6833333333,2972746.7263246137,240254.64034205303,927878.7666666667,2089995.0458225408,-234237.51248920744,1713233.2333333334,3132102.4399001366,294364.02676653,927878.7666666667,2089995.0458225408,-234237.51248920744
164,14427210.433333334,19883628.19802872,8970792.668637944,1287987.5666666667,2429551.5252975477,146423.60803578538,1344740.0333333334,2519028.945832934,170451.12083373242,767876.1666666666,1737229.9850067326,-201477.65167339938,1510257.9333333333,2802810.992952015,217704.8737146519,767876.1666666666,1737229.9850067326,-201477.65167339938
165,14667221.5,20321641.909821745,9012801.090178255,1081269.4166666667,1995749.9064258635,166788.9269074701,1113390.6166666667,2065663.0137584973,161118.21957483597,644022.7333333333,1431149.3930835319,-143103.9264168652,1321188.4666666666,2457791.4919905,184585.44134283322,644022.7333333333,1431149.3930835319,-143103.9264168652
166,14341065.8,19702538.84862327,8979592.751376731,1048412.5,2020757.901739796,76067.09826020407,1083079.4166666667,2067741.8229901302,98417.01034320332,816598.9,1904417.2118132305,-271219.4118132306,1169233.1,2181974.6423449097,156491.55765509047,816598.9,1904417.2118132305,-271219.4118132306
167,13062779.733333332,17923978.917708833,8201580.548957831,1507674.0166666666,2948404.1499222843,66943.88341104914,1529806.8833333333,2985963.530141681,73650.23652498564,986245.3,2282312.1978301834,-309821.59783018334,1789398.5333333334,3431773.442274655,147023.6243920119,986245.3,2282312.1978301834,-309821.59783018334
168,12824465.533333333,17521621.454791818,8127309.611874848,1705139.9,3181165.7725042608,229114.02749573882,1637772.8333333333,3077676.075758597,197869.59090806986,1069609.8333333333,2410999.637621488,-271779.97095482145,1984580.2333333334,3652223.7981436355,316936.6685230315,1069609.8333333333,2410999.637621488,-271779.97095482145
169,13671915.533333333,19082781.21637169,8261049.850294977,1999968.2166666666,3840361.79588675,159574.63744658325,1976791.35,3804784.8006843687,148797.89931563148,1307743.3333333333,2993137.0369728515,-377650.37030618475,2265744.533333333,4236563.018353887,294926.0483127795,1307743.3333333333,2993137.0369728515,-377650.37030618475
170,12268521.566666666,17173555.3784166,7363487.75491673,2043229.7,3897537.8019089755,188921.59809102444,2081915.3833333333,3933592.0030389084,230238.76362775825,1296584.1,2937406.6961200587,-344238.49612005847,2233105.4,4131059.085816985,335151.71418301505,1296584.1,2937406.6961200587,-344238.49612005847
171,12982583.633333333,18321251.528750654,7643915.737916011,1911283.45,3588432.7747953515,234134.12520464812,1926163.8,3600190.017168465,252137.58283153502,1186312.4333333333,2687714.750433686,-315089.8837670197,2130683.2,3879417.381764559,381949.01823544106,1186312.4333333333,2687714.750433686,-315089.8837670197
172,11540958.066666666,16363378.249910645,6718537.883422688,1969683.9,3718281.9115546043,221085.8884453955,1959590.6166666667,3701893.438166283,217287.79516705032,1080144.8333333333,2416100.1758637126,-255810.50919704605,2142822.466666667,3930072.6097642626,355572.323569071,1080144.8333333333,2416100.1758637126,-255810.50919704605
173,11395710.433333334,16218675.483717307,6572745.382949361,2023556.0666666667,3837200.214587776,209911.9187455573,1993448.2666666666,3796492.9328314997,190403.60050183372,1014147.2333333333,2354892.704386994,-326598.23772032734,2233258.933333333,4125525.383534942,340992.4831317244,1014147.2333333333,2354892.704386994,-326598.23772032734
174,11491551.966666667,16126826.621193673,6856277.312139661,1709085.9,3419347.3095180886,-1175.5095180890057,1684112.4333333333,3384210.794421977,-15985.9277553102,934133.0666666667,2347367.5206403052,-479101.38730697194,1904166.6,3675672.0881997785,132661.11180022173,934133.0666666667,2347367.5206403052,-479101.38730697194
175,12854293.066666666,18371451.022473656,7337135.110859678,1595347.85,3041093.8144557266,149601.88554427354,1610106.5333333334,3060614.9248752724,159598.1417913942,845406.1666666666,2045316.4108808637,-354504.0775475305,1818688.6,3384073.8849223494,253303.31507765083,845406.1666666666,2045316.4108808637,-354504.0775475305
176,13066624.866666667,18804279.528214492,7328970.205118841,1604958.7166666666,2992748.5422201687,217168.8911131646,1608347.8,2999516.316878927,217179.2831210734,834315.4333333333,1948970.9162135213,-280340.04954685457,1811923.6666666667,3332192.94380302,291654.3895303139,834315.4333333333,1948970.9162135213,-280340.04954685457
177,12793082.9,18611041.97706108,6975123.82293892,1784273.6666666667,3254463.041599663,314084.29173367075,1785682.3,3261520.175624969,309844.42437503114,1011831.9666666667,2246632.761954868,-222968.82862153475,1991353.8666666667,3591639.238048509,391068.49528482417,1011831.9666666667,2246632.761954868,-222968.82862153475
178,12977761.566666666,19258771.77938941,6696751.35394392,2038551.0833333333,3957510.470341992,119591.69632467441,2034009.6833333333,3945513.3947267337,122505.97193993279,1172523.2666666666,2683706.874462249,-338660.341128916,2251098.8,4262795.079123078,239402.5208769217,1172523.2666666666,2683706.874462249,-338660.341128916
179,12967958.0,19606599.340289645,6329316.659710353,2170936.0166666666,4121977.319808975,219894.71352435858,2193934.8,4139355.604638344,248513.99536165548,1288182.8,2913601.6872105184,-337236.0872105183,2387753.3666666667,4441086.6850289535,334420.0483043804,1288182.8,2913601.6872105184,-337236.0872105183
180,12714595.333333334,19885658.182653155,5543532.484013514,2413729.15,4638625.408475073,188832.89152492722,2367874.316666667,4581985.173055278,153763.46027805516,1420200.3,3177338.72877943,-336938.12877942994,2620740.2666666666,4899505.609612178,341974.9237211556,1420200.3,3177338.72877943,-336938.12877942994
181,11815702.766666668,18717598.007580083,4913807.525753251,2428544.3333333335,4705065.573378824,152023.09328784328,2383370.95,4648677.998166112,118063.90183388861,1175734.2,2608693.647346204,-257225.24734620424,2632217.8333333335,4983665.157017351,280770.50964931585,1175734.2,2608693.647346204,-257225.24734620424
182,11872489.1,18180689.889320973,5564288.310679026,2618130.1166666667,5022769.535715736,213490.6976175974,2680050.5833333335,5103075.032460116,257026.13420655113,1358930.5,2949611.815515872,-231750.8155158721,2876378.2666666666,5400321.850120999,352434.6832123338,1358930.5,2949611.815515872,-231750.8155158721
183,11709487.766666668,17637892.779580325,5781082.753753012,2709796.35,5125559.017272423,294033.68272757716,2764933.05,5191047.87629859,338818.22370141046,1481296.5,3151549.0284140464,-188956.02841404662,2988574.433333333,5542031.093404718,435117.7732619485,1481296.5,3151549.0284140464,-188956.02841404662
184,12860710.233333332,20039471.993580677,5681948.473085988,2155806.75,4038000.0467691813,273613.45323081873,2165166.25,4041487.3941058153,288845.1058941847,1191024.6666666667,2516564.711124466,-134515.37779113208,2397209.433333333,4407383.185314078,387035.6813525881,1191024.6666666667,2516564.711124466,-134515.37779113208
185,12303967.633333333,19111032.52302617,5496902.743640497,1926793.5166666666,3477341.935930046,376245.0974032874,1899132.65,3425399.5018298356,372865.798170164,1011022.5,2179270.0169508616,-157225.01695086178,2208293.9,4014962.028673321,401625.7713266786,1011022.5,2179270.0169508616,-157225.01695086178
186,11825077.866666667,17992489.374161143,5657666.359172192,2378421.0166666666,4267094.098949404,489747.93438392854,2402678.433333333,4296129.5979516115,509227.2687150547,1295476.5,2748435.170500133,-157482.17050013342,2691109.7333333334,4788442.290216561,593777.1764501058,1295476.5,2748435.170500133,-157482.17050013342
187,11146095.866666667,17324257.952896796,4967933.780436536,2481366.716666667,4448837.386024574,513896.04730876,2513883.3,4481905.670754477,545860.9292455227,1403443.8,2972919.1150423926,-166031.51504239254,2755592.933333333,4886608.969734786,624576.8969318802,1403443.8,2972919.1150423926,-166031.51504239254
188,11208796.733333332,17174307.067215137,5243286.399451527,2905722.783333333,5047367.932341339,764077.6343253269,2961363.2333333334,5103075.652612751,819650.8140539154,1350357.1666666667,2751978.861778298,-51264.52844496444,3168052.8333333335,5436287.664398676,899818.0022679912,1350357.1666666667,2751978.861778298,-51264.52844496444
189,11536365.666666666,18104004.77934396,4968726.553989374,2868154.466666667,5031672.532374058,704636.4009592761,2895268.5833333335,5061636.1348721795,728901.031794487,1395649.9333333333,2932691.8684745654,-141392.00180789852,3144909.7333333334,5416005.566560049,873813.9001066177,1395649.9333333333,2932691.8684745654,-141392.00180789852
190,10868935.066666666,17171324.118175544,4566546.015157787,2818643.3,4972657.036759915,664629.5632400848,2878139.05,5038538.500423688,717739.5995763107,1255099.1666666667,2689992.945764988,-179794.6124316547,3090569.6333333333,5363573.531778006,817565.7348886612,1255099.1666666667,2689992.945764988,-179794.6124316547
191,11445955.366666667,18450164.361912712,4441746.371420624,2962390.816666667,5223077.373228674,701704.26010466,3007056.9166666665,5272771.164072145,741342.6692611878,1241487.5333333334,2650503.9225359815,-167528.85586931463,3220075.8666666667,5576265.241572693,863886.4917606409,1241487.5333333334,2650503.9225359815,-167528.85586931463
192,11128756.466666667,17393099.522684257,4864413.410649076,3249211.033333333,5605590.252786996,892831.8138796706,3325279.05,5705187.9339138325,945370.1660861666,1412651.5666666667,2860239.356976719,-34936.223643385805,3531476.8,6033208.379290026,1029745.220709974,1412651.5666666667,2860239.356976719,-34936.223643385805
193,9687859.566666666,15263633.601862188,4112085.5314711453,3081297.4,5132803.069375285,1029791.7306247146,3056880.9,5102218.915994853,1011542.884005147,1577848.9666666666,3099788.0411449336,55909.89218839933,3417477.0,5675426.055209678,1159527.9447903223,1577848.9666666666,3099788.0411449336,55909.89218839933
194,10108869.866666667,16120201.77342286,4097537.9599104756,2413518.35,4125454.7138201934,701581.9861798068,2473858.1,4205160.9002861865,742555.2997138142,1075732.1333333333,2034409.9128384993,117054.35382816731,2694439.466666667,4589927.323056292,798951.610277042,1075732.1333333333,2034409.9128384993,117054.35382816731
195,10886373.2,17286605.47416837,4486140.925831626,2299702.4833333334,3956441.357458544,642963.6092081231,2343681.6166666667,4034609.151788554,652754.081544779,970386.0,1864908.7071765906,75863.29282340943,2636887.1,4536343.404817094,737430.7951829061,970386.0,1864908.7071765906,75863.29282340943
196,10976915.466666667,16827098.849512484,5126732.08382085,2540760.95,4280666.449409077,800855.4505909239,2611237.45,4394220.993333904,828253.9066660958,1026992.7333333333,1966857.9845032375,87127.48216342914,2917061.533333333,4923224.210541785,910898.8561248814,1026992.7333333333,1966857.9845032375,87127.48216342914
197,11386080.333333334,17608273.26368357,5163887.402983099,2622362.1666666665,4433616.050846981,811108.2824863526,2676791.7666666666,4502325.171835721,851258.3614976127,1177886.9,2405114.7208308466,-49340.920830846764,2999570.3,5096904.410803303,902236.1891966965,1177886.9,2405114.7208308466,-49340.920830846764
198,11402004.833333334,17303143.313975036,5500866.352691633,2479931.4,4194016.5733230384,765846.2266769612,2494104.716666667,4218770.120034716,769439.3132986177,1172323.8666666667,2251177.3627731763,93470.37056015735,2813253.1666666665,4748512.577448659,877993.7558846744,1172323.8666666667,2251177.3627731763,93470.37056015735
199,11226350.733333332,17385668.99568933,5067032.470977337,2626160.533333333,4493925.522013501,758395.5446531649,2689907.216666667,4576513.906712039,803300.526621294,1417402.8,2883312.9158904417,-48507.31589044165,2891723.6666666665,4911921.330603795,871526.0027295377,1417402.8,2883312.9158904417,-48507.31589044165
200,2785980.933333333,3951897.143128748,1620064.723537918,1580856.4833333334,3202040.1566296415,-40327.18996297475,1595559.7,3215772.523549243,-24653.12354924297,881721.4666666667,2193810.860727084,-430367.9273937504,1583767.9333333333,3204690.420188061,-37154.55352139403,881721.4666666667,2193810.860727084,-430367.9273937504
201,2534202.533333333,3680813.884726436,1387591.1819402308,1614317.2166666666,3180640.17304845,47994.26028488297,1603528.5166666666,3170586.8824220216,36470.15091131185,914315.8333333334,2224669.6516871187,-396037.98502045183,1625689.5333333334,3190889.096077311,60489.9705893558,914315.8333333334,2224669.6516871187,-396037.98502045183
202,2539145.1666666665,3725038.7603365234,1353251.5729968096,1492432.1333333333,2945161.6656091153,39702.601057551336,1481748.2666666666,2934979.3729351675,28517.160398165463,737369.8333333334,1803143.4290877115,-328403.76242104487,1508381.9333333333,2959799.496868385,56964.36979828146,737369.8333333334,1803143.4290877115,-328403.76242104487
203,2240638.7,3266312.2820416884,1214965.117958312,1428382.6666666667,2821447.808089434,35317.52524389955,1429800.1333333333,2822887.6068358338,36712.659830832854,663260.7,1625749.694065492,-299228.294065492,1476367.1333333333,2923961.8414864945,28772.425180172082,663260.7,1625749.694065492,-299228.294065492
204,2197865.3666666667,3128254.2179540712,1267476.515379262,1445708.8833333333,2811019.597504233,80398.1691624336,1451385.3833333333,2816440.9071186725,86329.85954799433,750126.0,1713993.313434937,-213741.31343493715,1498553.6666666667,2934657.9060653625,62449.42726797098,750126.0,1713993.313434937,-213741.31343493715
205,2417358.4,4062622.963256606,772093.8367433937,1850928.9833333334,3428931.8241777983,272926.14248886844,1842044.1333333333,3420720.0473693125,263368.21929735434,1236278.5333333334,2767130.1792024816,-294573.11253581475,1919113.0,3575813.8991622427,262412.10083775735,1236278.5333333334,2767130.1792024816,-294573.11253581475
206,2897540.7666666666,4860735.583084149,934345.9502491837,1659204.7166666666,3333044.2933706916,-14634.860037358478,1664543.3166666667,3338107.0618293714,-9020.428496038308,1120447.7666666666,2670117.449393082,-429221.91605974874,1672050.4666666666,3344781.045217272,-680.1118839385454,1120447.7666666666,2670117.449393082,-429221.91605974874
207,2876781.466666667,4382189.331364157,1371373.6019691774,1696987.7666666666,3495552.9140015496,-101577.38066821615,1704584.4333333333,3502464.694820851,-93295.82815418462,1230585.0,3114692.0745940413,-653522.0745940411,1758373.4,3620343.52581078,-103596.72581078042,1230585.0,3114692.0745940413,-653522.0745940411
208,2270800.6666666665,3257124.1331032175,1284477.2002301156,1345827.1833333333,2679930.313076672,11724.053589994786,1364209.5333333334,2697389.373966837,31029.692699830048,785047.8666666667,1702328.3501265473,-132232.61679321376,1355056.5333333334,2688298.6885422757,21814.378124391194,785047.8666666667,1702328.3501265473,-132232.61679321376
209,2139850.2666666666,3055409.104772622,1224291.428560711,1583178.1166666667,3153285.6995729096,13070.533760423772,1610854.2,3178953.5732827866,42754.826717213495,1084713.8666666667,2586393.7659824216,-416966.0326490882,1593807.3,3162904.2887106207,24710.311289379373,1084713.8666666667,2586393.7659824216,-416966.0326490882
210,1836973.1666666667,2654228.790638486,1019717.5426948477,1566503.9333333333,3225279.3598928205,-92271.49322615378,1623992.8666666667,3278658.981152485,-30673.247819151962,1111875.8333333333,2696448.191008708,-472696.52434204146,1584948.1666666667,3241999.887519746,-72103.55418641237,1111875.8333333333,2696448.191008708,-472696.52434204146
211,1892219.1666666667,2719302.5737729357,1065135.7595603978,1540969.6666666667,3124854.3187179537,-42914.98538462003,1576973.0666666667,3158382.1695383354,-4436.036205002107,1089933.2333333334,2592498.9162639976,-412632.44959733076,1558680.2,3140854.882889664,-23494.482889663894,1089933.2333333334,2592498.9162639976,-412632.44959733076
212,2364560.2,3909647.1393704982,819473.2606295024,1820825.2,3569922.9725847477,71727.42741525243,1843536.5,3590195.435839379,96877.56416062056,1149481.0333333334,2607140.3421856584,-308178.2755189915,1841079.7333333334,3588108.541882189,94050.92478447803,1149481.0333333334,2607140.3421856584,-308178.2755189915
213,2476774.6333333333,4040956.559398067,912592.7072685992,1477801.9333333333,2969793.6492740186,-14189.782607352128,1511576.7,3000151.556918901,23001.84308109898,850749.5666666667,1914156.1354384173,-212657.00210508402,1504001.6333333333,2993860.4208516665,14142.845815000124,850749.5666666667,1914156.1354384173,-212657.00210508402
214,2639909.8333333335,4201871.896737924,1077947.7699287431,1400021.75,2736887.6347124516,63155.8652875484,1426980.2,2761784.1379444054,92176.26205559447,789201.3666666667,1636182.8711727504,-57780.13783941697,1488133.2666666666,2933863.6451713713,42402.88816196192,789201.3666666667,1636182.8711727504,-57780.13783941697
215,3220013.3333333335,5887440.744065146,552585.922601521,1454989.6333333333,2764916.051765492,145063.2149011742,1478798.2666666666,2786560.888081402,171035.64525193116,962082.5333333333,2118342.872017165,-194177.8053504984,1494314.0666666667,2825900.7396547915,162727.393678542,962082.5333333333,2118342.872017165,-194177.8053504984
216,3371230.566666667,6290705.838829957,451755.2945033768,1675899.85,3292323.8010509224,59475.89894907782,1692097.45,3306608.9948346335,77585.90516536636,1119288.7666666666,2657838.030368088,-419260.4970347546,1768971.3666666667,3483882.7156027397,54060.01773059345,1119288.7666666666,2657838.030368088,-419260.4970347546
217,2736182.6,4516881.910354286,955483.2896457138,1616426.35,3153137.8851238154,79714.8148761848,1662160.4166666667,3195505.847907071,128814.98542626272,999359.9333333333,2339298.821192248,-340578.9545255813,1733692.1,3398950.484269963,68433.71573003707,999359.9333333333,2339298.821192248,-340578.9545255813
218,2758878.566666667,4483278.8165046405,1034478.3168286928,1321921.95,2567947.0849803947,75896.81501960522,1366188.6,2609173.043089226,123204.1569107743,753767.5666666667,1601088.3653300419,-93553.23199670843,1461201.4,2892300.0202605594,30102.77973944042,753767.5666666667,1601088.3653300419,-93553.23199670843
219,3541288.2666666666,6472937.4974307595,609639.0359025737,1536215.5666666667,3031436.293652448,40994.83968088543,1571049.5833333333,3063167.458765451,78931.70790121588,1199015.4333333333,2729333.5113640563,-331302.64469738957,1648513.8333333333,3259100.8428403055,37926.823826361215,1199015.4333333333,2729333.5113640563,-331302.64469738957
220,2935136.8666666667,4703578.0470227655,1166695.6863105677,1735466.9,3436871.460788045,34062.339211954735,1733015.2333333334,3433905.369085296,32125.0975813705,1173166.1666666667,2664523.3900630455,-318191.05672971206,1790048.7666666666,3521270.05526465,58827.47806868306,1173166.1666666667,2664523.3900630455,-318191.05672971206
221,2311653.933333333,3250684.540754741,1372623.3259119254,1417733.0666666667,2728127.9077921878,107338.22554114554,1413173.3666666667,2723389.231880553,102957.50145278056,1120538.5,2451713.822536111,-210636.82253611065,1439589.0333333334,2747878.5337748127,131299.53289185395,1120538.5,2451713.822536111,-210636.82253611065
222,3287425.2333333334,5432030.678085104,1142819.7885815636,1804392.0,3402819.432415678,205964.5675843216,1813479.0166666666,3410350.468269258,216607.5650640754,1127463.5666666667,2498564.7155765165,-243637.5822431834,1890723.4333333333,3578797.5333948713,202649.33327179565,1127463.5666666667,2498564.7155765165,-243637.5822431834
223,2983068.966666667,4744195.83716046,1221942.096172874,2037652.1166666667,3897610.555042395,177693.6782909385,2056338.8666666667,3913831.2332913233,198846.5000420101,1236362.6,2786298.8927924167,-313573.6927924168,2118460.7333333334,4051042.8840959617,185878.5825707051,1236362.6,2786298.8927924167,-313573.6927924168
224,2935330.3666666667,4510138.995197231,1360521.7381361022,1643916.7666666666,3083554.9209875716,204278.6123457614,1671802.1166666667,3109776.2534334185,233827.97989991517,950850.0333333333,2231278.326996329,-329578.260329662,1755726.7,3329797.0682427706,181656.33175722905,950850.0333333333,2231278.326996329,-329578.260329662
225,2421422.2333333334,3931156.934738163,911687.5319285039,1648882.05,2993267.699928708,304496.4000712922,1651251.8,2995189.018476098,307314.5815239025,920953.7333333333,2120564.409566758,-278656.9429000915,1757385.4666666666,3234036.6863284763,280734.24700485705,920953.7333333333,2120564.409566758,-278656.9429000915
226,2159021.0,2974787.52564938,1343254.47435062,1893752.6666666667,3507682.4333710745,279822.8999622592,1885921.0833333333,3499425.559852056,272416.60681461054,960674.3,2252290.0147127416,-330941.41471274174,1980907.2333333334,3699179.0871376963,262635.3795289707,960674.3,2252290.0147127416,-330941.41471274174
227,1970838.6,2681379.1211856203,1260298.07881438,1965596.45,3772094.800922196,159098.099077804,1968175.4833333334,3774026.3417230053,162324.62494366174,1247595.1,2798629.8211733694,-303439.62117336923,2085048.0333333334,4019888.8187071565,150207.24795951042,1247595.1,2798629.8211733694,-303439.62117336923
228,2229974.7333333334,3109868.3567845523,1350081.1098821145,1691723.05,3094331.501345177,289114.5986548229,1691985.1166666667,3094156.646588394,289813.58674493944,1173832.6666666667,2519694.4116647365,-172029.07833140297,1829438.6333333333,3418476.995760443,240400.27090622345,1173832.6666666667,2519694.4116647365,-172029.07833140297
229,2287391.6333333333,3159596.2971426994,1415186.9695239672,1937902.4166666667,3389151.2828693725,486653.550463961,1945437.95,3395810.090481641,495065.80951835914,1777498.2,3403688.1021284363,151308.29787156358,2065611.2,3655462.9803164387,475759.4196835612,1777498.2,3403688.1021284363,151308.29787156358
230,2518921.1666666665,3596229.5511119463,1441612.7822213867,2318530.3666666667,4206940.214788735,430120.5185445985,2327501.6,4215041.774135012,439961.4258649885,1978752.5,3822689.087628076,134815.91237192415,2454885.433333333,4454108.3943058215,455662.4723608445,1978752.5,3822689.087628076,134815.91237192415
231,2356509.2333333334,3513688.806200701,1199329.660465966,2097783.433333333,3822617.3026769757,372949.5639896905,2106992.1666666665,3831056.0830183243,382928.2503150089,1923735.5333333334,3819631.0232911985,27840.043375468347,2134459.466666667,3878678.6542271534,390240.2791061804,1923735.5333333334,3819631.0232911985,27840.043375468347
232,2095281.9,3091005.389691743,1099558.4103082567,2150058.0833333335,3801009.798616616,499106.36805005115,2165598.4,3814975.2698570797,516221.5301429203,1904265.8666666667,3666504.3525699843,142027.38076334936,2213018.433333333,3913324.4144509435,512712.45221572276,1904265.8666666667,3666504.3525699843,142027.38076334936
233,2051952.6666666667,2844261.8294190634,1259643.5039142703,2374154.2666666666,4276256.139498059,472052.39383527497,2383192.25,4284593.325546054,481791.17445394606,1187988.9666666666,2423018.6013207077,-47040.66798737459,2387056.8666666667,4287540.9355825465,486572.7977507864,1187988.9666666666,2423018.6013207077,-47040.66798737459
234,2677691.9,4024128.857475497,1331254.9425245032,1818087.6,3304321.533420203,331853.6665797974,1828661.3166666667,3314365.697216725,342956.93611660856,1043436.5333333333,2139090.6741778734,-52217.60751120665,1917059.7,3530088.054065261,304031.3459347391,1043436.5333333333,2139090.6741778734,-52217.60751120665
235,2342412.8333333335,3515212.343239178,1169613.323427489,2199881.933333333,3987708.2660653843,412055.60060128174,2203185.0833333335,3990456.7224739064,415913.4441927606,1303111.2,3170916.6137280874,-564694.2137280877,2330968.3,4253648.653922464,408287.9460775356,1303111.2,3170916.6137280874,-564694.2137280877
236,2281363.2333333334,3312488.042844796,1250238.4238218707,2546904.2,4599910.257654825,493898.1423451747,2533742.7,4587272.000222235,480213.3997777656,1897167.9666666666,4143965.373594463,-349629.4402611295,2665911.933333333,4821929.405550044,509894.4611166222,1897167.9666666666,4143965.373594463,-349629.4402611295
237,2110187.1,3070316.6280827606,1150057.5719172396,2329725.033333333,4183709.6238494823,475740.4428171844,2326067.5833333335,4180944.0988463126,471191.0678203546,1714335.6,3641007.7943790057,-212336.5943790055,2465314.3333333335,4451326.655337238,479302.01132942946,1714335.6,3641007.7943790057,-212336.5943790055
238,1971362.1,2956779.5848900937,985944.6151099063,1796533.85,3267301.010044762,325766.689955238,1805243.6833333333,3275086.3445663396,335401.02210032684,1498614.4333333333,2835855.0838867268,161373.7827799397,1937924.8333333333,3580415.8909095163,295433.77575715,1498614.4333333333,2835855.0838867268,161373.7827799397
239,2518206.8,4180686.6378259985,855726.9621740011,1770716.95,3207394.860936485,334039.03906351444,1792628.9666666666,3227562.6698756525,357695.26345768035,1481102.8666666667,2805032.1617682097,157173.57156512374,1901026.9666666666,3498603.1168150986,303450.81651823455,1481102.8666666667,2805032.1617682097,157173.57156512374
240,2001664.2,2885012.0417552744,1118316.3582447255,2048198.9166666667,3729858.8260354577,366539.0072978758,2057511.9,3738261.8774340665,376761.92256593355,1550785.2,2960921.188955688,140649.211044312,2065977.2333333334,3746002.1082980083,385952.3583686582,1550785.2,2960921.188955688,140649.211044312
241,2049069.6333333333,2968566.01700099,1129573.2496656766,1908182.2333333334,3419583.04291623,396781.42375043686,1912735.9,3423336.042479473,402135.7575205264,1007087.4333333333,1939181.4274167013,74993.43924996536,1918410.4333333333,3428477.3968224875,408343.4698441792,1007087.4333333333,1939181.4274167013,74993.43924996536
242,2230133.466666667,3232592.7919006213,1227674.1414327123,1976361.6833333333,3583294.9980657184,369428.3686009485,1976498.3,3583151.5153479166,369845.0846520837,694147.4333333333,1342975.6647217544,45319.201944912435,2000531.9,3605544.24071039,395519.5592896098,694147.4333333333,1342975.6647217544,45319.201944912435
243,1964351.9333333333,2859083.60951831,1069620.2571483569,1872380.1,3335190.3995074313,409569.80049256864,1890094.7166666666,3351738.6891006846,428450.7442326485,809896.1666666666,1641891.992814275,-22099.65948094183,1885053.7666666666,3346324.3826666297,423783.1506667037,809896.1666666666,1641891.992814275,-22099.65948094183
244,1986233.9333333333,3041754.130595545,930713.7360711219,1841904.0666666667,3419033.748143755,264774.38518957864,1874423.4833333334,3449067.3673464684,299779.5993201984,1008919.0,2256386.770295745,-238548.77029574523,1866518.6,3441444.1965566603,291593.0034433401,1008919.0,2256386.770295745,-238548.77029574523
245,1996609.5,2988779.2295729136,1004439.7704270866,2057774.0666666667,3721020.985361714,394527.14797161915,2069040.3166666667,3731014.51104615,407066.12228718353,1192172.7,2707458.663382926,-323113.26338292635,2072145.5333333334,3733584.507929055,410706.55873761163,1192172.7,2707458.663382926,-323113.26338292635
246,2141535.933333333,3138563.9489827487,1144507.9176839176,2492758.9,4469218.321172797,516299.4788272027,2491754.85,4469001.419354403,514508.28064559656,1610078.9666666666,3353180.252337588,-133022.3190042551,2519068.466666667,4493495.524469022,544641.4088643121,1610078.9666666666,3353180.252337588,-133022.3190042551
247,2085395.6666666667,3126660.0404571285,1044131.2928762048,2412421.216666667,4366808.615115038,458033.81821829546,2407482.0,4362894.536920544,452069.463079456,1656337.1,3567882.7042375435,-255208.50423754333,2470486.9,4472248.007018218,468725.79298178223,1656337.1,3567882.7042375435,-255208.50423754333
248,3011290.2,4739469.57590653,1283110.8240934701,1925832.5333333334,3445811.330856758,405853.7358099087,1921311.3333333333,3442211.644345389,400411.0223212773,1603094.7333333334,3088363.2218810515,117826.24478561524,2072455.8,3769071.0684169214,375840.5315830787,1603094.7333333334,3088363.2218810515,117826.24478561524
249,3038200.3,4861992.980851035,1214407.619148965,2008346.3666666667,3611159.767587401,405532.9657459322,2034792.3,3634640.4396236753,434944.16037632455,1798062.0333333334,3650475.9582181806,-54351.89155151346,2174418.7,3953805.0208720914,395032.37912790896,1798062.0333333334,3650475.9582181806,-54351.89155151346
250,3161259.8,5137008.302186206,1185511.297813794,2132301.3333333335,3892666.6321939155,371936.0344727512,2154900.05,3913452.482970554,396347.6170294457,1427259.9333333333,3058259.3537864853,-203739.48711981834,2221172.8,4058331.9497910175,384013.6502089822,1427259.9333333333,3058259.3537864853,-203739.48711981834
251,3047650.533333333,4967391.104153855,1127909.9625128119,1862517.4833333334,3275808.790404127,449226.17626254004,1880514.5333333334,3292044.3196177743,468984.7470488928,1411873.2333333334,2982000.2407977786,-158253.77413111203,1883162.6666666667,3294315.34869064,472009.9846426931,1411873.2333333334,2982000.2407977786,-158253.77413111203
252,3259784.433333333,5135747.139287684,1383821.7273789821,1706470.1333333333,3014069.1594125084,398871.10725415824,1696497.6666666667,3005328.441128037,387666.8922052963,1073297.9,2142294.1809774083,4301.619022591505,1716216.4333333333,3022547.1464007325,409885.72026593424,1073297.9,2142294.1809774083,4301.619022591505
253,3045152.0,4845960.911923911,1244343.0880760886,1890390.5833333333,3354874.041294432,425907.12537223473,1914771.8333333333,3376312.7789790127,453230.88768765377,876902.1666666666,1854566.7388142764,-100762.40548094315,1903092.4333333333,3365837.124356502,440347.7423101645,876902.1666666666,1854566.7388142764,-100762.40548094315
254,3340389.9,5348902.1131082475,1331877.6868917518,1784277.8666666667,3317644.963707897,250910.76962543675,1787704.65,3320832.4432347785,254576.85676522134,827628.0666666667,1792248.0876313252,-136991.95429799182,1799847.8,3331334.2451049304,268361.3548950695,827628.0666666667,1792248.0876313252,-136991.95429799182
255,2973450.0,4810827.271126393,1136072.7288736068,1778958.2166666666,3122917.3784604063,434999.0548729268,1761442.8666666667,3107619.227588792,415266.50574454153,974784.4333333333,2115530.3563383175,-165961.48967165104,1810887.4333333333,3161651.121204872,460123.74546179455,974784.4333333333,2115530.3563383175,-165961.48967165104
256,3357537.066666667,5426235.019723214,1288839.11361012,2293953.55,4134076.2798633045,453830.8201366954,2295146.3833333333,4135270.4012963213,455022.36537034507,1284787.6,2949590.2521524727,-380015.0521524728,2379909.2666666666,4294235.572119882,465582.96121345065,1284787.6,2949590.2521524727,-380015.0521524728
257,2951247.5,4676475.843109654,1226019.1568903457,2372531.966666667,4314465.548780463,430598.3845528709,2361543.066666667,4305066.936937241,418019.19639609265,1672290.2,3637425.1878116564,-292844.7878116565,2538326.3,4633935.055382835,442717.5446171649,1672290.2,3637425.1878116564,-292844.7878116565
258,3312365.7333333334,5283129.55557822,1341601.9110884473,2030047.9166666667,3646398.7136300467,413697.119703287,2025309.3166666667,3642601.6784480754,408016.95488525764,1216135.3,2481441.1170415757,-49170.51704157563,2119900.033333333,3839178.0898504965,400621.9768161697,1216135.3,2481441.1170415757,-49170.51704157563
259,3259749.3666666667,5231828.733885576,1287669.9994477571,2086002.65,3712321.167784499,459684.1322155006,2068076.05,3697167.8055219753,438984.2944780246,1548165.6333333333,3243791.585330439,-147460.31866377243,2148001.5,3822403.819552798,473599.1804472022,1548165.6333333333,3243791.585330439,-147460.31866377243
260,3552598.3333333335,5760077.831048386,1345118.8356182813,2086434.8,3715486.4728941033,457383.1271058966,2074981.5,3705562.340946079,444400.65905392054,1515464.7333333334,3120520.772592039,-89591.30592537206,2114847.5,3752634.7704451457,477060.22955485433,1515464.7333333334,3120520.772592039,-89591.30592537206
261,3062177.033333333,5169084.6001389185,955269.4665277479,1854164.1833333333,3268976.6633407874,439351.7033258795,1854374.75,3269126.629869243,439622.87013075664,1318414.2666666666,2667168.3082559244,-30339.77492259117,1884424.2333333334,3304538.1105532115,464310.356113455,1318414.2666666666,2667168.3082559244,-30339.77492259117
262,3017001.7666666666,4846561.552464601,1187441.9808687323,1686002.0333333334,2950169.5042887535,421834.5623779134,1652877.1,2921409.6259323973,384344.57406760263,1046738.2,2101804.068374279,-8327.668374279281,1714083.7333333334,2983358.2041343492,444809.26253231755,1046738.2,2101804.068374279,-8327.668374279281
263,2782900.7,4506024.68762263,1059776.7123773706,1772359.6666666667,3146526.513478234,398192.81985509954,1761573.8833333333,3137620.101886219,385527.6647804477,1128516.7,2534212.3014775654,-277178.90147756576,1798302.4666666666,3176888.699772149,419716.23356118426,1128516.7,2534212.3014775654,-277178.90147756576
264,2822648.6333333333,4534119.803318154,1111177.463348512,2029768.95,3618243.435518332,441294.4644816681,2008923.45,3600266.791671334,417580.10832866584,1287743.0333333334,2925480.476000281,-349994.40933361417,2069160.6666666667,3671935.5960932486,466385.7372400847,1287743.0333333334,2925480.476000281,-349994.40933361417
265,2840263.0,4503058.994332095,1177467.0056679056,1536163.7666666666,2713904.9011512604,358422.6321820731,1536221.25,2714310.95674858,358131.5432514199,772236.4666666667,1538365.044937613,6107.888395720278,1561759.2,2746718.6963142036,376799.7036857961,772236.4666666667,1538365.044937613,6107.888395720278
266,2795298.466666667,4482183.56980866,1108413.363524673,2302469.7,4186477.4436027175,418461.95639728266,2304194.033333333,4187964.3896787157,420423.6769879509,855225.8,1687350.2767296475,23101.323270352674,2315623.8,4207150.457203926,424097.1427960743,855225.8,1687350.2767296475,23101.323270352674
267,2710875.6666666665,4396661.631687869,1025089.7016454637,2480344.1166666667,4439006.117617314,521682.11571601965,2483373.5833333335,4441644.75054585,525102.4161208172,1145337.4666666666,2267568.710712177,23106.222621155903,2498651.566666667,4473400.069123104,523903.0642102293,1145337.4666666666,2267568.710712177,23106.222621155903
268,2694569.5,4452360.198427625,936778.8015723748,1690819.4333333333,3036524.5762798088,345114.29038685816,1687241.1666666667,3033612.043738449,340870.2895948847,870901.0666666667,1747201.2900059782,-5399.156672644895,1717618.9333333333,3085510.8935755766,349726.9730910901,870901.0666666667,1747201.2900059782,-5399.156672644895
269,2728213.0,4452996.001130257,1003429.9988697437,1965331.1833333333,3484298.7124774484,446363.6541892183,1966075.7,3484933.757924873,447217.642075127,874256.0333333333,1820790.8275994002,-72278.76093273342,1984535.8666666667,3517459.836751486,451611.89658184745,874256.0333333333,1820790.8275994002,-72278.76093273342
270,3015869.7,4994848.7131690495,1036890.6868309507,2137558.6,3822849.125060837,452268.07493916363,2124494.7333333334,3811842.1747865276,437147.29188013915,973158.3333333334,1998994.098265035,-52677.431598368334,2174621.033333333,3866473.896375173,482768.1702914934,973158.3333333334,1998994.098265035,-52677.431598368334
271,3119544.066666667,5182133.027997584,1056955.1053357497,1928352.4333333333,3562481.291858861,294223.57480780524,1923266.25,3558204.3577460917,288328.1422539083,871007.0333333333,1791764.7551574977,-49750.688490830944,1953276.6,3589518.218168252,317034.98183174804,871007.0333333333,1791764.7551574977,-49750.688490830944
272,3276606.4,5365418.756111477,1187794.0438885235,2088508.9,3920588.852215134,256428.94778486574,2082443.6833333333,3915242.665544146,249644.7011225205,702661.0,1368637.3929072886,36684.607092711376,2091431.2333333334,3923108.8895489206,259753.57711774623,702661.0,1368637.3929072886,36684.607092711376
273,2990852.1666666665,4901387.930901176,1080316.4024321567,2175666.8666666667,4066418.887061187,284914.84627214656,2169489.283333333,4061084.177010799,277894.38965586736,825034.1,1610240.2967685543,39827.9032314457,2194088.2333333334,4090487.561986029,297688.9046806374,825034.1,1610240.2967685543,39827.9032314457
274,3417053.7666666666,5419257.2462930875,1414850.2870402457,2174727.433333333,3922690.11456257,426764.7521040961,2183256.05,3931245.1805786397,435266.9194213599,683960.0666666667,1401643.8054764362,-33723.672143102856,2258468.966666667,4024900.764547674,492037.1687856596,683960.0666666667,1401643.8054764362,-33723.672143102856
275,3318305.066666667,5353967.726218637,1282642.4071146972,2263337.9,4117113.2564421804,409562.54355781944,2297547.3333333335,4149997.391484663,445097.2751820043,611970.4,1253772.4520230251,-29831.65202302509,2341235.6333333333,4201713.56082963,480757.70583703695,611970.4,1253772.4520230251,-29831.65202302509
276,3413905.3,5372034.165702017,1455776.4342979828,2761749.2333333334,4984242.433786649,539256.0328800175,2799357.5833333335,5019939.754062842,578775.4126038253,882337.5,1725992.672160217,38682.32783978281,2839253.6333333333,5071333.495433439,607173.771233228,882337.5,1725992.672160217,38682.32783978281
277,3331777.9,5324929.760554845,1338626.0394451546,3066950.1333333333,5504670.847542526,629229.4191241399,3136813.966666667,5570098.15241761,703529.7809157232,1048951.9666666666,2105169.223105993,-7265.289772659773,3166911.2,5642868.773613726,690953.6263862746,1048951.9666666666,2105169.223105993,-7265.289772659773
278,3886290.966666667,6234771.216055206,1537810.7172781276,2180283.95,3943793.7350393888,416774.16496061184,2269256.05,4033981.004622617,504531.0953773826,1398744.3333333333,2782968.5894338824,14520.077232784126,2338772.433333333,4172473.39623833,505071.4704283362,1398744.3333333333,2782968.5894338824,14520.077232784126
279,3282125.4,5302528.5654125335,1261722.2345874663,2493882.4,4507770.259084703,479994.5409152969,2600698.3666666667,4618029.434750503,583367.2985828305,1563136.9333333333,3070588.4399063834,55685.4267602833,2642082.8,4687467.255718535,596698.344281465,1563136.9333333333,3070588.4399063834,55685.4267602833
280,3594224.3666666667,5665662.15474812,1522786.5785852128,2417726.8666666667,4383661.657388216,451792.07594511774,2535166.466666667,4505916.839019307,564416.0943140266,1665241.3,3283137.4995675534,47345.10043244646,2537017.8333333335,4516436.396989156,557599.2696775112,1665241.3,3283137.4995675534,47345.10043244646
281,3705987.7333333334,5984978.19877764,1426997.2678890266,2194034.3333333335,3973081.002929096,414987.66373757087,2195767.0166666666,3975794.3874870143,415739.6458463189,1042835.2666666667,2102675.4839010853,-17004.950567751774,2292918.6333333333,4078077.277129098,507759.98953756876,1042835.2666666667,2102675.4839010853,-17004.950567751774
282,3575177.1666666665,5687085.8307170775,1463268.502616255,2067010.9166666667,3864566.8766487874,269454.95668454585,2116221.3333333335,3911745.2052687225,320697.4613979445,958672.3,1916812.4644533093,532.1355466909008,2162967.6,3967023.620112284,358911.57988771587,958672.3,1916812.4644533093,532.1355466909008
283,3552760.9,5658577.611451207,1446944.188548793,2396442.1,4504213.019949939,288671.18005006155,2467966.1,4576040.47201884,359891.7279811604,1068882.3333333333,2130030.3157270807,7734.350939585827,2506871.966666667,4624040.221700342,389703.7116329912,1068882.3333333333,2130030.3157270807,7734.350939585827
284,3602574.3333333335,5834693.254665494,1370455.412001173,2121209.566666667,3880902.223944422,361516.9093889119,2172022.15,3927946.169057088,416098.1309429116,647579.7666666667,1336308.5399831734,-41149.00664984004,2292051.9,4118195.3705586577,465908.42944134236,647579.7666666667,1336308.5399831734,-41149.00664984004
285,3834751.1333333333,6229851.936014981,1439650.3306516856,2315073.283333333,4238192.412828916,391954.15383775043,2399042.533333333,4315415.910334149,482669.15633251704,650436.9333333333,1310185.0681165261,-9311.201449859422,2669318.533333333,4835395.5027876105,503241.56387905544,650436.9333333333,1310185.0681165261,-9311.201449859422
286,3437687.066666667,5291107.556812338,1584266.576520996,2551256.15,4664921.255743185,437591.0442568152,2595056.65,4705347.399237846,484765.9007621538,859760.7666666667,1750571.2405643037,-31049.707230970263,2833205.933333333,5128599.640914556,537812.2257521111,859760.7666666667,1750571.2405643037,-31049.707230970263
287,3788020.966666667,6029006.13569362,1547035.7976397136,2641968.1166666667,4815004.056748519,468932.1765848147,2720292.6,4888009.092415876,552576.1075841244,881617.1,1824105.33545893,-60871.13545893028,2885994.1666666665,5219050.8524060985,552937.4809272345,881617.1,1824105.33545893,-60871.13545893028
288,3562193.6666666665,5660384.40996789,1464002.9233654425,2442463.35,4524311.215265138,360615.4847348621,2541315.1166666667,4611187.296266048,471442.9370672854,1233751.8,2474156.83953886,-6653.239538860042,2770559.4,5061664.312261099,479454.4877389008,1233751.8,2474156.83953886,-6653.239538860042
289,3998052.4,6224492.98240428,1771611.817595719,2620073.466666667,4725240.300948501,514906.63238483295,2724522.716666667,4830190.316059549,618855.1172737842,1353360.1333333333,2694344.234273903,12376.032392763533,3006841.066666667,5323248.502045859,690433.6312874747,1353360.1333333333,2694344.234273903,12376.032392763533
290,3649508.1666666665,5655032.301798997,1643984.031534336,2142438.6,4010191.781119185,274685.41888081515,2293142.2,4175929.4103009114,410354.98969908897,849111.2,1708302.599438236,-10080.199438236072,2435581.1666666665,4423338.473611278,447823.8597220541,849111.2,1708302.599438236,-10080.199438236072
291,3646120.433333333,5784996.770608368,1507244.096058298,1815195.1,3501850.5197768235,128539.68022317672,1877711.4166666667,3561390.8076297683,194032.02570356522,813805.8333333334,1645554.419925441,-17942.753258774173,2025714.7,3760829.461264738,290599.938735262,813805.8333333334,1645554.419925441,-17942.753258774173
292,2540159.6,3701325.9620894333,1378993.2379105669,1598741.55,3042005.7472362025,155477.35276379762,1649233.9,3089637.7742742747,208830.0257257251,699268.8666666667,1383101.591658745,15436.14167458855,1787301.7333333334,3274452.0475497367,300151.4191169301,699268.8666666667,1383101.591658745,15436.14167458855
293,2500905.8666666667,3591378.531680982,1410433.2016523513,1797725.4833333334,3391172.2850821572,204278.68158450956,1810292.4,3404823.11968989,215761.68031010986,817112.2333333333,1673518.6525510084,-39294.18588434183,2005220.5666666667,3656100.473479366,354340.6598539676,817112.2333333333,1673518.6525510084,-39294.18588434183
294,2648898.6333333333,3946153.6957890065,1351643.5708776603,1694061.1333333333,3191286.548215269,196835.7184513975,1712815.85,3208903.470643199,216728.22935680114,461811.6666666667,1028254.1577918963,-104630.82445856294,1874370.7666666666,3453389.721281917,295351.8120514164,461811.6666666667,1028254.1577918963,-104630.82445856294
295,2377984.3,3461352.409760377,1294616.1902396227,1877302.2833333334,3461468.0078612966,293136.55880537024,1993486.0,3633624.004164382,353347.99583561835,462070.13333333336,1001181.3246703593,-77041.0580036926,2111508.8666666667,3785758.4939300865,437259.2394032469,462070.13333333336,1001181.3246703593,-77041.0580036926
296,2381519.2,3415448.500139008,1347589.8998609926,2223827.183333333,4047961.8972594263,399692.46940724016,2294958.466666667,4120433.9676661706,469482.965667163,751749.7,1470141.6595352571,33357.74046474276,2492797.1,4486840.68064023,498753.51935977,751749.7,1470141.6595352571,33357.74046474276
297,2306479.7,3357813.5170039535,1255145.882996047,2156637.6,4084828.6114780717,228446.58852192853,2224680.55,4137579.9847418787,311781.11525812116,838231.2,1677433.2458307776,-970.8458307775436,2467734.033333333,4613217.4001709055,322250.66649576137,838231.2,1677433.2458307776,-970.8458307775436
298,2170570.4,3114749.026818484,1226391.7731815157,2062374.85,4075095.1344166454,49654.56558335479,2163482.966666667,4159938.291263395,167027.64206993883,856486.1333333333,1858961.3878971464,-145989.1212304798,2377332.3,4597925.729590815,156738.87040918553,856486.1333333333,1858961.3878971464,-145989.1212304798
299,2488416.8666666667,3562330.737235879,1414502.9960974543,1934074.9,3596207.14971786,271942.65028213966,2125394.3666666667,3830341.8144395733,420446.9188937603,869154.7333333333,1801468.811140705,-63159.34447403834,2260262.5,4129507.0251612123,391017.97483878746,869154.7333333333,1801468.811140705,-63159.34447403834
300,2493781.6666666665,3624299.5203523217,1363263.812981011,2065198.0666666667,3793696.0509818336,336700.08235149994,2343513.1166666667,4180713.893710577,506312.3396227567,828527.7666666667,1659140.1259158284,-2084.592582494952,2358498.966666667,4229697.754493099,487300.1788402351,828527.7666666667,1659140.1259158284,-2084.592582494952
301,3257945.6333333333,5022458.443008212,1493432.8236584547,2090355.1166666667,3994002.178741974,186708.05459135934,2217390.6666666665,4138877.2473498983,295904.0859834347,999318.2,2054523.6584832633,-55887.25848326343,2280044.6666666665,4216957.783454915,343131.5498784187,999318.2,2054523.6584832633,-55887.25848326343
302,3539324.933333333,5771945.673855676,1306704.19281099,2024680.8333333333,3771170.386713831,278191.2799528353,2161429.2666666666,3930504.196343595,392354.3369897378,801364.8,1599666.8981216839,3062.701878316235,2278026.433333333,4113495.0751935425,442557.7914731237,801364.8,1599666.8981216839,3062.701878316235
303,3517743.8,5825903.256194145,1209584.3438058542,2153239.933333333,4049479.109763852,257000.75690281438,2267915.75,4200291.502186957,335539.9978130434,477131.9,1008679.6899010125,-54415.889901012415,2440360.8333333335,4476596.175221216,404125.4914454506,477131.9,1008679.6899010125,-54415.889901012415
304,3110195.566666667,5069196.846693324,1151194.28664001,1727994.7333333334,3218573.769740006,237415.69692666084,1757852.5833333333,3228870.8918094467,286834.2748572198,427319.1666666667,1009765.9693571487,-155127.63602381543,2082247.9333333333,3838357.128772437,326138.7378942296,427319.1666666667,1009765.9693571487,-155127.63602381543
305,2952965.0,4819725.646148336,1086204.3538516636,1653242.0666666667,3003021.781855365,303462.3514779685,1803031.1333333333,3244456.9021543222,361605.36451234436,411845.93333333335,926569.1977414134,-102877.33107474667,1968755.6666666667,3471680.753028064,465830.5803052692,411845.93333333335,926569.1977414134,-102877.33107474667
306,2946802.2333333334,4547664.039434301,1345940.4272323658,1762634.4333333333,3105048.9077539816,420219.9589126853,1934723.9833333334,3375241.511477367,494206.4551893,430125.3,911077.8108170057,-50827.21081700572,2011033.2,3439099.903441713,582966.496558287,430125.3,911077.8108170057,-50827.21081700572
307,2602470.2666666666,3925630.7070537256,1279309.8262796078,1489327.95,2682128.691382237,296527.2086177631,1694009.15,2974973.853356621,413044.4466433788,776414.6333333333,1623860.8524257508,-71031.5857590842,1702580.9666666666,2965594.485460351,439567.4478729821,776414.6333333333,1623860.8524257508,-71031.5857590842
308,2683672.4,4131090.333798877,1236254.4662011229,1319622.85,2522001.9259020733,117243.77409792668,1536503.6833333333,2825890.4617680353,247116.9048986314,652141.1333333333,1386125.5948180212,-81843.32815135445,1539097.1333333333,2811141.452585344,267052.81408132217,652141.1333333333,1386125.5948180212,-81843.32815135445
309,2983902.3333333335,4795784.275995893,1172020.3906707733,1494684.0833333333,2803423.044163049,185945.12250361755,1730600.2666666666,3156927.368806485,304273.16452684836,797426.0,1711537.9844144033,-116685.98441440321,1763013.3,3167722.2404098134,358304.35959018674,797426.0,1711537.9844144033,-116685.98441440321
310,3127389.433333333,5012800.2991868295,1241978.567479837,1854670.4,3632564.6076565213,76776.19234347856,2051211.3833333333,3891536.362609514,210886.40405715234,910727.4,1957758.2917293226,-136303.4917293226,2124052.6,3972781.068918,275324.131082,910727.4,1957758.2917293226,-136303.4917293226
311,3061386.2666666666,4977220.654128567,1145551.8792047661,1667965.1333333333,2966978.3292686106,368951.93739805603,1790406.3833333333,3164201.931301833,416610.83536483324,945496.7,1991114.5838964279,-100121.18389642786,1932917.5333333334,3329473.61541342,536361.4512532472,945496.7,1991114.5838964279,-100121.18389642786
312,2976810.8,4692582.406337205,1261039.193662794,1670405.1333333333,2993304.2047758624,347506.0618908042,1875536.6333333333,3293032.9760361966,458040.29063047003,425822.26666666666,873682.0298952612,-22037.49656192778,1931471.6,3354818.742449144,508124.45755085605,425822.26666666666,873682.0298952612,-22037.49656192778
313,2970799.7666666666,4812263.075223439,1129336.458109894,2059367.0166666666,3870710.8361058943,248023.19722743914,2334490.3666666667,4249859.5825461345,419121.1507871987,463446.9666666667,950367.7206658367,-23473.7873325033,2307806.7666666666,4187021.259404459,428592.27392887394,463446.9666666667,950367.7206658367,-23473.7873325033
314,3041072.8333333335,4916253.075539698,1165892.5911269693,1714087.05,3101797.2836169438,326376.81638305634,1979910.1666666667,3503676.947727491,456143.38560584234,458596.9666666667,1032036.7476079734,-114842.81427464006,1997753.9,3487057.829059518,508449.97094048164,458596.9666666667,1032036.7476079734,-114842.81427464006
315,2602114.1333333333,4301456.364588413,902771.9020782528,1904683.1,3432785.5745436205,376580.62545637996,2147358.0166666666,3773194.3701633946,521521.6631699386,469643.13333333336,992965.6156925121,-53679.34902584541,2252343.066666667,3882909.391672968,621776.7416603658,469643.13333333336,992965.6156925121,-53679.34902584541
316,2678044.2,4196605.1549144965,1159483.245085504,1703075.4,3083767.320341396,322383.47965860367,1867413.85,3307072.06371742,427755.63628258,855395.1333333333,1769310.3988602273,-58520.132193560596,1948850.3666666667,3412408.401277283,485292.3320560502,855395.1333333333,1769310.3988602273,-58520.132193560596
317,2474603.8333333335,3899517.6986783557,1049689.967988311,1575842.8833333333,2816824.68100194,334861.0856647268,1715452.0833333333,3023227.3610443994,407676.80562226684,936149.5666666667,2039378.855702477,-167079.72236914374,1804173.5666666667,3143200.9216366448,465146.2116966883,936149.5666666667,2039378.855702477,-167079.72236914374
318,2400929.1333333333,3778647.962104938,1023210.3045617288,1236559.0,2091145.0424921275,381972.9575078724,1378405.4666666666,2321483.8081616038,435327.12517172936,747165.4333333333,1617423.8683575217,-123093.00169085502,1464724.2666666666,2440965.2702653143,488483.26306801906,747165.4333333333,1617423.8683575217,-123093.00169085502
319,2363392.5,3623522.0827246173,1103262.9172753827,1333024.2833333334,2238333.5636592866,427715.0030073804,1488781.4,2482299.8001931384,495262.99980686116,836808.8666666667,1766715.997415844,-93098.26408251037,1585124.4333333333,2603803.4098534635,566445.4568132032,836808.8833333333,1766716.012095734,-93098.24542906752
320,2446354.7333333334,3659518.409211397,1233191.0574552696,1521457.1833333333,2539896.886395509,503017.4802711578,1660969.0,2747432.5291607846,574505.4708392152,734351.5333333333,1455572.215065726,13130.851600940572,1762489.7,2862856.7847138164,662122.6152861835,734351.55,1455572.229484384,13130.870515616029
321,2362200.2333333334,3692390.7920033205,1032009.6746633463,1641476.8166666667,2818006.7692523636,464946.8640809697,1789926.15,3036971.170941223,542881.1290587769,759991.8,1504279.736703444,15703.863296556054,1908521.6333333333,3190564.6704269433,626478.596239723,759991.8166666667,1504279.7511157151,15703.882217618171
322,2597703.6666666665,4084192.1833430314,1111215.1499903013,1770764.2166666666,3243114.9288298152,298413.50450351764,1975647.5333333334,3541721.7511012154,409573.31556545175,807750.3,1551206.6976342062,64293.902365794056,2036143.6333333333,3594169.630546933,478117.6361197338,807750.3,1551206.6976342062,64293.902365794056
323,2828204.6333333333,4460053.376382439,1196355.8902842272,1835722.6666666667,3267094.2882972322,404351.04503610125,2075903.6833333333,3622520.6771738036,529286.6894928629,544821.3333333334,1155649.7229598593,-66007.05629319255,2154095.0,3711778.5151253934,596411.4848746066,544821.3333333334,1155649.7229598593,-66007.05629319255
324,2598783.1,4199412.008478299,998154.1915217019,1332362.8666666667,2213847.591496458,450878.1418368756,1379414.35,2330740.462398208,428088.237601792,367386.4666666667,780358.9346461901,-45586.00131285685,1618964.0,2717356.3894360196,520571.6105639804,367386.4666666667,780358.9346461901,-45586.00131285685
325,2668216.566666667,4275271.622351391,1061161.510981943,1290694.55,2158602.6718536485,422786.42814635136,1272406.1333333333,2137370.503322202,407441.76334446494,365412.6666666667,727047.4201778123,3777.9131555210333,1529059.7666666666,2541787.0762585816,516332.4570747516,365412.6666666667,727047.4201778123,3777.9131555210333
326,2490588.566666667,3984950.524755165,996226.608578169,1653427.5833333333,2874054.4401071547,432800.7265595116,1654871.5333333334,2896684.665181866,413058.40148480097,679303.6333333333,1269894.070149703,88713.19651696377,1861566.4,3182468.9901643,540663.8098356999,679303.6333333333,1269894.070149703,88713.19651696377
327,2409478.6333333333,3815262.933242223,1003694.3334244436,1432574.75,2412223.8666205322,452925.6333794679,1467886.7,2486702.372407779,449071.0275922209,855706.7,1602915.2661914458,108498.13380855415,1559583.6333333333,2600298.7347810436,518868.5318856229,855706.7,1602915.2661914458,108498.13380855415
328,2439920.433333333,3805576.3045555474,1074264.562111119,1187866.65,1970049.2830951535,405684.0169048464,1189881.5666666667,1995891.5165361366,383871.6167971967,784416.0333333333,1560484.6291001022,8347.437566564418,1347820.2333333334,2215936.8940325174,479703.5726341492,784416.0333333333,1560484.6291001022,8347.437566564418
329,2490730.1666666665,3851483.433094798,1129976.900238535,1295288.3,2114935.2496198146,475641.35038018564,1270861.7,2095868.2980959015,445855.1019040985,771904.8,1499471.3325003744,44338.26749962557,1465951.9,2373762.134504986,558141.6654950139,771904.8,1499471.3325003744,44338.26749962557
330,2623127.4,4088298.488158173,1157956.3118418271,1385015.9333333333,2251540.5735227405,518491.2931439262,1368578.7,2236502.2374586454,500655.1625413544,695520.2666666667,1322534.9382308307,68505.59510250262,1621788.5,2637989.2335493406,605587.7664506596,695520.6666666666,1322535.279456721,68506.05387661234
331,1871789.2,2714712.5859095454,1028865.8140904546,1371257.2333333334,2243221.562232995,499292.90443367197,1270505.8333333333,2087414.823447975,453596.8432186914,514316.23333333334,1004022.0576223077,24610.409044359054,1669757.9333333333,2798651.224240907,540864.6424257597,514316.23333333334,1004022.0576223077,24610.409044359054
332,1760589.5333333334,2574406.375329639,946772.6913370278,1613796.65,2858438.2699390305,369155.03006096906,1555450.7333333334,2781190.684139751,329710.78252691566,527744.1,1029269.8595218221,26218.340478177823,1908566.8,3349679.657391526,467453.94260847406,527744.1,1029269.8595218221,26218.340478177823
333,1705173.9666666666,2494796.871012248,915551.062321085,1854130.1166666667,3333897.954619929,374362.2787134042,1792148.65,3250147.3440481196,334149.9559518802,592143.8666666667,1145799.997039901,38487.7362934323,2194060.6,3870834.198274168,517287.00172583223,592144.1666666666,1145800.2545382164,38488.07879511686
334,1541375.5666666667,2193975.448917063,888775.6844162701,1721487.6,2855277.841880402,587697.3581195981,1650800.7333333334,2747668.014321519,553933.452345148,678212.4666666667,1380907.3590777835,-24482.425744450185,2127888.2,3610064.0806026105,645712.3193973897,678212.6,1380907.4753642133,-24482.275364213507
335,1613137.9666666666,2401968.6190561806,824307.3142771526,1919159.85,3197249.979081602,641069.7209183981,1993727.4,3307000.972588431,680453.827411569,840296.7,1762502.0253496715,-81908.62534967146,2338149.1666666665,3898290.511249617,778007.8220837158,840296.7,1762502.0253496715,-81908.62534967146
336,1802380.3333333333,2643174.4501632936,961586.2165033726,2259788.5833333335,3911917.688519517,607659.4781471498,2416134.1166666667,4137639.4163903403,694628.8169429931,1273582.8333333333,2505234.6552389693,41931.01142769749,2622134.3,4444611.439590043,799657.160409956,1273582.8333333333,2505234.6552389693,41931.01142769749
337,1737285.6,2512429.744749561,962141.455250439,2049445.75,3429768.1931855893,669123.3068144105,2103554.566666667,3520296.1696179835,686812.9637153503,1102337.8666666667,2198342.9333301443,6332.800003189128,2431946.2,4077732.4504447933,786159.9495552068,1102337.8666666667,2198342.9333301443,6332.800003189128
338,1848754.6,2699438.6283988473,998070.5716011528,1622084.1166666667,2728248.11421117,515920.1191221634,1695162.55,2834276.189141377,556048.9108586235,896114.7,1807908.8032868518,-15679.403286851943,1892657.6333333333,3168626.1260243636,616689.140642303,896114.7,1807908.8032868518,-15679.403286851943
339,2003889.4,2947761.262944443,1060017.537055557,1839954.7833333334,3061470.332285538,618439.234381129,1818213.5166666666,3033008.9169801464,603418.1163531868,1029775.5666666667,2074602.2409735424,-15051.107640209026,2237204.2666666666,3756455.5021396065,717953.0311937267,1029775.5666666667,2074602.2409735424,-15051.107640209026
340,1941511.4333333333,2927455.061563897,955567.8051027696,1697881.2166666666,2852029.584416851,543732.8489164822,1685207.05,2837946.1269799387,532467.9730200614,902425.1333333333,1785740.3513546311,19109.915312035475,2036282.9666666666,3434406.1384762786,638159.7948570545,902427.9666666667,1785742.8013288586,19113.132004474755
341,1535327.4,2304078.311340831,766576.4886591688,1798496.7333333334,3001605.5374876373,595387.9291790298,1730059.9833333334,2903048.8905408946,557071.0761257722,1074229.1,2171267.938452162,-22809.738452161662,2105899.2666666666,3496063.754691067,715734.778642266,1074229.1,2171267.938452162,-22809.738452161662
342,1803892.9,2728688.058822327,879097.741177673,1759533.8833333333,2987402.966009208,531664.8006574586,1693453.1333333333,2888039.088023091,498867.1786435754,645037.0,1254036.8286539186,36037.17134608142,2067070.9333333333,3514654.7157487012,619487.1509179652,645037.0,1254036.8286539186,36037.17134608142
343,2073157.7333333334,3326802.154705738,819513.3119609286,1999125.5833333333,3407027.9336418854,591223.2330247809,1945910.85,3329438.982562692,562382.717437308,768164.1,1482095.679795327,54232.520204673056,2402564.1666666665,4085803.208584834,719325.1247484994,768164.1,1482095.679795327,54232.520204673056
344,1672408.7,2622077.6565884594,722739.7434115406,1684149.3,2831364.9175898745,536933.6824101256,1778141.1333333333,2979003.5106708994,577278.755995767,726954.8,1462550.846656408,-8641.246656407835,2040042.9333333333,3449850.1636846773,630235.7029819894,726954.8,1462550.846656408,-8641.246656407835
345,1607772.1333333333,2508074.970499037,707469.29616763,1917002.2833333334,3227390.425658106,606614.1410085612,2144580.566666667,3574601.9662705753,714559.1670627587,900815.2666666667,1806441.75148327,-4811.218149936525,2368234.5,4026139.136989169,710329.8630108312,900815.2666666667,1806441.75148327,-4811.218149936525
346,1712074.8,2669386.049553438,754763.5504465621,2076128.55,3512447.6033358867,639809.4966641134,2273963.35,3830425.7260924336,717500.9739075664,923238.7,1827573.9681343893,18903.431865610764,2538187.4,4291902.269661129,784472.5303388704,923238.7,1827573.9681343893,18903.431865610764
347,1732394.3666666667,2692811.63330407,771977.1000292632,2039759.05,3525178.1604867936,554339.9395132065,2132430.283333333,3668179.2464335323,596681.3202331341,883816.7666666667,1836649.4421883826,-69015.90885504917,2482434.6666666665,4302592.97171909,662276.3616142436,883816.7666666667,1836649.4421883826,-69015.90885504917
348,1663431.6333333333,2592303.531888538,734559.7347781283,1509890.1166666667,2816792.0276258644,202988.2057074688,1549130.6833333333,2874160.7357819416,224100.6308847249,634323.3333333334,1433850.0166544379,-165203.349987771,1840833.4,3499336.9383582044,182329.86164179514,634323.3333333334,1433850.0166544379,-165203.349987771
349,1898072.5,2923434.348304753,872710.6516952467,1483644.6666666667,2729351.1921454747,237938.14118785877,1504037.1,2763484.328809375,244589.87119062524,633922.5666666667,1439915.3190640504,-172070.18573071726,1756218.8,3283905.172840309,228532.42715969123,633922.5666666667,1439915.3190640504,-172070.18573071726
350,1912697.2666666666,2893602.3985049673,931792.134828366,1444343.7333333334,2701506.4789509317,187180.9877157351,1537367.8,2836058.990062968,238676.609937032,679939.4666666667,1561090.487611581,-201211.55427824776,1679117.1333333333,3167357.491437714,190876.77522895252,679939.4666666667,1561090.487611581,-201211.55427824776
351,1827167.3,2761672.661664159,892661.938335841,1640023.8333333333,3029409.0031775916,250638.6634890749,1732205.8,3159753.7276482005,304657.8723517996,852809.1666666666,1962080.3243886344,-256461.99105530104,1801146.6,3282396.716454296,319896.4835457043,852809.1666666666,1962080.3243886344,-256461.99105530104
352,1786624.0,2671364.0092536695,901883.9907463307,1551602.1333333333,2902866.5505588586,200337.7161078083,1592113.45,2965291.72139306,218935.1786069402,773170.0,1750719.371059251,-204379.37105925113,1683360.3666666667,3118947.0556560243,247773.67767730914,773170.0,1750719.371059251,-204379.37105925113
353,1941635.9333333333,2977848.3228310905,905423.543835576,1740939.7833333334,3345110.425358138,136769.14130852907,1831925.7333333334,3478630.3684435887,185221.09822307783,764254.4333333333,1641504.7890845756,-112995.9224179089,1891804.0666666667,3565674.184221456,217933.94911187747,764254.5166666667,1641504.8628008168,-112995.82946748333
354,2090538.5333333334,3314414.9005219536,866662.1661447135,1269282.1,2363882.8925270177,174681.30747298268,1449220.0,2638944.359354468,259495.64064553194,522473.8,1172450.8881829036,-127503.28818290372,1423887.4666666666,2635582.0245994795,212192.90873385337,522473.86666666664,1172450.9477507656,-127503.21441743238
355,2025610.3666666667,3149040.2241468662,902180.5091864669,1547008.7333333334,2909663.9233228154,184353.54334385134,1650883.65,3038046.6256715106,263720.674328489,492255.0333333333,1075920.8250955627,-91410.75842889596,1796505.2,3421522.782932056,171487.61706794356,492255.0333333333,1075920.8250955627,-91410.75842889596
356,1922218.2,2941566.5618848233,902869.8381151764,1785540.9666666666,3469938.829554688,101143.1037786447,1824173.4833333334,3510197.9404208562,138149.02624581056,833124.4333333333,1806215.5125518958,-139966.64588522923,1875961.9,3609217.8449235912,142705.95507640857,833124.4333333333,1806215.5125518958,-139966.64588522923
357,1992022.4,3129537.2398510086,854507.5601489912,1748311.1,3350843.769494065,145778.43050593534,1797274.7,3401275.8925442523,193273.50745574757,734079.6,1608577.3044189583,-140418.1044189582,1901087.2666666666,3662497.3532455023,139677.1800878311,734079.6,1608577.3044189583,-140418.1044189582
358,1857278.2333333334,2894112.90190823,820443.564758437,1580365.2333333334,3080849.4883212354,79880.97834543162,1721790.2166666666,3248677.7377021224,194902.6956312107,680974.4,1545486.7724761795,-183537.97247617936,1706775.2666666666,3331614.37462484,81936.15870849323,680974.4,1545486.7724761795,-183537.97247617936
359,2228717.1666666665,3517316.4868943044,940117.8464390286,1470167.05,2853103.057363521,87231.04263647925,1520957.7666666666,2908134.4686916815,133781.06464165146,644751.8666666667,1461772.555756169,-172268.8224228354,1609687.6666666667,3159667.943566366,59707.38976696762,644751.8666666667,1461772.555756169,-172268.8224228354
360,2294836.7333333334,3557274.015497794,1032399.4511688729,1661362.3,3095188.3918276206,227536.20817237953,1708769.25,3145555.465611845,271983.0343881552,742001.6,1592610.731032084,-108607.53103208402,1878742.0333333334,3554689.5013722805,202794.5652943866,742326.75,1592899.5341435387,-108246.03414353856
361,2122620.0,3368946.200437398,876293.7995626018,1815787.8166666667,3339286.953588324,292288.67974500917,1872140.3166666667,3405180.345151894,339100.2881814395,805845.9,1727258.9777033315,-115567.17770333134,1912924.1666666667,3467429.5545113757,358418.77882195776,805845.9,1727258.9777033315,-115567.17770333134
362,2021075.9666666666,3123265.5350334607,918886.3982998724,1813757.4833333334,3438998.8679543613,188516.09871230554,1887775.5333333334,3534193.651180639,241357.41548602795,802637.7,1698500.6925249065,-93225.29252490657,1900609.8,3543312.0612300737,257907.53876992664,802637.7,1698500.6925249065,-93225.29252490657
363,2251688.6666666665,3550200.603612928,953176.7297204048,1980687.8666666667,3674580.572454527,286795.16087880614,1992295.6666666667,3707900.561593102,276690.77174023166,806483.0666666667,1683135.137009757,-70169.00367642392,2172985.3333333335,4020559.7205164926,325410.94615017436,806483.0666666667,1683135.137009757,-70169.00367642392
364,2123898.0,3410834.2150150994,836961.7849849006,1729537.85,3147000.792853023,312074.90714697726,1930758.5333333334,3490216.069650694,371300.9970159731,339956.1,792098.5398215387,-112186.33982153877,1867283.5666666667,3377347.0110308323,357220.12230250076,339956.1,792098.5398215387,-112186.33982153877
365,2121430.566666667,3343348.178553014,899512.9547803195,1927180.3333333333,3547388.7772401636,306971.8894265031,2169497.1666666665,3947722.273031948,391272.06030138466,670123.7333333333,1307075.7089466103,33171.757720056106,2058312.5666666667,3753165.993457065,363459.1398762681,670123.7333333333,1307075.7089466103,33171.757720056106
366,2283053.3666666667,3633951.2555636913,932155.4777696424,2132256.283333333,4055943.2529793913,208569.3136872754,2254440.566666667,4255536.896333668,253344.23699966492,1648101.2,3631225.099336788,-335022.6993367879,2323271.0,4383446.453166893,263095.54683310725,1648101.2,3631225.099336788,-335022.6993367879
367,1950217.2333333334,3185120.4103305824,715314.0563360841,2032615.0166666666,4023200.8723931545,42029.1609401789,2091923.5333333334,4124821.4119166294,59025.654750037706,1654521.6,3631324.5735007217,-322281.3735007213,2250807.433333333,4400687.298023797,100927.56864286959,1654521.6,3631324.5735007217,-322281.3735007213
368,1807616.0666666667,2904013.232056138,711218.901277195,2302829.466666667,4296900.624245932,308758.3090874017,2406412.25,4452326.335056922,360498.16494307783,1539731.4333333333,3317871.57536763,-238408.7087009633,2476372.533333333,4565907.4089588635,386837.6577078027,1539731.4333333333,3317871.57536763,-238408.7087009633
369,2027831.8333333333,3096533.2245751824,959130.4420914839,2294717.466666667,4306536.895610499,282898.0377228344,2511276.066666667,4586303.551380702,436248.5819526317,1553958.6333333333,3316654.1386503326,-208736.8719836662,2390963.1666666665,4420595.034063903,361331.2992694306,1553958.6333333333,3316654.1386503326,-208736.8719836662
370,2287574.3333333335,3589430.4765569735,985718.1901096937,2459034.966666667,4637357.939206382,280711.99412695086,2653864.05,4885167.37216286,422560.7278371402,1492958.8,3164158.553842702,-178240.9538427021,2582709.066666667,4799269.77478848,366148.3585448535,1492958.8,3164158.553842702,-178240.9538427021
371,2414174.466666667,3880570.252196423,947778.681136911,2623147.4,5021524.223430492,224770.57656950736,2766682.7,5210951.631562276,322413.768437725,1571081.3666666667,3384452.853003606,-242290.11967027257,2807584.033333333,5260167.241363851,355000.82530281506,1571081.3666666667,3384452.853003606,-242290.11967027257
372,2618962.1,4423388.35768135,814535.8423186506,2000606.9666666666,3868819.957542707,132393.97579062567,2194532.6666666665,4151382.9197843676,237682.41354896547,1563787.9,3452937.2723182337,-325361.4723182339,2187518.1666666665,4125740.923330579,249295.4100027543,1563787.9,3452937.2723182337,-325361.4723182339
373,2244421.033333333,3760899.7299235156,727942.3367431508,1788743.2166666666,3514390.866576568,63095.56675676489,1992483.8666666667,3814147.88889469,170819.8444386432,1043963.7,2282933.9370772517,-195006.53707725182,1926808.0333333334,3692908.089850289,160707.97681637784,1043963.7,2282933.9370772517,-195006.53707725182
374,1928435.0333333334,3311933.9661446367,544936.1005220301,1360900.8,2446550.5518820025,275251.0481179976,1579724.7833333334,2801703.473177863,357746.09348880406,518037.93333333335,1075080.6527664815,-39004.78609981469,1452198.7,2575658.3120368454,328739.08796315454,518037.93333333335,1075080.6527664815,-39004.78609981469
375,1913845.5666666667,3187710.392822872,639980.7405104614,1712378.9,3094490.7546236045,330267.04537639534,1917588.1166666667,3405395.0780631783,429781.15527015505,888509.2,1837319.4001522996,-60301.00015229976,1829450.6,3255639.592068318,403261.6079316824,888509.2,1837319.4001522996,-60301.00015229976
376,2030997.5666666667,3382142.449006771,679852.6843265621,1752362.4666666666,3300066.817788376,204658.1155449571,1975441.1166666667,3633144.198808726,317738.03452460724,1181690.5333333334,2402224.026942195,-38842.96027552802,1865822.1333333333,3446016.341683855,285627.9249828118,1181690.5333333334,2402224.026942195,-38842.96027552802
377,1879961.4333333333,3098826.474799105,661096.3918675617,1977550.8166666667,3586452.9454333074,368648.6879000261,2176064.716666667,3877597.359603394,474532.0737299395,1316024.7333333334,2678253.6065915097,-46204.13992484263,2092078.9,3736742.1285524108,447415.67144758883,1316024.7333333334,2678253.6065915097,-46204.13992484263
378,1738950.9666666666,2824536.405581681,653365.5277516521,1944831.6333333333,3560382.880400677,329280.3862659896,2167985.783333333,3887972.3016980533,447999.2649686134,1385553.6333333333,2914847.3643241692,-143740.0976575024,2056049.3333333333,3700113.1723456904,411985.4943209763,1385553.6333333333,2914847.3643241692,-143740.0976575024
379,2094974.9,3391075.4708555713,798874.3291444287,2269298.933333333,4195808.282526268,342789.5841403981,2500623.2666666666,4499914.665281463,501331.86805186956,1643070.9,3422264.2923232513,-136122.4923232512,2375169.2,4325570.915672889,424767.4843271109,1643070.9,3422264.2923232513,-136122.4923232512
380,2354709.6333333333,3827158.8044720446,882260.462194622,2361007.3666666667,4374826.308514295,347188.4248190387,2546845.466666667,4602114.556312241,491576.3770210934,1658606.0333333334,3454875.563462601,-137663.4967959344,2415694.433333333,4443851.760359903,387537.10630676337,1658606.0333333334,3454875.563462601,-137663.4967959344
381,2266662.066666667,3833415.299275429,699908.8340579045,2134539.716666667,3924308.713183225,344770.72015010845,2312609.5,4157003.2560378932,468215.74396210676,1823722.2666666666,3854289.429931756,-206844.8965984229,2252627.6,4078675.8998199953,426579.30018000514,1823722.2666666666,3854289.429931756,-206844.8965984229
382,2180698.6333333333,3727313.1026983475,634084.1639683188,2199095.8833333333,4187622.709449139,210569.05721752765,2342094.216666667,4400159.7347509,284028.6985824334,1766579.2666666666,3765881.230489619,-232722.69715628563,2408235.433333333,4491177.142377775,325293.72428889084,1766579.2666666666,3765881.230489619,-232722.69715628563
383,2535365.1666666665,4335093.895061598,735636.4382717351,2085811.9166666667,3999109.7940761973,172514.03925713617,2284132.216666667,4278709.934840717,289554.49849261646,1404112.3666666667,2981583.4048191365,-173358.6714858031,2218207.1333333333,4168643.0318086855,267771.2348579811,1404112.3666666667,2981583.4048191365,-173358.6714858031
384,2152682.466666667,3735596.3502954287,569768.5830379049,2010097.35,3617110.6551109906,403084.0448890098,2243291.7333333334,3978410.8807437844,508172.5859228824,1092266.7333333334,2166674.113031343,17859.3536353237,2148079.433333333,3806066.6062541055,490092.2604125608,1092266.7333333334,2166674.113031343,17859.3536353237
385,2209413.4,3721576.976334492,697249.8236655076,2473542.8333333335,4447322.73565135,499762.9310153178,2666280.4,4740938.420271225,591622.3797287748,1140418.9666666666,2224646.823882648,56191.109450685326,2683607.066666667,4768321.470907539,598892.6624257946,1140418.9666666666,2224646.823882648,56191.109450685326
386,2853874.6,4581461.255658082,1126287.9443419185,3009576.8833333333,5338770.114828782,680383.651837884,3448618.75,5934824.705288136,962412.7947118632,1485215.1333333333,3010771.7664093403,-40341.49974267394,3254732.8666666667,5644881.281765409,864584.451567925,1485215.1333333333,3010771.7664093403,-40341.49974267394
387,2167309.8333333335,3463803.339332734,870816.3273339332,2898166.4833333334,5160417.58222099,635915.384445677,3260206.7,5661630.049140149,858783.3508598516,1319102.3666666667,2681536.6070877933,-43331.8737544599,3111971.7333333334,5427950.966823626,795992.499843041,1319102.3666666667,2681536.6070877933,-43331.8737544599
388,2122536.6666666665,3274013.998677872,971059.3346554607,2844733.033333333,5141439.624795709,548026.4418709581,3274126.1666666665,5717958.462373059,830293.8709602742,1377749.2,2799199.295990348,-43700.89599034819,3039896.1666666665,5379330.712448433,700461.6208849,1377749.2,2799199.295990348,-43700.89599034819
389,2158693.6333333333,3448763.205981227,868624.0606854395,2643159.316666667,4696872.65349843,589445.9798349044,3051749.05,5238573.897575808,864924.2024241919,1436037.1666666667,2900161.1772662923,-28086.84393295902,2951349.066666667,5154777.734296753,747920.3990365807,1436037.1666666667,2900161.1772662923,-28086.84393295902
390,2491756.6333333333,4170074.4366023717,813438.8300642951,2517091.65,4313962.331995027,720220.9680049729,2826121.8833333333,4720628.142873515,931615.6237931512,1465695.9,2876391.7561111795,55000.04388882057,2916033.566666667,4969214.807023065,862852.3263102681,1465695.9,2876391.7561111795,55000.04388882057
391,2362027.533333333,3976232.5048278566,747822.5618388099,2607659.7666666666,4643616.533444956,571702.9998883775,3025602.3666666667,5170275.637109604,880929.0962237297,1559943.1333333333,3142864.206419204,-22977.93975253729,2871520.066666667,4971231.513821466,771808.6195118679,1559943.1333333333,3142864.206419204,-22977.93975253729
392,3173195.1333333333,5587588.816297406,758801.4503692607,2144547.783333333,3846890.709428566,442204.8572381004,2440523.6666666665,4236421.553074056,644625.780259277,1180086.4666666666,2417714.366510071,-57541.43317673798,2391184.6333333333,4160874.044698693,621495.2219679737,1180086.4666666666,2417714.366510071,-57541.43317673798
393,3346150.3333333335,5886885.952617886,805414.7140487814,2776817.95,5010642.4634630205,542993.4365369799,3111560.45,5459056.568483265,764064.3315167353,1504129.2666666666,3138913.5321780248,-130654.99884469155,3066027.7333333334,5389132.530162798,742922.9365038681,1504129.2666666666,3138913.5321780248,-130654.99884469155
394,3164984.7,5366218.241955568,963751.1580444323,2386185.15,4324385.8926147,447984.40738529945,2661603.816666667,4711973.623357086,611234.0099762473,1089197.5666666667,2290858.851599961,-112463.71826662775,2655221.6666666665,4685697.142236681,624746.1910966525,1089197.5666666667,2290858.851599961,-112463.71826662775
395,3319785.9,5554411.70860103,1085160.0913989702,2531207.5833333335,4487908.9146564575,574506.2520102095,2810543.716666667,4872416.085990555,748671.3473427789,1217876.0666666667,2463975.1171998736,-28222.983866540482,2799176.2333333334,4838023.827034361,760328.6396323061,1217876.0666666667,2463975.1171998736,-28222.983866540482
396,3670293.3666666667,6190291.878066592,1150294.8552667415,2516921.933333333,4535821.122559087,498022.74410757865,2874037.35,5002049.7907026615,746024.9092973382,1475491.4333333333,3051601.383930663,-100618.51726399641,2727505.7333333334,4798185.612127919,656825.854538748,1475491.4333333333,3051601.383930663,-100618.51726399641
397,2483614.6666666665,3921505.141489474,1045724.1918438587,2286551.75,4020356.0791307604,552747.4208692398,2569352.9166666665,4418611.122067362,720094.7112659705,1110421.4333333333,2233273.0429104418,-12430.176243775291,2562908.033333333,4392723.566109588,733092.500557078,1110421.4333333333,2233273.0429104418,-12430.176243775291
398,2455996.2,3923196.1042076424,988796.2957923578,1973593.6833333333,3566024.517716947,381162.84894971945,2283748.183333333,4032731.2207209673,534765.1459456992,1316662.5333333334,3045076.8948293487,-411751.8281626818,2308102.8333333335,4071087.072580807,545118.5940858603,1316662.5333333334,3045076.8948293487,-411751.8281626818
399,2457420.8666666667,3857040.798126608,1057800.9352067255,2153128.1666666665,3821099.761254699,485156.5720786338,2354914.966666667,4102246.428386285,607583.5049470484,1585712.1333333333,3571941.750421771,-400517.48375510424,2421214.466666667,4233962.748588443,608466.1847448908,1585712.1333333333,3571941.750421771,-400517.48375510424
400,2865250.8333333335,4796260.288281232,934241.3783854351,2305523.75,4131035.2784420713,480012.2215579287,2391162.0,4237164.157105187,545159.8428948126,1539630.9666666666,3486387.146473832,-407125.21314049885,2668425.4,4752331.311351407,584519.4886485927,1539630.9666666666,3486387.146473832,-407125.21314049885
401,2701340.933333333,4559543.651073663,843138.2155930032,2240032.45,4041539.8113831007,438525.0886168997,2491507.2666666666,4375965.574930338,607048.9584029946,1590592.6666666667,3599504.1567528425,-418318.8234195092,2470707.7666666666,4336175.568067064,605239.9652662699,1590592.6666666667,3599504.1567528425,-418318.8234195092
402,2924470.2666666666,4910944.192216264,937996.3411170694,2238380.566666667,4035867.784890103,440893.3484432306,2582341.35,4535697.825748247,628984.8742517529,1559889.2666666666,3546558.479722292,-426779.94638895895,2521435.6666666665,4423167.423664866,619703.9096684675,1559889.2666666666,3546558.479722292,-426779.94638895895
403,3803408.566666667,6640292.217873471,966524.9154598624,2211139.716666667,3930308.606409458,491970.8269238756,2494759.5833333335,4355378.087249692,634141.0794169751,1598630.8,3537717.6280510323,-340456.0280510322,2558646.0,4450175.276160294,667116.723839706,1598630.8,3537717.6280510323,-340456.0280510322
404,3593134.0,6309151.557302982,877116.4426970179,2019552.3,3708484.6759016607,330619.92409833963,2405983.283333333,4259830.449486442,552136.117180225,1107850.9333333333,2475397.178843665,-259695.31217699847,2259631.2666666666,4038063.5306993546,481199.0026339784,1107850.9333333333,2475397.178843665,-259695.31217699847
405,3520049.033333333,6057256.228254026,982841.8384126402,2160342.783333333,3935908.7099681133,384776.8566985533,2547982.8333333335,4476568.871618003,619396.7950486643,1121153.2333333334,2413277.339158741,-170970.87249207427,2403067.933333333,4248642.538868711,557493.3277979551,1121153.2333333334,2413277.339158741,-170970.87249207427
406,3330191.8,5733646.993561197,926736.606438803,1790837.2833333334,3246619.2053692164,335055.3612974505,2047204.0,3584022.7994965147,510385.2005034855,1628878.2,3653655.771904963,-395899.3719049629,1947045.2666666666,3449002.540482499,445087.99285083404,1628878.2,3653655.771904963,-395899.3719049629
407,2949087.9,5122569.052497061,775606.7475029393,1862755.6666666667,3488251.8990476155,237259.43428571802,2210360.05,3953046.171541738,467673.92845826177,1818975.5333333334,4032500.5851259017,-394549.5184592351,2015865.5666666667,3682148.0261512753,349583.1071820578,1818975.5333333334,4032500.5851259017,-394549.5184592351
408,2314294.033333333,3850891.17413199,777696.8925346765,1875157.8333333333,3567635.639940587,182680.0267260794,2194593.5833333335,3983086.944573772,406100.2220928946,1731146.8666666667,3892019.6485660593,-429725.9152327259,2004872.8666666667,3736292.7954620617,273452.937871272,1731146.8666666667,3892019.6485660593,-429725.9152327259
409,2574574.566666667,4421701.653789173,727447.4795441609,2063302.6666666667,3849456.3191332426,277149.01420009066,2452143.9833333334,4363755.170272576,540532.7963940911,1645716.4,3669613.496032561,-378180.69603256136,2205863.933333333,4032088.8718228023,379638.9948438639,1645716.4,3669613.496032561,-378180.69603256136
410,2332495.033333333,3950171.206517496,714818.86014917,2215791.5833333335,4124385.0439064987,307198.1227601683,2568209.5,4575818.809070345,560600.190929655,1741645.7666666666,3807761.0044712303,-324469.47113789734,2377723.3333333335,4332637.653350131,422809.01331653656,1741645.7666666666,3807761.0044712303,-324469.47113789734
411,3112016.2333333334,5576532.30456602,647500.1621006466,2523635.4833333334,4774597.302682884,272673.66398378275,2902959.8333333335,5262245.889045052,543673.7776216152,2006391.4333333333,4410558.323438538,-397775.4567718713,2672506.4,4955787.105256942,389225.6947430577,2006391.4333333333,4410558.323438538,-397775.4567718713
412,3130146.966666667,5596955.944377924,663337.9889554093,2468229.25,4617470.33450155,318988.1654984504,2801099.683333333,5048003.052787609,554196.3138790573,1895608.8,4176237.058320134,-385019.4583201336,2664003.8333333335,4857937.318350799,470070.34831586806,1895608.8,4176237.058320134,-385019.4583201336
413,3590725.433333333,6405726.369392874,775724.497273793,2186593.1666666665,4095510.8772723307,277675.45606100233,2505676.6,4513950.431183215,497402.7688167852,1816771.2666666666,3992742.908521328,-359200.3751879949,2377181.466666667,4330348.250823822,424014.6825095122,1816771.2666666666,3992742.908521328,-359200.3751879949
414,3316252.3,6051222.695300002,581281.904699998,1921903.55,3627687.610317358,216119.4896826425,2202739.1,3990651.1384310257,414827.0615689743,1451964.3,3313124.4715364086,-409195.87153640855,2081522.8333333333,3818119.658481025,344926.00818564114,1451964.3,3313124.4715364086,-409195.87153640855
415,3473572.2,6288849.977695329,658294.4223046713,2256235.716666667,4203579.522355701,308891.91097763274,2565130.35,4591630.340397402,538630.3596025982,1651216.5333333334,3658199.4143885775,-355766.34772191034,2447519.8666666667,4430684.434089575,464355.29924375797,1651216.5333333334,3658199.4143885775,-355766.34772191034
416,3528639.8333333335,6146952.613550663,910327.0531160035,2360229.1,4449456.722760603,271001.4772393976,2730973.2,4928402.985954722,533543.414045278,1751991.4333333333,3868407.743126657,-364424.87645998993,2530299.1666666665,4654120.741549266,406477.59178406745,1751991.4333333333,3868407.743126657,-364424.87645998993
417,3086492.8,5323569.095294945,849416.5047050542,2075403.5166666666,3911786.244875596,239020.78845773754,2404780.1,4327635.665433751,481924.53456624923,1434939.0333333334,3147277.9018321326,-277399.8351654655,2240702.5,4121404.795217613,360000.2047823868,1434939.0333333334,3147277.9018321326,-277399.8351654655
418,3045031.6333333333,5201661.117775053,888402.1488916134,1923422.6166666667,3689573.9746614164,157271.2586719168,2303733.4833333334,4195816.3894358305,411650.5772308365,1528354.0333333334,3463435.560132331,-406727.49346566433,2129804.566666667,3962426.79998774,297182.3333455941,1528354.0333333334,3463435.560132331,-406727.49346566433
419,3071701.8666666667,5276959.447279892,866444.2860534415,2298141.2666666666,4257466.773123558,338815.76020977553,2706810.1666666665,4807829.4337537475,605790.899579586,1764735.2,3909819.0827967217,-380348.68279672205,2567408.966666667,4642506.9668409005,492310.9664924331,1764735.2,3909819.0827967217,-380348.68279672205
420,3562444.6,6255739.645190615,869149.5548093845,2122595.15,3951001.0500182444,294189.2499817556,2452443.066666667,4383432.711829355,521453.42150397925,1605502.5,3568785.974765516,-357780.9747655159,2295194.6,4176927.8249496147,413461.3750503857,1605502.5,3568785.974765516,-357780.9747655159
421,3429499.7333333334,6231924.316720532,627075.149946135,2594261.4833333334,4778838.80410715,409684.1625595172,3029063.4,5389985.684164063,668141.1158359367,1825007.6,4037636.904794288,-387621.7047942877,2816251.2666666666,5068593.6982868835,563908.8350464501,1825007.6,4037636.904794288,-387621.7047942877
422,3813275.1,6862837.1684815865,763713.0315184137,2340444.2666666666,4287236.374125899,393652.15920743416,2818117.9833333334,5057485.092363661,578750.8743030056,1739371.9666666666,3845917.7093706187,-367173.77603728534,2633310.6333333333,4716365.283233037,550255.9834336294,1739371.9666666666,3845917.7093706187,-367173.77603728534
423,3911403.9,6932208.166389737,890599.633610263,2315155.933333333,4276323.265001075,353988.6016655911,2607318.85,4733027.017468022,481610.68253197847,1642159.7333333334,3582781.1872844296,-298461.72061776253,2532973.433333333,4584845.293707554,481101.57295911177,1642159.7333333334,3582781.1872844296,-298461.72061776253
424,4053139.7,7197039.257491098,909240.1425089026,1840596.1,3336665.247732523,344526.9522674775,1968673.95,3525035.7128390297,412312.18716096994,1270821.4666666666,2860858.6404935033,-319215.7071601702,2074629.3,3699029.853407952,450228.7465920483,1270821.4666666666,2860858.6404935033,-319215.7071601702
425,3980686.4,7057406.367637187,903966.4323628126,2089806.6,3703125.9119638707,476487.2880361292,2456965.8666666667,4316006.012698655,597925.7206346781,1314262.9666666666,2850453.465423609,-221927.53209027578,2356579.066666667,4105986.392120233,607171.741213101,1314262.9666666666,2850453.465423609,-221927.53209027578
426,4111486.5,7237348.604817964,985624.3951820359,1876908.45,3345765.7446864853,408051.15531351464,2298684.283333333,4019377.0634438097,577991.5032228569,1599521.1666666667,3530661.5755722383,-331619.2422389046,2046505.0,3574861.27032728,518148.7296727202,1599521.1666666667,3530661.5755722383,-331619.2422389046
427,3893919.1333333333,6868407.995128035,919430.271538632,2064268.2,3725372.226745169,403164.17325483076,2215738.75,3927370.2572558047,504107.24274419504,1696931.7333333334,3782019.064155313,-388155.5974886466,2254674.6666666665,3978892.36114264,530456.9721906928,1696931.7333333334,3782019.064155313,-388155.5974886466
428,3777621.4,6485615.400977625,1069627.3990223757,1878347.1166666667,3356274.0179310837,400420.2154022497,2230643.6666666665,3946310.4101245212,514976.9232088118,1499041.0,3377167.6218756586,-379085.62187565886,2107289.7666666666,3693898.973771072,520680.5595622612,1499041.0,3377167.6218756586,-379085.62187565886
429,3585423.066666667,6035862.265429346,1134983.8679039883,2154370.066666667,3937225.9393107565,371514.1940225775,2457337.2666666666,4386663.298736021,528011.2345973118,1709569.3666666667,3787360.17195487,-368221.4386215368,2363781.066666667,4223537.372363431,504024.7609699024,1709569.3666666667,3787360.17195487,-368221.4386215368
430,3487799.1666666665,5819215.46419603,1156382.8691373034,2287733.4,4158545.8708640453,416920.9291359545,2548895.283333333,4519163.970921157,578626.5957455095,1647430.0,3665810.820998188,-370950.8209981879,2529906.5,4497050.986361611,562762.0136383895,1647430.0,3665810.820998188,-370950.8209981879
431,3208906.8666666667,5487596.65818564,930217.0751476926,2395460.1666666665,4388064.57344415,402855.7598891831,2605070.25,4673986.013330678,536154.4866693215,1710862.7666666666,3762013.474384642,-340287.941051309,2617495.1666666665,4685551.928565135,549438.4047681973,1710862.7666666666,3762013.474384642,-340287.941051309
432,3529249.3333333335,6148213.966787528,910284.6998791383,2477708.566666667,4631500.9939502105,323916.1393831237,2652618.8666666667,4880217.7848196905,425019.9485136429,1710672.3333333333,3790902.211067511,-369557.544400844,2717418.6666666665,4958619.251290263,476218.08204307035,1710672.3333333333,3790902.211067511,-369557.544400844
433,3834709.066666667,6572465.179500781,1096952.9538325523,2625108.533333333,4738774.526159579,511442.540507087,2768920.75,4940285.235392149,597556.2646078514,1820591.3666666667,3841717.393111692,-200534.65977835818,2883214.8333333335,5095914.530068256,670515.1365984106,1820591.3666666667,3841717.393111692,-200534.65977835818
434,3117880.2,5182829.762681194,1052930.6373188065,2164775.3666666667,3832585.310017962,496965.4233153716,2286196.1333333333,4003756.881087387,568635.3855792799,1551812.6666666667,3252921.897675693,-149296.56434235978,2447435.7,4280713.654889842,614157.745110159,1551812.6666666667,3252921.897675693,-149296.56434235978
435,2996420.6,5032258.498497813,960582.701502187,2433555.0833333335,4410851.499710103,456258.6669565644,2631809.683333333,4697443.142570263,566176.2240964039,1632644.4333333333,3408171.451956245,-142882.58528957842,2659352.2666666666,4735116.093984639,583588.4393486935,1632644.4333333333,3408171.451956245,-142882.58528957842
436,3001538.3,5161265.301942867,841811.2980571324,2188583.1166666667,4064052.1014625076,313114.131870826,2354771.566666667,4305658.241502568,403884.8918307659,1651404.8333333333,3450741.4077203153,-147931.741053649,2352715.9,4299122.217420265,406309.5825797352,1651404.8333333333,3450741.4077203153,-147931.741053649
437,3027506.2,5043175.457670716,1011836.9423292847,1983275.35,3668127.9657525606,298422.73424743954,2085220.3833333333,3816004.198492568,354436.56817409885,1692944.0333333334,3646868.062304464,-260979.99563779705,2163463.933333333,3941570.668733502,385357.1979331644,1692944.0333333334,3646868.062304464,-260979.99563779705
438,2719062.2333333334,4599294.5766871255,838829.8899795418,1900386.5833333333,3427854.7551326477,372918.4115340188,2064469.7333333334,3665080.410078018,463859.05658864905,1643523.7,3537547.7967048595,-250500.39670485933,2115262.9,3760077.6698941,470448.13010589965,1643523.7,3537547.7967048595,-250500.39670485933
439,3291311.066666667,5610715.040629792,971907.0927035417,1883946.15,3285679.730845667,482212.56915433286,2021157.0166666666,3480446.835543614,561867.1977897196,1390349.8333333333,2987096.1052592103,-206396.43859254383,2077081.5,3596552.7740276465,557610.2259723537,1390349.8333333333,2987096.1052592103,-206396.43859254383
440,2882161.7666666666,4782857.517158417,981466.0161749164,2226358.05,4019480.0986804483,433236.0013195514,2376554.6333333333,4217498.047035702,535611.2196309655,1494012.3333333333,3164032.8193849428,-176008.15271827648,2395730.8666666667,4251746.104039997,539715.6292933363,1494012.3333333333,3164032.8193849428,-176008.15271827648
441,2968423.9,5075601.332443915,861246.467556084,2820271.0166666666,5139007.998032743,501534.0353005901,2841510.3333333335,5140438.344294447,542582.3223722191,1781936.8333333333,3798674.2980023827,-234800.631335716,3032234.3,5472721.54335372,591747.05664628,1781936.8333333333,3798674.2980023827,-234800.631335716
442,3097808.4,5289333.740436742,906283.0595632573,2856319.2333333334,5109448.0450843945,603190.4215822727,2878469.816666667,5088326.571083503,668613.0622498314,1759068.3,3746262.298464548,-228125.69846454752,3073701.1,5435856.4095011465,711545.7904988541,1759068.3,3746262.298464548,-228125.69846454752
443,3335575.6,5707012.516444985,964138.6835550158,2801165.316666667,4994129.622885013,608201.0104483203,2971989.5,5226686.729454542,717292.270545458,1615537.2333333334,3423599.9134233054,-192525.44675663835,3127597.0,5554630.096164372,700563.9038356282,1615537.2333333334,3423599.9134233054,-192525.44675663835
444,3336394.0,5647974.38639323,1024813.6136067691,2126692.3,3751502.2485879953,501882.3514120043,2306427.7666666666,4069706.381405957,543149.1519273764,1360999.5333333334,2962434.7311353153,-240435.66446864838,2309679.7666666666,4025713.204918885,593646.3284144481,1360999.5333333334,2962434.7311353153,-240435.66446864838
445,3160747.5,5356574.295217016,964920.7047829842,1925977.4833333334,3317176.5767331123,534778.3899335545,2058633.9,3527474.00599078,589793.7940092201,1343540.3,2901309.3863263205,-214228.78632632038,2138421.6,3654500.918180105,622342.2818198954,1343540.3,2901309.3863263205,-214228.78632632038
446,3009299.1,5325412.222374817,693185.9776251828,1920900.9,3448322.3427739404,393479.4572260594,1961441.9833333334,3419917.3562728963,502966.6103937705,1124334.7,2584449.7021696144,-335780.3021696145,2261472.933333333,4037156.609613374,485789.2570532926,1124334.7,2584449.7021696144,-335780.3021696145
447,2559104.6,4297474.21645989,820734.9835401103,1681343.5166666666,3045758.3474999205,316928.6858334127,1729387.75,3052283.5181256444,406491.9818743556,1070896.9666666666,2508868.8211929896,-367074.8878596565,1989098.6,3558378.1362351635,419819.0637648364,1070896.9666666666,2508868.8211929896,-367074.8878596565
448,2214474.3333333335,3677392.5064655207,751556.1602011463,1645847.2666666666,2904882.4894409655,386812.043892368,1869691.9833333334,3250819.454431506,488564.5122351609,1211512.9333333333,2776189.5785249854,-353163.7118583189,1898059.1666666667,3320743.0567998393,475375.27653349424,1211512.9333333333,2776189.5785249854,-353163.7118583189
449,2143353.1,3496773.946463582,789932.2535364178,1737303.7333333334,2965859.1436002613,508748.3230664055,1831419.1833333333,3085888.408945821,576949.9577208455,1284332.8333333333,2858165.894464775,-289500.2277981087,1994487.2333333334,3376839.6584959123,612134.8081707545,1284332.8333333333,2858165.894464775,-289500.2277981087
450,2152364.8333333335,3668423.6632928057,636306.0033738611,2164459.8,3813866.2529209116,515053.347079088,2340389.5,4047720.0588605828,633058.9411394172,1399000.6666666667,3101673.5947483564,-303672.2614150231,2398372.8666666667,4149825.3715657317,646920.3617676017,1399000.6666666667,3101673.5947483564,-303672.2614150231
451,2480474.7,4482093.028683573,478856.37131642736,2226788.9,4045610.822893245,407966.97710675444,2391995.1333333333,4248970.754393339,535019.5122733279,1454747.6666666667,3174188.3172434485,-264692.98391011474,2372688.2333333334,4223201.020033833,522175.4466328339,1454747.6666666667,3174188.3172434485,-264692.98391011474
452,3287725.6666666665,6132654.569342939,442796.76399039384,2320340.6166666667,4183728.521788562,456952.7115447712,2493143.0,4387391.385831372,598894.6141686284,1564087.4666666666,3332155.3125469657,-203980.37921363255,2486641.9,4373897.654804394,599386.1451956064,1564087.4666666666,3332155.3125469657,-203980.37921363255
453,3119685.566666667,5813654.227913838,425716.90541949635,2356541.85,4244599.002867633,468484.6971323674,2513133.9,4430642.503935734,595625.2960642655,1658922.9666666666,3588312.2553135217,-270466.3219801886,2523127.1666666665,4429179.560864915,617074.7724684181,1658922.9666666666,3588312.2553135217,-270466.3219801886
454,2453470.8,4281938.827023156,625002.7729768434,1683356.2333333334,3064532.5520261517,302179.9146405151,1691837.0833333333,2987241.1575269047,396433.0091397618,986228.6,2321634.788084779,-349177.58808477886,1913326.3,3447546.309800108,379106.2901998919,986228.6,2321634.788084779,-349177.58808477886
455,2969920.3,5320946.328222228,618894.2717777719,2046543.6333333333,3722698.185091228,370389.0815754384,2071570.2666666666,3664614.987920128,478525.54541320517,999725.7333333333,2335672.2126554237,-336220.74598875723,2307379.8333333335,4171821.4721788215,442938.1944878453,999725.7333333333,2335672.2126554237,-336220.74598875723
456,3350459.2333333334,5956948.966006866,743969.5006598006,1962621.3166666667,3656949.394746152,268293.2385871811,2070328.3166666667,3776561.5851470027,364095.0481863306,1026498.7,2376782.6740593384,-323785.2740593385,2125392.1666666665,3859262.490850606,391521.8424827268,1026498.7,2376782.6740593384,-323785.2740593385
457,3281161.7,5733356.45154642,828966.94845358,2044667.4166666667,3858867.750107376,230467.08322595735,2067465.5333333334,3821270.2517018793,313660.81496478757,1103744.9333333333,2720684.7560572065,-513194.88939053984,2255187.1333333333,4184493.9928094316,325880.273857235,1103744.9333333333,2720684.7560572065,-513194.88939053984
458,2648093.9,4623938.843573541,672248.9564264582,2009693.0833333333,3733543.980151885,285842.1865147811,2073714.15,3754511.9563084906,392916.3436915092,1082351.6666666667,2638747.348192457,-474044.0148591234,2167636.2666666666,3963013.6127222176,372258.92061111564,1082351.6666666667,2638747.348192457,-474044.0148591234
459,2653892.3333333335,4643116.920729913,664667.7459367537,2188219.033333333,3915469.0896772407,460968.97698942595,2294439.533333333,4020667.7642890983,568211.3023775681,1439671.1666666667,3163392.3830864844,-284050.0497531509,2338092.966666667,4109908.2441045307,566277.6892288032,1439671.1666666667,3163392.3830864844,-284050.0497531509
460,2621312.3666666667,4594039.581767731,648585.1515656018,2226796.3,4003819.1470985357,449773.45290146396,2477109.0,4324500.259883348,629717.7401166526,1571890.5333333334,3387796.9376633544,-244015.87099668756,2367797.8333333335,4191402.329338967,544193.3373276999,1571890.5333333334,3387796.9376633544,-244015.87099668756
461,2689337.8333333335,4750457.646028864,628218.020637803,2118815.7666666666,3895923.6026790165,341707.9306543167,2205265.966666667,4006996.605045609,403535.3282877242,1207094.4666666666,2845512.7801279416,-431323.84679460875,2348293.966666667,4269372.073439598,427215.85989373503,1207094.4666666666,2845512.7801279416,-431323.84679460875
462,3100478.6,5428873.088034762,772084.1119652377,2568101.5,4595493.826255895,540709.1737441046,2412133.7333333334,4333260.448365533,491007.018301134,1750283.7666666666,3818461.364943159,-317893.83160982584,2851624.2666666666,5030546.731496202,672701.8018371318,1750283.7666666666,3818461.364943159,-317893.83160982584
463,3674043.4,6706145.9770150725,641940.8229849278,2128683.216666667,3973493.8523498783,283872.58098345506,1974757.5833333333,3704250.908751208,245264.25791545864,956585.4666666667,2292699.167118818,-379528.23378548457,2413911.2333333334,4427551.706262663,400270.76040400355,956585.4666666667,2292699.167118818,-379528.23378548457
464,2946213.4,5234300.873049855,658125.926950145,1790502.8833333333,3330582.2699218392,250423.4967448276,1688405.85,3122395.542905381,254416.15709461924,950375.1,2282535.211903452,-381785.0119034519,1992656.6,3676566.9886665605,308746.21133343945,950375.1,2282535.211903452,-381785.0119034519
465,3163719.6333333333,5750339.481773425,577099.7848932422,1778631.5333333334,3245838.161464055,311424.90520261205,1734358.75,3154786.0770781967,313931.4229218033,965588.7333333333,2297029.0991963544,-365851.63252968795,1977200.8,3565581.8491629567,388819.7508370436,965588.7333333333,2297029.0991963544,-365851.63252968795
466,3496149.7333333334,6274791.866516208,717507.600150458,1790338.5166666666,3316808.650322255,263868.383011078,1730662.3166666667,3180054.316116173,281270.3172171607,1029975.3,2490280.2902795793,-430329.6902795795,2011905.1666666667,3659844.847741916,363965.4855914174,1029975.3,2490280.2902795793,-430329.6902795795
467,3457024.7333333334,6299858.510209973,614190.9564566938,1777079.9166666667,3411575.986047589,142583.84728574404,1855656.3166666667,3493496.102491255,217816.53084207838,1080850.2333333334,2679289.1759381928,-517588.70927152573,1979152.0333333334,3701926.053290277,256378.01337638986,1080850.2333333334,2679289.1759381928,-517588.70927152573
468,2925071.933333333,5664145.239569779,185998.62709688768,1757576.0333333334,3403472.2876413083,111679.77902535885,1791132.3833333333,3384293.8952633645,197970.8714033023,1014616.5333333333,2564990.3867279943,-535757.3200613275,1987409.1666666667,3755193.1387047423,219625.19462859118,1014616.5333333333,2564990.3867279943,-535757.3200613275
469,3058613.5,5985010.154114324,132216.84588567633,1681338.3333333333,3050796.544376086,311880.12229058053,1728405.0,3102460.3175088875,354349.68249111273,1061239.1,2607925.622482367,-485447.4224823669,1825135.9333333333,3229205.9806092745,421065.886057392,1061239.1,2607925.622482367,-485447.4224823669
470,2734058.7,5017983.635025714,450133.7649742863,1922938.7333333334,3544549.590382536,301327.8762841311,1998108.7333333334,3644968.7262282246,351248.7404384422,1301479.4,2952293.253833281,-349334.45383328106,2064942.7,3721203.590350338,408681.8096496621,1301479.4,2952293.253833281,-349334.45383328106
471,3026935.0,5738671.447247632,315198.5527523677,2319259.6333333333,4342026.3654550165,296492.9012116506,2460371.9833333334,4539091.560104787,381652.4065618799,980935.2,2017313.5477664014,-55443.14776640141,2454054.8333333335,4502029.647610448,406080.0190562189,980935.2,2017313.5477664014,-55443.14776640141
472,3968945.566666667,7667132.021853363,270759.1114799706,2102334.783333333,3840129.9937086473,364539.5729580191,2152292.8,3913105.4640063923,391480.1359936076,977086.8,2035398.9710835547,-81225.37108355458,2298980.533333333,4082211.6306301057,515749.4360365607,977086.8,2035398.9710835547,-81225.37108355458
473,3590559.6333333333,6832103.793230117,349015.4734365493,2239043.55,4084598.96290408,393488.1370959196,2286492.4166666665,4152899.8581508705,420084.9751824627,1112072.8666666667,2300630.81660675,-76485.08327341662,2366616.0,4232201.579548673,501030.420451327,1112072.8666666667,2300630.81660675,-76485.08327341662
474,2948371.933333333,5407127.068322098,489616.7983445679,2139473.4166666665,3901111.2259090226,377835.60742431064,2158220.5166666666,3954817.019660278,361624.013673055,1131486.7333333334,2477224.741353075,-214251.27468640846,2249783.033333333,4038131.9379194416,461434.1287472248,1131486.7333333334,2477224.741353075,-214251.27468640846
475,3263420.8333333335,5910457.039771358,616384.6268953099,2653475.066666667,4794825.160228926,512124.973104408,2509778.1666666665,4559460.941428835,460095.39190449845,1391094.8333333333,3008760.356501396,-226570.68983472907,2845180.7,5084284.114279253,606077.2857207465,1391094.8333333333,3008760.356501396,-226570.68983472907
476,3719097.8666666667,6840613.696771376,597582.0365619571,2257232.6166666667,4085722.84542374,428742.3879095935,2237681.2666666666,4057377.89431398,417984.63901935355,1256225.5,2716527.9529185137,-204076.9529185139,2369745.2,4207997.538312003,531492.8616879978,1256225.5,2716527.9529185137,-204076.9529185139
477,3707527.6,7175642.851697757,239412.34830224328,2537134.6,4559381.111827766,514888.0881722346,2540385.933333333,4565959.175802289,514812.6908643781,1502971.0666666667,3276175.5529546137,-270233.4196212804,2706763.3666666667,4765956.40763179,647570.3257015429,1502971.0666666667,3276175.5529546137,-270233.4196212804
478,3294063.466666667,6518906.143898837,69220.78943449678,1915433.1166666667,3431692.646951378,399173.58638195554,1875337.4666666666,3342791.4889079425,407883.4444253908,1028369.7666666667,2249741.4954137206,-193001.96208038728,2125623.3333333335,3733471.7458650363,517774.9208016307,1028369.7666666667,2249741.4954137206,-193001.96208038728
479,3444766.3666666667,6937196.808898336,-47664.07556500286,1941962.4166666667,3552928.5908944635,330996.24243887025,1991691.6166666667,3616549.036362374,366834.19697095896,857214.6333333333,1780277.782417792,-65848.51575112529,2096382.0,3742823.0450650444,449940.9549349556,857214.6333333333,1780277.782417792,-65848.51575112529
480,2975447.566666667,5570686.37244281,380208.76089052344,2042186.3166666667,3731115.858195074,353256.77513825917,2029072.4333333333,3676130.2626771033,382014.60398956365,1315190.5,2961551.206430783,-331170.20643078303,2263782.1,4077837.171328906,449727.0286710942,1315190.5,2961551.206430783,-331170.20643078303
481,2890839.3,5744229.949383067,37448.650616932195,2241180.1166666667,4076127.114387624,406233.11894570966,2205344.7666666666,3986436.129854962,424253.40347837075,1320659.6666666667,2770395.1945763384,-129075.86124300491,2415293.2333333334,4351199.169256273,479387.29741039383,1320659.6666666667,2770395.1945763384,-129075.86124300491
482,3303720.2333333334,6531242.013985283,76198.45268138405,2272977.1333333333,4073039.4211420836,472914.8455245828,2203999.15,3947024.018859662,460974.28114033747,1263211.4333333333,2695485.230370749,-169062.36370408186,2478249.6333333333,4380475.9818773605,576023.2847893066,1263211.4333333333,2695485.230370749,-169062.36370408186
483,3079010.7333333334,6119511.388361687,38510.078304980416,2166540.533333333,3864208.0593655566,468873.0073011096,2193057.35,3937816.510664281,448298.1893357192,956512.8,2018809.821321647,-105784.22132164682,2395429.466666667,4222146.550513986,568712.382819348,956512.8,2018809.821321647,-105784.22132164682
484,2796455.6333333333,5468596.92973252,124314.33693414647,2015783.6333333333,3657031.950538301,374535.3161283659,2019988.05,3682139.9784383206,357836.1215616795,1036388.8666666667,2202640.7752372995,-129863.04190396587,2137636.466666667,3823229.6536401645,452043.27969316905,1036388.8666666667,2202640.7752372995,-129863.04190396587
485,3327848.466666667,6392883.482875509,262813.4504578244,2350732.716666667,4257896.373575702,443569.05975763174,2349307.433333333,4270376.512407193,428238.3542594735,1386094.2333333334,2977166.8666327773,-204978.39996611024,2488018.7333333334,4443183.732978148,532853.7336885179,1386094.2333333334,2977166.8666327773,-204978.39996611024
486,3667454.8666666667,7016317.033627866,318592.6997054671,2189113.2333333334,4039077.4521875056,339149.01447916124,2189581.1333333333,4046446.2670014277,332715.99966523866,1498537.6,3277558.9328437927,-280483.73284379253,2285050.5,4147510.9024843387,422590.0975156615,1498537.6,3277558.9328437927,-280483.73284379253
487,3257008.3,6306269.513571085,207747.08642891375,2584391.0833333335,4682998.942726747,485783.22393991984,2464151.3833333333,4481172.309036388,447130.4576302788,1454402.9,3208832.9099871153,-300027.1099871155,2764858.2333333334,4950381.361385239,579335.105281427,1454402.9,3208832.9099871153,-300027.1099871155
488,3099627.3333333335,6300171.721627178,-100917.05496051116,1891684.3833333333,3477791.2839429504,305577.4827237162,1900339.7666666666,3530793.6126614027,269885.92067193077,1137238.5,2650404.660088775,-375927.6600887752,2040745.0333333334,3683654.2481766855,397835.8184899816,1137238.5,2650404.660088775,-375927.6600887752
489,3176428.933333333,6470648.0058918595,-117790.13922519377,2174372.466666667,3939048.1067867996,409696.82654653373,2113095.4,3856674.0311856186,369516.768814381,1225984.3666666667,2832247.200639454,-380278.4673061208,2323564.7333333334,4138798.975337409,508330.49132925784,1225984.3666666667,2832247.200639454,-380278.4673061208
490,2894481.933333333,5635589.173305311,153374.693361355,2101069.4833333334,3868817.4056286593,333321.5610380075,2035192.3,3759072.9747978575,311311.62520214263,1309063.3666666667,2991906.422678035,-373779.6893447018,2262443.3,4121766.283682193,403120.3163178065,1309063.3666666667,2991906.422678035,-373779.6893447018
491,3141496.8666666667,6241104.632888146,41889.100445188116,2599013.533333333,4751426.398359343,446600.66830732254,2458399.933333333,4494598.896673021,422200.9699936451,1582716.9333333333,3480359.549825268,-314925.68315860094,2748180.2333333334,4983821.6233664155,512538.8433002508,1582716.9333333333,3480359.549825268,-314925.68315860094
492,3776621.8,7662789.722385506,-109546.12238550652,2677752.0,4856964.036886429,498539.9631135706,2496132.1333333333,4548539.123075046,443725.1435916207,1691344.7666666666,3692492.1625260916,-309802.6291927586,2900807.2333333334,5194370.589628333,607243.8770383331,1691344.7666666666,3692492.1625260916,-309802.6291927586
493,3634427.5,7351934.85649504,-83079.85649504,2689113.716666667,4914287.387380149,463940.04595318437,2506907.0833333335,4569581.793274812,444232.3733918546,1490862.7333333334,3225566.287640781,-243840.82097411412,2872728.8333333335,5189621.1659076,555836.500759067,1490862.7333333334,3225566.287640781,-243840.82097411412
494,3111989.466666667,6083668.428458676,140310.50487465784,2400017.1333333333,4393950.8701094305,406083.3965572363,2460624.8666666667,4561404.339486964,359845.39384636935,1333245.8666666667,2970609.711038474,-304117.97770514037,2578023.3,4666574.734912772,489471.86508722766,1333245.8666666667,2970609.711038474,-304117.97770514037
495,3331471.7,6589541.316296552,73402.08370344806,2645597.466666667,4826983.352113061,464211.58122027246,2577578.6166666667,4741222.047789367,413935.18554396695,1542632.2333333334,3373843.776935761,-288579.3102690943,2781206.4,5021288.612958701,541124.1870412985,1542632.2333333334,3373843.776935761,-288579.3102690943
496,3610036.6,7018593.730048973,201479.46995102707,2463357.2,4534082.211425212,392632.1885747879,2632037.433333333,4819229.039178304,444845.8274883614,1572547.8666666667,3464216.768249393,-319121.0349160596,2605514.9,4749657.629654725,461372.17034527473,1572547.8666666667,3464216.768249393,-319121.0349160596
497,3113186.2333333334,6109353.780993272,117018.68567339564,2466426.6666666665,4518293.30197628,414560.03135705227,2940021.7333333334,5386250.805996513,493792.6606701538,1702828.7,3722661.1952718226,-317003.7952718227,2620487.0,4729227.526633771,511746.47336622886,1702828.7,3722661.1952718226,-317003.7952718227
498,2990008.566666667,5971455.739221236,8561.394112097565,2183112.05,4087998.3147016107,278225.7852983889,2343890.7666666666,4306813.076180603,380968.4571527296,1598380.5,3555160.972836918,-358399.97283691843,2336906.6,4305889.134625517,367924.0653744838,1598380.5,3555160.972836918,-358399.97283691843
499,3351374.0,6610882.2636288935,91865.73637110647,2175140.0166666666,3987060.6622949913,363219.3710383421,2770690.0,5104622.305888705,436757.6941112955,1637977.6,3616059.732808533,-340104.53280853294,2304791.6,4144567.040854278,465016.15914572193,1637977.6,3616059.732808533,-340104.53280853294
500,3182031.3,6184362.147328174,179700.4526718259,2056179.85,3767388.8894337583,344970.8105662416,2617885.683333333,4792594.793661607,443176.57300505834,1690699.3,3702109.292389144,-320710.6923891441,2145116.7666666666,3865387.495634157,424846.03769917577,1690699.3,3702109.292389144,-320710.6923891441
501,3398488.566666667,6631326.643626692,165650.48970664246,2004372.3166666667,3678630.6324757757,330114.00085755764,2635931.2333333334,4845877.064777196,425985.4018894704,1695639.4333333333,3699350.343301411,-308071.47663474386,2091489.4666666666,3776171.3353928532,406807.59794047987,1695639.4333333333,3699350.343301411,-308071.47663474386
502,3397763.7666666666,7566218.6428481545,-770691.1095148218,1940391.4333333333,3642403.2943739723,238379.5722926946,2248781.75,4185180.35653778,312383.14346222,1446615.2333333334,3163491.954797606,-270261.4881309394,1984835.0666666667,3701488.383181028,268181.75015230547,1446615.2333333334,3163491.954797606,-270261.4881309394
503,2822861.3666666667,5994046.482283343,-348323.74895000877,2090765.8833333333,3893586.3944820613,287945.37218460534,2542080.9833333334,4746711.009551559,337450.95711510815,1363225.9333333333,2979329.15849955,-252877.29183288314,2138000.033333333,3952676.713981274,323323.35268539237,1363225.9333333333,2979329.15849955,-252877.29183288314
504,2223034.5,4612051.789643656,-165982.78964365693,2277765.2,4298105.571772873,257424.82822712697,2815834.033333333,5255459.211326512,376208.85534015484,1597234.4333333333,3518519.4537734105,-324050.5871067438,2353538.8333333335,4432039.868663013,275037.79800365376,1597234.4333333333,3518519.4537734105,-324050.5871067438
505,2252770.3,4584071.124583064,-78530.52458306449,2439149.0,4530766.899316861,347531.1006831387,2436456.4,4555253.129423121,317659.67057687836,1275437.8333333333,2788677.599765713,-237801.93309904635,2532944.2333333334,4698061.918284887,367826.54838177934,1275437.8333333333,2788677.599765713,-237801.93309904635
506,2696163.8333333335,4996950.642448332,395377.02421833435,2533216.8833333333,4670496.3888079915,395937.3778586751,2830447.683333333,5219383.375735222,441511.99093144387,1657822.5333333334,3624358.877000258,-308713.81033359095,2608588.1333333333,4785423.597284889,431752.6693817773,1657822.5333333334,3624358.877000258,-308713.81033359095
507,2504105.466666667,5051451.465466829,-43240.532133495435,1892433.75,3528581.5406424687,256285.95935753128,2447435.4166666665,4593275.918370696,301594.9149626377,1276101.2333333334,2896577.3547826074,-344374.8881159406,1946607.9,3621461.064467563,271754.735532437,1276101.2333333334,2896577.3547826074,-344374.8881159406
508,2718486.2666666666,5651355.634253913,-214383.1009205794,1622108.0,3069202.484503245,175013.5154967548,1972890.35,3721220.6283515077,224560.0716484927,1162569.5666666667,2723646.957938283,-398507.8246049499,1676868.9666666666,3178917.252716815,174820.68061651802,1162569.5666666667,2723646.957938283,-398507.8246049499
509,2711442.933333333,5437946.500758991,-15060.634092323948,1743676.85,3224595.6137537844,262758.0862462155,2173555.15,4048144.7144916216,298965.5855083782,1283819.4,2898308.1313609323,-330669.33136093244,1792061.4333333333,3313877.278470194,270245.5881964725,1283819.4,2898308.1313609323,-330669.33136093244
510,2402124.8333333335,4427207.682461906,377041.98420476075,1859339.45,3399909.3765099156,318769.52349008434,2194753.2666666666,4073031.442598999,316475.0907343342,1336338.7666666666,3002532.0767610394,-329854.54342770623,1914813.6333333333,3495389.4929641327,334237.7737025339,1336338.7666666666,3002532.0767610394,-329854.54342770623
511,2613017.1333333333,4973905.0590796815,252129.20758698508,2279382.816666667,4234163.443184049,324602.19014928513,2571288.8666666667,4757107.520709314,385470.212624019,1638374.9666666666,3611658.061443177,-334908.12810984394,2349825.466666667,4338018.541938373,361632.3913949607,1638374.9666666666,3611658.061443177,-334908.12810984394
512,3257077.1333333333,6557378.309685247,-43224.043018580414,2527151.8,4674095.9849605225,380207.6150394771,2470183.783333333,4561167.350232321,379200.2164343456,1589826.5333333334,3475427.813235942,-295774.7465692749,2609277.3,4796464.623423258,422089.9765767413,1589826.5333333334,3475427.813235942,-295774.7465692749
513,2922493.933333333,5919707.464498022,-74719.59783135541,2157405.8,3909702.418420728,405109.1815792718,2572706.966666667,4701176.257323967,444237.67600936675,1423928.4666666666,3030163.051950846,-182306.11861751298,2229309.033333333,4016647.5344882896,441970.53217837657,1423928.4666666666,3030163.051950846,-182306.11861751298
514,1899052.6333333333,3795619.7421189044,2485.5245477620047,2341109.85,4463132.972430211,219086.72756978963,2896305.5166666666,5403653.124065414,388957.9092679196,1542032.6333333333,3391930.662417733,-307865.39575106674,2387082.7333333334,4538502.548405791,235662.9182608761,1542032.6333333333,3391930.662417733,-307865.39575106674
515,2174128.3333333335,4287007.821382547,61248.845284119714,2425326.05,4484877.710690253,365774.38930974645,2716108.816666667,5032053.187560245,400164.4457730884,1471638.1666666667,3231711.3527822425,-288435.019448909,2489246.066666667,4579137.547513427,399354.585819907,1471638.1666666667,3231711.3527822425,-288435.019448909
516,2691861.6666666665,5250791.932135883,132931.40119745024,2021084.2,3743127.963663361,299040.4363366389,2575611.4,4769413.213014976,381809.5869850237,1468057.1666666667,3230099.099587838,-293984.76625450444,2078818.3333333333,3826914.435926647,330722.2307400196,1468057.1666666667,3230099.099587838,-293984.76625450444
517,2143064.7333333334,4125933.0255980883,160196.4410685785,2236198.9,4168294.929661547,304102.870338453,2781830.15,5173908.344613688,389751.9553863113,1498188.1333333333,3296193.1426052386,-299816.875938572,2308035.5,4280603.360217797,335467.6397822036,1498188.1333333333,3296193.1426052386,-299816.875938572
518,2046516.2333333334,4018460.662450401,74571.80421626545,1942344.75,3714750.449411207,169939.05058879335,2347480.75,4355698.557666498,339262.94233350153,1413045.3,3143029.9392190687,-316939.33921906864,1996880.6666666667,3808401.1623189235,185360.1710144102,1413045.3,3143029.9392190687,-316939.33921906864
519,2470732.0,5168373.110603828,-226909.11060382798,2115506.7666666666,3959991.138732952,271022.39460038114,2560187.4833333334,4709120.080699687,411254.8859669799,1605641.8333333333,3513737.591659286,-302453.92499261955,2175275.3666666667,4054107.257729238,296443.47560409526,1605641.8333333333,3513737.591659286,-302453.92499261955
520,2500211.3,4944639.696005281,55782.9039947181,2493933.5,4595070.519240699,392796.4807593012,2854306.433333333,5263028.107152092,445584.75951457396,1633674.8666666667,3547684.541460107,-280334.8081267737,2558231.966666667,4701584.064645475,414879.86868785834,1633674.8666666667,3547684.541460107,-280334.8081267737
521,2792367.2,5587411.690902669,-2677.2909026681446,2768212.8,5153757.169910742,382668.4300892572,2970123.6666666665,5497958.749896081,442288.5834372514,1484922.0333333334,3193479.846327309,-223635.77966064215,2858934.6333333333,5295106.955997776,422762.31066889083,1484922.0333333334,3193479.846327309,-223635.77966064215
522,3283296.8333333335,6413792.239686811,152801.42697985517,2708118.9833333334,5001559.079644717,414678.88702195,2568134.8833333333,4740226.199425375,396043.56724129105,1178406.1666666667,2520349.037361921,-163536.7040285871,2801081.033333333,5155314.799215792,446847.2674508747,1178406.1666666667,2520349.037361921,-163536.7040285871
523,2785927.6333333333,5637034.675156488,-65179.40848982148,2067007.85,3808032.508824665,325983.1911753351,2329396.966666667,4335844.861210253,322949.07212308026,1024137.2666666667,2150488.4835907044,-102213.95025737083,2178838.8333333335,4017049.617685929,340628.04898073827,1024137.2666666667,2150488.4835907044,-102213.95025737083
524,2274037.3666666667,4577886.627954802,-29811.894621467683,2063753.3666666667,3861186.1455733394,266320.5877599942,2711585.216666667,5078497.047072361,344673.38626097236,1357260.1,2960377.8674465576,-245857.66744655743,2133168.6666666665,3983562.876113849,282774.4572194838,1357260.1,2960377.8674465576,-245857.66744655743
525,2406744.9,4671927.997690704,141561.80230929563,2228908.35,4117120.095177422,340696.6048225784,2850684.533333333,5334436.814067881,366932.2525987858,1341380.7,2908887.107016395,-226125.70701639494,2301324.8666666667,4238486.590138776,364163.14319455693,1341380.7,2908887.107016395,-226125.70701639494
526,2407598.7,4490621.642931292,324575.7570687081,2407424.716666667,4546590.805972649,268258.62736068433,2767932.3,5174797.134796007,361067.46520399256,1313126.6,2843865.3977382234,-217612.19773822324,2556358.3,4834335.379228786,278381.220771214,1313126.6,2843865.3977382234,-217612.19773822324
527,2211799.1666666665,4201250.1645122375,222348.16882109595,2278019.066666667,4252486.469036401,303551.6642969325,2759279.183333333,5140315.926119825,378242.4405468409,1327673.9333333333,2881315.3126075557,-225967.44594088895,2371115.066666667,4424687.51788238,317542.6154509543,1327673.9333333333,2881315.3126075557,-225967.44594088895
528,2291031.466666667,4632318.733085798,-50255.79975246498,2650767.2,5271610.097085253,29924.302914747037,3160261.283333333,6142921.992192308,177600.574474358,1405229.6333333333,3123160.7783433627,-312701.51167669613,2714140.2,5369115.856732501,59164.54326750012,1405229.6333333333,3123160.7783433627,-312701.51167669613
529,2308102.1,4464388.757974487,151815.44202551292,2141274.1,4500370.807490969,-217822.60749096842,2227942.466666667,4688718.352180418,-232833.4188470845,1169094.9333333333,2608761.0850985358,-270571.21843186906,2211399.4,4617930.095976802,-195131.29597680224,1169094.9333333333,2608761.0850985358,-270571.21843186906
530,2656536.466666667,5204891.458625501,108181.4747078321,2043940.55,4412096.312483511,-324215.2124835106,2212272.35,4769444.050691293,-344899.35069129243,1107939.9,2649808.8150990736,-433929.015099074,2112764.433333333,4526762.396655113,-301233.5299884472,1107939.9,2649808.8150990736,-433929.015099074
531,2637845.7,5107287.447383537,168403.95261646342,2113024.3666666667,4326359.91462815,-100311.18129481655,2268743.716666667,4643452.979928988,-105965.54659565445,1218971.9,2668002.7179797455,-230058.91797974566,2192689.966666667,4453042.826674131,-67662.89334079716,1218971.9,2668002.7179797455,-230058.91797974566
532,2490813.3333333335,4749863.571643665,231763.09502300108,2902827.5,5551349.870510578,254305.12948942184,2810591.683333333,5424703.738657225,196479.62800944177,1399959.3333333333,3072688.335116922,-272769.6684502552,2989234.3666666667,5675957.354444541,302511.3788887928,1399959.3333333333,3072688.335116922,-272769.6684502552
533,2500310.1666666665,5025539.664259892,-24919.33092655847,3342020.433333333,6270055.690510295,413985.1761563709,3406156.5,6410031.406245655,402281.5937543446,1714154.1333333333,3735931.270143221,-307623.0034765543,3424891.433333333,6390080.8009199,459702.065746767,1714154.1333333333,3735931.270143221,-307623.0034765543
534,2506324.9,5123550.307007326,-110900.50700732553,2247301.05,5051350.9028541325,-556748.8028541328,2534828.9833333334,5632621.190789916,-562963.2241232488,1061165.9,2609645.151347489,-487313.3513474893,2306579.533333333,5157412.886131911,-544253.8194652447,1061165.9,2609645.151347489,-487313.3513474893
535,2286693.3333333335,4697261.766254494,-123875.09958782652,1880512.4833333334,4192464.8982528714,-431439.93158620456,2175495.85,4817752.579889888,-466760.8798898873,971378.1333333333,2464429.565019304,-521673.2983526371,1980275.9333333333,4373798.295631697,-413246.42896503047,971378.1333333333,2464429.565019304,-521673.2983526371
536,2285699.8,4496725.624512089,74673.97548791068,2073625.9,4536963.08373356,-389711.2837335598,2101902.3,4625197.047375914,-421392.44737591455,1037540.1,2540664.2858586186,-465584.0858586187,2226349.8333333335,4826892.846745284,-374193.1800786173,1037540.1,2540664.2858586186,-465584.0858586187
537,2259625.9,4443701.953797034,75549.84620296583,1746259.55,3830236.411689978,-337717.31168997823,2067940.95,4516931.361235607,-381049.4612356073,809014.9,1895113.8539974242,-277084.0539974241,1801301.9333333333,3921015.4225756684,-318411.5559090015,809014.9,1895113.8539974242,-277084.0539974241
538,2360353.966666667,4727230.424820768,-6522.4914874346,1780659.6666666667,4052278.540874116,-490959.20754078287,1883237.2,4298058.865854709,-531584.4658547097,458865.8333333333,1082899.2201142602,-165167.55344759353,1843247.3333333333,4170010.2612765627,-483515.5946098964,458865.8333333333,1082899.2201142602,-165167.55344759353
539,2804588.0,5817890.778636921,-208714.77863692073,2001835.5333333334,4588756.011717888,-585084.9450512205,2134372.216666667,4875593.247998832,-606848.8146654977,728888.3,1816241.1209839236,-358464.52098392346,2042834.2,4651503.608782685,-565835.2087826857,728888.3,1816241.1209839236,-358464.52098392346
540,2709709.7,5294402.379989896,125017.02001010487,1876659.9,4182147.1176591995,-428827.3176591997,2227541.9166666665,4978081.389248367,-522997.5559150339,522436.6666666667,1222558.4469685166,-177685.11363518314,1970966.6666666667,4374745.862425975,-432812.5290926413,522436.6666666667,1222558.4469685166,-177685.11363518314
541,2575697.066666667,5014299.284744873,137094.84858846106,2287113.9166666665,5156347.556870967,-582119.7235376337,2545541.7,5710545.451973886,-619462.0519738859,494629.5,1135507.235243176,-146248.23524317623,2472039.1,5523134.039046,-579055.8390459996,494629.5,1135507.235243176,-146248.23524317623
542,3035792.3333333335,6178387.305572135,-106802.6389054684,2293424.3833333333,5181497.350561646,-594648.5838949792,2439846.7333333334,5536382.643101714,-656689.1764350468,410662.63333333336,959616.7109439736,-138291.44427730684,2550282.8333333335,5718475.021522248,-617909.3548555817,410662.63333333336,959616.7109439736,-138291.44427730684
543,2434585.8,4853789.490931304,15382.109068695456,2031743.2833333334,4518155.623250749,-454669.0565840823,2348237.35,5253750.212907974,-557275.512907973,522351.0,1227402.3311511674,-182700.3311511675,2198531.3666666667,4857775.780691534,-460713.0473582004,522351.0,1227402.3311511674,-182700.3311511675
544,2289241.966666667,4712368.041495733,-133884.10816239938,2130194.6666666665,4798628.484982723,-538239.1516493903,2289143.6166666667,5154977.981505292,-576690.7481719586,627686.5333333333,1562624.50422235,-307251.4375556833,2201172.7,4943431.9402616415,-541086.5402616407,627686.5333333333,1562624.50422235,-307251.4375556833
545,2382465.9,4638366.38916069,126565.41083930992,2090096.85,4653570.851360016,-473377.15136001585,2311105.85,5151796.531161191,-529584.8311611903,694561.3333333334,1709149.3755111904,-320026.7088445235,2211490.3,4897377.447998686,-474396.84799868613,694561.3333333334,1709149.3755111904,-320026.7088445235
546,2675849.1666666665,4977355.119830344,374343.2135029896,2137805.1666666665,4791892.815594474,-516282.48226114083,2517408.65,5688789.037928928,-653971.7379289274,620626.1,1514935.4012973793,-273683.20129737933,2293537.033333333,5110210.326353028,-523136.259686362,620626.1,1514935.4012973793,-273683.20129737933
547,2124711.2666666666,4132674.0242436305,116748.50908970297,2124692.35,4919191.476367247,-669806.7763672471,2657603.1,6058789.05521082,-743582.8552108202,486004.9,1175432.8552369047,-203423.05523690453,2163204.6,4988380.745839607,-661971.5458396063,486004.9,1175432.8552369047,-203423.05523690453
548,2025436.6666666667,3861089.6639628783,189783.66937045497,2309891.8333333335,5364930.241220633,-745146.5745539656,2327655.8333333335,5436900.939502727,-781589.2728360607,616124.0,1574000.9511922947,-341752.95119229483,2427369.533333333,5589510.610762963,-734771.5440962971,616124.0,1574000.9511922947,-341752.95119229483
549,2161058.7333333334,4152931.1270607123,169186.33960595448,2131487.2666666666,4782869.155082628,-519894.6217492954,2156083.7666666666,4857998.534260793,-545831.000927459,647873.7666666667,1598657.1370743392,-302909.6037410059,2178696.2,4872750.788569948,-515358.3885699478,647873.7666666667,1598657.1370743392,-302909.6037410059
550,2472397.4,5068585.437535539,-123790.63753553946,2102708.933333333,4741064.0248172935,-535646.1581506268,2558966.85,5750924.133689959,-632990.4336899589,718233.0333333333,1750666.549673796,-314200.4830071293,2166631.566666667,4865143.737510265,-531880.6041769311,718233.0333333333,1750666.549673796,-314200.4830071293
551,3073023.2666666666,6414216.308574274,-268169.7752409405,2446707.85,5572289.029653313,-678873.3296533129,2895688.75,6529107.993427317,-737730.4934273167,703653.2,1736486.2574367453,-329179.8574367453,2544311.6333333333,5736152.491677236,-647529.2250105697,703653.2,1736486.2574367453,-329179.8574367453
552,2935103.0,6213013.330010377,-342807.33001037734,2224525.566666667,4982635.73082793,-533584.5974945966,3022829.816666667,6876106.480018736,-830446.8466854021,915083.0333333333,2358457.4075539736,-528291.3408873071,2279950.433333333,5054731.410562918,-494830.5438962518,915083.0333333333,2358457.4075539736,-528291.3408873071
553,3069284.466666667,6811463.823992369,-672894.8906590352,2506557.0833333335,5639548.957570837,-626434.7909041699,2761590.25,6302424.564755632,-779244.0647556316,996200.2,2609322.857949016,-616922.4579490162,2581603.2,5772331.144437812,-609124.7444378124,996200.2,2609322.857949016,-616922.4579490162
554,2611092.0,5563543.562700393,-341359.5627003922,2966657.183333333,6875922.031235695,-942607.6645690291,2637818.4166666665,6013397.903538916,-737761.0702055832,1023729.4666666667,2698422.440828578,-650963.5074952446,3070289.1333333333,7107007.25103668,-966428.9843700137,1023729.4666666667,2698422.440828578,-650963.5074952446
555,2586859.2666666666,5546809.003926361,-373090.47059302824,2566705.7,5839552.975593723,-706141.5755937234,2305316.533333333,5189512.733575005,-578879.6669083391,1006861.3666666667,2637388.4658901906,-623665.7325568572,2732547.6666666665,6246122.054745938,-781026.7214126047,1006861.3666666667,2637388.4658901906,-623665.7325568572
556,2819515.6333333333,5769071.497116383,-130040.23044971656,2957968.6333333333,6003202.553049922,-87265.28638325492,3358696.5833333335,6970890.184579901,-253497.0179132349,690866.3666666667,1719046.7667907183,-337314.0334573849,3004666.8333333335,6059073.3497676235,-49739.68310095649,690866.3666666667,1719046.7667907183,-337314.0334573849
557,2155408.8333333335,4419084.28764765,-108266.62098098313,3360528.216666667,7028756.068266745,-307699.63493341114,3268349.8666666667,6915297.197784172,-378597.464450839,651482.7333333333,1667753.035372421,-364787.56870575435,3415095.4,7117321.011802605,-287130.21180260554,651482.7333333333,1667753.035372421,-364787.56870575435
558,2503929.1333333333,5093682.3223681,-85824.05570143415,2685907.183333333,5814450.513174601,-442636.14650793513,2538950.1333333333,5467507.446341057,-389607.1796743907,478759.7,1161943.1852938852,-204423.7852938851,2797979.533333333,6058124.139236574,-462165.07256990764,478759.7,1161943.1852938852,-204423.7852938851
559,2996373.3333333335,5899087.781489629,93658.88517703768,3300866.183333333,6966720.39039232,-364988.02372565353,3063674.966666667,6440110.096371775,-312760.163038441,996241.8666666667,2668286.8710463513,-675803.1377130176,3517376.066666667,7369178.010314386,-334425.87698105257,996241.8666666667,2668286.8710463513,-675803.1377130176
560,2931672.533333333,6010401.083555989,-147056.01688932301,3173080.8666666667,6602729.674819715,-256567.9414863824,3243537.25,6838223.360484053,-351148.8604840534,901773.3333333334,2421742.7942534164,-618196.1275867495,3354782.966666667,6897396.122860746,-187830.18952741334,901773.3333333334,2421742.7942534164,-618196.1275867495
561,3011134.3333333335,6430064.736103894,-407796.0694372272,3532892.4166666665,7467115.19813573,-401330.3648023973,3384880.8,7142932.224038501,-373170.62403850164,868865.1333333333,2268052.6869199555,-530322.4202532892,3696676.433333333,7732438.501636061,-339085.63496939465,868865.1333333333,2268052.6869199555,-530322.4202532892
562,3231547.9,7027919.400396954,-564823.6003969545,3499318.3666666667,7558169.12079651,-559532.3874631766,3362022.6,7231702.44629265,-507657.24629265023,848436.4666666667,2236301.339663275,-539428.4063299416,3652421.8333333335,7768612.3862525895,-463768.71958592255,848436.4666666667,2236301.339663275,-539428.4063299416
563,2814399.533333333,5847562.768076646,-218763.70140997972,3586141.6166666667,7755000.4819089025,-582717.2485755687,3256093.8666666667,6913859.940283872,-401672.2069505383,737547.1666666666,1861115.422336285,-386021.08900295163,3832858.4,8246066.074425602,-580349.274425602,737547.1666666666,1861115.422336285,-386021.08900295163
564,2664573.566666667,5130458.906082532,198688.2272508014,3065255.65,7059088.363712944,-928577.0637129447,2681590.85,5994330.052746401,-631148.352746401,287845.8,622735.4087081656,-47043.808708165714,3197942.566666667,7346067.056041787,-950181.9227084536,287845.8,622735.4087081656,-47043.808708165714
565,2984756.3666666667,5773174.428097249,196338.3052360844,2808147.5,6336722.275197189,-720427.2751971898,2446634.033333333,5489632.1818103,-596364.1151436334,278824.56666666665,600309.0118500035,-42659.8785166702,2956456.8333333335,6688171.448594717,-775257.7819280508,278824.56666666665,600309.0118500035,-42659.8785166702
566,3206880.8333333335,6288358.780326918,125402.88633974921,3226997.6166666667,7226073.251430573,-772078.01809724,2693273.8666666667,5882349.672819216,-495801.9394858829,409989.56666666665,976112.0346061178,-156132.90127278445,3386327.3666666667,7594856.496563798,-822201.7632304649,409989.56666666665,976112.0346061178,-156132.90127278445
567,3368129.2666666666,7402978.8281787345,-666720.2948454013,3395493.4,7514288.193214681,-723301.3932146817,3091332.75,6826018.914093694,-643353.4140936942,540639.4,1420504.193813857,-339225.3938138569,3514733.3333333335,7786298.422280423,-756831.7556137568,540639.4,1420504.193813857,-339225.3938138569
568,3275509.7333333334,6822363.913803158,-271344.447136492,3495477.716666667,7606730.639501123,-615775.2061677896,3050754.5833333335,6564821.748195709,-463312.58152904175,598673.3333333334,1572237.8247787957,-374891.15811212896,3605037.966666667,7840484.853995483,-630408.9206621498,598673.3333333334,1572237.8247787957,-374891.15811212896
569,4218893.5,8335997.195944654,101789.80405534618,3285107.316666667,7386108.316335752,-815893.6830024179,2621762.75,5792587.335243147,-549061.8352431464,346749.8,768794.6786002978,-75295.0786002978,3398616.1666666665,7601013.174292,-803780.8409586675,346749.8,768794.6786002978,-75295.0786002978
570,3793777.433333333,7428278.300781276,159276.5658853897,3188788.4166666665,7260313.565798279,-882736.7324649463,2814721.75,6271642.505814662,-642199.0058146627,262558.13333333336,586629.6127609266,-61513.346094259876,3373894.2666666666,7547826.7831356805,-800038.2498023468,262558.13333333336,586629.6127609266,-61513.346094259876
571,3428486.066666667,6686131.062209946,170841.07112338766,2968551.0166666666,6716273.93302935,-779171.8996960171,2900310.9166666665,6578869.866663871,-778248.0333305383,245337.53333333333,537870.906127109,-47195.83946044237,3172426.6,7042167.12020489,-697313.92020489,245337.53333333333,537870.906127109,-47195.83946044237
572,3999917.7333333334,8136182.9158989545,-136347.44923228817,2891673.433333333,6694619.26181158,-911272.3951449133,2743607.466666667,6416376.907947472,-929161.9746141387,180467.63333333333,404744.7248414209,-43809.458174754196,3039763.7333333334,6925587.009602459,-846059.5429357928,180467.63333333333,404744.7248414209,-43809.458174754196
573,3348500.6,6621706.700670568,75294.49932943238,3160143.45,7293698.469759615,-973411.5697596143,2884475.716666667,6662785.152104767,-893833.7187714339,206138.8,448541.2000817778,-36263.60008177784,3239441.8666666667,7418972.093557749,-940088.3602244155,206138.8,448541.2000817778,-36263.60008177784
574,2873022.7,5410075.004914641,335970.39508535946,3204102.9,7295904.41108994,-887698.6110899406,2795405.3833333333,6219261.969502176,-628451.2028355096,246175.5,526084.2683212077,-33733.26832120778,3299189.2666666666,7483312.489009175,-884933.9556758422,246175.5,526084.2683212077,-33733.26832120778
575,3396978.066666667,6255111.206841782,538844.926491552,2531580.7666666666,6173185.92436018,-1110024.3910268475,2289398.0,5398174.248748335,-819378.248748335,283679.1,628469.9233663641,-61111.7233663642,2657536.566666667,6447807.72001132,-1132734.5866779857,283679.1,628469.9233663641,-61111.7233663642
576,3353909.3333333335,5981350.044003269,726468.6226633978,2671177.0166666666,6542865.205022855,-1200511.1716895215,2787215.966666667,6837109.188347675,-1262677.2550143413,313255.0,686239.7537452998,-59729.753745299764,2813588.7666666666,6868716.006092258,-1241538.472758925,313255.0,686239.7537452998,-59729.753745299764
577,3069605.066666667,6168881.510838412,-29671.37750507798,3050129.45,7485176.922630761,-1384918.0226307604,2993305.1166666667,7229731.9576069545,-1243121.7242736216,340349.1,783295.4047487648,-102597.20474876487,3132694.2666666666,7635557.775860889,-1370169.2425275557,340349.1,783295.4047487648,-102597.20474876487
578,3499971.6666666665,7042558.671401053,-42615.33806771971,3005561.183333333,7332323.049476577,-1321200.6828099103,2988469.65,7165779.4994887505,-1188840.1994887511,298072.6666666667,637165.4057489167,-41020.0724155833,3125257.1666666665,7568687.365860146,-1318173.032526812,298072.6666666667,637165.4057489167,-41020.0724155833
579,3351658.8,6993505.129472954,-290187.5294729541,2757606.8,7025461.43752004,-1510247.8375200406,2630982.7333333334,6503097.069280449,-1241131.602613783,226194.5,456381.1572484291,-3992.157248429081,2884796.233333334,7249839.040262278,-1480246.57359561,226194.5,456381.1572484291,-3992.157248429081
580,2730391.9,5423450.608374404,37333.19162559556,2534046.433333333,6393164.224518055,-1325071.3578513889,2846390.2,7087747.171371086,-1394966.7713710852,253143.7,535373.759140399,-29086.35914039897,2692452.4,6702104.31303241,-1317199.5130324103,253143.7,535373.759140399,-29086.35914039897
581,3298853.2666666666,6370641.192411716,227065.3409216171,2138967.4166666665,5383503.60523496,-1105568.771901627,2851534.5,7219035.461723491,-1515966.4617234906,249344.13333333333,504364.4481409554,-5676.181474288751,2225876.933333333,5517361.594439159,-1065607.727772493,249344.13333333333,504364.4481409554,-5676.181474288751
582,3364936.6333333333,6598493.8507383885,131379.41592827812,1708384.1833333333,3989629.6208796063,-572861.2542129399,2345153.3833333333,5574061.4430527715,-883754.6763861049,312014.93333333335,624034.2159388019,-4.349272135121282,1767820.8333333333,4052335.8218398895,-516694.15517322323,312014.93333333335,624034.2159388019,-4.349272135121282
583,2897742.1,5709878.822062224,85605.37793777604,1651123.0333333334,3915891.6337096943,-613645.5670430271,1804545.8666666667,4153968.8497119555,-544877.1163786221,244223.06666666668,488919.6208695806,-473.4875362472376,1723918.9666666666,4025584.9897296736,-577747.0563963403,244223.06666666668,488919.6208695806,-473.4875362472376
584,2268212.566666667,4342148.110162137,194277.02317119716,1673789.2333333334,3989485.9700741335,-641907.5034074667,1831171.2666666666,4201713.884116553,-539371.3507832191,210382.8,439867.1941124572,-19101.59411245727,1746346.9,4109878.9321000595,-617185.1321000597,210382.8,439867.1941124572,-19101.59411245727
585,2701588.033333333,4801255.162758006,601920.9039086611,1786781.45,4244324.140470971,-670761.2404709717,1981538.0,4584653.176288924,-621577.1762889242,235217.2,486322.61776882457,-15888.217768824543,1869208.6666666667,4388705.54284162,-650288.2095082861,235217.2,486322.61776882457,-15888.217768824543
586,3011539.9,5538033.159159463,485046.64084053645,1816514.3,4220590.173100726,-587561.5731007259,1948237.3833333333,4387711.911825895,-491237.14515922917,287019.1,602240.5474884892,-28202.347488489293,1875384.6666666667,4291631.25300998,-540861.9196766459,287019.1,602240.5474884892,-28202.347488489293
587,2644038.6,5385335.69990319,-97258.49990319042,2044564.2,4616508.465328865,-527380.0653288646,2311551.1,5105956.8225092795,-482854.62250927975,403390.43333333335,898620.5140174006,-91839.64735073393,2122010.1333333333,4741012.705404986,-496992.43873831956,403390.43333333335,898620.5140174006,-91839.64735073393
588,2178226.066666667,4312163.456666517,44288.6766668167,2037518.6333333333,4625375.196643006,-550337.9299763395,2292846.9166666665,4779195.788483914,-193501.9551505805,301348.9666666667,593925.3961473377,8772.537185995665,2171855.566666667,4857326.684853202,-513615.55151986796,301348.9666666667,593925.3961473377,8772.537185995665
589,2445143.1,4786300.629136616,103985.57086338336,2223134.55,5198521.08935477,-752251.9893547706,2173415.783333333,4690266.677348386,-343435.11068171915,329462.43333333335,648967.0202522196,9957.846414447005,2331693.9,5351349.520143272,-687961.720143273,329462.43333333335,648967.0202522196,9957.846414447005
590,2058008.1,3799008.580197314,317007.6198026864,2103627.2333333334,4884096.044654939,-676841.577988273,2132791.3,4686419.663181257,-420837.0631812578,264161.8333333333,569474.2519286079,-41150.58526194125,2220407.6666666665,5052198.422319965,-611383.088986632,264161.8333333333,569474.2519286079,-41150.58526194125
591,2549366.9,4378337.319690021,720396.4803099793,2075854.2833333334,4631181.550780032,-479472.9841133647,2747310.3333333335,5987711.542491244,-493090.87582457764,308986.1666666667,657303.078850298,-39330.745516964584,2186204.7333333334,4793776.290735497,-421366.82406883035,308986.1666666667,657303.078850298,-39330.745516964584
592,2642246.0,4396559.475276306,887932.5247236935,1955523.5666666667,4294618.338156193,-383571.2048228595,2508963.6,5423818.040630274,-405890.84063027427,395695.76666666666,790536.4033839535,855.1299493797706,2056271.4333333333,4419066.242507734,-306523.3758410674,395695.76666666666,790536.4033839535,855.1299493797706
593,2742402.8,4618610.26942787,866195.3305721295,1871732.7333333334,4135819.61810916,-392354.1514424933,2282608.8,4844160.334600594,-278942.7346005938,319349.5333333333,598613.8497270276,40085.21693963901,1994962.0333333334,4313531.798073417,-323607.7314067499,319349.5333333333,598613.8497270276,40085.21693963901
594,2425651.533333333,4100337.500860202,750965.5658064643,2127291.8333333335,5040664.945063468,-786081.2783968016,2408284.316666667,5460978.224723432,-644409.5913900989,286599.56666666665,532576.3719186707,40622.761414662615,2219616.2333333334,5171109.071866719,-731876.6052000518,286599.56666666665,532576.3719186707,40622.761414662615
595,1931380.9333333333,3314765.4722351693,547996.3944314977,2447188.316666667,5629387.572810089,-735010.939476755,2770783.7,6010813.104049992,-469245.704049991,351663.26666666666,659450.7985698454,43875.73476348794,2530734.8666666667,5753264.441776982,-691794.7084436477,351663.26666666666,659450.7985698454,43875.73476348794
596,2408703.9,4300039.538318798,517368.26168120187,2649513.2666666666,5737014.934321128,-437988.4009877951,3288788.8,6923274.080886597,-345696.4808865967,390805.5,818958.4451774629,-37347.44517746288,2731835.8333333335,5850404.123358529,-386732.45669186255,390805.5,818958.4451774629,-37347.44517746288
597,2018622.5,3696648.665560689,340596.3344393112,2807061.8333333335,6252300.574861009,-638176.9081943417,3187048.75,6857290.854084297,-483193.3540842971,654561.3666666667,1547863.4578296915,-238740.72449635807,2897642.1,6386133.431337653,-590849.2313376525,654561.3666666667,1547863.4578296915,-238740.72449635807
598,2201667.9,4090634.27979329,312701.52020670986,2744699.8333333335,6105747.206166869,-616347.539500202,3009622.0833333335,6446076.784248911,-426832.6175822434,487151.23333333334,1091433.7121800082,-117131.24551334145,2863535.7333333334,6297207.712037337,-570136.2453706702,487151.23333333334,1091433.7121800082,-117131.24551334145
599,2134122.2666666666,3756918.666875972,511325.86645736126,2416722.216666667,5582851.159064988,-749406.7257316536,2524973.05,5572515.544493979,-522569.4444939797,326279.13333333336,648296.6505022815,4261.616164385283,2534198.3333333335,5761008.444872394,-692611.7782057277,326279.13333333336,648296.6505022815,4261.616164385283
600,2327838.2,4105876.750728243,549799.6492717571,2073962.7833333334,4788718.1769048665,-640792.6102381998,2593045.466666667,5930494.161484269,-744403.2281509363,300236.5333333333,688325.4544503187,-87852.38778365206,2180375.6666666665,4935263.5180149935,-574512.1846816605,300236.5333333333,688325.4544503187,-87852.38778365206
601,3139414.3666666667,5862532.443325458,416296.29000787484,2413869.95,5334033.325739269,-506293.4257392688,3436213.3833333333,7490940.800306656,-618514.0336399898,502155.3,1024823.4141096228,-20512.81410962291,2500237.8666666667,5450169.425164493,-449693.6918311594,502155.3,1024823.4141096228,-20512.81410962291
602,3143232.466666667,5485350.821053316,801114.1122800177,2962191.066666667,6750774.027857495,-826391.8945241608,3968938.066666667,8748279.731484978,-810403.5981516433,505508.23333333334,1013533.723768811,-2517.257102144242,3053056.433333333,6864093.99854658,-757981.1318799136,505508.23333333334,1013533.723768811,-2517.257102144242
603,2411485.4,4336279.455296963,486691.3447030366,2683660.783333333,6144803.652401714,-777482.0857350472,3523028.4,7865656.490857601,-819599.6908576018,337933.4,659873.0399324892,15993.760067510942,2776294.933333333,6254048.0373428995,-701458.1706762332,337933.4,659873.0399324892,15993.760067510942
604,1911545.4333333333,3357395.759750012,465695.10691665486,2829899.0,6750669.135456495,-1090871.1354564945,3491973.9833333334,8138221.845854097,-1154273.8791874303,357571.5333333333,730019.4835936739,-14876.416927007318,2909936.433333333,6848459.727630971,-1028586.8609643043,357571.5333333333,730019.4835936739,-14876.416927007318
605,2224673.7333333334,4005853.585684332,443493.88098233496,2843810.783333333,6448234.427973969,-760612.8613073025,3305525.4833333334,7388481.307118263,-777430.3404515968,450553.86666666664,993146.208744257,-92038.47541092365,2932683.0,6589231.090041451,-723865.0900414516,450553.86666666664,993146.208744257,-92038.47541092365
606,2350173.8333333335,4277176.190792032,423171.4758746356,2472423.7,5243228.184077941,-298380.784077941,3077347.8666666667,6331043.152439993,-176347.419106659,423381.23333333334,1033394.7179774118,-186632.2513107452,2572642.5,5386814.340751667,-241529.3407516661,423381.23333333334,1033394.7179774118,-186632.2513107452
607,2452019.8666666667,4318539.142271146,585500.591062187,2358423.2,5058308.315233817,-341461.9152338174,2740437.3333333335,5658024.706020446,-177150.0393537786,540143.5333333333,1298337.288707255,-218050.22204058827,2461164.966666667,5219800.269925451,-297470.3365921173,540143.5333333333,1298337.288707255,-218050.22204058827
608,2106944.6,3858137.094118812,355752.10588118783,1997801.2333333334,4295067.80102277,-299465.3343561026,2369659.033333333,4914557.02395176,-175238.95728509268,476609.13333333336,1160578.6642275846,-207360.39756091783,2093623.0333333334,4446847.768434482,-259601.70176781458,476609.13333333336,1160578.6642275846,-207360.39756091783
609,2127123.1,3606571.138532836,647675.0614671642,1618459.9166666667,3385702.318370779,-148782.4850374458,2304479.3,4767016.2684034,-158057.66840339964,341399.6666666667,753703.2836831803,-70903.95034984691,1713715.9,3514117.079290376,-86685.27929037623,341399.6666666667,753703.2836831803,-70903.95034984691
610,1947241.4,3208141.225613112,686341.5743868877,1567752.7666666666,3387378.534698096,-251873.00136476266,2017511.3333333333,4183705.656204912,-148682.98953824514,590300.0,1504481.175368654,-323881.1753686541,1662014.5,3547660.0766099505,-223631.0766099505,590300.0,1504481.175368654,-323881.1753686541
611,2084531.7,3472112.704504675,696950.6954953247,1778452.2333333334,3705506.67840193,-148602.211735263,2479380.1666666665,5101000.167712068,-142239.8343787347,659754.5666666667,1590870.553768921,-271361.42043558764,1876480.1,3870312.2755013397,-117352.07550133951,659754.5666666667,1590870.553768921,-271361.42043558764
612,2175348.033333333,3683947.7329485905,666748.3337180759,2029531.15,4234509.35694579,-175447.056945791,2974008.05,6225346.121648069,-277330.0216480689,522149.6,1132748.5746704307,-88449.37467043067,2133869.3666666667,4395546.043207508,-127807.30987417372,522149.6,1132748.5746704307,-88449.37467043067
613,2096963.5666666667,3550792.707588145,643134.4257451883,2570171.8666666667,5386680.373059174,-246336.63972584018,3285838.65,6796854.558150575,-225177.25815057475,728703.8666666667,1793489.6671696291,-336081.93383629574,2672639.2666666666,5558651.887403942,-213373.3540706085,728703.8666666667,1793489.6671696291,-336081.93383629574
614,1785300.4666666666,2901800.010878585,668800.9224547483,2371317.316666667,5248560.6304246,-505925.99709126586,3127853.933333333,6697389.605792751,-441681.7391260844,674027.4333333333,1696019.0846270446,-347964.2179603779,2445297.4,5377567.795625765,-486972.99562576506,674027.4333333333,1696019.0846270446,-347964.2179603779
615,2609626.933333333,4287226.623105355,932027.2435613116,2409275.5,5168122.884249103,-349571.88424910326,3311034.45,6853426.851760302,-231357.9517603009,599510.8666666667,1365609.5353324313,-166587.80199909792,2489062.8,5311534.5872805845,-333408.9872805844,599510.8666666667,1365609.5353324313,-166587.80199909792
616,2255124.2666666666,3731755.087022827,778493.4463105062,2633340.6666666665,5487278.997734079,-220597.66440074611,2947826.35,6096744.280650191,-201091.5806501913,617316.6,1455838.1947053922,-221204.99470539216,2726936.3,5661902.016624057,-208029.4166240571,617316.6,1455838.1947053922,-221204.99470539216
617,2373848.933333333,3895191.918157626,852505.9485090405,2212625.7333333334,4672616.97190637,-247365.5052397023,2722089.75,5615259.406998633,-171079.9069986334,636644.0333333333,1450377.895762627,-177089.82909596048,2303910.8333333335,4841146.086880511,-233324.42021384416,636644.0333333333,1450377.895762627,-177089.82909596048
618,2518574.3333333335,4205123.558774606,832025.1078920604,2268403.3,4945266.234124518,-408459.6341245184,2697919.466666667,5737927.971479494,-342089.0381461601,687838.0333333333,1628505.7741485941,-252829.70748192747,2343959.8,5077853.330665546,-389933.73066554544,687838.0333333333,1628505.7741485941,-252829.70748192747
619,1954541.8333333333,3225525.83868484,683557.8279818266,2055982.7333333334,4420060.555951318,-308095.0892846505,2599376.2,5379380.595038511,-180628.19503851095,811694.6333333333,1952608.1552042118,-329218.8885375452,2143373.1333333333,4568082.896034654,-281336.6293679881,811694.6333333333,1952608.1552042118,-329218.8885375452
620,1931821.4666666666,3039454.443298491,824188.4900348419,2255159.05,4995604.804456087,-485286.7044560872,2941225.9,6215246.842870421,-332795.04287042096,656971.8666666667,1610535.0080828508,-296591.27474951756,2354071.433333333,5167531.612782305,-459388.7461156389,656971.8666666667,1610535.0080828508,-296591.27474951756
621,2779413.466666667,4432744.182816193,1126082.7505171404,2603336.1333333333,5622277.775503327,-415605.50883666053,3169785.816666667,6625296.412586201,-285724.7792528677,756236.5,1798505.0594925075,-286032.05949250737,2714195.966666667,5825361.71742698,-396969.78409364587,756236.5,1798505.0594925075,-286032.05949250737
622,2521188.7666666666,4179308.7969073574,863068.7364259758,2861521.75,5958509.757798051,-235466.25779805193,3206392.216666667,6607704.696402688,-194920.26306935353,882597.2666666667,2113752.40277089,-348557.86943755636,2982081.8666666667,6176633.198198608,-212469.46486527473,882597.2666666667,2113752.40277089,-348557.86943755636
623,2253237.1666666665,3752405.056177089,754069.277156244,3171111.6166666667,6301653.467065728,40569.766267605126,3505136.0,6946461.060854699,63810.939145301,1261691.4333333333,2900494.6303645214,-377111.76369785494,3303893.5,6548614.596690131,59172.403309869114,1261691.4333333333,2900494.6303645214,-377111.76369785494
624,1842367.4333333333,2886598.355457992,798136.5112086749,3327906.216666667,6892919.131317808,-237106.6979844747,3854589.95,7715246.798604937,-6066.898604936898,1386034.6333333333,3209983.900493743,-437914.6338270765,3414213.3666666667,7033634.685518403,-205207.9521850692,1386034.6333333333,3209983.900493743,-437914.6338270765
625,2156300.8,3415920.380640174,896681.2193598258,3230206.716666667,6544293.367910901,-83879.93457756704,3780371.216666667,7471915.345696507,88827.08763682656,1398606.5,3184015.092912782,-386802.09291278175,3319001.466666667,6695373.352390045,-57370.41905671172,1398606.5,3184015.092912782,-386802.09291278175
626,2499267.0,4030115.5612951117,968418.4387048883,3362604.7666666666,6616572.975896059,108636.5574372746,3396848.7333333334,6682100.327420563,111597.13924610335,1418515.7333333334,3228272.4537863294,-391240.98711966234,3464004.5,6815359.337201081,112649.66279891878,1418515.7333333334,3228272.4537863294,-391240.98711966234
627,2507817.066666667,4021559.1152510415,994075.0180822923,4717051.433333334,9902053.56757477,-467950.70090810116,4755046.15,9686747.181507722,-176654.8815077208,1548844.9333333333,3593977.1417506486,-496287.2750839817,4829819.633333334,10065989.22165896,-406349.9549922915,1548844.9333333333,3593977.1417506486,-496287.2750839817
628,2501324.3,4257760.986660839,744887.6133391606,4246277.916666667,8968244.878788613,-475689.0454552788,4872451.65,9971587.466726508,-226684.16672650632,1281892.4333333333,2945193.129556901,-381408.2628902339,4326112.366666666,9084806.34143798,-432581.608104649,1281892.4333333333,2945193.129556901,-381408.2628902339
629,2260225.066666667,3859607.283990633,660842.8493427006,4465961.566666666,9295436.664313518,-363513.53098018374,4701181.616666666,9289866.816183224,112496.41715010721,1490812.8,3374469.1011579484,-392843.5011579483,4549465.1,9401282.675582644,-302352.47558264434,1490812.8,3374469.1011579484,-392843.5011579483
630,2093736.9333333333,3316373.643462526,871100.2232041406,4216487.966666667,8575047.799590176,-142071.8662568424,4566917.566666666,8981733.572381468,152101.56095186435,1343711.4,2974245.0722257216,-286822.27222572174,4311837.466666667,8716062.452890165,-92387.51955683064,1343711.4,2974245.0722257216,-286822.27222572174
631,2559363.8,4263390.9928028565,855336.6071971429,3860474.9166666665,7689417.886871038,31531.946462295018,3772530.216666667,7386732.3978483975,158328.03548493655,1293256.8,2865889.557013493,-279375.9570134927,3961520.4,7857960.619412359,65080.1805876405,1293256.8,2865889.557013493,-279375.9570134927
632,1949766.1666666667,3026435.0544850184,873097.2788483149,3900234.716666667,7785696.258461507,14773.174871826079,3478951.3333333335,6885061.693491746,72840.97317492077,1125861.2,2515512.486307416,-263790.0863074162,4002889.7666666666,7953053.104219732,52726.429113601334,1125861.2,2515512.486307416,-263790.0863074162
633,1835615.6666666667,2843536.9914648915,827694.3418684418,3805593.783333333,7673380.611490946,-62193.04482427938,3505247.3666666667,6926298.208474893,84196.52485844027,1255523.1333333333,2882731.197284802,-371684.930618135,3901594.966666667,7819875.766896309,-16685.833562975284,1255523.1333333333,2882731.197284802,-371684.930618135
634,1566524.9666666666,2350472.094928054,782577.838405279,3899199.816666667,8254952.455601878,-456552.82226854423,3715357.066666667,7469220.738816094,-38506.605482759885,1368815.7,3074836.0612200666,-337204.66122006695,3978041.566666667,8357164.868617658,-401081.73528432427,1368815.7,3074836.0612200666,-337204.66122006695
635,1507885.8,2346602.1707168785,669169.4292831217,4309481.416666667,8670358.964838345,-51396.13150501065,3987334.0,7883261.602925878,91406.39707412245,1560785.5,3424721.965194951,-303150.96519495104,4406898.666666667,8825966.829408724,-12169.496075390838,1560785.5,3424721.965194951,-303150.96519495104
636,2076654.9,3215322.9733186504,937986.8266813492,3832864.2,7631787.46914649,33940.93085351074,3500598.216666667,6849265.63910143,151930.79423190374,1385186.3,3147992.4722731737,-377619.87227317365,3931862.8666666667,7798509.22600125,65216.5073320833,1385186.3,3147992.4722731737,-377619.87227317365
637,1970627.6666666667,3118724.170879313,822531.1624540205,4125412.1166666667,8368886.87625215,-118062.6429188163,3696480.783333333,7337751.272691364,55210.29397530202,1208758.0,2659466.281976631,-241950.28197663068,4217041.5,8520426.035471834,-86343.03547183331,1208758.0,2659466.281976631,-241950.28197663068
638,1812741.0666666667,3013893.900148623,611588.2331847101,3721598.4166666665,7662005.629187472,-218808.7958541396,3528234.7666666666,7154652.594338842,-98183.061005509,1554541.6333333333,3574275.585981179,-465192.3193145122,3780432.966666667,7743422.907558189,-182556.9742248552,1554541.6333333333,3574275.585981179,-465192.3193145122
639,1753527.9333333333,2796813.3701265757,710242.4965400909,3448598.95,6904420.141247762,-7222.241247761529,3123670.95,6180985.604986964,66356.29501303658,1527937.2333333334,3481254.726505914,-425380.259839247,3512337.3666666667,6991575.73989773,33098.99343560403,1527937.2333333334,3481254.726505914,-425380.259839247
640,1688925.0,2721035.384558753,656814.6154412471,3496949.0833333335,7102631.702458847,-108733.53579218034,2929175.8,5847072.362228891,11279.237771109212,1222313.9,2741360.3824244356,-296732.58242443553,3577899.9,7224807.751499578,-69007.95149957854,1222313.9,2741360.3824244356,-296732.58242443553
641,1675230.7666666666,2707047.2234022887,643414.3099310444,3806793.5,7419748.011577863,193838.9884221363,3317058.1,6409841.925614761,224274.27438523853,1640472.7666666666,3502661.2315921746,-221715.69825884164,3893023.7666666666,7556950.812510755,229096.72082257876,1640472.7666666666,3502661.2315921746,-221715.69825884164
642,1729435.4,2893285.7621343257,565585.0378656741,3962910.8333333335,7582852.822333597,342968.84433307033,3755041.5,7118590.871548617,391492.1284513832,1660077.8,3517170.8650841136,-197015.26508411346,4049589.5,7730744.260648394,368434.739351606,1660077.8,3517170.8650841136,-197015.26508411346
643,1349121.3666666667,2285697.225412251,412545.50792108255,3695370.7333333334,7256730.237469743,134011.22919692378,3621593.3666666667,7033173.376769794,210013.35656353878,1505603.0333333334,3227044.280003504,-215838.21333683725,3840916.9,7489069.921558801,192763.8784411992,1505603.0333333334,3227044.280003504,-215838.21333683725
644,1100520.9,1739925.7840223715,461116.0159776283,3245646.1666666665,6637157.582260241,-145865.24892690778,3006288.05,6091333.342209658,-78757.24220965803,1560428.1,3379160.888548428,-258304.68854842824,3310798.433333333,6724014.855471852,-102417.988805186,1560428.1,3379160.888548428,-258304.68854842824
645,1137826.7,1888459.0558401358,387194.3441598641,3245173.3333333335,6654384.159566874,-164037.49290020624,2939086.466666667,5931308.862102717,-53135.928769384045,1456861.2333333334,3145858.8980662515,-232136.43139958498,3324681.3333333335,6771093.435979933,-121730.76931326604,1456861.2333333334,3145858.8980662515,-232136.43139958498
646,1515604.4666666666,2484708.8821045146,546500.0512288186,3377702.0833333335,6691802.036936087,63602.129730580375,3309001.6166666667,6389251.331595425,228751.90173790837,1630043.0,3549738.8305063737,-289652.83050637366,3463061.7333333334,6823086.0655657,103037.40110096755,1630043.0,3549738.8305063737,-289652.83050637366
647,1494872.9333333333,2466161.363294768,523584.5033718988,3372862.716666667,6808593.199020538,-62867.765687203966,3209059.45,6362773.953595977,55344.946404023096,1807902.7333333334,4003991.312350366,-388185.845683699,3445639.066666667,6918776.355382623,-27498.22204928985,1807902.7333333334,4003991.312350366,-388185.845683699
648,1516878.0,2600266.8619019063,433489.1380980939,3456551.7666666666,7029602.90227586,-116499.36894252663,3205439.35,6428359.875135563,-17481.175135563128,1818220.2333333334,3849941.1942571327,-213500.72759046569,3506772.3666666667,7094586.847157154,-81042.11382382084,1818220.2333333334,3849941.1942571327,-213500.72759046569
649,1284565.9666666666,2069847.1517243925,499284.78160894057,3486332.2333333334,6913212.929221263,59451.537445403636,3331865.316666667,6564616.600998493,99114.03233484086,1474055.3666666667,3039435.5891964035,-91324.85586307035,3539061.1333333333,6982152.266756053,95969.99991061352,1474055.3666666667,3039435.5891964035,-91324.85586307035
650,1471536.4,2455058.394769897,488014.4052301025,3283656.5,6615875.061819426,-48562.061819425784,3008095.55,6008008.465949085,8182.634050915018,1520032.8666666667,3252386.14482024,-212320.41148690647,3353780.6,6722912.454392614,-15351.254392614122,1520032.8666666667,3252386.14482024,-212320.41148690647
651,1195726.4,2091774.3965319714,299678.4034680284,3583234.0,6987897.39990321,178570.6000967906,3276109.0166666666,6286642.729623871,265575.3037094618,1616992.7333333334,3447806.109992278,-213820.64332561125,3662659.1333333333,7130759.701040386,194558.56562628038,1616992.7333333334,3447806.109992278,-213820.64332561125
652,1675027.3666666667,3128794.442626754,221260.29070657934,3015992.6166666667,6072370.276942328,-40385.04360899422,2787770.8,5446339.819701364,129201.78029863583,955129.8,2067969.9152194792,-157710.31521947915,3138579.3333333335,6280962.531480972,-3803.8648143047467,955129.8,2067969.9152194792,-157710.31521947915
653,1220748.7333333334,2168686.559876001,272810.9067906658,3016109.25,6230036.168995774,-197817.66899577435,2951803.3,5865493.103068414,38113.49693158548,916767.7666666667,2121497.0086367684,-287961.4753034349,3116215.4,6371418.335768461,-138987.5357684614,916767.7666666667,2121497.0086367684,-287961.4753034349
654,901580.6,1506310.030273378,296851.1697266222,2388216.25,5206758.5115568815,-430326.0115568815,2353500.55,5058612.72451531,-351611.62451530946,617872.8333333334,1278118.0507369405,-42372.384070273605,2425538.9,5252407.637909854,-401329.8379098545,617872.8333333334,1278118.0507369405,-42372.384070273605
655,1163361.0,2054125.5432736245,272596.4567263756,2774647.566666667,5963591.571884844,-414296.43855151115,2546693.55,5298024.407310435,-204637.307310435,770205.0666666667,1710033.1398515957,-169623.00651826232,2807086.2666666666,6003988.028587788,-389815.49525445467,770205.0666666667,1710033.1398515957,-169623.00651826232
656,1428522.9,2529429.501277211,327616.2987227889,2897895.783333333,6032849.968933525,-237058.40226685768,2530366.8833333333,5144438.256131247,-83704.48946458008,876644.5333333333,1995300.584126011,-242011.51745934424,2943557.1666666665,6096063.375671688,-208949.0423383545,876644.5333333333,1995300.584126011,-242011.51745934424
657,1563535.9,2989133.8164462578,137937.98355374183,3032568.2666666666,6364871.6006248165,-299735.0672914833,2666108.716666667,5500704.324638063,-168486.89130472997,991306.6333333333,2045552.09465091,-62938.8279842434,3072283.066666667,6422224.833966646,-277658.7006333121,991306.6333333333,2045552.09465091,-62938.8279842434
658,1657060.2333333334,3305176.690533083,8943.776133583859,2842916.466666667,6285594.129888801,-599761.1965554678,2608291.8333333335,5603919.175599251,-387335.50893258443,942637.5666666667,1904303.9244810343,-19028.791147700977,2866055.8,6313712.473191799,-581600.873191799,942637.5666666667,1904303.9244810343,-19028.791147700977
659,1774674.9333333333,3502120.794350098,47229.07231656858,2932802.316666667,6315646.623516925,-450041.99018359045,2733409.8833333333,5681732.916794414,-214913.15012774756,846336.1666666666,1843307.8286744403,-150635.49534110702,2955281.2,6343151.328004245,-432588.92800424434,846336.1666666666,1843307.8286744403,-150635.49534110702
660,1377170.0666666667,2658868.658735076,95471.47459825734,2510741.9166666665,5576387.430484714,-554903.5971513814,2195844.9,4730620.670998619,-338930.8709986191,636089.8666666667,1324333.6134831416,-52153.88014980836,2551277.2,5637032.5050762575,-534478.1050762567,636089.8666666667,1324333.6134831416,-52153.88014980836
661,1605494.9333333333,3224357.5852491953,-13367.718582528643,2603575.2,5567085.6593140755,-359935.2593140756,2340166.4833333334,4850563.504958117,-170230.53829145012,849992.6666666666,1764307.8566235094,-64322.52329017606,2647927.0,5645091.104928575,-349237.10492857546,849992.6666666666,1764307.8566235094,-64322.52329017606
662,1737562.4666666666,3504196.6321699345,-29071.69883660134,2884935.3833333333,5840856.47195073,-70985.70528406324,2646544.5,5214765.943447042,78323.05655295821,904889.6,1910045.0249416053,-100265.82494160533,2946540.0,5951164.211514156,-58084.211514155846,904889.6,1910045.0249416053,-100265.82494160533
663,1537230.5666666667,2936276.868547681,138184.26478565228,2594706.4166666665,5502679.10138735,-313266.2680540164,2480906.1333333333,5199564.3984487485,-237752.13178208238,573454.1,1351581.463601327,-204673.26360132697,2638383.066666667,5566861.477906864,-290095.34457353037,573454.1,1351581.463601327,-204673.26360132697
664,1248403.2333333334,2383794.32791653,113012.13875013683,1943106.7166666666,4332085.265127726,-445871.83179439255,2091691.8,4768237.327896628,-584853.7278966273,398629.8,875119.4169909591,-77859.81699095905,1968514.8666666667,4368944.156038011,-431914.422704678,398629.8,875119.4169909591,-77859.81699095905
665,1145750.1,2277551.188575061,13949.011424938915,2425202.183333333,5162772.993024657,-312368.62635798985,2315934.283333333,4938927.612411093,-307059.0457444261,541288.4333333333,1178637.3100489846,-96060.4433823179,2457590.7666666666,5211704.636559992,-296523.1032266589,541288.4333333333,1178637.3100489846,-96060.4433823179
666,1316135.6666666667,2478070.897262251,154200.43607108248,2992479.683333333,6145926.099313298,-160966.732646632,2836556.05,5761807.404833801,-88695.30483380193,957530.6,2169027.3063266734,-253966.1063266733,3036781.8666666667,6215724.139144645,-142160.40581131168,957530.6,2169027.3063266734,-253966.1063266733
667,1229007.9,2441671.1350065535,16344.664993446553,2686595.966666667,5583389.412845276,-210197.47951194318,2571637.7666666666,5354280.195170516,-211004.6618371834,1032841.6666666666,2414218.2864920814,-348534.9531587482,2725014.8,5648414.4369200375,-198384.83692003833,1032841.6666666666,2414218.2864920814,-348534.9531587482
668,1671541.5333333334,3458176.8049774496,-115093.73831078294,2057245.9,4333888.472585771,-219396.67258577188,2072389.0833333333,4354947.850482436,-210169.68381576915,1008446.2333333333,2406426.176678955,-389533.71001228865,2083196.8,4375397.233475695,-209003.6334756955,1008446.2333333333,2406426.176678955,-389533.71001228865
669,1670912.1333333333,3454283.248456561,-112458.98178989463,2408694.216666667,5249534.940201374,-432146.5068680402,2109421.3,4444868.39827578,-226025.79827577947,836857.1333333333,1940282.4287367037,-266568.1620700371,2433661.7666666666,5286573.346546334,-419249.813213001,836857.1333333333,1940282.4287367037,-266568.1620700371
670,1492594.2,2930550.79181006,54637.608189939754,2603540.1,5688365.313755387,-481285.1137553877,2539396.433333333,5467732.004957706,-388939.13829103904,921768.6,2256983.534089349,-413446.3340893494,2648305.0,5762806.7627308,-466196.7627308001,921768.6,2256983.534089349,-413446.3340893494
671,1409436.7333333334,2785431.0008521667,33442.465814500116,2555650.1666666665,5448545.550104722,-337245.2167713889,2456183.933333333,5251890.805285944,-339522.938619277,970072.6666666666,2321110.747293679,-380965.4139603459,2607082.6333333333,5535337.832610572,-321172.5659439047,970072.6666666666,2321110.747293679,-380965.4139603459
672,1467904.1,3009140.9380315486,-73332.73803154822,2952280.2333333334,6261108.329243159,-356547.8625764926,2679470.283333333,5616362.1351558305,-257421.56848916458,975089.5,2319332.849784896,-369153.8497848958,3002120.933333333,6344585.3592619095,-340343.4925952428,975089.5,2319332.849784896,-369153.8497848958
673,1185565.6333333333,2357299.2698156256,13831.996851041215,2833450.2666666666,6500676.193817757,-833775.6604844234,2411549.9166666665,5394176.661563842,-571076.8282305091,522625.2,1151014.483406591,-105764.08340659103,2870677.9,6549028.248865339,-807672.4488653392,522625.2,1151014.483406591,-105764.08340659103
674,1026152.2,2027077.0649043554,25227.335095644346,3219236.95,7653295.604819373,-1214821.7048193729,2549616.2666666666,5996930.464774218,-897697.9314408852,483613.73333333334,1049186.6236034038,-81959.15693673718,3246871.6,7690302.6012248155,-1196559.4012248158,483613.73333333334,1049186.6236034038,-81959.15693673718
675,1306267.4666666666,2752591.6130145304,-140056.67968119727,3243891.4166666665,7292550.39504976,-804767.5617164271,2761684.683333333,6147388.280035306,-624018.91336864,682972.4,1497066.2827260497,-131121.4827260496,3273500.7,7334575.95205018,-787574.5520501798,682972.4,1497066.2827260497,-131121.4827260496
676,1536316.0666666667,3138126.241798319,-65494.10846498562,3021728.35,6652434.115549877,-608977.4155498776,2630676.15,5607941.879405087,-346589.57940508705,736614.1333333333,1734206.1559293834,-260977.88926271664,3058909.6333333333,6710035.154991178,-592215.8883245117,736614.1333333333,1734206.1559293834,-260977.88926271664
677,1379325.8666666667,2907667.0484519433,-149015.31511861016,3227445.433333333,7449411.56774281,-994520.701076143,2746293.566666667,6101445.761639862,-608858.6283065286,727015.1333333333,1753949.9445811578,-299919.67791449116,3267632.933333333,7510574.135657353,-975308.2689906876,727015.1333333333,1753949.9445811578,-299919.67791449116
678,1369992.5,2865431.697116819,-125446.69711681921,3232438.0166666666,7495934.876373652,-1031058.8430403192,2620524.5,6014343.722755374,-773294.7227553739,771149.6333333333,1777738.1343776449,-235438.86771097826,3244822.7,7516680.891364595,-1027035.4913645945,771149.6333333333,1777738.1343776449,-235438.86771097826
679,1763437.1333333333,3945440.9068675824,-418566.64020091575,3157249.05,7680490.265818819,-1365992.1658188198,2570443.9833333334,6066076.740164882,-925188.7734982152,505898.63333333336,1221091.296501146,-209294.02983447915,3169633.7333333334,7696165.788754953,-1356898.3220882863,505898.63333333336,1221091.296501146,-209294.02983447915
680,1679982.3666666667,3511377.503299447,-151412.7699661136,2782339.35,6409756.663078407,-845077.9630784071,2436824.4833333334,5381545.8945439225,-507896.9278772557,637350.4333333333,1462296.6032979751,-187595.73663130845,2807904.3333333335,6446639.340336579,-830830.6736699119,637350.4333333333,1462296.6032979751,-187595.73663130845
681,1581858.2,3350178.2030350305,-186461.80303503084,2719899.8666666667,6016393.834002711,-576594.100669378,2432899.433333333,5269948.486689524,-404149.62002285756,778410.2,1776483.3149140112,-219662.91491401126,2750013.5,6057981.733409428,-557954.733409428,778410.2,1776483.3149140112,-219662.91491401126
682,1780135.7666666666,3898390.1564840013,-338118.6231506681,2300360.1166666667,5013760.412503438,-413040.1791701042,2191378.6166666667,4669138.616876252,-286381.38354291907,480783.8,1040627.3046885126,-79059.70468851255,2334993.2333333334,5063088.926550988,-393102.4598843218,480783.8,1040627.3046885126,-79059.70468851255
683,1598816.2666666666,3380112.5058331806,-182479.97249984764,2337477.85,5357410.150433462,-682454.4504334619,2260667.5833333335,5099696.248182858,-578361.0815161914,379570.0,857490.4544334263,-98350.45443342632,2374892.933333333,5405445.857655361,-655659.9909886951,379570.0,857490.4544334263,-98350.45443342632
684,1005796.7333333333,1907247.159631064,104346.30703560263,2629676.95,6011275.952801631,-751922.0528016305,2552685.6666666665,5836168.407523904,-730797.0741905705,590740.0666666667,1232468.3079479402,-50988.17461460689,2663637.8333333335,6052110.821017755,-724835.1543510882,590740.0666666667,1232468.3079479402,-50988.17461460689
685,1555741.4666666666,2973770.9887616835,137711.94457164966,2645959.3,6009216.355842321,-717297.7558423216,2357058.783333333,5182824.656215314,-468707.0895486474,597940.4333333333,1219108.5309074752,-23227.66424080846,2674054.6333333333,6044106.867973885,-695997.6013072184,597940.4333333333,1219108.5309074752,-23227.66424080846
686,1756599.7,3245823.3538694475,267376.04613055266,2776595.45,5635501.367647791,-82310.46764779091,2438669.3833333333,4767972.098847613,109366.66781905433,819526.5,1690903.7359858043,-51850.73598580423,2809869.8666666667,5686184.875565542,-66445.14223220805,819526.5,1690903.7359858043,-51850.73598580423
687,1935826.1666666667,3773324.94944047,98327.38389286352,2433045.25,4858870.926313778,7219.5736862216145,2194041.566666667,4318328.038427534,69755.09490580065,991462.8,2092152.5979898302,-109226.9979898301,2477176.9,4946177.124586241,8176.67541375896,991462.8,2092152.5979898302,-109226.9979898301
688,1829236.4333333333,3559606.510525949,98866.35614071786,1806561.4666666666,3809771.4798489716,-196648.54651563824,1629237.5666666667,3417366.8863712596,-158891.75303792604,682834.9,1529768.4358285307,-164098.63582853053,1835820.4333333333,3866423.4147464326,-194782.5480797661,682834.9,1529768.4358285307,-164098.63582853053
689,1946476.1333333333,3723537.629535081,169414.63713158597,1702465.3166666667,3712638.197100371,-307707.5637670378,1515751.8166666667,3168266.5047633164,-136762.8714299833,335794.2,661966.1603551711,9622.239644828951,1737321.5333333334,3775333.4718934824,-300690.4052268155,335794.2,661966.1603551711,9622.239644828951
690,2218513.5,4050229.10848408,386797.89151591994,1714882.75,3877226.5926576387,-447461.0926576387,1490469.9333333333,3218587.0084005613,-237647.1417338946,339642.7,687466.5512628875,-8181.151262887521,1758320.1333333333,3952292.435806091,-435652.16913942434,339642.7,687466.5512628875,-8181.151262887521
691,2276581.8333333335,4219839.9477089755,333323.7189576912,1697034.4833333334,3922949.143564175,-528880.1768975081,1563834.9333333333,3460889.353615771,-333219.48694910435,221621.83333333334,466839.80777521466,-23596.14110854795,1724810.7666666666,3958817.675136885,-509196.14180355193,221621.83333333334,466839.80777521466,-23596.14110854795
692,1740168.3333333333,3154020.702348303,326315.9643183637,1712163.0833333333,3976094.473029025,-551768.3063623582,1585357.7,3509862.471737949,-339147.07173794927,194301.7,419320.98179139604,-30717.58179139599,1742385.6,4015959.2987293983,-531188.0987293981,194301.7,419320.98179139604,-30717.58179139599
693,1442304.5,2547483.6493896265,337125.3506103733,2110081.216666667,5198902.52365116,-978740.0903178272,1819590.7,4240723.533892244,-601542.1338922444,181966.56666666668,379568.91886347125,-15635.785530137859,2144898.566666667,5255434.367427457,-965637.2340941234,181966.56666666668,379568.91886347125,-15635.785530137859
694,1336300.2666666666,2446954.243323645,225646.29000968812,2014405.4333333333,5074427.08268613,-1045616.2160194635,1913126.4666666666,4697888.846060139,-871635.9127268062,198996.0,392575.92058684025,5416.0794131597795,2037450.8333333333,5118324.233956884,-1043422.5672902169,198996.0,392575.92058684025,5416.0794131597795
695,1439589.8333333333,2650603.7777149105,228575.88895175606,2254713.316666667,5629037.006446296,-1119610.373112963,2004207.2,4777598.0797896,-769183.6797896002,227151.76666666666,459166.38900835096,-4862.855675017636,2279413.3333333335,5657305.033624259,-1098478.3669575918,227151.76666666666,459166.38900835096,-4862.855675017636
696,1976454.9333333333,3736601.8013145304,216308.06535213627,2216228.6166666667,5131928.538364511,-699471.3050311771,1946443.1666666667,4204160.3963444745,-311274.0630111408,243610.46666666667,514454.5331209357,-27233.599787602376,2254724.7,5197690.54916735,-688241.1491673491,243610.46666666667,514454.5331209357,-27233.599787602376
697,2118359.9,3988481.82622732,248237.97377267992,2451526.2666666666,6108150.070041932,-1205097.5367085985,2123975.0166666666,4977360.561980022,-729410.5286466884,249364.96666666667,536011.8002990126,-37281.86696567922,2485912.6333333333,6164995.417949079,-1193170.151282412,249364.96666666667,536011.8002990126,-37281.86696567922
698,2107555.2,4037309.2343775043,177801.1656224958,2105080.3,5194703.343933031,-984542.7439330309,2236612.6333333333,5516270.974229826,-1043045.7075631595,294247.26666666666,665693.960835347,-77199.42750201368,2153411.2333333334,5271171.654733936,-964349.1880672695,294247.26666666666,665693.960835347,-77199.42750201368
699,1812622.8666666667,3449060.0870970865,176185.64623624692,1797079.2,4239194.785190888,-645036.3851908881,1600820.7166666666,3611005.78491446,-409364.35158112715,242899.36666666667,559314.4094287695,-73515.67609543612,1845222.3666666667,4321672.351307543,-631227.6179742101,242899.36666666667,559314.4094287695,-73515.67609543612
700,1703187.8,3249474.1810865235,156901.41891347687,1560734.4833333334,3679003.00337052,-557534.0367038534,1404518.9833333334,3145194.879417754,-336156.9127510872,161700.9,372661.34948136995,-49259.54948136993,1595425.3666666667,3741162.6848899936,-550311.9515566602,161700.9,372661.34948136995,-49259.54948136993
701,2008720.4666666666,3734471.3374947417,282969.59583859146,1842668.7666666666,4209573.613619245,-524236.08028591145,1619806.25,3540216.8265654203,-300604.3265654205,272489.63333333336,630153.3346772465,-85174.0680105798,1882910.4333333333,4279363.514731478,-513542.6480648115,272489.63333333336,630153.3346772465,-85174.0680105798
702,1797655.8666666667,3331505.829425196,263805.90390813746,1942373.6,4297347.1239259895,-412599.92392598884,1735509.2666666666,3736632.104058685,-265613.5707253516,252726.16666666666,596639.629572102,-91187.2962387687,1978081.0,4352314.322308704,-396152.3223087047,252726.16666666666,596639.629572102,-91187.2962387687
703,1571796.2,2815073.3579929797,328519.04200702,1671852.5666666667,3765788.5196974427,-422083.3863641091,1658099.05,3711680.640353052,-395482.5403530516,224237.33333333334,496707.42859665374,-48232.761929987086,1711493.0333333334,3823335.5235386966,-400349.45687202946,224237.33333333334,496707.42859665374,-48232.761929987086
704,1403706.0,2594650.516724132,212761.48327586777,1256284.0166666666,2803732.1262286957,-291164.0928953623,1528169.3666666667,3568604.937260326,-512266.20392699237,234254.43333333332,499543.52943190886,-31034.662765242247,1287293.3,2846074.1723092636,-271487.57230926375,234254.43333333332,499543.52943190886,-31034.662765242247
705,1806277.4,3295924.6397657995,316630.1602342003,1429817.8833333333,2993019.742677683,-133383.97601101617,1715762.1,3695812.2826581076,-264288.08265810716,282859.56666666665,576836.6309340328,-11117.497600699542,1461475.0666666667,3043931.4883450354,-120981.35501170205,282859.56666666665,576836.6309340328,-11117.497600699542
706,1925580.0333333334,3597873.118380213,253286.94828645396,1684063.8833333333,3678347.817207793,-310220.0505411264,1529349.8166666667,3132143.357954946,-73443.72462161258,260602.56666666668,573759.9453061704,-52554.81197283699,1716570.4333333333,3726137.6750095426,-292996.8083428759,260602.56666666668,573759.9453061704,-52554.81197283699
707,1930977.1333333333,3715193.9123349786,146760.3543316878,1271611.6,2657560.484760899,-114337.28476089914,1451591.4166666667,3047937.3753025765,-144754.54196924274,272898.2,625316.6193224536,-79520.2193224536,1317407.8,2730586.635782756,-95771.03578275605,272898.2,625316.6193224536,-79520.2193224536
708,2154474.8666666667,4136985.1896521877,171964.54368114588,1149787.2666666666,2305899.011657444,-6324.478324110853,1138205.65,2269038.8437436773,7372.4562563227955,298609.26666666666,667302.8103196935,-70084.2769863602,1186695.1333333333,2370263.258621754,3127.00804491248,298609.26666666666,667302.8103196935,-70084.2769863602
709,1765099.2333333334,3305795.83331634,224402.63335032645,1437857.5666666667,3043165.188703754,-167450.05537042068,1313223.3333333333,2694133.4074718766,-67686.74080520985,280072.8,616363.4297348796,-56217.829734879604,1484545.4,3119858.5294247903,-150767.7294247907,280072.8,616363.4297348796,-56217.829734879604
710,2101361.6,4028682.6470375545,174040.5529624459,1676935.45,3625877.7424077373,-272006.84240773716,1545823.5666666667,3176124.764781934,-84477.63144860114,307212.3,627488.4729466924,-13063.872946692398,1728077.9333333333,3709185.1888288753,-253029.3221622086,307212.3,627488.4729466924,-13063.872946692398
711,1949618.0333333334,3539971.8260034667,359264.2406631999,1845160.0666666667,3877542.6379620656,-187222.50462873257,1717911.9333333333,3484779.7245042347,-48955.85783756804,433326.9666666667,949752.3187359287,-83098.38540259545,1880820.3333333333,3937813.2367858943,-176172.57011922798,433326.9666666667,949752.3187359287,-83098.38540259545
712,2039235.5333333334,3734762.956968112,343708.10969855473,1806214.3833333333,3876415.6484303363,-263986.88176366943,1573096.3166666667,3261115.2220482677,-114922.58871493442,330569.0,743577.898262025,-82439.89826202497,1837266.3,3926378.138144714,-251845.5381447135,330569.0,743577.898262025,-82439.89826202497
713,2242684.1333333333,4242308.160463696,243060.1062029705,1345878.2833333334,2880389.6063500964,-188633.03968342952,1466599.0,3183772.334436814,-250574.33443681384,293866.63333333336,667368.908172735,-79635.64150606823,1389903.3,2950523.644992888,-170717.04499288765,293866.63333333336,667368.908172735,-79635.64150606823
714,1787446.2333333334,3363716.956451281,211175.51021538605,1017654.05,2117064.2133362927,-81756.1133362928,1309929.15,2900074.300982332,-280216.00098233204,305589.6666666667,670805.1252559358,-59625.79192260251,1055054.9,2175692.6139538987,-65582.81395389885,305589.6666666667,670805.1252559358,-59625.79192260251
715,1671812.0666666667,3040302.662776294,303321.47055703937,1136708.6833333333,2315315.855218304,-41898.48855163716,1491524.0666666667,3184009.923594331,-200961.7902609976,373581.63333333336,831139.1584137392,-83975.89174707246,1187416.5,2400161.571232634,-25328.57123263413,373581.63333333336,831139.1584137392,-83975.89174707246
716,1748540.2333333334,3177028.7693859553,320051.69728071126,1511193.2166666666,3257014.680044671,-234628.24671133794,1373047.8833333333,2801545.5273410315,-55449.76067436463,377609.2,805261.992167352,-50043.59216735192,1551653.6666666667,3315407.58086898,-212100.2475356462,377609.2,805261.992167352,-50043.59216735192
717,1743429.2,3285661.8680330794,201196.53196692048,1383342.2666666666,2845186.8686807416,-78502.33534740843,1581138.2333333334,3307988.4302081093,-145711.9635414423,448497.3333333333,974520.4243022781,-77525.75763561152,1423231.6,2905224.4372008913,-58761.23720089113,448497.3333333333,974520.4243022781,-77525.75763561152
718,2012436.3,4196783.899014882,-171911.2990148815,1433276.85,2859286.1911451286,7267.508854871383,1394369.5833333333,2750318.12049832,38421.046168346424,537045.4,1178486.5751458043,-104395.77514580416,1476877.6666666667,2925318.562895043,28436.770438290667,537045.4,1178486.5751458043,-104395.77514580416
719,1840462.3666666667,3972096.872746452,-291172.1394131188,1210720.1166666667,2384391.5283185,37048.70501483325,1298674.8333333333,2569960.086373323,27389.580293343402,406214.2,884345.9785826983,-71917.57858269825,1254272.0333333334,2456903.111108967,51640.955557700014,406214.2,884345.9785826983,-71917.57858269825
720,1876041.6333333333,3643258.359013512,108824.90765315504,1055596.9,2087252.136051152,23941.66394884803,1209976.05,2437765.8433988085,-17813.74339880841,326191.3333333333,640311.7706725112,12070.895994155435,1081345.8,2131307.1698939987,31384.430106001673,326191.3333333333,640311.7706725112,12070.895994155435
721,2227298.5,4511684.411097024,-57087.4110970241,989645.55,1858296.5533133482,120994.54668665188,1129672.0666666667,2140756.1549636656,118587.97836966778,424603.1,929603.7629236517,-80397.56292365177,1009356.4333333333,1894194.3528224933,124518.51384417352,424603.1,929603.7629236517,-80397.56292365177
722,2375118.5,4992571.296362892,-242334.2963628918,1239065.1166666667,2487891.806673714,-9761.573340380797,1318331.4166666667,2612651.2972307196,24011.536102613667,416772.4666666667,967688.9430395187,-134144.00970618532,1268897.9333333333,2543704.3116473984,-5908.4449807317,416772.4666666667,967688.9430395187,-134144.00970618532
723,2080565.5333333334,4272246.037060101,-111114.97039343393,1138883.6666666667,2219375.9919187566,58391.34141457663,1164904.05,2259325.9219017727,70482.1780982276,403842.0333333333,935401.5271752443,-127717.46050857764,1171025.2333333334,2276002.8772085607,66047.58945810632,403842.0333333333,935401.5271752443,-127717.46050857764
724,1837689.2,3575018.8453131523,100359.55468684784,945239.6166666667,1802435.5691329534,88043.6642003801,1090571.4,2135095.502387572,46047.297612427734,426833.8,893774.1628569316,-40106.56285693165,965349.3333333334,1836887.9165416649,93810.75012500188,426833.8,893774.1628569316,-40106.56285693165
725,1854293.8,3530514.4210214196,178073.17897858075,1194948.8333333333,2351213.7832933217,38683.88337334455,1386425.1333333333,2705239.0624845703,67611.20418209629,470337.36666666664,1032489.2494601181,-91814.51612678479,1213391.5333333334,2377895.044507634,48888.02215903322,470337.36666666664,1032489.2494601181,-91814.51612678479
726,1994244.0,3667623.1242375555,320864.87576244446,1108433.6833333333,2124232.0288083297,92635.3378583371,1206831.2666666666,2308475.6468205033,105186.88651282992,345589.93333333335,693848.6843297353,-2668.8176630686503,1140648.9666666666,2186735.9927902836,94561.94054304925,345589.93333333335,693848.6843297353,-2668.8176630686503
727,1954449.9666666666,3739425.713921664,169474.2194116693,942337.3333333334,1774933.5529015502,109741.11376511666,1097324.3666666667,2110667.737594754,83980.99573857931,379154.43333333335,837821.3534778929,-79512.48681122623,976366.2333333333,1839105.9408691397,113626.52579752682,379154.43333333335,837821.3534778929,-79512.48681122623
728,2147785.2333333334,4198857.12784267,96713.33882399672,1009390.85,1919177.7452775168,99603.95472248318,1063883.6333333333,2029346.0181487612,98421.24851790536,382432.26666666666,786790.639139839,-21926.105806505657,1040466.6666666666,1977831.0235129218,103102.30982041138,382432.26666666666,786790.639139839,-21926.105806505657
729,2029156.4333333333,4111745.4734354154,-53432.60676874872,1170661.25,2292923.2266992554,48399.27330074436,1343597.1166666667,2601621.6658959,85572.56743743317,388539.3,839521.9477785894,-62443.347778589465,1212922.9333333333,2381805.209196502,44040.65747016482,388539.3,839521.9477785894,-62443.347778589465
730,1567960.5,2952692.8771869703,183228.12281302968,1160398.7666666666,2379830.696451841,-59033.163118507946,1394619.1666666667,2767660.1751505616,21578.158182771876,368939.6666666667,763338.176694703,-25458.84336136974,1210180.2333333334,2466449.0971044917,-46088.630437824875,368939.6666666667,763338.176694703,-25458.84336136974
731,1887411.3666666667,3787560.321182199,-12737.587848865427,1460409.1,3011642.542024018,-90824.34202401759,1682592.0333333334,3386268.162863966,-21084.09619729896,420910.26666666666,839944.1858083229,1876.3475250105257,1496514.3333333333,3073924.843205441,-80896.17653877451,420910.26666666666,839944.1858083229,1876.3475250105257
732,2086042.9333333333,4182468.079597811,-10382.21293114475,1490354.2333333334,3061937.5735526006,-81229.10688593378,1726818.9666666666,3471517.0717467703,-17879.13841343741,403080.26666666666,812313.681776129,-6153.148442795558,1518456.3666666667,3110261.6282124645,-73348.89487913111,403080.26666666666,812313.681776129,-6153.148442795558
733,1925510.1,4108080.066001658,-257059.86600165768,1044311.0166666667,2328704.8658699007,-240082.83253656735,1142418.0833333333,2473130.1802456966,-188294.01357902982,338881.0,665849.0218469594,11912.978153040633,1094238.9,2413146.104323779,-224668.30432377942,338881.0,665849.0218469594,11912.978153040633
734,1598268.3333333333,3161611.8263951223,34924.840271543944,709166.1666666666,1412086.115012209,6246.218321124441,785233.3833333333,1553187.9592094785,17278.80745718826,356703.5,708093.3638234412,5313.6361765587935,755219.7666666667,1494868.884069352,15570.649263981613,356703.5,708093.3638234412,5313.6361765587935
735,1769113.6666666667,3419377.9407732096,118849.39256012416,952073.25,2071419.760569826,-167273.260569826,1055434.8333333333,2232731.655660981,-121861.98899431434,425637.5333333333,855630.0382271927,-4354.971560526057,993823.1333333333,2137589.476884231,-149943.2102175646,425637.5333333333,855630.0382271927,-4354.971560526057
736,2034671.0666666667,3878358.956367127,190983.17696620617,1031994.3833333333,2242829.986297711,-178841.21963104443,1100678.05,2374672.930440241,-173316.8304402409,381238.93333333335,776628.940634724,-14151.07396805723,1076344.3333333333,2316104.8322434006,-163416.16557673388,381238.93333333335,776628.940634724,-14151.07396805723
737,2378673.7666666666,4897792.560672391,-140445.02733905846,908173.0,1951208.3544350865,-134862.35443508648,972493.9333333333,2074640.8177512293,-129652.95108456258,460324.1,956646.038233932,-35997.83823393204,966166.1666666666,2052371.4518335806,-120039.11850024725,460324.1,956646.038233932,-35997.83823393204
738,2353976.933333333,4900508.2513905205,-192554.3847238538,680628.4166666666,1347117.0990869137,14139.73424641951,778788.85,1550266.0661793905,7311.633820609422,455717.43333333335,916919.1672456982,-5484.300579031522,751010.6333333333,1479764.6560717297,22256.61059493688,455717.43333333335,916919.1672456982,-5484.300579031522
739,2216117.6333333333,4598183.507516943,-165948.24085027585,812951.0166666667,1675454.585532561,-49552.5521992275,871438.7333333333,1800814.210470381,-57936.7438037144,424137.7,865346.9289616822,-17071.528961682227,886103.6,1813377.860667923,-41170.66066792293,424137.7,865346.9289616822,-17071.528961682227
740,1941131.4,3803612.9359715637,78649.86402843636,855543.8833333333,1971613.8886052547,-260526.1219385881,964087.45,2182746.1950295763,-254571.2950295764,338928.6,697128.0369044421,-19270.836904442112,954634.0666666667,2160501.4450407308,-251233.31170739722,338928.6,697128.0369044421,-19270.836904442112
741,2281937.4,4697883.565445289,-134008.7654452892,1054703.0833333333,2451736.9785892786,-342330.81192261213,1167793.2333333334,2665285.8770102225,-329699.41034355573,401101.8333333333,804883.7141049977,-2680.047438331123,1122810.4,2580201.5856543407,-334580.78565434087,401101.8333333333,804883.7141049977,-2680.047438331123
742,2533045.2,5250433.244651989,-184342.8446519887,1110501.9166666667,2643343.2167563364,-422339.38342300267,1163311.4,2674852.8560952577,-348230.05609525787,407293.13333333336,810718.7479753392,3867.518691327481,1175830.9,2765521.844214662,-413860.0442146624,407293.13333333336,810718.7479753392,3867.518691327481
743,2402391.8,5021078.950570961,-216295.35057096183,1045078.9,2480552.0696558137,-390394.2696558136,1121621.5166666666,2613460.9333971916,-370217.90006385813,335183.0,667328.4206483301,3037.579351669876,1107912.2,2585294.7539215414,-369470.3539215417,335183.0,667328.4206483301,3037.579351669876
744,2199953.3333333335,4704417.08693254,-304510.4202658725,639842.7,1396281.9518829044,-116596.5518829046,683682.7,1477477.0199460047,-110111.61994600482,352007.73333333334,764024.0865876654,-60008.619920998695,717086.1666666666,1534597.7989015908,-100425.4655682575,352007.73333333334,764024.0865876654,-60008.619920998695
745,2352094.5,4987573.668776583,-283384.6687765834,797455.95,1757225.7554814222,-162313.85548142227,857162.9833333333,1856308.2986979522,-141982.33203128562,374803.0333333333,742422.7251912265,7183.341475440131,862299.7333333333,1876107.6831030007,-151508.2164363342,374803.0333333333,742422.7251912265,7183.341475440131
746,2608649.033333333,5354032.458533434,-136734.39186676824,1134046.9833333334,2638254.8385278117,-370160.87186114467,1225003.2666666666,2802774.3912707223,-352767.85793738905,374279.8333333333,713784.9017139123,34774.76495275437,1205764.5,2770798.2482007276,-359269.2482007274,374279.8333333333,713784.9017139123,34774.76495275437
747,2530013.3,5389868.354965946,-329841.7549659456,1180564.3333333333,2713655.5790348668,-352526.91236820025,1320296.45,2986841.5818107147,-346248.68181071477,546270.4666666667,1123869.7170469898,-31328.783713656478,1256471.2,2853812.9615451037,-340870.5615451038,546270.4666666667,1123869.7170469898,-31328.783713656478
748,2334015.533333333,4967355.970065847,-299324.9033991811,1113790.3166666667,2567354.3042582227,-339773.67092488916,1145563.0833333333,2585005.2655173326,-293879.09885066585,679375.9666666667,1416934.8986884193,-58182.96535508591,1200083.5333333334,2732000.320332042,-331833.25366537506,679375.9666666667,1416934.8986884193,-58182.96535508591
749,2375504.533333333,5099829.6799873635,-348820.6133206971,1120232.25,2633902.9379402124,-393438.43794021243,1199616.0,2797133.6635057004,-397901.6635057002,494247.8,1043580.851214224,-55085.25121422397,1207464.1,2798515.728280451,-383587.52828045096,494247.8,1043580.851214224,-55085.25121422397
750,2478980.7333333334,5218804.955925866,-260843.48925919924,813942.95,1822536.3780566985,-194650.4780566987,1014561.3333333334,2286175.020626924,-257052.35396025714,411624.43333333335,840542.4761456269,-17293.609478960163,904106.5,2008128.605205075,-199915.60520507488,411624.43333333335,840542.4761456269,-17293.609478960163
751,2516349.2666666666,5377659.274978979,-344960.7416456449,1261447.25,2895235.5319602154,-372341.03196021565,1395468.4166666667,3073241.755123174,-282304.92178984056,564749.0333333333,1171012.802665372,-41514.73599870538,1339663.6,3051663.7358772038,-372336.5358772038,564749.0333333333,1171012.802665372,-41514.73599870538
752,2704951.6666666665,5826928.240059525,-417024.90672619175,1292758.6833333333,2874685.630359944,-289168.263693277,1451232.8166666667,3113981.8594080247,-211516.22607469116,517305.63333333336,1019562.3343492448,15048.93231742183,1355105.4333333333,2991625.2725011567,-281414.40583448973,517305.63333333336,1019562.3343492448,15048.93231742183
753,2415919.066666667,5210051.308216059,-378213.1748827249,1261724.2,2765251.6527488264,-241803.25274882652,1409372.4333333333,3017395.7766311765,-198650.90996450977,490648.06666666665,966864.9529817533,14431.180351580027,1331806.5,2895578.227617929,-231965.22761792922,490648.06666666665,966864.9529817533,14431.180351580027
754,1974920.3333333333,4175594.248000621,-225753.58133395412,1069772.35,2224498.4649736267,-84953.76497362624,1195635.7833333334,2433824.436357462,-42552.86969079473,590177.8333333334,1249394.9936430836,-69039.32697641687,1155954.2,2401778.4184048558,-89870.01840485563,590177.8333333334,1249394.9936430836,-69039.32697641687
755,2742501.033333333,5872585.922219563,-387583.8555528973,1268253.6,2648833.91832447,-112326.71832446987,1407855.7,2886665.527049116,-70954.12704911618,618380.1,1277647.906327479,-40887.70632747898,1328458.6333333333,2760561.0431191796,-103643.77645251295,618380.1,1277647.906327479,-40887.70632747898
756,3163922.0,6728590.277873099,-400746.2778730993,1571803.8333333333,3299700.5882447595,-156092.92157809297,1482590.75,3063788.7592108566,-98607.25921085686,477757.13333333336,924937.2899464495,30576.976720217324,1657447.3,3472454.046099694,-157559.4460996939,477757.13333333336,924937.2899464495,30576.976720217324
757,3125666.066666667,6978526.829224481,-727194.6958911475,1144050.9833333334,2252149.7869994743,35952.17966719228,1228873.6166666667,2464174.49431911,-6427.260985776782,410396.8,807001.8938312305,13791.706168769451,1234721.6666666667,2438870.490487025,30572.84284630837,410396.8,807001.8938312305,13791.706168769451
758,3037740.566666667,6684920.415861553,-609439.2825282188,898425.2,1732019.0358275813,64831.364172418485,1051056.1666666667,2094351.5255853366,7760.807747996994,431389.06666666665,862395.4145995455,382.71873378782766,996970.8333333334,1933881.096373557,60060.57029310975,431389.06666666665,862395.4145995455,382.71873378782766
759,2878926.4,6073212.867050841,-315360.0670508421,818662.0666666667,1566074.6299137045,71249.50341962895,916705.0833333334,1770922.035544571,62488.13112209563,330383.5,650595.2828780019,10171.717121998081,888527.7,1708689.3776799575,68366.02232004248,330383.5,650595.2828780019,10171.717121998081
760,3378148.8333333335,7450216.6728606885,-693919.0061940216,733342.3333333334,1401684.8454100434,64999.82125662337,862683.15,1683915.9580558203,41450.34194417973,254547.1,491160.28603365447,17933.91396634557,796849.8,1534081.5843428222,59618.01565717789,254547.1,491160.28603365447,17933.91396634557
761,3094317.7,6671065.976869123,-482430.5768691222,852286.4833333333,1596462.9981474383,108109.96851922828,1093709.5833333333,2123657.1587988567,63762.00786781008,395498.4,779188.8935183247,11807.906481675338,915755.2333333333,1728736.8335572788,102773.63310938771,395498.4,779188.8935183247,11807.906481675338
762,3026879.4,6427265.472471228,-373506.6724712285,808211.4333333333,1523608.8368414678,92814.02982519905,992487.8833333333,1918438.4431559537,66537.32351071294,358260.0,688355.0624983448,28164.93750165525,871214.9666666667,1647170.3729600878,95259.5603732455,358260.0,688355.0624983448,28164.93750165525
763,2670733.8,5606914.388018217,-265446.7880182173,892578.3833333333,1744108.7365216503,41048.030145016266,1067792.1166666667,2105800.0666251546,29784.16670817882,326096.7,612427.5559636485,39765.84403635148,983558.3,1926270.408584814,40846.191415185924,326096.7,612427.5559636485,39765.84403635148
764,2774836.6,5974726.377471408,-425053.1774714072,737177.4833333333,1406240.232966974,68114.73369969276,873523.1166666667,1719516.4436894385,27529.789643894997,355067.9,698732.810884113,11402.989115887147,840632.4333333333,1619148.3415237279,62116.52514293895,355067.9,698732.810884113,11402.989115887147
765,2749297.4,5981089.576953197,-482494.77695319755,1021570.8833333333,2005581.2222097786,37560.54445688799,1177995.8333333333,2320709.9240235817,35281.742643085076,450041.0,889451.6393005865,10630.36069941346,1144364.8,2273727.1442413013,15002.455758698983,450041.0,889451.6393005865,10630.36069941346
766,3088510.3,6534055.534889332,-357034.9348893324,1270821.4666666666,2553523.7727463683,-11880.839413034962,1423709.65,2899653.0292068245,-52233.72920682491,463716.06666666665,954933.1588153101,-27501.0254819768,1340495.2,2712854.507119444,-31864.107119444292,463716.06666666665,954933.1588153101,-27501.0254819768
767,3311193.7666666666,7343151.1687486535,-720763.6354153203,1214033.0,2547666.605813521,-119600.60581352073,1209067.7166666666,2515839.231782848,-97703.7984495149,456445.3333333333,970123.121332047,-57232.45466538047,1321658.2666666666,2784234.9370137304,-140918.40368039696,456445.3333333333,970123.121332047,-57232.45466538047
768,3083390.3333333335,6702673.526231352,-535892.8595646848,1032689.5833333334,2035434.499386561,29944.66728010564,1442650.8,3120092.7714413973,-234791.17144139716,592760.2666666667,1263855.5985319717,-78335.06519863813,1117546.7666666666,2204644.079198202,30449.454135130858,592760.2666666667,1263855.5985319717,-78335.06519863813
769,2796282.3,5941130.619771453,-348566.01977145346,775551.7,1511086.5844728784,40016.81552712165,942586.25,1939139.368269079,-53966.86826907878,359273.63333333336,738858.7953934518,-20311.528726785153,844196.8666666667,1654514.2146776863,33879.51865564706,359273.63333333336,738858.7953934518,-20311.528726785153
770,2755751.433333333,6196284.036844639,-684781.1701779733,901656.7333333333,2008827.0880416534,-205513.62137498672,1213309.7333333334,2833748.532005846,-407129.06533917924,485541.0333333333,1154888.8687208053,-183806.8020541385,984256.7666666667,2185706.7406225926,-217193.2072892593,485541.0333333333,1154888.8687208053,-183806.8020541385
771,2720009.1666666665,5894005.052145219,-453986.7188118864,970143.7333333333,2149024.1857160176,-208736.71904935117,1231821.65,2792196.003498744,-328552.7034987444,538660.3,1243764.0973561842,-166443.49735618406,1024334.1666666666,2268018.3261978463,-219349.9928645132,538660.3,1243764.0973561842,-166443.49735618406
772,3099634.3666666667,6681988.023852475,-482719.2905191416,1097083.8,2221122.999977008,-26955.39997700788,1462795.5333333334,3090779.3051091554,-165188.2384424887,629170.6,1350976.7706738322,-92635.5706738322,1149721.9333333333,2341199.913829524,-41756.047162857605,629170.6,1350976.7706738322,-92635.5706738322
773,2491691.066666667,5163510.343951387,-180128.21061805403,1046236.9833333333,2072791.3008232897,19682.66584337689,1348458.65,2858267.008048108,-161349.70804810803,552167.7666666667,1181122.050395711,-76786.51706237765,1166036.5333333334,2301262.559927672,30810.50673899497,552167.7666666667,1181122.050395711,-76786.51706237765
774,2495305.6333333333,5136052.178221646,-145440.91155497916,1181825.6333333333,2541985.0799684953,-178333.81330182892,1103345.0333333334,2305751.0928378114,-99061.02617114456,503453.1666666667,1082867.2541929607,-75960.92085962725,1324516.1333333333,2792483.953016067,-143451.6863494001,503453.1666666667,1082867.2541929607,-75960.92085962725
775,2975867.3,6204409.489202363,-252674.88920236332,1358874.2,2892183.889794589,-174435.4897945891,1208089.5666666667,2473643.2465337254,-57464.11320039234,532838.4333333333,1081175.3283961434,-15498.461729476578,1449384.1333333333,3025643.3457831303,-126875.07911646366,532838.4333333333,1081175.3283961434,-15498.461729476578
776,2975487.7333333334,6194901.212614076,-243925.74594740896,1242531.7666666666,2656427.5960821738,-171364.06274884054,1088183.5,2229305.537303739,-52938.53730373923,446287.1,933712.4185411518,-41138.218541151844,1327061.4,2780185.013749033,-126062.21374903363,446287.1,933712.4185411518,-41138.218541151844
777,3067280.7666666666,6583933.868749799,-449372.33541646646,1320189.4333333333,2897710.0901694633,-257331.2235027966,1197505.6333333333,2554274.7240443854,-159263.45737771853,413622.9,887003.1966757562,-59757.3966757562,1449305.9333333333,3117469.2963622534,-218857.42969558667,413622.9,887003.1966757562,-59757.3966757562
778,3011152.033333333,6511275.065412682,-488970.99874601467,1214434.1666666667,2690156.8707029084,-261288.5373695749,1230693.9833333334,2710418.354524277,-249030.38785761013,501255.1,1106086.508752462,-103576.30875246192,1326663.9,2875396.4135193597,-222068.61351935985,501255.1,1106086.508752462,-103576.30875246192
779,3109275.2666666666,6661798.442448994,-443247.90911566094,1087928.3666666667,2351497.973626622,-175641.24029328837,1251364.55,2804856.1721923053,-302127.072192305,508736.2,1166010.3162147922,-148537.91621479212,1219395.1666666667,2569892.415108424,-131102.08177509066,508736.2,1166010.3162147922,-148537.91621479212
780,2493838.3333333335,5379115.605616733,-391438.938950066,981361.9333333333,2147857.0417246586,-185133.17505799187,995240.9,2164919.99321829,-174438.19321829,406589.5,940689.4368653167,-127510.4368653167,1137314.6,2428770.2921645194,-154141.09216451948,406589.5,940689.4368653167,-127510.4368653167
781,3507962.2666666666,7878008.897687862,-862084.3643545285,1142467.25,2477089.3692915672,-192154.869291567,1169574.15,2495310.0699800216,-156161.76998002199,506778.56666666665,1097565.85830936,-84008.72497602669,1252856.6,2669839.520078006,-164126.32007800578,506778.56666666665,1097565.85830936,-84008.72497602669
782,4467993.466666667,9953585.702405374,-1017598.76907204,951246.25,1965769.1250900356,-63276.625090035726,1043704.0,2130514.2161383126,-43106.21613831236,405964.4666666667,865076.4154083884,-53147.48207505501,1057807.2666666666,2166162.3450891934,-50547.81175585999,405964.4666666667,865076.4154083884,-53147.48207505501
783,4257848.766666667,9322902.254158579,-807204.7208252465,882793.4666666667,1825686.937005138,-60100.003671804676,919236.15,1916269.3652513265,-77797.06525132642,369500.6,797816.7273844506,-58815.52738445066,944407.2666666667,1956915.2738355836,-68100.74050225026,369500.6,797816.7273844506,-58815.52738445066
784,3707269.4,8432094.29504089,-1017555.4950408912,846031.9833333333,1728465.866862734,-36401.90019606752,887443.6,1824204.3523871251,-49317.1523871253,391924.93333333335,815883.2373448693,-32033.3706782026,908829.0,1856402.7783503581,-38744.77835035813,391924.93333333335,815883.2373448693,-32033.3706782026
785,3760026.6,8461445.047102932,-941391.8471029312,941879.2333333333,2121096.4364172686,-237337.96975060215,985442.1833333333,2170513.481641612,-199629.11497494509,455031.3,968093.565206909,-58030.96520690899,974340.0333333333,2200798.869432945,-252118.80276627827,455031.3,968093.565206909,-58030.96520690899
786,4087388.0,9442280.090393808,-1267504.0903938087,1008276.7666666667,2178816.4828647138,-162262.94953138044,1013451.0,2168839.087883069,-141937.08788306895,431048.23333333334,953347.6580628837,-91251.19139621692,1070202.8,2302898.9061552966,-162493.30615529674,431048.23333333334,953347.6580628837,-91251.19139621692
787,3992634.2333333334,9390289.124216594,-1405020.657549927,1240370.65,2766401.1657264843,-285659.86572648445,1243787.2333333334,2752129.5630604224,-264555.0963937554,433015.06666666665,946304.7046506575,-80274.57131732412,1372375.8666666667,2983486.7659840444,-238735.03265071125,433015.06666666665,946304.7046506575,-80274.57131732412
788,4186855.9,9605408.042014668,-1231696.2420146675,1174165.3,2623014.8628440173,-274684.2628440175,1184725.35,2641471.614742117,-272020.9147421166,458863.1666666667,1009159.4065503983,-91433.07321706502,1288900.4333333333,2811271.2658428336,-233470.3991761671,458863.1666666667,1009159.4065503983,-91433.07321706502
789,3869175.3333333335,8779681.144102635,-1041330.4774359684,938978.5166666667,2073826.4060925106,-195869.372759177,957248.65,2110567.31849498,-196070.0184949803,421327.8,999512.2672738342,-156856.6672738343,1058169.6666666667,2274785.4776554713,-158446.14432213805,421327.8,999512.2672738342,-156856.6672738343
790,3303649.8666666667,7671608.943894424,-1064309.2105610897,1137392.05,2614565.1777401185,-339781.07774011814,1127922.0166666666,2616979.1889705393,-361135.15563720604,419056.26666666666,1019852.0262109598,-181739.4928776265,1266509.2,2828558.9065315304,-295540.50653153076,419056.26666666666,1019852.0262109598,-181739.4928776265
791,3858448.966666667,9157605.973116066,-1440708.0397827318,1020313.6166666667,2282320.683362065,-241693.4500287315,1058564.9333333333,2360959.2560058525,-243829.38933918602,347183.3,797944.9686028052,-103578.36860280525,1128462.1666666667,2467666.543846284,-210742.21051295032,347183.3,797944.9686028052,-103578.36860280525
792,3473236.6333333333,7836782.983337145,-890309.7166704792,718833.9833333333,1451605.8204530922,-13937.853786425665,760653.55,1524001.8878996344,-2694.7878996344516,228593.7,469976.9571900001,-12789.55719000005,813776.2666666667,1632810.2308028932,-5257.697469559847,228593.7,469976.9571900001,-12789.55719000005
793,3069946.433333333,6470364.674196998,-330471.80753033096,749926.9166666666,1451391.8191892635,48462.01414406975,801690.2166666667,1539369.2352399072,64011.1980934263,239334.4,447924.61984911934,30744.180150880682,875187.7,1701565.8853041641,48809.51469583588,239334.4,447924.61984911934,30744.180150880682
794,2419380.933333333,5541936.27911404,-703174.4124473734,700817.05,1365406.6331201612,36227.466879838845,714681.3166666667,1391670.055440777,37692.57789255644,267988.0333333333,527385.576684451,8590.48998221563,850327.0666666667,1670069.0591116708,30585.07422166248,267988.0333333333,527385.576684451,8590.48998221563
795,2406772.0,5209216.380950406,-395672.3809504057,896665.7,1806065.2763860754,-12733.876386075513,933337.85,1886865.0075284033,-20189.30752840347,315990.9666666667,631808.810782816,173.12255051726243,1059562.2666666666,2129197.522666113,-10072.989332779776,315990.9666666667,631808.810782816,173.12255051726243
796,3006817.2333333334,6528176.328866478,-514541.86219981173,1125353.2333333334,2336484.9901128504,-85778.52344618365,1053778.8666666667,2191772.6527681323,-84214.91943479865,335667.93333333335,676625.5960805202,-5289.729413853493,1267773.2666666666,2605503.8660502937,-69957.33271696046,335667.93333333335,676625.5960805202,-5289.729413853493
797,3397678.7333333334,8072603.934721345,-1277246.4680546783,1006197.35,2084871.3505499312,-72476.6505499311,939920.15,1936209.2380207772,-56368.93802077719,359586.1,755052.9003586001,-35880.700358600065,1206421.0666666667,2467451.996792081,-54609.86345874751,359586.1,755052.9003586001,-35880.700358600065
798,3954256.9,9403234.867941929,-1494721.0679419287,942223.6833333333,1975290.8386226092,-90843.47195594234,966071.5166666667,1996904.50576221,-64761.472428876674,400532.9666666667,858248.2112940177,-57182.27796068444,1095892.7666666666,2257544.107745818,-65758.57441248465,400532.9666666667,858248.2112940177,-57182.27796068444
799,3196547.6666666665,7221844.134858692,-828748.8015253595,997586.1833333333,2072202.8081661814,-77030.44149951474,1033873.7833333333,2145996.8950140974,-78249.32834743068,355833.9,731257.4565275225,-19589.656527522427,1145413.5333333334,2340647.983514395,-49820.91684772819,355833.9,731257.4565275225,-19589.656527522427
800,3849379.0,9376811.703657363,-1678053.7036573635,941690.9333333333,1915166.2925211685,-31784.42585450178,985409.5833333334,2015877.3452954167,-45058.178628749796,302091.4666666667,613048.3419030004,-8865.40856966708,1130828.6,2279771.497703905,-18114.2977039048,302091.4666666667,613048.3419030004,-8865.40856966708
801,4627609.6,10408437.627597576,-1153218.4275975768,1042545.95,2081767.180386134,3324.719613865949,1025096.55,2065180.4532561759,-14987.35325617576,347357.3,688124.9160591927,6589.683940807299,1233904.7,2465118.220885627,2691.179114372935,347357.3,688124.9160591927,6589.683940807299
802,4480696.7,9845567.274063021,-884173.8740630206,934947.0666666667,1844579.3224943746,25314.81083895883,980637.5166666667,1937777.9469633405,23497.086369992932,320618.8333333333,606932.5778727296,34305.08879393706,1088876.9,2152436.8144610305,25316.985538969282,320618.8333333333,606932.5778727296,34305.08879393706
803,4260612.966666667,9249765.60511872,-728539.6717853863,807678.7166666667,1561564.4447206464,53792.9886126871,887976.55,1700894.7515963307,75058.34840366954,263863.56666666665,502680.6137521081,25046.519581225177,948662.1,1852085.7302069743,45238.46979302564,263863.56666666665,502680.6137521081,25046.519581225177
804,3530309.3,8370640.674955687,-1310022.074955687,687205.2,1340617.112895006,33793.287104993826,728226.0,1443729.3825685638,12722.617431436316,177078.7,381436.1743962311,-27278.774396231078,842089.5,1660321.9776679648,23857.022332035238,177078.7,381436.1743962311,-27278.774396231078
805,3598287.2666666666,8216548.649786087,-1019974.1164527535,774814.3666666667,1491430.1580260969,58198.57530723652,837961.3,1630614.9335744982,45307.66642550193,194616.36666666667,391224.60393318895,-1991.8705998555815,927035.8,1818674.026128082,35397.57387191802,194616.36666666667,391224.60393318895,-1991.8705998555815
806,4472103.5,10249894.927142583,-1305687.927142582,712602.3666666667,1379724.5759697403,45480.15736359311,774206.6666666666,1515593.4875768926,32819.845756440656,214194.6,427298.947270492,1090.2527295080654,853368.9,1657770.8840713468,48966.91592865321,214194.6,427298.947270492,1090.2527295080654
807,4362105.966666667,10391650.718165088,-1667438.7848317558,897769.8,1805207.8513856223,-9668.251385622076,935206.8333333334,1885316.2228418456,-14902.556175178848,314309.2,662924.564213506,-34306.16421350592,1079298.7,2147088.078042821,11509.321957179112,314309.2,662924.564213506,-34306.16421350592
808,3965513.533333333,9933885.623601327,-2002858.5569346603,710338.8333333334,1376527.5520458668,44150.11462079978,779830.3333333334,1535385.767494068,24274.89917259873,218261.53333333333,447555.86044613994,-11032.793779473315,887055.4333333333,1739713.6408537847,34397.22581288195,218261.53333333333,447555.86044613994,-11032.793779473315
809,3638898.5,9158108.602800595,-1880311.6028005946,643949.4333333333,1209302.3966958802,78596.4699707866,659829.25,1238327.7475957249,81330.75240427512,185078.66666666666,386845.618018719,-16688.284685385734,840663.0,1622295.8865625155,59030.113437484484,185078.66666666666,386845.618018719,-16688.284685385734
810,4455233.633333334,10979015.837924056,-2068548.5712573873,721884.7,1401388.3766355303,42381.02336446964,665787.9,1292207.8714996153,39367.928500384674,181510.8,378910.14770473633,-15888.547704736382,959001.9333333333,1898418.4550657775,19585.41160088929,181510.8,378910.14770473633,-15888.547704736382
811,3741339.0,9586688.319271248,-2104010.3192712488,879434.95,1744563.8688271753,14306.031172824674,800633.7166666667,1575400.9863280822,25866.447005251306,210470.16666666666,455186.51457688643,-34246.18124355312,1118110.8666666667,2245084.179468324,-8862.446134990547,210470.16666666666,455186.51457688643,-34246.18124355312
812,3890635.8666666667,9098702.126789393,-1317430.39345606,704751.25,1354599.937336451,54902.56266354921,682983.5166666667,1304573.8959692998,61393.13736403361,176901.4,361863.08714095445,-8060.28714095449,910183.9666666667,1794626.5134713696,25741.419861963717,176901.4,361863.08714095445,-8060.28714095449
813,3878677.7333333334,8988773.737256043,-1231418.2705893759,619623.8833333333,1193833.2310397285,45414.535626937984,585012.6333333333,1106406.3517503669,63618.91491629969,177696.4,350025.61254953046,5367.187450469559,764917.8,1511813.0662954159,18022.53370458423,177696.4,350025.61254953046,5367.187450469559
814,4369786.4,11344044.937570168,-2604472.137570167,767714.1166666667,1525361.5440984287,10066.689234904712,684581.0666666667,1310921.6574856883,58240.475847644964,186024.1,376818.17769405805,-4769.977694058063,973091.2333333333,1987262.953542892,-41080.48687622545,186024.1,376818.17769405805,-4769.977694058063
815,4301734.533333333,10978318.79809511,-2374849.7314284453,819111.6,1584686.0399575522,53537.16004244774,820593.6666666666,1575467.4964719561,65719.83686137712,213695.8,428288.7555316341,-897.155531634111,1013584.2333333333,2010430.503556545,16737.963110121782,213695.8,428288.7555316341,-897.155531634111
816,4775622.366666666,12080035.247528795,-2528790.5141954627,807105.0833333334,1628690.3831554465,-14480.216488779872,718844.1,1482004.9391519981,-44316.73915199819,236579.76666666666,495324.0862745261,-22164.552941192727,1016417.7333333333,2040798.635488475,-7963.168821808416,236579.76666666666,495324.0862745261,-22164.552941192727
817,5086806.533333333,13331941.705159027,-3158328.6384923607,986051.0333333333,2110363.369885431,-138261.3032187646,924234.5666666667,2019973.5145241357,-171504.38119080244,313832.3,725354.2614252712,-97689.66142527125,1209040.5,2544419.813928328,-126338.81392832799,313832.3,725354.2614252712,-97689.66142527125
818,4915627.3,12977915.237908818,-3146660.6379088173,591503.9833333333,1181787.5614813012,1220.405185365351,526229.5833333334,1008624.3978358095,43834.76883085718,116681.6,245485.23998631202,-12122.039986312011,857375.0,1775305.664404446,-60555.664404446026,116681.6,245485.23998631202,-12122.039986312011
819,4225390.766666667,11060766.263638332,-2609984.730305,634823.6,1244651.3653778832,24995.83462211676,542521.55,1026507.8875760655,58535.21242393454,133469.6,284128.17101695004,-17188.97101695006,916520.8333333334,1873190.326225389,-40148.659558722284,133469.6,284128.17101695004,-17188.97101695006
820,4908987.8,13101279.316429973,-3283303.716429973,615630.8833333333,1288106.311166667,-56844.54450000019,454894.2833333333,875410.6014970641,34377.96516960248,96693.6,205452.79579634522,-12065.595796345224,913890.6333333333,1999134.842730542,-171353.57606387534,96693.6,205452.79579634522,-12065.595796345224
821,4891497.466666667,12816857.178307775,-3033862.244974441,639266.9833333333,1327561.991951139,-49028.02528447239,382836.76666666666,718546.7610373348,47126.772295998584,110664.26666666666,244442.5983444082,-23114.065011074883,923731.8666666667,2027475.5178780227,-180011.78454468935,110664.26666666666,244442.5983444082,-23114.065011074883
822,4660368.466666667,11996547.470183022,-2675810.536849688,569614.5833333334,1122568.7942603887,16660.372406278155,432307.9666666667,811993.8081743675,52622.12515896582,112807.66666666667,257607.19162544003,-31991.85829210667,783475.7333333333,1593542.8658459582,-26591.399179291795,112807.66666666667,257607.19162544003,-31991.85829210667
823,3298406.033333333,7593694.832496925,-996882.7658302588,586908.7166666667,1157937.5731850048,15879.860148328473,483333.7166666667,898102.6225149375,68564.81081839575,132987.5,288533.15604821814,-22558.15604821811,845331.5,1726141.4718011336,-35478.47180113359,132987.5,288533.15604821814,-22558.15604821811
824,3015720.8666666667,7537793.196945492,-1506351.4636121583,613812.6666666666,1235124.6436627398,-7499.310329406522,455200.8,820284.5296920749,90117.07030792511,155232.56666666668,326968.36566710356,-16503.232333770226,889785.9666666667,1849447.639500264,-69875.70616693085,155232.56666666668,326968.36566710356,-16503.232333770226
825,3065024.2,7462204.659888587,-1332156.2598885866,673644.1333333333,1337498.0067120115,9790.259954655077,492749.3333333333,894505.0238556382,90993.64281102835,154302.73333333334,328716.4936013535,-20111.026934686786,962989.2,1979955.7232158924,-53977.323215892655,154302.73333333334,328716.4936013535,-20111.026934686786
826,3081520.2333333334,7215914.35609274,-1052873.889426073,584485.4666666667,1146946.6719657495,22024.261367583997,446731.23333333334,798508.4091126786,94954.05755398807,158592.3,334263.8566280406,-17079.25662804063,843265.9666666667,1727672.2678091088,-41140.33447577548,158592.3,334263.8566280406,-17079.25662804063
827,3040749.033333333,7331030.205173048,-1249532.1385063818,578962.15,1177934.7432346724,-20010.443234672304,469373.11666666664,864296.5386124223,74449.69472091098,158293.33333333334,345776.20599598,-29189.539329313324,865038.1666666666,1813986.5934102302,-83910.2600768971,158293.33333333334,345776.20599598,-29189.539329313324
828,2957405.933333333,7311403.622254875,-1396591.7555882079,716471.8833333333,1419144.4022830063,13799.36438366014,542531.05,1013177.7051695667,71884.39483043348,181902.26666666666,391863.7351959429,-28059.201862609625,1058243.5666666667,2186012.59936619,-69525.46603285661,181902.26666666666,391863.7351959429,-28059.201862609625
829,2694250.033333333,6658147.483383486,-1269647.4167168192,723812.45,1466357.5075138516,-18732.60751385172,510460.8333333333,959038.1720125917,61883.494654074835,153057.83333333334,326490.6483065678,-20374.981639901118,1092985.7333333334,2310091.706948529,-124120.24028186244,153057.83333333334,326490.6483065678,-20374.981639901118
830,2984769.066666667,7299669.076444775,-1330130.9431114406,390066.8,693922.0442605333,86211.55573946668,395571.31666666665,701210.6983340697,89931.93499926367,138661.96666666667,292352.66161952773,-15028.728286194353,497097.9,905852.5184224629,88343.28157753719,138661.96666666667,292352.66161952773,-15028.728286194353
831,3466566.6666666665,8000395.907560833,-1067262.5742274993,434685.7833333333,783226.470004183,86145.09666248359,407328.0833333333,733426.4823919956,81229.68427467108,146013.6,324980.16055913037,-32952.960559130326,569982.9,1059690.3927436448,80275.40725635516,146013.6,324980.16055913037,-32952.960559130326
832,3600147.7,7949201.784291826,-748906.3842918258,391552.7,694306.010520993,88799.38947900699,427877.25,776071.6719875038,79682.82801249617,149431.46666666667,325104.21110522153,-26241.277771888155,487555.6,889176.4074997979,85934.79250020208,149431.46666666667,325104.21110522153,-26241.277771888155
833,3181590.6666666665,7229619.847854987,-866438.5145216538,393873.25,703064.5864159362,84681.9135840637,340081.93333333335,610840.3196921453,69323.54697452136,139292.63333333333,295996.685673014,-17411.419006347336,534618.3333333334,978693.1833982274,90543.48326843925,139292.63333333333,295996.685673014,-17411.419006347336
834,2924027.466666667,6778622.761506973,-930567.8281736397,528322.5333333333,972157.1913746512,84487.87529201555,448680.13333333336,807752.4287441168,89607.83792254998,179519.26666666666,352406.35690982855,6632.176423504774,652221.7333333333,1218706.1093893552,85737.35727731138,179519.26666666666,352406.35690982855,6632.176423504774
835,2749637.066666667,6252324.122054402,-753049.988721068,730260.5666666667,1470048.8344884217,-9527.701155088493,600098.2,1159202.463285018,40993.936714981915,150306.96666666667,299999.6310223301,614.3023110032664,1063638.0,2229881.2748275287,-102605.27482752898,150306.96666666667,299999.6310223301,614.3023110032664
836,3420919.8,7835289.2407271825,-993449.6407271829,770231.3166666667,1525726.9153545504,14735.717978782835,609948.7,1163455.5047942684,56441.89520573139,145985.43333333332,305449.3274226136,-13478.460755946988,1115421.5666666667,2284472.506459322,-53629.37312598829,145985.43333333332,305449.3274226136,-13478.460755946988
837,3386512.3333333335,8055297.768539725,-1282273.1018730574,709208.4166666666,1437953.41920225,-19536.58586891659,626858.2,1250479.6242481254,3236.7757518745493,165194.03333333333,325898.4884749021,4489.578191764507,1027372.5333333333,2182510.116377882,-127765.04971121566,165194.03333333333,325898.4884749021,4489.578191764507
838,3570741.3666666667,8809424.680450527,-1667941.947117194,750061.2166666667,1527993.8998463112,-27871.466512977728,623150.4833333333,1221864.4443130605,24436.522353606066,176603.83333333334,353085.84436940285,121.8222972638614,1111192.4,2378711.1705901283,-156326.37059012847,176603.83333333334,353085.84436940285,121.8222972638614
839,3666611.933333333,8730012.971944047,-1396789.1052773814,771002.6833333333,1560646.2972165751,-18640.930549908313,578983.3,1079358.7959117598,78607.8040882402,168947.4,358366.81894051714,-20472.018940517155,1215982.5333333334,2565798.4380311104,-133833.37136444356,168947.4,358366.81894051714,-20472.018940517155
840,2915809.9,6868994.519518889,-1037374.7195188887,851406.1,1752625.888323822,-49813.68832382199,585886.5666666667,1110701.50021018,61071.63312315324,142550.43333333332,315229.902778942,-30129.036112275353,1390058.1333333333,2973306.35861051,-193190.09194384306,142550.43333333332,315229.902778942,-30129.036112275353
841,3404354.6333333333,8313482.249753736,-1504772.983087069,833774.4,1773762.4784402188,-106213.67844021879,519088.65,1018445.6225383838,19731.677461616287,109890.03333333334,233942.98185610992,-14162.915189443243,1383580.2333333334,3033652.2351126093,-266491.7684459428,109890.03333333334,233942.98185610992,-14162.915189443243
842,3064853.4,7551554.063586479,-1421847.2635864788,819198.9833333333,1710963.772700495,-72565.80603382853,549201.7666666667,1075339.4428584552,23064.09047487809,126002.2,264943.5402843937,-12939.140284393725,1339132.2,2891499.9283108003,-213235.5283108002,126002.2,264943.5402843937,-12939.140284393725
843,3089803.433333333,7446536.4566242695,-1266929.5899576037,612180.25,1252736.7616616287,-28376.261661628727,555348.9333333333,1121733.6245245745,-11035.757857907796,113769.13333333333,239708.1158410943,-12169.84917442761,973045.8,2054793.513855466,-108701.91385546583,113769.13333333333,239708.1158410943,-12169.84917442761
844,3013507.033333333,7878486.73995405,-1851472.6732873833,740298.6333333333,1557686.5587780573,-77089.29211139074,562986.75,1186990.65584697,-61017.15584696992,102221.46666666666,219292.6806715545,-14849.747338221176,1215654.9333333333,2628142.8346173093,-196832.96795064234,102221.46666666666,219292.6806715545,-14849.747338221176
845,3281391.466666667,8277055.261977247,-1714272.3286439134,813405.5166666667,1697540.9326324556,-70729.89929912204,701680.55,1376336.8459855847,27024.254014415434,115779.86666666667,256593.12497188785,-25033.391638554516,1311113.6,2821235.6127258,-199008.41272579948,115779.86666666667,256593.12497188785,-25033.391638554516
846,3227824.433333333,8436697.494344078,-1981048.6276774122,821411.5166666667,1642109.1397328854,713.8936004480347,552347.4666666667,1017852.2778101976,86842.65552313573,150726.73333333334,333122.721969534,-31669.25530286733,1320828.0666666667,2764216.8713284303,-122560.73799509718,150726.73333333334,333122.721969534,-31669.25530286733
847,3201891.466666667,8414393.053367797,-2010610.1200344628,689765.95,1494967.4914792255,-115435.59147922555,510147.68333333335,1030146.417771308,-9851.051104641345,133913.13333333333,288510.68272660975,-20684.41605994306,1095614.3666666667,2487060.28989662,-295831.5565632866,133913.13333333333,288510.68272660975,-20684.41605994306
848,3148860.6,8368677.623104515,-2070956.4231045148,764911.8333333334,1642444.4390915688,-112620.77242490207,518545.2833333333,1018827.1594463327,18263.40722033393,136352.13333333333,285856.378985688,-13152.11231902134,1203985.8,2712011.178158369,-304039.5781583686,136352.13333333333,285856.378985688,-13152.11231902134
849,2887459.466666667,7602846.443189338,-1827927.5098560043,695025.7833333333,1554928.7430316596,-164877.17636499298,469774.23333333334,910534.0150173968,29014.451649269904,152527.13333333333,320537.3349437368,-15483.068277070124,1078744.0333333334,2576128.5295892386,-418640.4629225719,152527.13333333333,320537.3349437368,-15483.068277070124
850,2947756.533333333,7529893.253510536,-1634380.1868438693,314774.73333333334,568984.3835685368,60565.083098129835,288180.9166666667,536927.2503243391,39434.5830089942,97225.63333333333,204671.0394110085,-10219.77274434184,396257.43333333335,737339.4330265392,55175.433640127536,97225.63333333333,204671.0394110085,-10219.77274434184
851,3208852.2,8127253.604975721,-1709549.2049757205,498446.4,1074003.1686881827,-77110.36868818256,301727.1666666667,537093.0555851698,66361.27774816359,103041.33333333333,220212.89041317452,-14130.22374650788,772921.0333333333,1764186.2196654156,-218344.15299874893,103041.33333333333,220212.89041317452,-14130.22374650788
852,2990929.3,7478062.59983794,-1496203.9998379406,336163.7833333333,615566.4470733927,56761.119593273965,289536.88333333336,519840.2421203063,59233.52454636042,100968.3,211681.6012298992,-9745.001229899208,483675.4,930748.2012116825,36602.59878831747,100968.3,211681.6012298992,-9745.001229899208
853,2580389.0,6419344.243469758,-1258566.2434697575,602247.2,1368779.2229338775,-164284.8229338776,440062.3333333333,955047.5214546155,-74922.85478794889,113934.96666666666,240049.1986887015,-12179.26535536816,949372.5,2257611.4295093613,-358866.4295093615,113934.96666666666,240049.1986887015,-12179.26535536816
854,2439255.2333333334,6265618.947248024,-1387108.4805813571,1030812.4333333333,2487112.9731408986,-425488.1064742319,1057031.6666666667,2545392.0345108677,-431328.7011775342,542744.5666666667,1351217.6337257177,-265728.5003923845,1183622.3333333333,2766748.677258193,-399504.0105915265,542744.5666666667,1351217.6337257177,-265728.5003923845
855,1742897.2666666666,4280800.965435285,-795006.4321019519,1342772.3666666667,2947680.7852631975,-262136.0519298641,1227491.5166666666,2804421.414514781,-349438.381181448,517505.86666666664,1250462.3642627292,-215450.63092939596,1653282.0,3585282.050144582,-278718.0501445818,517505.86666666664,1250462.3642627292,-215450.63092939596
856,2482114.2666666666,6097785.337404642,-1133556.8040713095,1019128.7666666667,2536456.9679864054,-498199.43465307204,1035202.0833333334,2561677.4252934833,-491273.2586268167,597484.8,1510243.1552574742,-315273.55525747396,1132221.6666666667,2753698.3444605432,-489255.01112721,597484.8,1510243.1552574742,-315273.55525747396
857,2559768.9,6500275.738742895,-1380737.9387428951,1264446.9166666667,2860066.4255022323,-331172.59216889855,1027527.45,2459498.372503422,-404443.4725034225,554177.9,1444468.338230121,-336112.5382301209,1601137.0333333334,3590079.0916557065,-387805.02498903964,554177.9,1444468.338230121,-336112.5382301209
858,2341297.1666666665,5782142.58047246,-1099548.247139127,973215.4166666666,2410043.590627717,-463612.7572943837,1026586.85,2531553.4379288475,-478379.73792884743,512703.86666666664,1298773.3133362143,-273365.58000288095,1091722.2,2634140.13323136,-450695.7332313601,512703.86666666664,1298773.3133362143,-273365.58000288095
859,1658478.6666666667,4036666.041437258,-719708.7081039248,711864.2333333333,1532559.1811662945,-108830.71449962805,745720.6166666667,1713872.342107392,-222431.10877405864,251451.73333333334,540971.5478358543,-38068.08116918773,909612.3666666667,1941521.8587794085,-122297.12544607511,251451.73333333334,540971.5478358543,-38068.08116918773
860,1952137.5333333334,4848825.663521465,-944550.5968547978,791533.95,1808313.8357543643,-225245.93575436424,1012428.5166666667,2493585.2795623913,-468728.2462290578,271632.3,616759.3224465648,-73494.72244656482,961417.8666666667,2123304.794046175,-200469.0607128418,271632.3,616759.3224465648,-73494.72244656482
861,2238948.4,5276786.624094678,-798889.8240946787,1171507.7166666666,2545901.1167510212,-202885.68341768812,1194007.4,2590113.7215503883,-202098.92155038868,288957.9666666667,662375.5999060608,-84459.6665727275,1609026.4,3618879.9519312475,-400827.1519312477,288957.9666666667,662375.5999060608,-84459.6665727275
862,2239247.3,5149258.159023093,-670763.559023093,800582.5,1631114.664440715,-29949.664440714987,887574.3333333334,1900708.3564327024,-125559.68976603576,200401.43333333332,431288.4759773308,-30485.60931066418,1147688.7,2354358.716673821,-58981.31667382107,200401.43333333332,431288.4759773308,-30485.60931066418
863,1746247.7666666666,3818851.8785309736,-326356.34519764036,623856.8333333334,1302452.4247842126,-54738.75811754586,680400.2333333333,1483429.3555116055,-122628.88884493895,177041.93333333332,364812.74971801415,-10728.883051347482,864168.6,1852786.6239663274,-124449.42396632745,177041.93333333332,364812.74971801415,-10728.883051347482
864,1897738.0333333334,4600943.609492823,-805467.5428261559,828895.0833333334,1633452.3035661238,24337.863100542803,721204.9166666666,1438560.0184102533,3849.814923079917,218823.9,424899.4124535853,12748.387546414713,1174913.1333333333,2422762.189408566,-72935.9227418995,218823.9,424899.4124535853,12748.387546414713
865,2048465.2666666666,4868029.729880418,-771099.1965470845,1234065.3166666667,2494140.8544375766,-26010.221104243305,987796.6,1932161.1985704398,43432.00142956013,230254.23333333334,437819.661140731,22688.805525935662,1734909.7333333334,3624526.574450377,-154707.10778371012,230254.23333333334,437819.661140731,22688.805525935662
866,2470564.7333333334,6007160.202875075,-1066030.7362084081,848963.1166666667,1703406.290425905,-5480.057092571515,819566.3333333334,1752561.4249269697,-113428.75826030294,252147.16666666666,525321.3070409364,-21026.973707603145,1079147.7333333334,2139560.442780717,18735.02388594998,252147.16666666666,525321.3070409364,-21026.973707603145
867,2635915.8,6745130.726468041,-1473299.126468041,1359313.3666666667,2916641.2235864457,-198014.49025311205,1067279.1666666667,2421832.4060026947,-287274.07266936125,345780.06666666665,788471.743753834,-96911.61042050074,1788010.4666666666,3950210.384042645,-374189.4507093115,345780.06666666665,788471.743753834,-96911.61042050074
868,2514946.6,6423941.248280445,-1394048.048280445,1390697.4,3029038.1637816597,-247643.3637816601,1037188.4166666666,2380713.072114357,-306336.2387810234,325186.56666666665,716000.6487660249,-65627.51543269155,1912183.2333333334,4360001.262190882,-535634.7955242153,325186.56666666665,716000.6487660249,-65627.51543269155
869,2176658.066666667,5526323.063068998,-1173006.9297356643,1133003.85,2472374.900477849,-206367.20047784853,693696.5666666667,1407528.9109172854,-20135.777583952062,204349.4,420653.17782592215,-11954.377825922187,1629450.1,3759640.971300664,-500740.7713006637,204349.4,420653.17782592215,-11954.377825922187
870,2860487.6,7469516.900782218,-1748541.7007822185,1446092.5333333334,3172844.6075882614,-280659.54092159425,923016.2666666667,2015069.250711917,-169036.7173785834,291146.76666666666,668790.862775048,-86497.32944171462,2041331.0666666667,4714298.176456068,-631636.0431227346,291146.76666666666,668790.862775048,-86497.32944171462
871,3275791.7333333334,8439827.962435318,-1888244.4957686514,1335879.7,2906426.094297711,-234666.6942977109,837318.1166666667,1796240.814397938,-121604.58106460469,246516.9,561792.1415837016,-68758.34158370164,1962706.6333333333,4540020.786285094,-614607.5196184274,246516.9,561792.1415837016,-68758.34158370164
872,3069718.433333333,7815394.60570165,-1675957.7390349838,1056435.3166666667,2112528.632617334,342.0007159996312,853960.6166666667,1811888.651618005,-103967.41828467161,248543.3,522972.4105050095,-25885.810505009547,1522786.6,3068060.801104781,-22487.60110478103,248543.3,522972.4105050095,-25885.810505009547
873,2437689.4,5931636.071415788,-1056257.2714157882,737069.7666666667,1428939.718803415,45199.81452991837,464507.2,873392.0511269791,55622.34887302102,205394.63333333333,390456.8184085163,20332.44825815037,1053793.3,2168263.4009132674,-60676.800913267536,205394.63333333333,390456.8184085163,20332.44825815037
874,2106177.533333333,5377952.181445604,-1165597.1147789378,890013.65,1803544.3887294256,-23517.088729425683,647210.95,1296983.3923558649,-2561.4923558648443,260668.3,506246.51521245023,15090.084787549742,1327310.5666666667,2836576.0577721503,-181954.92443881696,260668.3,506246.51521245023,15090.084787549742
875,2323411.7333333334,5865505.344002849,-1218681.8773361826,981897.05,1920810.489010231,42983.610989769106,742885.4833333333,1471908.3393868692,13862.627279797453,256414.86666666667,498322.83982009965,14506.893513233692,1386456.4,2745159.5875314726,27753.21246852749,256414.86666666667,498322.83982009965,14506.893513233692
876,3370478.2666666666,8492545.422114301,-1751588.8887809673,1526764.7,3196940.994519378,-143411.59451937792,1114328.0333333334,2426716.260382533,-198060.1937158662,343868.13333333336,770129.7173825295,-82393.45071586274,1985982.8333333333,4302836.182920439,-330870.5162537729,343868.13333333336,770129.7173825295,-82393.45071586274
877,3849231.9,10065873.406142404,-2367409.606142405,1297468.1833333333,2799844.2128873635,-204907.84622069658,969866.3166666667,2286232.0549292117,-346499.4215958782,409123.7,922215.3177176678,-103967.91771766776,1682657.8,3589626.99069441,-224311.39069440984,409123.7,922215.3177176678,-103967.91771766776
878,3218498.7333333334,8349242.234080222,-1912244.7674135556,972623.0166666667,2021744.9827270997,-76498.94939376635,792476.3666666667,1829556.1204651287,-244603.38713179517,291807.6666666667,623807.6436788307,-40192.31034549733,1374213.2333333334,2954552.065897931,-206125.5992312641,291807.6666666667,623807.6436788307,-40192.31034549733
879,2240672.033333333,5611237.696985327,-1129893.6303186598,1226289.95,2788951.689070873,-336371.78907087306,670123.5333333333,1308877.643868899,31369.422797767795,195166.76666666666,385635.6063186164,4697.92701471693,1705564.3,4044930.4831580175,-633801.8831580172,195166.76666666666,385635.6063186164,4697.92701471693
880,3181019.1333333333,8301175.258959584,-1939136.9922929169,1330105.55,3142974.7482874393,-482763.6482874395,607065.5666666667,1194855.8357543712,19275.297578961938,182559.33333333334,367329.7980532774,-2211.1313866107084,1820021.9333333333,4434410.925513579,-794367.0588469121,182559.33333333334,367329.7980532774,-2211.1313866107084
881,3633361.1333333333,9014632.86750865,-1747910.6008419837,1276576.1166666667,2911337.2496866225,-358185.01635328913,847949.4,1709768.522047213,-13869.722047213,185619.93333333332,366668.6177285145,4571.248938152188,1875209.8666666667,4523735.939066722,-773316.2057333887,185619.93333333332,366668.6177285145,4571.248938152188
882,3141015.466666667,7112341.053728109,-830310.1203947752,765965.4,1485846.0161486578,46084.783851342276,522150.5,1106259.4664961426,-61958.46649614244,159258.56666666668,309679.3603687242,8837.772964609176,1131835.9333333333,2278810.803065175,-15138.936398508493,159258.56666666668,309679.3603687242,8837.772964609176
883,2962793.0,6136177.776218489,-210591.77621848928,705677.9833333333,1429691.046161776,-18335.0794951095,361100.81666666665,652214.5801358814,69987.05319745181,143077.73333333334,287791.6268783021,-1636.1602116354334,1113034.4333333333,2470731.2697672257,-244662.40310055926,143077.73333333334,287791.6268783021,-1636.1602116354334
884,2733691.8,6156464.813688117,-689081.2136881175,733764.0833333334,1481845.5089267958,-14317.342260128935,403573.0833333333,724390.7167685156,82755.44989815098,191034.13333333333,379240.7377764933,2827.5288901733584,1137969.9333333333,2516053.5294961063,-240113.66282943985,191034.13333333333,379240.7377764933,2827.5288901733584
885,2746270.1333333333,6351805.810518781,-859265.5438521146,759258.0833333334,1452173.7498923088,66342.4167743579,501165.23333333334,925599.7351437843,76730.73152288236,188469.2,364254.6894058642,12683.710594135773,1108540.8333333333,2254275.1625870317,-37193.49592036544,188469.2,364254.6894058642,12683.710594135773
886,4154824.6666666665,10239792.71504239,-1930143.3817090574,843908.35,1639291.7822900948,48524.91770990519,441557.0,803462.3041336928,79651.6958663073,186922.5,375993.92792070087,-2148.927920700866,1253547.1666666667,2653834.412096953,-146740.0787636193,186922.5,375993.92792070087,-2148.927920700866
887,4457380.7,11005650.277176933,-2090888.877176933,791292.6,1545349.8468778161,37235.35312218394,449870.86666666664,837319.3029577683,62422.43037556496,234460.26666666666,441142.9042471027,27777.62908623065,1189532.9333333333,2558431.24666714,-179365.38000047347,234460.26666666666,441142.9042471027,27777.62908623065
888,4248960.333333333,10784043.472543217,-2286122.805876551,1193453.5666666667,2803577.668707257,-416670.53537392407,478846.45,896037.5397305812,61655.36026941874,192135.4,386060.8330904909,-1790.033090490906,1773356.0666666667,4347744.315251088,-801032.1819177547,192135.4,386060.8330904909,-1790.033090490906
889,2675478.8666666667,6470413.645858958,-1119455.912525625,747210.1333333333,1472300.4940304896,22119.77263617702,340512.2166666667,620221.923829518,60802.509503815265,237658.6,474812.6446927239,504.5553072761104,1144496.9333333333,2483692.7959379535,-194698.92927128705,237658.6,474812.6446927239,504.5553072761104
890,4474053.466666667,11776710.953532364,-2828604.0201990316,737303.6,1462433.6953305674,12173.504669432528,330064.9666666667,603980.9697760037,56148.96355732961,217350.43333333332,439128.16187942895,-4427.295212762314,1159871.9666666666,2506846.962535553,-187103.02920222003,217350.43333333332,439128.16187942895,-4427.295212762314
891,4800659.4,12195818.464635499,-2594499.664635497,1269135.6333333333,2876429.2754484285,-338158.0087817621,460665.51666666666,869733.8871867986,51597.14614653471,214452.06666666668,426776.078313248,2128.0550200853904,1860104.0333333334,4434571.737084019,-714363.6704173523,214452.06666666668,426776.078313248,2128.0550200853904
892,4906255.5,12005421.706885016,-2192910.7068850156,779594.45,1565920.346070076,-6731.446070076199,400405.35,835087.6925453648,-34276.99254536483,178175.36666666667,350961.3824316302,5389.350901703117,1171169.2666666666,2424145.776700763,-81807.24336742982,178175.36666666667,350961.3824316302,5389.350901703117
893,4387538.4,9759230.121697687,-984153.3216976868,1216512.25,2707193.244604163,-274168.74460416264,491187.61666666664,906302.5757089315,76072.65762440179,190654.5,375222.23628906003,6086.763710939966,1886408.2,4526608.136411374,-753791.7364113743,190654.5,375222.23628906003,6086.763710939966
894,4573363.366666666,10800011.11486071,-1653284.3815273782,1099701.8166666667,2521058.3481166214,-321654.71478328784,442507.9666666667,814906.9307475816,70109.00258575164,169093.5,327833.6297682328,10353.370231767214,1601133.9666666666,3850211.131375746,-647943.198042413,169093.5,327833.6297682328,10353.370231767214
895,4258952.466666667,9612449.705794787,-1094544.7724614535,580797.6166666667,1087153.2783755604,74441.95495777292,409714.76666666666,772292.8545640856,47136.678769247665,191022.63333333333,382205.62861708686,-160.36195042019244,758931.6333333333,1424953.6065223664,92909.6601443002,191022.63333333333,382205.62861708686,-160.36195042019244
896,4949314.066666666,12134644.161120193,-2236016.0277868602,977961.7833333333,2021986.6148520496,-66063.04818538297,517957.1666666667,946135.6421696007,89778.69116373267,182998.56666666668,385417.49700945505,-19420.36367612169,1440986.2666666666,3204893.7859670892,-322921.2526337558,182998.56666666668,385417.49700945505,-19420.36367612169
897,5137343.4,12993648.650650278,-2718961.850650276,497349.45,897142.0174207129,97556.8825792871,291672.76666666666,547729.9767110511,35615.556622282194,184625.76666666666,364442.05513808504,4809.478195248259,681465.7666666667,1267880.1238475586,95051.40948577493,184625.76666666666,364442.05513808504,4809.478195248259
898,5131295.1,12986122.28568356,-2723532.08568356,491435.4166666667,883068.9236634059,99801.90966992744,298544.3,535097.7643437274,61990.835656272655,177540.96666666667,350171.1237946643,4910.80953866904,705797.5333333333,1348912.8166876566,62682.24997900997,177540.96666666667,350171.1237946643,4910.80953866904
899,4033661.2333333334,10261505.729382046,-2194183.262715379,971307.7,2136780.407309085,-194165.00730908522,438726.9,797074.0962285071,80379.70377149299,187571.4,381597.65023043775,-6454.850230437762,1482395.2,3464093.4304463216,-499303.0304463217,187571.4,381597.65023043775,-6454.850230437762
900,4860604.2,12680739.827281382,-2959531.4272813816,629783.2333333333,1166433.022032123,93133.4446345435,296019.18333333335,567420.9584359481,24617.408230718574,160601.73333333334,340898.99993527326,-19695.53326860658,966780.5666666667,1900857.0948988388,32704.03843449452,160601.73333333334,340898.99993527326,-19695.53326860658
901,5005564.966666667,12837416.35696432,-2826286.4236309873,569073.2666666667,1061345.847349628,76800.68598370533,290587.1,595989.7532972097,-14815.553297209844,180619.3,372227.0071564521,-10988.40715645213,813844.2,1571679.4147697678,56008.98523023212,180619.3,372227.0071564521,-10988.40715645213
902,4834349.133333334,12293924.7326437,-2625226.4659770317,683175.0833333334,1370946.2899590996,-4596.1232924329815,494556.68333333335,1119586.5657019988,-130473.19903533196,306781.26666666666,642276.770899689,-28714.23756635579,907384.7666666667,1830560.0200367142,-15790.486703380826,306781.26666666666,642276.770899689,-28714.23756635579
903,4537922.1,11176208.866231723,-2100364.6662317235,1230453.9333333333,2654193.9092381177,-193286.04257145128,687028.5166666667,1419112.889424617,-45055.856091283495,320249.5,718282.7376310511,-77783.73763105104,1781966.8333333333,4055606.1223295256,-491672.4556628594,320249.5,718282.7376310511,-77783.73763105104
904,4386289.666666667,10799976.18513506,-2027396.851801727,1151149.5166666666,2564262.4026806876,-261963.3693473544,569880.65,1093379.2109840894,46382.089015910635,562454.8,1391564.199761142,-266654.59976114193,1710151.5666666667,4011962.0052254936,-591658.8718921605,562454.8,1391564.199761142,-266654.59976114193
905,4854188.533333333,11962255.591521457,-2253878.5248547914,672860.6666666666,1276180.359292848,69540.97404048534,531075.4833333333,1137785.7261403983,-75634.75947373174,454915.0,1037205.3155572107,-127375.3155572107,925853.6666666666,1781957.080954169,69750.25237916422,454915.0,1037205.3155572107,-127375.3155572107
906,5414206.466666667,13364580.387826074,-2536167.4544927394,873713.1166666667,1709659.5124002458,37766.72093308752,645800.75,1475141.976988085,-183540.47698808508,275208.9666666667,544896.8780533599,5521.055279973487,1227057.8,2449132.6943724616,4982.90562753845,275208.9666666667,544896.8780533599,5521.055279973487
907,5710721.433333334,14842189.941720534,-3420747.075053867,818862.9666666667,1627690.4716105186,10035.461722814827,481265.75,1020201.5546383047,-57670.05463830475,350857.36666666664,782481.1963760064,-80766.46304267313,1262130.4,2692356.9203388453,-168096.12033884553,350857.36666666664,782481.1963760064,-80766.46304267313
908,5950541.9,15131130.855922738,-3230047.0559227373,820259.1,1623156.486374076,17361.713625923847,433182.31666666665,895396.7623821844,-29032.129048851144,513162.6666666667,1243363.2241362808,-217037.8908029474,1249483.4,2663483.814361222,-164517.01436122204,513162.6666666667,1243363.2241362808,-217037.8908029474
909,5205998.1,13025690.03913379,-2613693.8391337907,1388384.35,3103798.09280324,-327029.39280323964,621986.0166666667,1193135.7211041392,50836.31222919421,499143.73333333334,1149625.8136068876,-151338.34694022086,2028958.8333333333,4707916.071204646,-649998.4045379793,499143.73333333334,1149625.8136068876,-151338.34694022086
910,5867321.5,15035116.03912675,-3300473.03912675,875844.0,1711977.0948589197,39710.90514108015,468663.81666666665,990948.7398004174,-53621.106467084144,311657.1,653736.2532794145,-30422.05327941454,1409612.0333333334,2921051.7134214644,-101827.64675479755,311657.1,653736.2532794145,-30422.05327941454
911,6212312.166666667,15394073.48795208,-2969449.1546187466,1513087.5333333334,3316656.95189393,-290481.885227263,689093.4666666667,1450589.3147857145,-72402.38145238115,374437.93333333335,797982.7621662491,-49106.8954995824,2154069.466666667,4896450.125659235,-588311.1923259008,374437.93333333335,797982.7621662491,-49106.8954995824
912,6246571.266666667,15437085.451504156,-2943942.918170822,1017369.0166666667,2039325.415316389,-4587.381983055617,840661.0333333333,2141777.682399538,-460455.61573287135,357386.43333333335,758916.5035876926,-44143.63692102593,1487305.6,3125038.7193299495,-150427.51932994951,357386.43333333335,758916.5035876926,-44143.63692102593
913,5839487.933333334,14388538.49650788,-2709562.629841212,941919.7333333333,1902363.0920762257,-18523.625409559114,583273.7166666667,1380233.0461255233,-213685.61279218982,383305.6666666667,869148.2634428965,-102536.93010956317,1398310.5666666667,2975824.0847102134,-179202.95137688005,383305.6666666667,869148.2634428965,-102536.93010956317
914,5503750.533333333,14181107.454778237,-3173606.388111571,812132.8,1629816.1516525522,-5550.551652552211,451573.45,965665.360147256,-62518.46014725603,557590.3333333334,1392013.0069586092,-276832.34029194247,1256630.8666666667,2705167.7745401133,-191906.04120678012,557590.3333333334,1392013.0069586092,-276832.34029194247
915,4865351.0,11998144.05457131,-2267442.05457131,866950.7,1698223.8252027405,35677.57479725941,634322.7833333333,1382724.973109407,-114079.40644274035,658039.6666666666,1597992.7644257066,-281913.4310923733,1292143.1,2730008.151286328,-145721.95128632826,658039.6666666666,1597992.7644257066,-281913.4310923733
916,5537076.9,13427974.599626819,-2353820.799626818,1392989.3,3119171.5152994646,-333192.9152994647,791638.7833333333,1581244.1788907347,2033.387775931973,343907.5,686974.045842987,840.9541570129222,2000300.1,4630836.127881324,-630235.9278813233,343907.5,686974.045842987,840.9541570129222
917,5399447.8,13292177.978623405,-2493282.3786234064,1366497.8333333333,3141763.3149143253,-408767.64824765874,461055.5333333333,909289.0659501097,12822.000716556911,291985.7,595491.8698905249,-11520.469890524866,1944785.8333333333,4592723.73583372,-703152.0691670536,291985.7,595491.8698905249,-11520.469890524866
918,5222425.966666667,13108856.658621404,-2664004.7252880707,1289248.1666666667,3027047.1368901925,-448550.80355685926,453782.8,818890.3120535247,88675.28794647538,400700.86666666664,854024.0263872363,-52622.293053903035,1758074.1666666667,4271475.273130019,-755326.9397966855,400700.86666666664,854024.0263872363,-52622.293053903035
919,4335385.5,10591276.174995355,-1920505.1749953562,731171.65,1392812.117724346,69531.18227565393,377826.7166666667,724874.52774723,30778.905586103327,352110.9666666667,728934.617779699,-24712.68444636569,1147548.2333333334,2341207.1814712896,-46110.71480462281,352110.9666666667,728934.617779699,-24712.68444636569
920,4555878.633333334,10912962.47562202,-1801205.2089553531,785833.0166666667,1562174.3228025525,9491.710530780838,339820.68333333335,660164.9619471387,19476.404719528102,257666.53333333333,524213.763788133,-8880.697121466335,1262707.3,2678835.9744166983,-153421.374416698,257666.53333333333,524213.763788133,-8880.697121466335
921,5128134.266666667,11891416.62237122,-1635148.0890378868,1425573.6,3219541.35718566,-368394.15718566,860014.85,1832754.9895016756,-112725.28950167552,307992.56666666665,646282.5430926811,-30297.40975934785,1993910.1333333333,4669695.230149658,-681874.9634829923,307992.56666666665,646282.5430926811,-30297.40975934785
922,4149859.8333333335,9046202.318962097,-746482.6522954297,800386.3333333334,1566419.37545178,34353.291214886936,428732.23333333334,849006.9866394897,8457.480027177022,364668.6666666667,760852.2732729117,-31514.939939578297,1185526.6666666667,2548883.416162939,-177830.0828296051,364668.6666666667,760852.2732729117,-31514.939939578297
923,3262400.8,6767689.705517956,-242888.10551795643,1197490.4166666667,2794773.4046620857,-399792.5713287522,496633.85,927229.6199893078,66038.08001069212,401160.3333333333,884685.0226528663,-82364.35598619963,1657353.0,4037981.0651642676,-723275.0651642676,401160.3333333333,884685.0226528663,-82364.35598619963
924,3709223.7,8438947.319407167,-1020499.9194071665,656277.1666666666,1254825.9479938732,57728.3853394601,360282.11666666664,678730.4925762549,41833.7407570784,453915.3,1001397.1378316018,-93566.53783160174,938039.2333333333,1954529.0366155796,-78450.56994891306,453915.3,1001397.1378316018,-93566.53783160174
925,3783426.4,8640753.672033653,-1073900.8720336524,790195.1166666667,1534217.8729187064,46172.360414627125,441749.3333333333,831388.2138268019,52110.452839864825,412812.93333333335,857417.6637554148,-31791.797088748135,1137455.5,2400209.4852253464,-125298.4852253464,412812.93333333335,857417.6637554148,-31791.797088748135
926,4230168.033333333,9835855.890933186,-1375519.8242665185,1178477.1666666667,2766589.1859125947,-409634.8525792612,496749.4666666667,943204.755026084,50294.17830724933,202209.76666666666,395376.2418670354,9043.291466297931,1474485.9333333333,3495335.608327074,-546363.7416604075,202209.76666666666,395376.2418670354,9043.291466297931
927,4528695.333333333,10793783.078090021,-1736392.4114233553,426909.05,804200.8691598652,49617.230840134725,259639.1,502493.0712179232,16785.12878207685,195064.7,408539.3734738644,-18409.973473864375,597034.3,1188717.904998491,5350.695001509041,195064.7,408539.3734738644,-18409.973473864375
928,4441014.566666666,10715002.001467712,-1832972.8681343785,1192925.4666666666,2989244.2667832216,-603393.3334498887,377266.9,689474.8690239766,65058.93097602343,340124.2,787653.9932396249,-107405.59323962493,1567248.8,4024705.6209720736,-890208.0209720738,340124.2,787653.9932396249,-107405.59323962493
929,3182907.433333333,7280564.936438477,-914750.0697718104,638065.6,1362358.3011282077,-86227.10112820775,252547.88333333333,463159.5728270083,41936.19383965834,240341.86666666667,491017.3247322566,-10333.59139892328,980109.9333333333,2271930.5159254577,-311710.64925879124,240341.86666666667,491017.3247322566,-10333.59139892328
930,3476405.2666666666,8150464.221601886,-1197653.6882685525,655144.95,1429576.9530476984,-119287.05304769846,248112.83333333334,455600.71717615006,40624.94949051659,201049.23333333334,397171.2277283012,4927.238938365452,989682.3666666667,2321239.205967741,-341874.4726344077,201049.23333333334,397171.2277283012,4927.238938365452
931,3913059.2666666666,9016927.523893889,-1190808.9905605558,682928.0,1442080.4924931056,-76224.49249310547,250888.28333333333,476175.7328351664,25600.833831500233,222875.86666666667,443803.59342629917,1948.1399070342013,1026313.3666666667,2361141.8350543063,-308515.10172097315,222875.86666666667,443803.59342629917,1948.1399070342013
932,3956543.2666666666,8830515.58806784,-917429.0547345085,743177.6333333333,1498798.753075817,-12443.486409150297,355048.86666666664,680211.9521063023,29885.781227031024,267050.13333333336,553142.096743508,-19041.83007684129,1102593.9,2442864.7023649486,-237676.90236494876,267050.13333333336,553142.096743508,-19041.83007684129
933,3031848.8666666667,6582754.295373119,-519056.5620397865,1401432.2833333334,3408254.412936504,-605389.8462698373,512936.68333333335,996640.097821102,29233.268845564628,269902.0,580289.9627946564,-40485.96279465646,1767908.5666666667,4385075.81033239,-849258.676999056,269902.0,580289.9627946564,-40485.96279465646
934,3337547.433333333,7740613.460568037,-1065518.5939013711,1388036.9833333334,3333114.4353563953,-557040.4686897283,462278.9666666667,862958.5794633151,61599.35387001827,321740.5,656226.7504681365,-12745.750468136452,1755590.7333333334,4370298.117710982,-859116.6510443157,321740.5,656226.7504681365,-12745.750468136452
935,3699116.8,8456547.53773702,-1058313.9377370207,1488163.9,3438128.8766468186,-461801.0766468188,740548.25,1377508.9206414237,103587.57935857621,368783.4,751068.4967023532,-13501.69670235319,1896239.5666666667,4520962.330562055,-728483.1972287216,368783.4,751068.4967023532,-13501.69670235319
936,4767195.2,11216301.881448364,-1681911.4814483635,755563.1166666667,1434040.8273785152,77085.40595481824,416536.3333333333,790162.7075533695,42909.95911329717,301960.1666666667,604169.4390995859,-249.10576625255635,1052642.2333333334,2158024.405658386,-52739.93899171939,301960.1666666667,604169.4390995859,-249.10576625255635
937,4987579.733333333,12085652.227153897,-2110492.7604872296,947444.8666666667,2049535.4993942436,-154645.7660609102,473053.43333333335,877191.1080320694,68915.75863459724,293268.4666666667,593430.9844216718,-6894.051088338427,1138873.1333333333,2520703.8446501577,-242957.57798349136,293268.4666666667,593430.9844216718,-6894.051088338427
938,5308352.133333334,13078273.523195349,-2461569.256528681,388657.5,730081.9515871471,47233.04841285298,344471.26666666666,664535.4448657178,24407.088467615482,332434.5333333333,670613.7876750091,-5744.721008342458,402057.1,753753.525662523,50360.67433747696,332434.5333333333,670613.7876750091,-5744.721008342458
939,3742276.7666666666,8735953.801488874,-1251400.2681555413,473774.4,935353.4877674282,12195.312232571945,442140.68333333335,885476.3318723573,-1194.9652056906489,365206.9,788593.181386169,-58179.381386169,492638.3,965612.0833773141,19664.516622685827,365206.9,788593.181386169,-58179.381386169
940,4506237.0,10849609.8522737,-1837135.8522737008,405821.23333333334,758796.0236815091,52846.44298515766,382201.86666666664,723772.3930296208,40631.340303712524,272677.23333333334,544818.6678508299,535.7988158367807,433665.76666666666,820608.9634814977,46722.56985183555,272677.23333333334,544818.6678508299,535.7988158367807
941,4178542.933333333,9790868.340016015,-1433782.473349349,614409.5333333333,1109152.4330186003,119666.63364806626,660983.0666666667,1285995.152133252,35970.981200081296,328903.23333333334,682716.5179916287,-24910.051324961998,627945.5666666667,1133375.0335082817,122516.09982505167,328903.23333333334,682716.5179916287,-24910.051324961998
942,3331776.5,7559917.190130037,-896364.1901300373,436585.13333333336,824245.6991159366,48924.56755073008,355951.61666666664,724185.025567392,-12281.792234058725,304650.3333333333,623994.6298445617,-14693.963177895057,436939.3,824930.5489422869,48948.051057713106,304650.3333333333,623994.6298445617,-14693.963177895057
943,2764924.7,6164708.124946175,-634858.7249461748,349764.36666666664,654069.6068464163,45459.126486917026,292622.13333333336,593448.4118169851,-8204.145150318393,233543.03333333333,467877.9840262618,-791.9173595951288,361378.4,676439.8325968813,46316.96740311879,233543.03333333333,467877.9840262618,-791.9173595951288
944,2719361.8666666667,6323052.360842304,-884328.6275089714,356953.9166666667,662049.8787004896,51857.95463284373,302656.13333333336,564966.2428307493,40346.02383591747,270786.6,536809.1712011978,4764.028798802174,366164.7,680417.2735781139,51912.12642188609,270786.6,536809.1712011978,4764.028798802174
945,2578384.3666666667,5838908.261164974,-682139.5278316415,412565.1666666667,771204.09536268,53926.23797065328,354766.85,665280.3814882013,44253.31851179863,263322.63333333336,529401.7557875462,-2756.4891208794434,423097.4,793139.3975591959,53055.40244080417,263322.63333333336,529401.7557875462,-2756.4891208794434
946,3078773.6,7615993.629031818,-1458446.4290318186,628469.9666666667,1130752.522268545,126187.41106478829,633297.9666666667,1193251.5822210822,73344.35111225117,266179.6,544269.4651998369,-11910.265199836926,652043.2,1171798.1913334872,132288.20866651263,266179.6,544269.4651998369,-11910.265199836926
947,3644263.966666667,9167585.39470046,-1879057.4613671256,623004.95,1147041.796287089,98968.10371291108,546256.9833333333,1091498.0081556179,1015.9585110485787,274208.0,565484.4862630271,-17068.486263027065,656026.3666666667,1202229.8614624378,109822.87187089561,274208.0,565484.4862630271,-17068.486263027065
948,2697869.0,7223850.453671811,-1828112.4536718111,340897.18333333335,637453.3927810669,44340.97388559976,268657.3,513283.82815073757,24030.771849262383,240457.06666666668,481961.8500604456,-1047.7167271122744,355337.13333333336,666245.2023928887,44429.06427377806,240457.06666666668,481961.8500604456,-1047.7167271122744
949,1640452.3666666667,4214667.757339947,-933763.0240066135,347872.31666666665,669317.3460662689,26427.287267064385,252870.68333333332,508890.81552365806,-3149.4488569913956,220613.43333333332,466816.4203335622,-25589.553666895546,368441.63333333336,706824.4945728066,30058.772093860025,220613.43333333332,466816.4203335622,-25589.553666895546
950,1854495.3,4843547.630544834,-1134557.0305448335,320563.43333333335,625853.2692639425,15273.597402724146,200157.18333333332,409352.2756539222,-9037.908987255534,176453.0,373786.59001921647,-20880.59001921647,350755.8,691609.2352301666,9902.364769833395,176453.0,373786.59001921647,-20880.59001921647
951,2196575.5,5732425.449089387,-1339274.4490893874,324160.31666666665,633179.8513213351,15140.782011998235,232729.18333333332,494850.81419924257,-29392.447532575927,183065.4,383636.05912594334,-17505.259125943383,337513.86666666664,661024.490300979,14003.243032354221,183065.4,383636.05912594334,-17505.259125943383
952,1894307.9333333333,4615738.57910781,-827122.7124411433,321743.6666666667,640438.5890571626,3048.7442761707935,270200.2,586698.0777817192,-46297.67778171919,188034.0,394661.8421317553,-18593.842131755344,332367.1,666928.0388992967,-2193.83889929665,188034.0,394661.8421317553,-18593.842131755344
953,1258296.5,2817543.0325826416,-300950.0325826416,237436.06666666668,471004.23462127394,3867.898712059454,203936.68333333332,440358.5206725522,-32485.15400588553,144430.8,304090.59240795905,-15228.9924079591,269306.86666666664,551498.4941475759,-12884.760814242705,144430.8,304090.59240795905,-15228.9924079591
954,1539531.3666666667,3806345.152319291,-727282.4189859577,528114.6333333333,1073962.3239097851,-17733.057243118645,377502.4,785084.5595745904,-30079.759574590367,165029.63333333333,326516.8823202873,3542.3843463793455,539178.3666666667,1092552.3224209074,-14195.589087574044,165029.63333333333,326516.8823202873,3542.3843463793455
955,1725612.5333333334,4437165.922687043,-985940.8560203763,557693.7,1070153.2171224449,45234.182877555024,506821.4666666667,1012059.9640603359,1582.969272997405,214168.63333333333,423702.5174793396,4634.749187327077,578574.9,1106679.824939597,50469.975060403114,214168.63333333333,423702.5174793396,4634.749187327077
956,2330334.1,6058693.53253918,-1398025.3325391798,501577.36666666664,892726.7779670261,110427.95536630717,551639.5833333334,1085897.6914288346,17381.475237832172,214257.13333333333,440230.04118278483,-11715.774516118137,556797.4333333333,1006580.8110811138,107014.055585553,214257.13333333333,440230.04118278483,-11715.774516118137
957,2761350.033333333,7447680.749651093,-1924980.6829844266,482669.38333333336,876591.2533810223,88747.51328564453,488155.05,973985.84639514,2324.2536048599286,176243.86666666667,365169.1442809961,-12681.410947662778,520761.13333333336,950933.9293761444,90588.3372905223,176243.86666666667,365169.1442809961,-12681.410947662778
958,2629156.4,6988228.129229581,-1729915.3292295807,644017.1666666666,1305484.1287495974,-17449.795416264096,416102.18333333335,812442.5579212453,19761.808745421353,188363.5,377288.37607166206,-561.37607166206,669106.2,1355817.7982732856,-17605.39827328571,188363.5,377288.37607166206,-561.37607166206
959,1946875.8333333333,5003369.855631371,-1109618.1889647043,606555.8,1232229.7494262229,-19118.14942622278,468922.06666666665,929192.5848101622,8651.548523171165,209845.5,434029.8979107671,-14338.897910767148,631251.5666666667,1283024.5491658468,-20521.41583251336,209845.5,434029.8979107671,-14338.897910767148
960,2891012.466666667,7804377.944048297,-2022353.010714963,482262.3,873394.8979289515,91129.70207104838,506844.9166666667,1089336.2935686775,-75646.46023534419,156705.16666666666,339738.464480394,-26328.13114706066,494493.6666666667,895682.3092258371,93305.02410749625,156705.16666666666,339738.464480394,-26328.13114706066
961,2984095.566666667,7857687.368266698,-1889496.2349333637,445694.0833333333,799257.0231645381,92131.14350212854,458380.43333333335,930000.876459142,-13240.009792475204,194936.96666666667,400971.3868751517,-11097.453541818366,455764.9666666667,820161.8668477554,91368.0664855779,194936.96666666667,400971.3868751517,-11097.453541818366
962,2829058.1,7209026.280592805,-1550910.080592805,387709.18333333335,715729.4732069317,59688.89345973503,363995.98333333334,702029.7488381781,25962.2178284885,176077.76666666666,352141.3505532604,14.182780072937021,398332.3,742209.5694557074,54455.03054429253,176077.76666666666,352141.3505532604,14.182780072937021
963,2022677.1,4948367.454605371,-903013.254605371,261006.93333333332,507930.35252746637,14083.51413920024,219148.21666666667,455487.3151053025,-17190.881771969172,154699.0,311812.15078828565,-2414.150788285682,276308.63333333336,546680.3583415662,5936.90832510055,154699.0,311812.15078828565,-2414.150788285682
964,1820862.7666666666,4496309.029184914,-854583.495851581,280324.5333333333,532847.1749664022,27801.891700264416,217632.78333333333,444536.3272837543,-9270.760617087653,207600.3,419316.87072787515,-4116.270727875148,291380.23333333334,559833.8581393998,22926.608527266886,207600.3,419316.87072787515,-4116.270727875148
965,2085369.6666666667,5136181.037612518,-965441.704279185,506700.2166666667,897276.9744296018,116123.45890373155,433371.61666666664,819463.7044787926,47279.528854540666,285339.73333333334,563962.7880599857,6716.678606681002,517364.7,919515.0170021444,115214.3829978556,285339.73333333334,563962.7880599857,6716.678606681002
966,2916827.033333333,6967249.120826844,-1133595.0541601777,473691.88333333336,848985.2905040601,98398.47616260662,441745.51666666666,861432.3726032577,22058.66073007573,203530.76666666666,395229.6947779198,11831.838555413502,494515.86666666664,893622.7678343045,95408.9654990288,203530.76666666666,395229.6947779198,11831.838555413502
967,3508331.1666666665,8764746.653996568,-1748084.3206632347,478816.4166666667,903865.642994967,53767.19033836626,395912.95,808536.9248370831,-16711.024837083067,170546.03333333333,347379.7325368766,-6287.665870209923,511075.5333333333,969560.4382873161,52590.62837935053,170546.03333333333,347379.7325368766,-6287.665870209923
968,3244939.4,8098877.641289074,-1608998.8412890746,292317.0833333333,583290.4157706054,1343.7508960611303,221520.63333333333,482169.93338591914,-39128.66671925248,189852.13333333333,396386.43641200603,-16682.169745339343,309807.5333333333,629357.123530465,-9742.056863798352,189852.13333333333,396386.43641200603,-16682.169745339343
969,2215926.3,5181207.8341710465,-749355.2341710469,492791.3333333333,924841.6241676259,60741.04249904072,449382.13333333336,932453.2728879666,-33689.006221299875,184558.46666666667,368903.3009133376,213.63241999575985,507921.4,954265.3990556106,61577.4009443894,184558.46666666667,368903.3009133376,213.63241999575985
970,2543817.2333333334,6223504.721644122,-1135870.2549774558,460703.48333333334,877467.3880400895,43939.57862657722,406152.2,847134.3786103685,-34829.978610368446,141753.8,296557.2028322347,-13049.602832234668,474141.9666666667,906100.9791910204,42182.95414231293,141753.8,296557.2028322347,-13049.602832234668
971,3088703.066666667,7591867.223606069,-1414461.0902727353,426967.0833333333,847266.6043307199,6667.562335946772,412724.36666666664,860596.4392899135,-35147.705956580176,166424.16666666666,355228.9087544508,-22380.57542111748,438759.26666666666,877046.7943504122,471.738982921117,166424.16666666666,355228.9087544508,-22380.57542111748
972,2872917.066666667,6711520.425067864,-965686.2917345306,421480.4,888277.1164432662,-45316.31644326617,417369.6,883440.1520465917,-48700.95204659173,185102.4,394304.65950351465,-24099.859503514686,434246.93333333335,923550.3418371378,-55056.47517047112,185102.4,394304.65950351465,-24099.859503514686
973,2290171.3333333335,5101747.751270875,-521405.0846042079,370147.9,792597.7478202321,-52301.94782023196,368111.76666666666,797330.1227050592,-61106.58937172592,160508.9,368327.7216503911,-47309.9216503911,396573.63333333336,864831.9950287314,-71684.72836206463,160508.9,368327.7216503911,-47309.9216503911
974,2135776.6666666665,4962015.280650416,-690461.9473170829,405756.7166666667,811309.3581659561,204.07516737730475,353258.5833333333,746800.4141632603,-40283.24749659363,181621.3,419650.9077898308,-56408.30778983084,419899.5333333333,846533.5893434376,-6734.522676770925,181621.3,419650.9077898308,-56408.30778983084
975,2022849.7666666666,4546427.73677974,-500728.20344640734,631410.7833333333,1278909.1838667477,-16087.61720008112,477517.76666666666,1021505.5590223887,-66470.02568905539,168910.33333333334,365420.24016479595,-27599.573498129263,644260.2666666667,1304242.5385556812,-15722.005222347914,168910.33333333334,365420.24016479595,-27599.573498129263
976,2669555.7,6191049.857269937,-851938.4572699363,577636.0333333333,1140690.7091012462,14581.357565420447,494619.9166666667,1046033.9469462084,-56794.113612874935,106950.16666666667,232014.48895430198,-18114.155620968624,624378.0,1243669.1745887948,5086.825411205064,106950.16666666667,232014.48895430198,-18114.155620968624
977,3121162.6666666665,7370087.507816717,-1127762.1744833835,631285.4,1308216.4226919932,-45645.622691993136,396660.2833333333,852864.9740698705,-59544.40740320383,105639.13333333333,222119.39550251723,-10841.128835850584,674071.7666666667,1380811.347233509,-32667.813900175504,105639.13333333333,222119.39550251723,-10841.128835850584
978,2922531.6,7068875.329691725,-1223812.1296917242,933415.9,2237092.6461880715,-370260.8461880713,315250.8,658361.4547981578,-27859.854798157758,148556.8,327453.17963059014,-30339.57963059013,962643.0,2292492.082426694,-367206.0824266942,148556.8,327453.17963059014,-30339.57963059013
979,1847894.2,3884424.0799757154,-188635.67997571547,950845.8833333333,2234330.303253091,-332638.5365864241,333109.31666666665,703180.3708298733,-36961.73749654001,102271.7,214422.67708944195,-9879.277089441952,992364.8333333334,2327980.417583791,-343250.7509171242,102271.7,214422.67708944195,-9879.277089441952
980,2130081.2666666666,4790055.280890134,-529892.747556801,320227.9166666667,686943.2849254687,-46487.45159213542,183501.56666666668,438308.8735162028,-71305.74018286943,96845.16666666667,205656.60612186696,-11966.272788533606,359090.6666666667,773885.4546787597,-55704.12134542625,96845.16666666667,205656.60612186696,-11966.272788533606
981,2740718.6,6049406.028489724,-567968.8284897241,640064.3833333333,1365174.1262698437,-85045.35960317706,515783.93333333335,1172951.6470675452,-141383.78040087852,109621.9,239176.3185772758,-19932.518577275798,652646.2666666667,1388194.541960028,-82902.00862669456,109621.9,239176.3185772758,-19932.518577275798
982,2352743.6333333333,4784546.480154686,-79059.21348801907,503194.4,1115639.5201108055,-109250.72011080536,504127.51666666666,1186195.9485965306,-177940.91526319733,117980.0,265133.14528109925,-29173.14528109925,516650.73333333334,1138902.6074624641,-105601.14079579752,117980.0,265133.14528109925,-29173.14528109925
983,1628048.0333333334,3160992.675707151,95103.3909595157,212877.05,474457.79510669474,-48703.695106694766,171653.46666666667,414672.37244859233,-71365.43911525898,95457.66666666667,205193.74613107997,-14278.412797746627,244393.33333333334,564233.915596462,-75447.24892979531,95457.66666666667,205193.74613107997,-14278.412797746627
984,1548987.3,3163370.925660209,-65396.32566020894,514994.0333333333,1122582.0189109119,-92593.9522442451,325943.23333333334,712314.5710965457,-60428.10442987899,153821.76666666666,365940.6635650506,-58297.13023171728,529276.7,1146251.8123974137,-87698.41239741375,153821.76666666666,365940.6635650506,-58297.13023171728
985,1523662.7666666666,3184733.601892105,-137408.06855877163,891768.8,2082651.0390593212,-299113.43905932107,427850.55,928965.4989262891,-73264.39892628917,156195.13333333333,352359.02645887196,-39968.759792205296,968050.5333333333,2278484.380679105,-342383.3140124384,156195.13333333333,352359.02645887196,-39968.759792205296
986,2500692.3,5635020.86692971,-633636.2669297103,300727.51666666666,647535.3419554497,-46080.3086221164,204952.36666666667,490469.4754743902,-80564.7421410569,81534.73333333334,173268.67781565792,-10199.211148991235,351899.93333333335,776178.2143613342,-72378.34769466752,81534.73333333334,173268.67781565792,-10199.211148991235
987,2927344.933333333,6901656.077922445,-1046966.2112557781,948557.5333333333,2259594.92181574,-362479.8551490732,360240.5833333333,780107.6934992576,-59626.52683259093,108404.76666666666,235780.060446728,-18970.527113394666,1011382.4333333333,2355058.948550326,-332294.0818836589,108404.76666666666,235780.060446728,-18970.527113394666
988,2800349.2666666666,6298956.857377447,-698258.3240441135,257992.86666666667,541378.0069670592,-25392.273633725912,137554.65,310577.25544532854,-35467.95544532852,114034.96666666666,248363.10673042462,-20293.17339709129,281614.3333333333,602305.5193348879,-39076.852668221225,114034.96666666666,248363.10673042462,-20293.17339709129
989,1811916.4333333333,3700736.9959789393,-76904.12931227288,343361.23333333334,664806.2444956088,21916.22217105789,161876.01666666666,342789.19030679745,-19037.156973464123,91018.2,192972.81838194194,-10936.418381941927,396823.8,773983.0664416265,19664.533558373398,91018.2,192972.81838194194,-10936.418381941927
990,2261085.6666666665,5140878.309031477,-618706.9756981442,364933.05,709471.4928822387,20394.607117761218,179730.38333333333,365153.4621166331,-5692.6954499664425,73320.8,159140.6566081915,-12499.056608191488,434829.0,852707.287274101,16950.71272589895,73320.8,159140.6566081915,-12499.056608191488
991,3132275.533333333,7063469.281409219,-798918.2147425525,426100.26666666666,841429.9859075664,10770.547425766941,161507.81666666668,325950.40953036223,-2934.7761970288702,88439.63333333333,190306.04088320548,-13426.774216538819,490891.93333333335,981059.1701041523,724.6965625144658,88439.63333333333,190306.04088320548,-13426.774216538819
992,2642611.533333333,5819672.575597741,-534449.5089310738,452980.63333333336,893923.8933228031,12037.373343863641,217944.73333333334,495700.82009253465,-59811.35342586797,85611.5,189357.35436708055,-18134.354367080537,505124.5,1009255.8593032389,993.1406967610819,85611.5,189357.35436708055,-18134.354367080537
993,2124245.1,4505125.295048449,-256635.095048449,236503.65,497887.0745042204,-24879.774504220375,146632.21666666667,348296.3733723545,-55031.94003902114,71332.2,151698.86513039822,-9034.465130398225,263633.23333333334,564469.2698712331,-37202.80320456647,71332.2,151698.86513039822,-9034.465130398225
994,1833423.3,4211155.882358928,-544309.2823589279,264537.36666666664,550218.3075136023,-21143.57418026903,184370.61666666667,435640.46784265013,-66899.2345093168,108974.43333333333,239566.0690830471,-21617.202416380416,283366.8333333333,596535.7005505835,-29802.033883916913,108974.43333333333,239566.0690830471,-21617.202416380416
995,2261116.7333333334,5104037.908427533,-581804.441760866,325423.65,699052.0452263039,-48204.745226303756,242274.1,577770.6212981499,-93222.42129814989,100589.5,219009.049499973,-17830.049499973,361907.9666666667,790045.3685331459,-66229.43519981252,100589.5,219009.049499973,-17830.049499973
996,2579266.8333333335,5796493.724716786,-637960.0580501193,362311.13333333336,799453.5346813239,-74831.26801465725,272637.4166666667,632189.9257434647,-86915.09241013136,86922.56666666667,223372.23427929397,-49527.10094596066,426392.73333333334,954204.0618511641,-101418.59518449748,86922.56666666667,223372.23427929397,-49527.10094596066
997,3200103.966666667,7317175.991661226,-916968.0583278923,302682.51666666666,661209.0964896304,-55844.06315629708,238511.13333333333,562248.051214887,-85225.78454822025,86632.8,209091.91783938167,-35826.31783938165,363129.6,801786.9673511307,-75527.76735113072,86632.8,209091.91783938167,-35826.31783938165
998,3142642.5,7313406.252996787,-1028121.2529967874,296824.7,649385.8371673203,-55736.437167320284,211583.88333333333,517410.08643438516,-94242.31976771847,95258.2,226067.31702270103,-35550.91702270102,329154.6,734923.3981370005,-76614.19813700055,95258.2,226067.31702270103,-35550.91702270102
999,2343503.3333333335,5027935.24892248,-340928.58225581376,298023.55,667580.5474858626,-71533.4474858627,155392.35,377060.1341345672,-66275.43413456721,74818.86666666667,176711.87943399485,-27074.146100661514,348411.1666666667,785991.2535471832,-89168.92021384992,74818.86666666667,176711.87943399485,-27074.146100661514
1000,2322059.6,5387280.552894047,-743161.3528940473,336327.85,719972.96293183,-47317.262931830075,282201.06666666665,694267.0387924537,-129864.90545912046,120337.93333333333,265494.3791278343,-24818.51246116763,419677.93333333335,910558.1599843698,-71202.29331770312,120337.93333333333,265494.3791278343,-24818.51246116763
