x,meanNoByzantine,upNoByzantine,lowNoByzantine,meanGreyhole,upGreyhole,lowGreyhole,meanSinkhole,upSinkhole,lowSinkhole,meanSelectiveJam,upSelectiveJam,lowSelectiveJam,meanPosSpoofing,upPosSpoofing,lowPosSpoofing,meanAllAttacks,upAllAttacks,lowAllAttacks
1,251134.33333333334,550029.315721877,-47760.64905521032,251134.33333333334,550029.315721877,-47760.64905521032,251134.33333333334,550029.315721877,-47760.64905521032,89384.6,189870.93975880902,-11101.73975880901,251134.33333333334,550029.315721877,-47760.64905521032,89384.6,189870.93975880902,-11101.73975880901
2,345202.26666666666,779838.0024818096,-89433.46914847626,334863.93333333335,769105.0186187044,-99377.1519520377,334943.61666666664,769217.4812054005,-99330.24787206727,89092.6,191808.39685418655,-13623.196854186535,345202.26666666666,779838.0024818096,-89433.46914847626,89092.6,191808.39685418655,-13623.196854186535
3,406462.0333333333,799911.1494653997,13012.917201266973,374585.88333333336,756667.337796332,-7495.571129665244,379160.1666666667,762326.9916337479,-4006.658300414507,142964.6,282248.19017181103,3681.0098281890096,406462.0333333333,799911.1494653997,13012.917201266973,142964.6,282248.19017181103,3681.0098281890096
4,494619.8333333333,978536.2158713955,10703.450795271085,453356.55,928399.5321587193,-21686.432158719283,480919.76666666666,958322.4689194984,3517.064413834887,161859.83333333334,321208.04629178916,2511.6203748775297,494619.8333333333,978536.2158713955,10703.450795271085,161859.83333333334,321208.04629178916,2511.6203748775297
5,535950.3333333334,1010905.687795052,60994.97887161479,485317.3333333333,936590.0620025354,34044.604664131184,527325.0666666667,991173.2638258899,63476.86950744339,172469.33333333334,343146.34567673656,1792.3209899301582,535950.3333333334,1010905.687795052,60994.97887161479,172469.33333333334,343146.34567673656,1792.3209899301582
6,612379.5333333333,1239636.0940232046,-14877.02735653799,570685.0,1179087.3344804142,-37717.33448041428,604796.3833333333,1228881.2673183777,-19288.500651711016,173010.63333333333,343196.06731039356,2825.1993562730786,612379.5333333333,1239636.0940232046,-14877.02735653799,173010.63333333333,343196.06731039356,2825.1993562730786
7,721378.8333333334,1475641.621238466,-32883.954571799026,680498.25,1419611.0745226913,-58614.57452269143,702874.9833333333,1450214.3784750858,-44464.41180841916,209855.93333333332,403922.21243758686,15789.654229079752,721378.8333333334,1475641.621238466,-32883.954571799026,209855.93333333332,403922.21243758686,15789.654229079752
8,867098.2333333333,1945871.9481971632,-211675.4815304965,836982.1666666666,1908411.63101921,-234447.29768587684,860360.1333333333,1938587.4106490987,-217867.14398243208,207959.46666666667,403726.9158804855,12192.017452847853,867098.2333333333,1945871.9481971632,-211675.4815304965,207959.46666666667,403726.9158804855,12192.017452847853
9,947367.5666666667,2305916.4147063866,-411181.2813730531,907214.5833333334,2240258.9421009826,-425829.7754343158,923289.7833333333,2250429.689819898,-403850.12315323146,121126.53333333334,286478.16329928266,-44225.096632616,947367.5666666667,2305916.4147063866,-411181.2813730531,121126.53333333334,286478.16329928266,-44225.096632616
10,957343.0,2316778.2371508935,-402092.23715089355,924341.4166666666,2262032.8438120177,-413350.01047868456,929729.7166666667,2244052.355710557,-384592.92237722396,134952.93333333332,318782.2207167083,-48876.35405004164,957343.0,2316778.2371508935,-402092.23715089355,134952.93333333332,318782.2207167083,-48876.35405004164
11,1031814.3,2398193.1006772267,-334564.50067722634,1003031.2166666667,2360974.6476771454,-354912.21434381197,1022740.9,2385960.1002389416,-340478.30023894145,193047.9,417361.35291525495,-31265.552915254957,1031814.3,2398193.1006772267,-334564.50067722634,193047.9,417361.35291525495,-31265.552915254957
12,1053144.7333333334,2437568.502801994,-331279.03613532684,1009711.85,2365789.72505017,-346366.0250501699,999540.0166666667,2329019.4409769108,-329939.4076435772,181284.96666666667,430188.3363042553,-67618.40297092198,1053144.7333333334,2437568.502801994,-331279.03613532684,181284.96666666667,430188.3363042553,-67618.40297092198
13,1078374.5,2457077.036916306,-300328.0369163058,1050028.0833333333,2407868.5966179203,-307812.4299512538,1053004.2333333334,2388622.2495242204,-282613.78285755357,245570.4,559325.6973864596,-68184.8973864596,1078374.5,2457077.036916306,-300328.0369163058,245570.4,559325.6973864596,-68184.8973864596
14,494233.4666666667,985029.5292186125,3437.4041147209355,474563.88333333336,942656.2602385982,6471.506428068504,489076.9666666667,974322.1543962022,3831.7789371312247,316779.13333333336,709196.9804948373,-75638.71382817061,494233.4666666667,985029.5292186125,3437.4041147209355,316779.13333333336,709196.9804948373,-75638.71382817061
15,537146.1,1085382.6225320664,-11090.422532066354,525233.7166666667,1059614.1797280824,-9146.746394748916,494886.05,999253.4427005005,-9481.342700500507,375306.5333333333,827412.804761231,-76799.73809456424,537146.1,1085382.6225320664,-11090.422532066354,375306.5333333333,827412.804761231,-76799.73809456424
16,568362.0,1233297.6782510653,-96573.67825106543,563331.4666666667,1223973.3919432904,-97310.4586099569,563275.5833333334,1229459.2057084276,-102908.03904176084,463281.4666666667,1097939.8184453417,-171376.8851120082,568362.0,1233297.6782510653,-96573.67825106543,463282.1,1097941.0023203567,-171376.8023203566
17,574617.4666666667,1237257.7604112374,-88022.82707790413,574617.4666666667,1237257.7604112374,-88022.82707790413,585242.8,1262599.9688737292,-92114.36887372914,430132.0333333333,1029321.8856519731,-169057.81898530643,574617.4666666667,1237257.7604112374,-88022.82707790413,430132.6,1029322.7699215962,-169057.5699215962
18,569382.2,1241349.6335235054,-102585.2335235055,561845.3333333334,1226435.947622541,-102745.28095587436,563366.2333333333,1232993.580407315,-106261.11374064826,393246.06666666665,973739.589196565,-187247.45586323168,569382.2,1241349.6335235054,-102585.2335235055,393246.3333333333,973739.9937334207,-187247.32706675405
19,694689.1,1540297.0030841448,-150918.80308414483,694689.1,1540297.0030841448,-150918.80308414483,706749.4666666667,1571742.0646199624,-158243.131286629,562546.2666666667,1357648.6502209795,-232556.11688764603,694689.1,1540297.0030841448,-150918.80308414483,562546.7,1357649.3337467983,-232555.93374679843
20,869646.3333333334,1746359.4585067816,-7066.791840114864,758690.6333333333,1544159.2009987086,-26777.934332041885,968412.25,1954858.628063889,-18034.128063888988,509207.8,1174236.636158533,-155821.036158533,869646.3333333334,1746359.4585067816,-7066.791840114864,509208.1,1174237.1466031913,-155820.9466031912
21,936808.3,1865309.6465095144,8306.95349048567,823052.6833333333,1650249.4173238655,-4144.050657198764,1009071.6666666666,2029939.487567586,-11796.154234252637,651319.9666666667,1422987.0819410807,-120347.14860774728,936808.3,1865309.6465095144,8306.95349048567,651320.4333333333,1422987.9660961898,-120347.0994295231
22,867374.1666666666,1734180.6724038394,567.6609294939553,747048.7166666667,1517043.7548336005,-22946.32150026725,939079.15,1879233.1967824278,-1074.896782427677,528585.2333333333,1196334.7104334384,-139164.24376677175,867374.1666666666,1734180.6724038394,567.6609294939553,528585.5666666667,1196335.3474288317,-139164.21409549832
23,950642.1333333333,1901900.6454988895,-616.3788322227774,839467.0166666667,1718113.147151347,-39179.113818013575,1017106.2666666667,2020043.5599723612,14168.97336097213,577917.4,1321680.513123204,-165845.71312320384,950642.1333333333,1901900.6454988895,-616.3788322227774,577917.7,1321681.0307520123,-165845.63075201237
24,956742.1333333333,1987353.5393904673,-73869.27272380074,852946.1833333333,1835659.0965988399,-129766.72993217316,1037420.4333333333,2111716.9010486947,-36876.03438202827,615704.0,1491047.2874658518,-259639.28746585175,956742.1333333333,1987353.5393904673,-73869.27272380074,615704.2666666667,1491047.704204229,-259639.1708708955
25,1013878.4333333333,1998893.5595747505,28863.307091916213,917623.4,1854209.6251483266,-18962.825148326694,1097840.05,2135911.4192768726,59768.68072312744,664281.0333333333,1480509.6419000586,-151947.57523339195,1013878.4333333333,1998893.5595747505,28863.307091916213,664282.2,1480511.664211745,-151947.26421174512
26,744722.4333333333,1498567.711170429,-9122.8445037622,649043.6833333333,1338024.1404277077,-39936.77376104088,838848.3166666667,1682476.5474328827,-4779.914099549525,308956.86666666664,642166.2757063031,-24252.542372969852,744722.4333333333,1498567.711170429,-9122.8445037622,308957.9,642169.0733549413,-24253.27335494134
27,850563.4333333333,1688394.3984287856,12732.468237881083,758709.6,1544260.6793957374,-26841.479395737406,940245.55,1853801.2360296142,26689.863970385748,359025.13333333336,717924.8936231332,125.37304353358923,850563.4333333333,1688394.3984287856,12732.468237881083,359026.06666666665,717927.1081483539,125.02518497948768
28,879542.3333333334,1692655.4175373968,66429.24912927009,777218.1833333333,1540223.1285736929,14213.238092973828,986395.1333333333,1882746.468536729,90043.7981299375,390539.2,777794.3404734888,3284.059526511235,879542.3333333334,1692655.4175373968,66429.24912927009,390540.0333333333,777796.1270561144,3283.9396105522756
29,906744.5666666667,1784977.561772333,28511.571561000426,811400.95,1653097.3382535009,-30295.43825350108,976133.4166666666,1908001.005563426,44265.82776990719,410861.3,853978.8276581732,-32256.227658173186,906744.5666666667,1784977.561772333,28511.571561000426,410862.13333333336,853980.4015637558,-32256.134897089098
30,887875.4666666667,1757463.25790278,18287.675430553267,790308.2333333333,1626310.662790134,-45694.196123467525,984783.1,1911363.5050693362,58202.6949306638,388191.8,812339.1624890533,-35955.56248905341,887875.4666666667,1757463.25790278,18287.675430553267,388192.5333333333,812340.5244392911,-35955.457772624504
31,888389.3,1751113.4939642292,25665.106035770732,787592.0166666667,1610280.8231112855,-35096.78977795201,965244.9333333333,1896623.865720837,33866.000945829786,381680.2,767271.6415881675,-3911.241588167555,888389.3,1751113.4939642292,25665.106035770732,381680.9,767272.9673553167,-3911.167355316633
32,1694769.1,3235747.8021797407,153790.39782025944,1599257.3,3127811.8355506216,70702.76444937848,1792060.4166666667,3361105.3501293,223015.48320403346,491290.8333333333,944174.459273123,38407.20739354362,1694769.1,3235747.8021797407,153790.39782025944,491291.5,944175.5687760885,38407.43122391141
33,1656108.6,3234038.061984876,78179.13801512378,1561225.7833333334,3127222.7073418465,-4771.14067517966,1752985.1666666667,3356423.032913043,149547.3004202901,412218.3,860102.2419098265,-35665.64190982655,1656108.6,3234038.061984876,78179.13801512378,412218.9,860103.2145133168,-35665.414513316704
34,1834127.9,3567172.761814704,101083.03818529565,1729751.5,3448895.1980341887,10607.80196581129,1938215.3166666667,3696061.929568041,180368.70376529195,454434.26666666666,1004599.060954001,-95730.52762066777,1834127.9,3567172.761814704,101083.03818529565,454434.76666666666,1004599.7739626123,-95730.240629279
35,1984002.4666666666,3826070.594816031,141934.33851730195,1879984.9166666667,3712831.4181196233,47138.41521370993,2078149.5666666667,3927866.568864257,228432.564469076,520076.63333333336,1164165.1412740028,-124011.87460733607,1984002.4666666666,3826070.594816031,141934.33851730195,520077.06666666665,1164165.7003784638,-124011.56704513053
36,2510945.933333333,5029277.420502884,-7385.553836218547,2398016.15,4912429.849487725,-116397.5494877249,2602097.5166666666,5094803.419254733,109391.61407860043,691866.2666666667,1656861.220468203,-273128.68713486963,2510945.933333333,5029277.420502884,-7385.553836218547,691866.6666666666,1656861.6831778018,-273128.3498444684
37,2740316.3333333335,5560835.913027827,-80203.24636116019,2633580.216666667,5454003.1302719265,-186842.69693859294,2811550.5166666666,5577581.4532239465,45519.580109386705,788323.0333333333,1886210.4769229167,-309564.4102562502,2740316.3333333335,5560835.913027827,-80203.24636116019,788323.4,1886210.8793256725,-309564.07932567236
38,2674972.7666666666,5539521.865116841,-189576.33178350795,2572382.9833333334,5437655.927688703,-292889.9610220366,2721738.2666666666,5520894.115809659,-77417.58247632487,760783.0,1892066.0801162964,-370500.0801162964,2674972.7666666666,5539521.865116841,-189576.33178350795,760783.3,1892066.405997956,-370499.80599795585
39,2895930.2333333334,6128535.72982935,-336675.26316268276,2795415.466666667,6029724.791077917,-438893.8577445843,2938949.9,6073917.477560744,-196017.67756074434,818826.7333333333,2063908.7704399726,-426255.30377330596,2895930.2333333334,6128535.72982935,-336675.26316268276,818827.0333333333,2063909.089277817,-426255.02261115017
40,3816840.1666666665,8708432.7356554,-1074752.4023220683,3708639.8666666667,8600958.127794897,-1183678.3944615643,3855868.466666667,8587750.730056955,-876013.796723621,1442802.9666666666,3864210.3179134913,-978604.3845801579,3816840.1666666665,8708432.7356554,-1074752.4023220683,1442803.3,3864210.648650334,-978604.0486503344
41,3870351.6333333333,8689598.109922443,-948894.8432557755,3752574.3666666667,8569395.108931035,-1064246.375597701,3955994.816666667,8671732.571980257,-759742.9386469233,1513303.3333333333,4041018.3544741143,-1014411.6878074475,3870351.6333333333,8689598.109922443,-948894.8432557755,1513303.65,4041018.6639650105,-1014411.3639650107
42,4525659.233333333,9729091.862735773,-677773.3960691057,4405569.85,9607999.143857762,-796859.443857763,4563963.916666667,9646647.58432607,-518719.7509927368,1542647.5,4111948.5518343206,-1026653.5518343206,4525659.233333333,9729091.862735773,-677773.3960691057,1542647.8166666667,4111948.8597487938,-1026653.2264154607
43,5136951.233333333,11175223.855545161,-901321.3888784945,5015931.4,11053704.929693256,-1021842.1296932548,5197552.283333333,11136470.78921447,-741366.222547804,1806513.9,4880291.435802737,-1267263.6358027374,5136951.233333333,11175223.855545161,-901321.3888784945,1806514.1833333333,4880291.708029696,-1267263.3413630293
44,4357452.866666666,9994251.517205365,-1279345.7838720335,4229331.983333333,9863064.564934324,-1404400.5982676577,4347823.483333333,9807047.876116624,-1111400.9094499573,1505457.8333333333,3977330.4351294264,-966414.7684627601,4357452.866666666,9994251.517205365,-1279345.7838720335,1505458.15,3977330.7414621785,-966414.4414621787
45,4697378.9,10667754.528759774,-1272996.728759774,4562865.933333334,10530371.654598758,-1404639.7879320914,4691184.166666667,10468829.321847588,-1086460.9885142539,1681117.9333333333,4420553.491234615,-1058317.624567949,4697378.9,10667754.528759774,-1272996.728759774,1681118.2166666666,4420553.762675976,-1058317.329342643
46,4814607.566666666,10566961.6910607,-937746.5577273658,4658511.366666666,10409458.622494083,-1092435.8891607504,4865278.583333333,10539078.343159353,-808521.1764926873,1821337.6333333333,4889898.605288875,-1247223.3386222087,4814607.566666666,10566961.6910607,-937746.5577273658,1821337.8666666667,4889898.82735606,-1247223.0940227266
47,4261282.533333333,9914111.099896416,-1391546.0332297496,4110931.533333333,9758714.607989345,-1536851.5413226793,4309287.85,9882027.454918668,-1263451.7549186675,1958379.6,5242441.30803599,-1325682.1080359896,4261282.533333333,9914111.099896416,-1391546.0332297496,1958379.9666666666,5242441.656539561,-1325681.7232062283
48,4782938.3,10573335.388656206,-1007458.7886562077,4617457.066666666,10405201.730888665,-1170287.597555332,4827269.933333334,10545918.903416239,-891379.0367495706,1827752.9666666666,4832652.0000919355,-1177146.0667586022,4782938.3,10573335.388656206,-1007458.7886562077,1827753.3,4832652.317248175,-1177145.717248175
49,3790144.6666666665,8765853.685169725,-1185564.3518363922,3628103.8833333333,8596388.226823395,-1340180.460156729,3822117.8833333333,8758233.865498297,-1113998.0988316308,1864429.5333333334,4921484.689877236,-1192625.6232105691,3790144.6666666665,8765853.685169725,-1185564.3518363922,1864429.85,4921484.99061867,-1192625.2906186697
50,3703634.6,8562116.056673067,-1154846.856673067,3540600.683333333,8390925.082030186,-1309723.7153635207,3716028.6666666665,8553099.361165717,-1121042.0278323838,1815466.5666666667,4772672.270417822,-1141739.1370844885,3703634.6,8562116.056673067,-1154846.856673067,1815466.95,4772672.633448712,-1141738.7334487115
51,3976081.3666666667,8308425.118940989,-356262.3856076556,3765515.15,8080514.319815157,-549484.0198151567,3964979.6333333333,8281004.8239231445,-351045.5572564774,1633800.4,4230323.754783018,-962722.9547830173,3976081.3666666667,8308425.118940989,-356262.3856076556,1633800.7333333334,4230324.071742358,-962722.6050756909
52,4049815.8333333335,8428523.59061709,-328891.923950423,3834699.45,8188223.956051097,-518825.0560510969,4022753.4,8372622.215727709,-327115.4157277099,295932.1666666667,514210.99752777617,77653.33580555717,4049815.8333333335,8428523.59061709,-328891.923950423,295932.5,514211.4090995391,77653.5909004609
53,3544154.033333333,7790394.673577296,-702086.6069106292,3230645.5833333335,7394543.2513600895,-933252.0846934225,3421418.1333333333,7582883.436510317,-740047.1698436509,291890.0333333333,498678.55259049794,85101.5140761687,3544154.033333333,7790394.673577296,-702086.6069106292,291890.38333333336,498678.9855142397,85101.78115242702
54,3662992.8,7940392.665661299,-614407.065661299,3284033.1,7461873.292474475,-893807.092474475,3473310.3666666667,7654629.608209203,-708008.8748758696,264023.26666666666,472525.3089496101,55521.22438372325,3662992.8,7940392.665661299,-614407.065661299,264023.6666666667,472525.8154988959,55521.51783443749
55,3744920.1666666665,8128063.888601325,-638223.555267992,3337733.8,7621539.495323783,-946071.8953237832,3541446.683333333,7831506.502720622,-748613.1360539556,251782.23333333334,445426.3908238107,58138.075842855935,3744920.1666666665,8128063.888601325,-638223.555267992,251782.65,445426.896741253,58138.403258747014
56,3901011.1666666665,8420649.478060734,-618627.1447274,3486665.6166666667,7911628.892352272,-938297.6590189389,3707212.6,8139470.476980748,-725045.2769807479,310858.36666666664,531102.6399267116,90614.09340662177,3901011.1666666665,8420649.478060734,-618627.1447274,310858.81666666665,531103.1476718362,90614.48566149716
57,3831235.433333333,8279631.473248066,-617160.6065813997,3423323.966666667,7779485.173568368,-932837.2402350344,3634997.1666666665,7997216.456726512,-727222.1233931794,339673.8333333333,579157.4922442768,100190.1744223898,3831235.433333333,8279631.473248066,-617160.6065813997,339674.5333333333,579158.1849450734,100190.88172159326
58,3832680.3666666667,8206665.2546766475,-541304.5213433146,3432351.0,7713738.606205005,-849036.6062050052,3655902.6666666665,7946149.431636818,-634344.0983034843,320187.5333333333,540865.8279491812,99509.23871748542,3832680.3666666667,8206665.2546766475,-541304.5213433146,320187.7166666667,540865.976046897,99509.45728643634
59,3855761.3333333335,8355890.197237367,-644367.5305706994,3509933.1166666667,7922999.2704015095,-903133.0370681756,3727101.9,8153015.861750556,-698812.0617505568,338848.3,573818.8018407327,103877.79815926726,3855761.3333333335,8355890.197237367,-644367.5305706994,338848.4,573818.8827379525,103877.91726204759
60,3729765.1666666665,8142958.655804884,-683428.3224715502,3371564.316666667,7692017.3765160125,-948888.7431826782,3594169.5166666666,7930438.513716556,-742099.4803832229,255616.63333333333,475987.7775705687,35245.48909609791,3729765.1666666665,8142958.655804884,-683428.3224715502,255616.95,475988.0455840989,35245.85441590109
61,3899535.0,8223489.257353322,-424419.25735332165,3421944.45,7639896.4223693255,-796007.5223693252,3676858.3333333335,7909558.480965046,-555841.8142983788,272167.26666666666,503679.1727466069,40655.3605867264,3899535.0,8223489.257353322,-424419.25735332165,272167.45,503679.3275305806,40655.57246941945
62,3776131.966666667,8153481.726190263,-601217.7928569298,3366314.9833333334,7639615.441414214,-906985.474747547,3600406.216666667,7888157.487577048,-687345.0542437145,307970.86666666664,545870.5079939506,70071.22533938265,3776131.966666667,8153481.726190263,-601217.7928569298,307971.01666666666,545870.6322719043,70071.401061429
63,3783085.1333333333,8166381.72631301,-600211.4596463428,3380839.8,7658182.35231635,-896502.7523163501,3582387.8,7867740.081123766,-702964.4811237659,320843.9666666667,590815.93190002,50872.00143331342,3783085.1333333333,8166381.72631301,-600211.4596463428,320844.65,590816.5076727741,50872.79232722585
64,3692072.3666666667,7999141.279783061,-614996.5464497278,3284328.966666667,7479130.065861945,-910472.1325286115,3489796.433333333,7686283.576210288,-706690.7095436216,324367.8333333333,599588.6076332077,49147.059033458994,3692072.3666666667,7999141.279783061,-614996.5464497278,324368.9166666667,599589.5037025001,49148.329630833236
65,4268442.8,9571798.718345014,-1034913.1183450148,3872664.3666666667,9092787.076081159,-1347458.3427478247,4068345.45,9287308.961362548,-1150618.0613625487,364341.8,651462.8832240787,77220.71677592123,4268442.8,9571798.718345014,-1034913.1183450148,364343.2833333333,651464.1172901406,77222.449376526
66,4229765.9,9527984.025264138,-1068452.2252641376,3840223.25,9053690.173674095,-1373243.6736740954,3998400.45,9209559.1558716,-1212758.2558715986,371963.1666666667,657866.5563729336,86059.77696039987,4229765.9,9527984.025264138,-1068452.2252641376,372001.65,657898.437338257,86104.86266174301
67,4180301.5,9479363.824453365,-1118760.824453365,3767963.15,8966817.537635276,-1430891.2376352767,3932084.683333333,9099765.294080697,-1235595.9274140303,340611.6666666667,630367.2531674497,50856.08016588364,4180301.5,9479363.824453365,-1118760.824453365,341638.8,631270.3052239395,52007.294776060444
68,4189834.8333333335,9492458.165499061,-1112788.498832394,3765338.1666666665,8965479.447206179,-1434803.1138728452,3888019.283333333,9057074.392662432,-1281035.8259957647,352271.43333333335,654284.0604105925,50258.806256074226,4189834.8333333335,9492458.165499061,-1112788.498832394,352284.76666666666,654295.3720816812,50274.16125165211
69,4660444.566666666,10002637.499545094,-681748.3662117599,3996992.0,9198180.283706544,-1204196.283706544,4244509.9,9426200.112319153,-937180.312319152,350124.4666666667,651478.4298497791,48770.50348355423,4660444.566666666,10002637.499545094,-681748.3662117599,350133.6,651486.1967044021,48781.003295597795
70,4248720.166666667,9554371.109134495,-1056930.7758011622,3837441.0833333335,9036782.2753991,-1361900.1087324335,3965561.4833333334,9126416.708316218,-1195293.7416495522,377456.0,707338.1684008702,47573.83159912983,4248720.166666667,9554371.109134495,-1056930.7758011622,377461.73333333334,707343.0752656558,47580.391401010915
71,4264537.9,9571300.887434049,-1042225.0874340478,3860667.283333333,9063463.751360638,-1342129.1846939716,3985155.45,9154402.846139546,-1184091.946139547,395817.63333333336,733463.9166702658,58171.34999640094,4264537.9,9571300.887434049,-1042225.0874340478,395823.75,733469.0744178982,58178.42558210186
72,4344961.8,9657877.440446831,-967953.8404468307,3927932.2333333334,9129823.843666885,-1273959.3770002183,4071515.2333333334,9232696.51878382,-1089666.052117154,400770.2,745978.8373176283,55561.562682371645,4344961.8,9657877.440446831,-967953.8404468307,400866.15,746059.5517805703,55672.748219429806
73,4383321.666666667,9700497.249846242,-933853.9165129075,3972047.45,9180049.350305695,-1235954.4503056947,4120063.033333333,9286305.360649634,-1046179.2939829687,396737.9,747753.6976279053,45722.102372094814,4383321.666666667,9700497.249846242,-933853.9165129075,396747.0333333333,747761.7580319766,45732.30863469001
74,4346844.466666667,9666109.835509215,-972420.902175881,3928529.05,9137592.262923393,-1280534.1629233938,4111320.1,9283634.611646062,-1060994.411646061,386793.86666666664,731127.0691033187,42460.66423001449,4346844.466666667,9666109.835509215,-972420.902175881,386801.43333333335,731133.742973377,42469.12369328976
75,4434183.4,9755940.90759746,-887574.10759746,3981167.466666667,9193831.026256874,-1231496.0929235416,4133536.55,9307353.227487419,-1040280.1274874192,368686.86666666664,714958.7827052606,22414.950628072722,4434183.4,9755940.90759746,-887574.10759746,368701.1,714971.2011777696,22430.99882223038
76,4446022.633333334,9771595.740536748,-879550.47387008,4001010.6,9219520.444664214,-1217499.2446642132,4188148.65,9368278.206398193,-991980.9063981925,440663.5,791067.9378885226,90259.06211147731,4446022.633333334,9771595.740536748,-879550.47387008,408218.48333333334,745681.1653976842,70755.80126898247
77,4538794.566666666,9859701.925084215,-782112.7917508828,4047394.8666666667,9254129.236637648,-1159339.5033043143,4267776.033333333,9430236.79199229,-894684.7253256235,410123.26666666666,764449.9711476321,55796.562185701216,4538794.566666666,9859701.925084215,-782112.7917508828,410177.65,764496.1825947803,55859.11740521976
78,5065093.0,11648478.756236203,-1518292.756236204,4583373.35,11064057.609911714,-1897310.9099117154,4817593.1,11224749.147725176,-1589562.9477251768,414147.43333333335,795989.2351767682,32305.631489898602,5065093.0,11648478.756236203,-1518292.756236204,414152.4166666667,795993.5884123925,32311.244920940837
79,5153497.966666667,11741511.801575743,-1434515.8682424081,4650332.066666666,11142561.911211465,-1841897.7778781317,4916303.416666667,11349071.696701415,-1516464.863368081,437161.23333333334,884594.7037200488,-10272.237053382152,5153497.966666667,11741511.801575743,-1434515.8682424081,437205.2,884633.0980510581,-10222.698051058047
80,5876549.933333334,12538407.897347987,-785308.0306813195,5038074.016666667,11529994.704145417,-1453846.6708120834,5351700.416666667,11769869.252370948,-1066468.419037614,496248.1,1059134.5583604556,-66638.35836045572,5876549.933333334,12538407.897347987,-785308.0306813195,496266.2,1059150.623670542,-66618.22367054195
81,5937606.066666666,12601539.846476063,-726327.7131427303,5069235.633333334,11555578.531737152,-1417107.265070485,5373341.0,11775081.000434406,-1028399.0004344061,497281.76666666666,1122905.0445928515,-128341.51125951827,5937606.066666666,12601539.846476063,-726327.7131427303,497474.38333333336,1123077.9555062195,-128129.18883955275
82,5873001.0,12532874.056707934,-786872.0567079326,5006294.3,11462948.938257828,-1450360.3382578278,5303519.566666666,11620284.930574875,-1013245.7972415425,504381.76666666666,1119012.0677958138,-110248.53446248051,5873001.0,12532874.056707934,-786872.0567079326,504550.73333333334,1119163.114276647,-110061.64760998049
83,5857988.566666666,12534739.899426263,-818762.7660929309,4966241.516666667,11405750.824597497,-1473267.7912641633,5213979.1,11475219.363814376,-1047261.1638143761,514638.23333333334,1137578.2833792535,-108301.81671258685,5857988.566666666,12534739.899426263,-818762.7660929309,514645.85,1137585.0674228533,-108293.36742285325
84,4521828.733333333,9844360.58324739,-800703.1165807219,3957024.25,9109388.504588548,-1195340.004588548,4243396.1,9249563.051777339,-762770.8517773394,528936.7,1152289.9156263713,-94416.51562637126,4521828.733333333,9844360.58324739,-800703.1165807219,528938.8,1152291.779651685,-94414.17965168483
85,5228525.566666666,10678993.91954372,-221942.786210387,4326643.166666667,9461889.018230967,-808602.6848976323,4529885.066666666,9477048.839947972,-417278.7066146387,366205.5333333333,715920.4249795717,16490.64168709499,5228525.566666666,10678993.91954372,-221942.786210387,366207.0333333333,715921.7169749653,16492.349691701296
86,4864340.633333334,10188830.323960464,-460149.0572937969,4240288.483333333,9308079.136932747,-827502.1702660806,4494301.466666667,9316901.308167009,-328298.3748336751,484436.9666666667,923515.8617555758,45358.071577757655,4864340.633333334,10188830.323960464,-460149.0572937969,484437.9166666667,923516.6620356615,45359.171297671855
87,4097380.5,7984529.210180527,210231.7898194734,3487713.8333333335,7099234.767673336,-123807.10100666946,3740335.716666667,7146817.6771172285,333853.7562161046,515485.1,961603.1823038434,69367.01769615652,4097380.5,7984529.210180527,210231.7898194734,515490.26666666666,961607.5587425001,69372.97459083324
88,4853871.6,9113939.501858348,593803.6981416512,3892570.033333333,7697801.975864217,87338.09080244927,4081287.966666667,7689596.853176686,472979.0801566476,435609.36666666664,812451.5175831178,58767.21575021552,4853871.6,9113939.501858348,593803.6981416512,435612.5,812454.171390769,58770.828609231045
89,4192156.9,8283205.620177088,101108.17982291104,3558109.2333333334,7326986.083076639,-210767.61640997184,3752107.85,7319009.699063538,185206.000936463,415724.5333333333,769340.8378918408,62108.22877482575,4192156.9,8283205.620177088,101108.17982291104,415732.63333333336,769347.6629369697,62117.60372969706
90,4114054.0,8164943.001885703,63164.9981142967,3471571.9833333334,7159935.847610608,-216791.88094394095,3725376.5166666666,7234807.896984797,215945.13634853577,376761.26666666666,719633.924826137,33888.60850719636,4114054.0,8164943.001885703,63164.9981142967,376806.9666666667,719673.0331235687,33940.9002097646
91,3934278.066666667,7663265.610754013,205290.52257932117,3263222.9166666665,6607125.7121848855,-80679.8788515525,3571724.25,6763550.082967015,379898.41703298455,388357.76666666666,738748.3629580161,37967.17037531722,3934278.066666667,7663265.610754013,205290.52257932117,388379.7,738767.0896722304,37992.31032776961
92,4604547.666666667,8558045.020341687,651050.3129916466,3590450.8833333333,6972260.505342487,208641.26132417936,3903113.05,7113084.265457226,693141.8345427741,380241.2,727261.4556741918,33220.9443258082,4604547.666666667,8558045.020341687,651050.3129916466,380267.6,727284.0307051352,33251.169294864754
93,3616489.7666666666,7114985.581217563,117993.95211577043,2927654.6166666667,5980608.012130245,-125298.77879691124,3240149.85,6098048.975821821,382250.7241781787,380440.4666666667,737281.8246254331,23599.108707900275,3616489.7666666666,7114985.581217563,117993.95211577043,408929.9666666667,783752.0707730949,34107.8625602384
94,3725849.966666667,7214684.084410766,237015.84892256744,3012227.1166666667,6023093.152490913,1361.0808424204588,3363812.1666666665,6199533.88585623,528090.4474771037,361207.6666666667,697787.4225015156,24627.910831817775,3725849.966666667,7214684.084410766,237015.84892256744,361211.55,697790.7542423271,24632.345757672854
95,3540590.1333333333,7103613.308688956,-22433.04202228971,2867048.716666667,5951243.854991157,-217146.42165782256,3213323.7,6140684.861944841,285962.53805515915,284307.4,580174.6931951351,-11559.893195135111,3540590.1333333333,7103613.308688956,-22433.04202228971,284316.13333333336,580182.3174453406,-11550.050778673787
96,3663768.1333333333,7366529.9027761165,-38993.636109450366,2995687.3666666667,6157241.068431042,-165866.3350977092,3330091.2666666666,6297729.876286875,362452.6570464582,369874.9,698511.1344609407,41238.665539059264,3663768.1333333333,7366529.9027761165,-38993.636109450366,369928.25,698556.6695045487,41299.8304954514
97,2896081.3333333335,5381372.88007845,410789.78658821667,2284123.816666667,4264943.634716318,303303.998617016,2718067.466666667,4724489.1376832435,711645.7956500903,358885.86666666664,668359.0694611465,49412.66387218679,2896081.3333333335,5381372.88007845,410789.78658821667,358897.31666666665,668368.7642229712,49425.8691103622
98,2904390.3333333335,5367674.517718329,441106.1489483379,2293629.6333333333,4260666.032777356,326593.2338893106,2801640.75,4820070.427901083,783211.0720989171,362959.0333333333,678214.7623286783,47703.30433798843,2904390.3333333335,5367674.517718329,441106.1489483379,362961.61666666664,678216.9518023123,47706.281531021
99,3410185.7333333334,6780743.89384139,39627.57282527676,2688776.55,5444005.483279636,-66452.38327963604,3165107.4166666665,5774616.11213164,555598.7212016927,337391.2,627768.9247582887,47013.47524171136,3410185.7333333334,6780743.89384139,39627.57282527676,337392.25,627769.8131695469,47014.68683045317
100,3297165.2333333334,6498389.386913272,95941.07975339564,2596866.6166666667,5221534.834495417,-27801.601162083447,3221358.9,5748526.401086431,694191.3989135693,338689.9666666667,647771.1985994086,29608.734733924677,3297165.2333333334,6498389.386913272,95941.07975339564,338688.2,647768.2901046844,29608.109895315545
101,3406700.3,6735004.988906169,78395.61109383032,2715025.3833333333,5477285.947507836,-47235.180841169786,3407204.35,6063475.583696621,750933.1163033801,338056.6666666667,656296.6727611502,19816.660572183144,3406700.3,6735004.988906169,78395.61109383032,338071.6,656319.4249582777,19823.775041722227
102,3364059.7666666666,6661962.861701818,66156.67163151456,2681424.466666667,5427826.1649961285,-64977.23166279495,3355282.25,5987219.878244963,723344.6217550379,332246.6666666667,648665.4546946568,15827.8786386766,3364059.7666666666,6661962.861701818,66156.67163151456,332247.0333333333,648665.7910261867,15828.275640480046
103,3305744.5,6563671.00159995,47817.998400050215,2651215.183333333,5387006.603193939,-84576.23652727297,3346261.35,5977476.472874606,715046.2271253946,317012.23333333334,660145.5762960231,-26121.10962935636,3305744.5,6563671.00159995,47817.998400050215,317013.05,660146.3097477844,-26120.20974778442
104,3244233.466666667,6422485.909283932,65981.02404940175,2582485.033333333,5247218.207125675,-82248.14045900898,3361178.9833333334,5980442.211274792,741915.7553918744,326012.9,670787.4725943899,-18761.67259438982,3244233.466666667,6422485.909283932,65981.02404940175,326013.2833333333,670787.8677957258,-18761.301129059226
105,3225492.8666666667,6364904.770825064,86080.96250826912,2527365.716666667,5128579.928395335,-73848.49506200152,3350167.45,5916083.864502506,784251.0354974936,352277.4666666667,663935.1436701256,40619.789663207775,3225492.8666666667,6364904.770825064,86080.96250826912,352264.9166666667,663914.4652460318,40615.36808730161
106,3157800.8666666667,6273342.443319086,42259.29001424741,2455528.2333333334,5015059.145957644,-104002.6792909773,3258388.783333333,5761066.702909263,755710.863757404,362669.0,670502.478487639,54835.52151236095,3157800.8666666667,6273342.443319086,42259.29001424741,362666.5,670498.2831149872,54834.71688501275
107,3209046.2,6259604.94841944,158487.45158056077,2512814.183333333,5014998.299848258,10630.066818408668,3238414.0833333335,5666460.958514037,810367.2081526299,386672.73333333334,748338.2356895264,25007.23097714031,3209046.2,6259604.94841944,158487.45158056077,386673.7,748339.1288972464,25008.271102753526
108,3202968.1333333333,6251162.554681854,154773.71198481275,2514482.7,5046878.349237702,-17912.949237701483,3355482.7666666666,5870811.107052455,840154.426280879,375596.4666666667,718965.7971470358,32227.13618629746,3202968.1333333333,6251162.554681854,154773.71198481275,375596.76666666666,718966.1724825148,32227.36085081857
109,3121299.066666667,6214267.048022341,28331.08531099325,2439030.85,5013817.387495736,-135755.68749573594,3224653.216666667,5749784.893369731,699521.539963603,332190.2,670531.123748506,-6150.723748505989,3121299.066666667,6214267.048022341,28331.08531099325,332190.4666666667,670531.4502445895,-6150.516911256185
110,3153015.1333333333,6222235.447382482,83794.81928418484,2486373.9,5074681.296491551,-101933.4964915514,3196283.066666667,5733439.050209791,659127.0831235424,335332.3333333333,688384.8527033919,-17720.186036725296,3153015.1333333333,6222235.447382482,83794.81928418484,335332.61666666664,688385.2356347847,-17720.0023014514
111,3292439.3,6388393.521675358,196485.07832464203,2594441.4166666665,5224641.265561745,-35758.43222841155,3303619.966666667,5877385.430691798,729854.5026415354,365448.6,734036.6824402934,-3139.4824402934173,3292439.3,6388393.521675358,196485.07832464203,365449.0333333333,734037.2477804984,-3139.181113831757
112,3205709.7666666666,6187918.262039131,223501.27129420312,2489514.466666667,4996231.8920440925,-17202.958710758947,3503985.6333333333,6194070.733100119,813900.5335665476,344254.23333333334,698477.1966941655,-9968.730027498852,3205709.7666666666,6187918.262039131,223501.27129420312,344254.51666666666,698477.5943562994,-9968.561022965994
113,3276327.8333333335,6276644.042782598,276011.6238840688,2547775.35,5073096.402972448,22454.2970275525,3464797.35,6125789.323361592,803805.3766384083,299283.7,649219.8956800885,-50652.49568008847,3276327.8333333335,6276644.042782598,276011.6238840688,299283.73333333334,649219.9252369993,-50652.45857033256
114,3110273.7,5947245.318618023,273302.08138197754,2438907.3833333333,4834492.69495195,43322.0717147165,3351722.316666667,5911232.868639296,792211.7646940378,306212.2,662198.052073872,-49773.65207387187,3110273.7,5947245.318618023,273302.08138197754,306212.3333333333,662198.170214965,-49773.50354829844
115,2999029.566666667,5691672.171895331,306386.96143800253,2378741.8833333333,4667387.255309493,90096.51135717332,3274766.5,5787473.812837467,762059.1871625339,331329.4666666667,712942.6960875241,-50283.76275419077,2999029.566666667,5691672.171895331,306386.96143800253,331329.76666666666,712942.9615858956,-50283.42825256224
116,2932778.3,5603839.378065694,261717.22193430504,2343321.3666666667,4605335.358449029,81307.37488430459,3167439.1166666667,5638808.026384284,696070.2069490496,345487.86666666664,744714.5994397958,-53738.86610646249,2932778.3,5603839.378065694,261717.22193430504,345488.98333333334,744715.5881261259,-53737.62145945919
117,2811704.8,5316559.319307897,306850.2806921024,2231924.8333333335,4326615.280864427,137234.3858022401,3031846.783333333,5369871.634277974,693821.9323886922,349408.93333333335,758819.8787033483,-60002.01203668158,2811704.8,5316559.319307897,306850.2806921024,349409.6666666667,758820.5291445807,-60001.195811247395
118,2815575.1,5368302.167664221,262848.03233577963,2219703.3333333335,4322765.156585069,116641.5100815976,3018621.2666666666,5367568.620973453,669673.9123598798,332927.6,722273.2849913869,-56418.084991386975,2815575.1,5368302.167664221,262848.03233577963,332927.7166666667,722273.3884438577,-56417.95511052437
119,3588266.533333333,6961380.549395289,215152.51727137668,2917213.1166666667,5669920.093378579,164506.13995475462,3705414.316666667,6678028.1402251925,732800.4931081417,373569.7,831787.3096896484,-84647.90968964848,3588266.533333333,6961380.549395289,215152.51727137668,373569.75,831787.3542900258,-84647.85429002577
120,3550051.466666667,6791640.91189342,308462.02143991366,2875455.15,5474020.684606867,276889.6153931329,3621028.8,6420167.317280982,821890.2827190184,455261.26666666666,1055664.6794563849,-145142.14612305147,3550051.466666667,6791640.91189342,308462.02143991366,455268.5333333333,1055671.2171244624,-145134.1504577957
121,3656966.433333333,6865310.605492186,448622.26117448043,2897869.65,5401130.555687344,394608.7443126561,3627991.95,6419209.819231182,836774.0807688176,504117.9666666667,1192659.7798704687,-184423.8465371352,3656966.433333333,6865310.605492186,448622.26117448043,504134.7166666667,1192674.9094047188,-184405.47607138532
122,3721810.066666667,6948842.606463334,494777.5268700002,2903297.933333333,5357527.294416167,449068.5722504989,3695232.45,6506029.190283386,884435.7097166148,538132.2666666667,1287917.9228063733,-211653.3894730399,3721810.066666667,6948842.606463334,494777.5268700002,538141.3,1287926.0983935944,-211643.4983935944
123,3779035.7,6986591.781316727,571479.618683273,2983990.566666667,5454283.175687735,513697.9576455988,3812898.1,6668505.111634981,957291.0883650188,662511.5666666667,1636944.607279961,-311921.4739466277,3779035.7,6986591.781316727,571479.618683273,662528.4666666667,1636959.9880939773,-311903.0547606441
124,3758733.3333333335,7002044.848374393,515421.8182922746,2945769.4166666665,5417104.906893482,474433.92643985106,3671777.533333333,6406599.356490796,936955.7101758695,645070.8,1585228.5165459444,-295086.9165459442,3758733.3333333335,7002044.848374393,515421.8182922746,645205.3166666667,1585350.9461226023,-294940.312789269
125,3785560.6333333333,7034941.557373164,536179.7092935024,2989429.3666666667,5490519.246711589,488339.48662174353,3778490.4833333334,6604693.631446242,952287.3352204249,634494.9333333333,1565175.761226757,-296185.89456009027,3785560.6333333333,7034941.557373164,536179.7092935024,635076.1833333333,1565708.1488281563,-295555.7821614895
126,3723192.7666666666,7144188.26600042,302197.2673329129,3059180.2,5792441.380922763,325919.01907723723,3838756.55,6851891.448732813,825621.6512671867,732631.2666666667,1857336.8813570095,-392074.3480236762,3723192.7666666666,7144188.26600042,302197.2673329129,732703.65,1857403.044040836,-391995.744040836
127,4410207.933333334,8344292.679975961,476123.1866907058,3701102.3,7037695.873532029,364508.7264679712,4271689.85,7639179.760890335,904199.939109664,1062859.2333333334,2841018.6440825956,-715300.177415929,4410207.933333334,8344292.679975961,476123.1866907058,1063242.2166666666,2841372.117768533,-714887.6844352
128,4520838.533333333,8591305.037263693,450372.02940297266,3839916.3833333333,7359474.398115506,320358.3685511602,4413837.7,7952965.34343278,874710.05656722,1293155.0666666667,3535817.4907469032,-949507.3574135702,4520838.533333333,8591305.037263693,450372.02940297266,1293283.85,3535936.5576773025,-949368.8576773023
129,4615063.966666667,8725902.263601817,504225.6697315164,3926433.25,7506305.449988679,346561.050011321,4540949.383333334,8232130.319584654,849768.4470820138,1387020.7666666666,3825452.455742819,-1051410.9224094856,4615063.966666667,8725902.263601817,504225.6697315164,1387462.25,3825861.1013319893,-1050936.6013319893
130,4836705.133333334,9163795.621533493,509614.64513317496,4120773.0833333335,7964786.476721084,276759.68994558277,4859090.15,8862556.92595023,855623.3740497725,1645024.7,4597508.541436275,-1307459.1414362744,4836705.133333334,9163795.621533493,509614.64513317496,1644903.9833333334,4597396.681816331,-1307588.7151496643
131,4470093.866666666,8404245.560323369,535942.1730099637,3734778.85,7085153.597724428,384404.10227557225,4370536.9,7813597.316116581,927476.4838834195,1035658.8666666667,2789700.2606870807,-718382.5273537473,4470093.866666666,8404245.560323369,535942.1730099637,1035699.5666666667,2789737.785156369,-718338.6518230359
132,4548290.766666667,8521045.373002829,575536.1603305042,3830533.05,7254271.981775224,406794.1182247759,4480123.066666666,8038070.9645471405,922175.1687861918,1082448.4,2937479.8809850547,-772583.0809850548,4548290.766666667,8521045.373002829,575536.1603305042,1082544.7,2937568.7782162,-772479.3782161998
133,4361698.766666667,8119969.035188921,603428.4981444124,3659965.966666667,6838855.299075705,481076.6342576286,4266215.316666666,7569435.1234538825,962995.5098794503,918455.1,2240679.6168045616,-403769.41680456174,4361698.766666667,8119969.035188921,603428.4981444124,918556.2833333333,2240771.5620123586,-403658.9953456918
134,4325303.166666667,8191398.7327713035,459207.6005620309,3649336.4,6970811.6183596635,327861.1816403363,4161101.316666667,7517095.649563884,805106.9837694494,795021.8333333334,2105219.084805907,-515175.4181392406,4325303.166666667,8191398.7327713035,459207.6005620309,795115.8333333334,2105305.59378238,-515073.92711571336
135,4303880.333333333,8167898.711568378,439861.9550982886,3640260.85,6967636.420178615,312885.27982138516,4144483.433333333,7481807.374985753,807159.4916809141,794968.2666666667,2104495.0017568152,-514558.4684234819,4303880.333333333,8167898.711568378,439861.9550982886,796946.4333333333,2106343.343236869,-512450.47657020274
136,4268531.5,8119635.606985242,417427.3930147579,3590913.0,6880254.672975394,301571.32702460606,4098359.3333333335,7425649.630069952,771069.036596715,792976.1666666666,2103205.485042477,-517253.15170914365,4268531.5,8119635.606985242,417427.3930147579,792990.4833333333,2103218.6547496743,-517237.6880830078
137,4291119.633333334,8114119.4592251815,468119.8074414856,3622987.783333333,6912058.768334301,333916.79833236476,4117165.566666667,7455083.371082544,779247.7622507894,790447.7,2099915.0873876326,-519019.6873876329,4291119.633333334,8114119.4592251815,468119.8074414856,791238.1833333333,2100647.0446698805,-518170.6780032136
138,4206592.566666666,7872442.491978066,540742.6413552668,3531123.2,6653188.814619824,409057.5853801761,4024976.7666666666,7245679.375714008,804274.1576193259,788383.6,2097731.727069539,-520964.5270695392,4206592.566666666,7872442.491978066,540742.6413552668,788444.6,2097787.8777969494,-520898.6777969495
139,4115098.8333333335,7699705.983144641,530491.6835220265,3406546.1666666665,6399873.087263751,413219.2460695822,4024735.4166666665,7222030.702447714,827440.1308856192,771698.2666666667,2079207.149290373,-535810.6159570398,4115098.8333333335,7699705.983144641,530491.6835220265,771724.0333333333,2079230.9091733797,-535782.8425067131
140,4109418.8333333335,7612570.440171652,606267.226495015,3313783.5833333335,6153227.86801496,474339.29865170736,4016247.433333333,7162854.7851274945,869640.0815391717,772478.5333333333,2080034.8389126174,-535077.7722459506,4109418.8333333335,7612570.440171652,606267.226495015,772493.7166666667,2080048.8357368466,-535061.4024035131
141,4105501.6333333333,7563735.960791171,647267.305875496,3390925.3333333335,6284373.426330864,497477.24033580255,4030080.816666667,7134738.603584422,925423.0297489124,777886.8333333334,2086143.7198134968,-530370.05314683,4105501.6333333333,7563735.960791171,647267.305875496,777924.4833333333,2086178.4149720222,-530329.4483053557
142,3596044.2666666666,6425050.611041297,767037.922292036,2995890.183333333,5479606.375865924,512173.99080074206,3699858.783333333,6471514.879096612,928202.6875700545,778523.3333333334,2086963.6150902784,-529916.9484236118,3596044.2666666666,6425050.611041297,767037.922292036,778523.3333333334,2086963.6150902784,-529916.9484236118
143,2830869.8,5422432.732458856,239306.86754114414,2416064.566666667,4763582.638902567,68546.49443076598,3251948.7333333334,5931553.027531928,572344.4391347384,780257.9666666667,2089037.47611849,-528521.5427851566,2830869.8,5422432.732458856,239306.86754114414,780257.9666666667,2089037.47611849,-528521.5427851566
144,2750449.033333333,5271733.6786117125,229164.38805495342,2350516.4,4635983.067093913,65049.73290608637,3265315.5,5959402.320032498,571228.6799675017,773418.6666666666,2081551.4571597865,-534714.1238264533,2750449.033333333,5271733.6786117125,229164.38805495342,773418.6666666666,2081551.4571597865,-534714.1238264533
145,2833727.466666667,5325773.248592348,341681.68474098574,2397354.966666667,4629953.813788487,164756.11954484694,3388196.5,6115471.086189335,660921.9138106643,784775.9666666667,2094709.4858516501,-525157.5525183169,2833727.466666667,5325773.248592348,341681.68474098574,784775.9666666667,2094709.4858516501,-525157.5525183169
146,2805348.1333333333,5326543.121901535,284153.1447651312,2367744.566666667,4623243.372226896,112245.76110643847,3227355.55,5895207.58133657,559503.5186634297,767574.1333333333,2075216.0429518612,-540067.7762851946,2805348.1333333333,5326543.121901535,284153.1447651312,767574.1333333333,2075216.0429518612,-540067.7762851946
147,2732089.5,5175212.776332169,288966.22366783116,2291458.8,4470952.112706473,111965.48729352606,3131944.5,5727968.8060810715,535920.193918929,768497.4,2076212.120777646,-539217.3207776459,2732089.5,5175212.776332169,288966.22366783116,768497.4,2076212.120777646,-539217.3207776459
148,2818095.933333333,5301851.656985642,334340.2096810234,2357912.183333333,4548921.715674162,166902.6509925048,3209254.1333333333,5801141.259894313,617367.0067723538,786695.1333333333,2097083.1853739652,-523692.9187072986,2818095.933333333,5301851.656985642,334340.2096810234,786695.1333333333,2097083.1853739652,-523692.9187072986
149,2857997.066666667,5401880.700663023,314113.43267031154,2376739.65,4591898.168148069,161581.13185193064,3118344.7666666666,5638677.23905293,598012.2942804033,771997.1666666666,2080094.4272745703,-536100.093941237,2857997.066666667,5401880.700663023,314113.43267031154,771997.1666666666,2080094.4272745703,-536100.093941237
150,2892175.466666667,5510733.274321694,273617.6590116392,2397694.35,4640367.223493626,155021.4765063743,2988731.65,5430151.180602975,547312.1193970246,776621.7333333333,2085267.974312759,-532024.5076460923,2892175.466666667,5510733.274321694,273617.6590116392,776621.7333333333,2085267.974312759,-532024.5076460923
151,3008339.933333333,5827964.07511,188715.79155666614,2462640.566666667,4801746.855778785,123534.27755454881,2939745.6666666665,5349051.73709132,530439.5962420134,780511.9333333333,2089724.7370880283,-528700.8704213616,3008339.933333333,5827964.07511,188715.79155666614,780511.9333333333,2089724.7370880283,-528700.8704213616
152,3035394.433333333,5940259.852228835,130529.014437831,2480041.283333333,4885079.257463118,75003.30920354836,2874117.5,5243925.173571426,504309.8264285731,809977.6666666666,2153990.646716753,-534035.3133834196,3035394.433333333,5940259.852228835,130529.014437831,809977.6666666666,2153990.646716753,-534035.3133834196
153,3087977.7333333334,5957796.553559008,218158.91310765874,2504038.033333333,4887905.116515836,120170.95015083114,2986738.8833333333,5404012.960363762,569464.8063029042,799101.8666666667,2112366.4658687334,-514162.73253539996,3087977.7333333334,5957796.553559008,218158.91310765874,799102.3,2112366.8642744776,-514162.26427447726
154,3101499.5,6029157.429129821,173841.57087017875,2513213.1333333333,4945871.384553841,80554.88211282529,3009143.316666667,5549145.572409205,469141.0609241291,753619.3666666667,2060139.2365672349,-552900.5032339015,3101499.5,6029157.429129821,173841.57087017875,753620.5166666667,2060140.298705726,-552899.2653723926
155,3147678.466666667,6066407.20825794,228949.72507539345,2578353.966666667,5020824.844825851,135883.08850748325,3092516.9833333334,5633491.7036396805,551542.2630269867,803259.1,2112994.675704687,-506476.47570468683,3147678.466666667,6066407.20825794,228949.72507539345,803267.5333333333,2113002.4244240914,-506467.3577574246
156,3725865.9,7100340.580854207,351391.21914579207,2953103.95,5620285.886923829,285922.0130761708,3655095.6333333333,6742234.570733286,567956.6959333802,784730.6666666666,2095269.8032564246,-525808.4699230912,3725865.9,7100340.580854207,351391.21914579207,784741.9833333333,2095280.2232449078,-525796.2565782414
157,3769568.0,7201772.274584506,337363.7254154938,3065104.1666666665,5838875.349291377,291332.9840419558,3785817.2666666666,6904578.155697389,667056.3776359446,806939.6,2117474.972125393,-503595.7721253928,3769568.0,7201772.274584506,337363.7254154938,807106.05,2117628.079793007,-503415.9797930068
158,3897829.1333333333,7306021.907750535,489636.3589161318,3174869.35,5968605.049610753,381133.6503892471,3765914.25,6770012.305248953,761816.1947510461,791091.8,2102857.4656310193,-520673.86563101946,3897829.1333333333,7306021.907750535,489636.3589161318,791055.1833333333,2102823.762929342,-520713.3962626755
159,3837438.8333333335,7237249.918009067,437627.74865759956,3178310.216666667,5991578.490935646,365041.94239768805,3799519.25,6880173.610593759,718864.8894062405,788829.6333333333,2099564.973221782,-521905.7065551155,3837438.8333333335,7237249.918009067,437627.74865759956,790227.2833333333,2100865.9064751705,-520411.339808504
160,4444952.233333333,8451007.071896786,438897.39476988045,3802361.2333333334,7344608.951062996,260113.51560367132,4577178.616666666,8370920.803101101,783436.4302322315,1460825.6,4070794.9298256785,-1149143.7298256783,4444952.233333333,8451007.071896786,438897.39476988045,1460893.9166666667,4070859.9970116084,-1149072.1636782747
161,4391628.3,8381890.203518841,401366.39648115775,3843190.7666666666,7430420.555603958,255960.97772937547,4473290.433333334,8165708.46833572,780872.3983309469,1460736.9333333333,4070435.813317511,-1148961.9466508448,4391628.3,8381890.203518841,401366.39648115775,1460754.4166666667,4070452.0043936353,-1148943.171060302
162,4313946.333333333,8297689.92752029,330202.73914637556,3737810.95,7258392.372519964,217229.52748003602,4516591.95,8309612.722617911,723571.1773820897,1449332.4666666666,4060548.5575403683,-1161883.624207035,4313946.333333333,8297689.92752029,330202.73914637556,1449332.4666666666,4060548.5575403683,-1161883.624207035
163,4350488.9,8414034.07946699,286943.72053301195,3735706.3,7291076.747778197,180335.8522218028,4504582.35,8452510.584956693,556654.1150433067,1486219.5666666667,4095887.070335014,-1123447.9370016803,4350488.9,8414034.07946699,286943.72053301195,1486222.65,4095890.095588402,-1123444.795588402
164,4371937.7,8424317.232414475,319558.16758552566,3769958.966666667,7331416.094409167,208501.83892416675,4509400.233333333,8477401.723485045,541398.7431816217,1468447.8,4077441.5543559436,-1140545.9543559437,4371937.7,8424317.232414475,319558.16758552566,1468422.9833333334,4077417.1887606555,-1140571.2220939887
165,4365254.666666667,8455987.22349122,274522.1098421137,3808977.8333333335,7456136.902848768,161818.76381789893,4336184.633333334,8262391.902107839,409977.364558829,1447024.7,4056571.8780231383,-1162522.4780231386,4365254.666666667,8455987.22349122,274522.1098421137,1447143.1333333333,4056685.1249052812,-1162398.8582386146
166,4393528.6,8502469.511815656,284587.6881843428,3816369.216666667,7477729.193298681,155009.24003465334,4236221.333333333,8081320.802738102,391121.8639285639,1435054.7,4044454.523226952,-1174345.1232269525,4393528.6,8502469.511815656,284587.6881843428,1435087.65,4044485.97053067,-1174310.6705306703
167,4286404.233333333,8294360.860730121,278447.6059365459,3610525.4833333334,7082707.9565638155,138343.01010285132,3972016.25,7524368.569488771,419663.93051122874,1438180.5333333334,4047592.763726104,-1171231.697059437,4286404.233333333,8294360.860730121,278447.6059365459,1438187.5333333334,4047599.455449178,-1171224.3887825108
168,4238432.2,8219190.305809091,257674.09419090953,3565989.566666667,7011075.704508804,120903.42882453045,3882874.2,7382698.777196407,383049.62280359305,1470139.3,4078750.2872593254,-1138471.6872593255,4238432.2,8219190.305809091,257674.09419090953,1470146.3,4078756.9600301124,-1138464.360030112
169,4215604.566666666,8170116.925761221,261092.20757211186,3528173.2333333334,6942360.057348612,113986.40931805503,3916003.566666667,7409887.813955744,422119.31937758997,1466097.6333333333,4076808.9046643293,-1144613.6379976626,4215604.566666666,8170116.925761221,261092.20757211186,1466104.4333333333,4076815.3789211335,-1144606.5122544665
170,4047554.9,7867804.383811338,227305.41618866194,3392711.183333333,6709099.703560546,76322.66310611973,3817150.533333333,7220033.235028783,414267.83163788356,1441952.5333333334,4051495.6455247262,-1167590.5788580591,4047554.9,7867804.383811338,227305.41618866194,1441952.5333333334,4051495.6455247262,-1167590.5788580591
171,4030662.6,7850407.019028987,210918.18097101338,3419678.4166666665,6782843.168917893,56513.66441543959,3896749.35,7345587.78619086,447910.9138091407,1428253.0333333334,4039076.7178562647,-1182570.651189598,4030662.6,7850407.019028987,210918.18097101338,1428253.05,4039076.7333151456,-1182570.6333151453
172,3172554.6,6336690.93324079,8418.2667592098,2783901.65,5708913.58840351,-141110.28840351012,3004693.7333333334,5935754.82174975,73632.6449169172,1426769.7333333334,4037627.929081854,-1184088.4624151872,3172554.6,6336690.93324079,8418.2667592098,1426769.7333333334,4037627.929081854,-1184088.4624151872
173,3197482.1,6364703.631617257,30260.56838274235,2814175.4833333334,5742609.150780956,-114258.18411428947,3062844.716666667,6018539.605835145,107149.82749818824,1414359.3,4024944.153937785,-1196225.5539377846,3197482.1,6364703.631617257,30260.56838274235,1414359.4,4024944.250460204,-1196225.4504602044
174,3202169.8,6375277.046539936,29062.553460062947,2817946.1666666665,5748660.505502802,-112768.1721694693,3084825.8833333333,6055701.371136982,113950.39552968461,1442309.4666666666,4051630.7603191333,-1167011.8269858004,3202169.8,6375277.046539936,29062.553460062947,1442309.8333333333,4051631.11378095,-1167011.4471142835
175,3223419.4,6395817.862996016,51020.937003984116,2829906.7,5759093.638101876,-99280.23810187541,3050193.7666666666,6003130.141235069,97257.39209826384,1476252.7,4084947.3277889146,-1132441.9277889144,3223419.4,6395817.862996016,51020.937003984116,1476253.1,4084947.713147566,-1132441.513147566
176,3196306.6,6375160.573099704,17452.626900296193,2803353.35,5736458.534336072,-129751.8343360722,3042616.05,6007341.905310639,77890.19468936045,1430715.9,4039883.387106779,-1178451.5871067792,3196306.6,6375160.573099704,17452.626900296193,1430716.2833333334,4039883.756614644,-1178451.189947977
177,3199776.033333333,6378981.5201628385,20570.546503827907,2799934.2333333334,5730615.555694017,-130747.08902734984,3075926.3833333333,6028390.502974463,123462.26369220391,1479458.9,4088363.6575560668,-1129445.857556067,3199776.033333333,6378981.5201628385,20570.546503827907,1479459.2833333334,4088364.026151564,-1129445.4594848973
178,3213966.966666667,6392883.134052206,35050.79928112822,2806041.783333333,5733238.25973982,-121154.6930731535,3089788.35,6045773.373366326,133803.32663367456,1492895.7333333334,4103625.6606278284,-1117834.1939611617,3213966.966666667,6392883.134052206,35050.79928112822,1492902.4166666667,4103632.014648661,-1117827.1813153273
179,3163463.1,6353142.11012354,-26215.91012354009,2741124.9833333334,5667857.17030426,-185607.20363759343,3038644.5833333335,5996896.859571779,80392.30709488783,1519098.7666666666,4128905.0988314305,-1090707.5654980973,3163463.1,6353142.11012354,-26215.91012354009,1519105.1833333333,4128911.187858957,-1090700.8211922904
180,3200762.933333333,6393098.82488794,8427.041778726503,2756541.8,5671551.088634172,-158467.48863417236,3052814.15,5997239.778901266,108388.52109873435,1473860.2,4085008.153658786,-1137287.7536587857,3200762.933333333,6393098.82488794,8427.041778726503,1473860.5666666667,4085008.5053502023,-1137287.3720168688
181,3198644.566666667,6407413.379990341,-10124.24665700784,2735899.1166666667,5653831.410483871,-182033.17715053726,3046242.933333333,5995951.153642279,96534.71302438714,1472954.6666666667,4083972.7945213504,-1138063.4611880172,3198644.566666667,6407413.379990341,-10124.24665700784,1472955.35,4083973.4499802548,-1138062.7499802546
182,3311012.033333333,6514019.2250768095,108004.84158985736,2826703.2333333334,5736439.500940345,-83033.03427367844,3207849.15,6199082.1102565685,216616.18974343129,1486768.1666666667,4098970.9280299097,-1125434.5946965765,3311012.033333333,6514019.2250768095,108004.84158985736,1486769.5333333334,4098972.241686899,-1125433.1750202326
183,3230747.2333333334,6445626.968706727,15867.497959939297,2743632.3666666667,5661144.010071528,-173879.27673819475,3096167.95,6076766.953369479,115568.94663052168,1469538.3666666667,4080414.5950376512,-1141337.8617043179,3230747.2333333334,6445626.968706727,15867.497959939297,1469546.2333333334,4080422.0958578656,-1141329.6291911989
184,3207387.7,6358040.564003225,56734.83599677542,2715762.066666667,5553455.77296762,-121931.63963428605,3150931.5166666666,6080006.538871286,221856.49446204724,1386723.1666666667,3878849.0830765497,-1105402.749743216,3207387.7,6358040.564003225,56734.83599677542,1386724.6666666667,3878850.523851728,-1105401.1905183948
185,3288547.566666667,6497312.6089407895,79782.52439254476,2786992.8833333333,5693678.079552051,-119692.31288538361,3209319.066666667,6221808.164121138,196829.9692121963,1449087.4333333333,4039307.1732417783,-1141132.3065751113,3288547.566666667,6497312.6089407895,79782.52439254476,1449088.4666666666,4039308.1731892414,-1141131.239855908
186,3970414.3666666667,7839557.177270168,101271.55606316542,3130656.816666667,6234260.342747709,27053.29058562452,3531532.2,6717687.417538667,345376.9824613328,1447108.0333333334,4058863.083625082,-1164647.0169584148,3970414.3666666667,7839557.177270168,101271.55606316542,1447109.3166666667,4058864.3125215387,-1164645.6791882052
187,4005624.466666667,7879232.394092615,132016.53924071882,3159274.683333333,6262962.180852676,55587.18581399042,3534225.433333333,6748458.640256828,319992.22640983853,1439160.3333333333,4050545.8341799267,-1172225.16751326,4005624.466666667,7879232.394092615,132016.53924071882,1439179.6666666667,4050563.7932625795,-1172204.4599292458
188,4011454.6666666665,7875481.723589079,147427.6097442531,3184258.1,6280157.180768018,88359.01923198253,4035209.5833333335,7399419.515487658,670999.6511790087,1426628.8,4036483.3015802484,-1183225.701580248,4011454.6666666665,7875481.723589079,147427.6097442531,1430420.0166666666,4040079.654799542,-1179239.6214662087
189,4094428.8666666667,7966503.540195652,222354.1931376811,3270397.0,6376997.781420966,163796.21857903432,4058614.1166666667,7437364.795053279,679863.4382800539,1435612.6666666667,4045248.3639801377,-1174023.0306468045,4094428.8666666667,7966503.540195652,222354.1931376811,1435615.8666666667,4045251.360848477,-1174019.6275151437
190,4158597.1,8034850.045672854,282344.15432714624,3338087.6,6456518.93484343,219656.26515656943,4091225.6166666667,7469378.222922893,713073.0104104402,1427423.8333333333,4037055.262862647,-1182207.5961959802,4158597.1,8034850.045672854,282344.15432714624,1427425.0,4037056.373520817,-1182206.3735208171
191,4948664.0,9360000.669158101,537327.3308418998,3763625.55,7039060.348273279,488190.75172672095,4600745.9,8270244.880758675,931246.9192413264,1431928.5666666667,4043190.646419852,-1179333.5130865185,4948664.0,9360000.669158101,537327.3308418998,1431929.3,4043191.353108257,-1179332.7531082567
192,4976713.433333334,9327338.326810453,626088.539856215,3853602.8,7123679.423700586,583526.1762994141,4697063.05,8380332.407908921,1013793.6920910785,1444923.4333333333,4056858.327796299,-1167011.461129632,4976713.433333334,9327338.326810453,626088.539856215,1444923.9833333334,4056858.864402645,-1167010.897735978
193,4927786.966666667,9095141.82130605,760432.1120272833,3912495.783333333,7132734.84739311,692256.7192735556,4685451.666666667,8338637.490727704,1032265.8426056295,1475625.0,4052489.746839912,-1101239.7468399121,4927786.966666667,9095141.82130605,760432.1120272833,1475645.2,4052508.4439735897,-1101218.04397359
194,5086995.933333334,9397458.479802195,776533.3868644722,4045265.933333333,7357670.304186624,732861.5624800427,4428459.433333334,7985743.211787517,871175.65487915,1515130.1666666667,4122128.249119927,-1091867.9157865935,5086995.933333334,9397458.479802195,776533.3868644722,1515130.6666666667,4122128.7360909637,-1091867.4027576305
195,5029572.066666666,9313563.600577205,745580.5327561283,4074370.5166666666,7431289.706765046,717451.3265682864,4069939.966666667,7640471.8792945845,499408.0540387491,1526554.7333333334,4135083.7736004023,-1081974.3069337355,5029572.066666666,9313563.600577205,745580.5327561283,1526555.4833333334,4135084.4905525674,-1081973.5238859006
196,5017303.2,9167873.326822901,866733.0731770988,4031115.2666666666,7337043.2601703415,725187.2731629917,4261925.5,7813545.205717184,710305.7942828159,1479949.6,4091481.055119671,-1131581.8551196707,5017303.2,9167873.326822901,866733.0731770988,1479949.5833333333,4091481.039704173,-1131581.8730375061
197,5004050.466666667,9171499.966038875,836600.9672944574,3935756.183333333,7073917.678023181,797594.6886434853,4210926.55,7628362.2088878695,793490.8911121306,1358685.7,3728826.474692639,-1011455.0746926388,5004050.466666667,9171499.966038875,836600.9672944574,1358685.75,3728826.520895766,-1011455.0208957661
198,4683951.033333333,8688835.579344746,679066.4873219198,3616058.8833333333,6531019.252278206,701098.5143884607,4011757.75,7288013.0533694625,735502.4466305375,1245153.8,3398400.161395521,-908092.5613955206,4683951.033333333,8688835.579344746,679066.4873219198,1245153.7333333334,3398400.0998356747,-908092.633169008
199,4597099.7,8662815.2741203,531384.1258797012,3584378.55,6526938.612081126,641818.4879188733,3488331.55,6574546.055079374,402117.0449206247,1304981.7333333334,3531271.828176237,-921308.3615095704,4597099.7,8662815.2741203,531384.1258797012,1304980.35,3531270.5522522843,-921309.8522522841
200,1476374.6666666667,3096620.209681083,-143870.8763477495,1237807.3833333333,2549710.6523645213,-74095.88569785468,869406.6,1918827.5378095475,-180014.33780954767,88629.46666666666,197222.00099609146,-19963.067662758127,1476374.6666666667,3096620.209681083,-143870.8763477495,88628.76666666666,197221.37665047625,-19963.843317142906
201,1300709.5,2789433.828261967,-188014.82826196658,1103444.7,2299124.1884560897,-92234.7884560898,927938.1666666666,2002400.1933082407,-146523.85997490736,97194.96666666666,211625.41990805886,-17235.48657472554,1300709.5,2789433.828261967,-188014.82826196658,97191.95,211622.7421863993,-17238.842186399284
202,1376905.4333333333,3043076.3941781297,-289265.52751146327,1160141.4666666666,2490423.2036987003,-170140.27036536718,1305773.9,3039155.730799144,-427607.93079914455,72888.96666666666,174482.42209256868,-28704.488759235363,1376905.4333333333,3043076.3941781297,-289265.52751146327,72883.78333333334,174477.72853116924,-28710.16186450256
203,1615447.2,3324974.21744346,-94079.81744346023,1244280.5666666667,2542586.6086943103,-54025.475360976765,1567880.4666666666,3423678.2553383135,-287917.3220049804,76322.06666666667,179663.59031322686,-27019.45697989354,1615447.2,3324974.21744346,-94079.81744346023,76352.36666666667,179691.1615913636,-26986.428258030253
204,1610026.6666666667,3340567.1066157883,-120513.77328245481,1263238.2666666666,2602638.384796099,-76161.85146276536,1702744.6666666667,3591719.4058721666,-186230.07253883313,107956.36666666667,239000.36777867863,-23087.63444534529,1610026.6666666667,3340567.1066157883,-120513.77328245481,107938.43333333333,238984.323647804,-23107.456981137337
205,1747422.6666666667,3673380.9979144046,-178535.6645810709,1333890.0333333334,2782878.03030615,-115097.96363948332,1626952.4666666666,3458977.757097123,-205072.82376379007,83879.3,197879.7939804095,-30121.193980409516,1747422.6666666667,3673380.9979144046,-178535.6645810709,83841.56666666667,197845.611065212,-30162.47773187868
206,1452512.2,3187424.6132891327,-282400.2132891326,1101228.45,2412345.0068691634,-209888.10686916322,1394790.2166666666,3139363.877004468,-349783.44367113477,98447.9,219701.50309765773,-22805.703097657737,1452512.2,3187424.6132891327,-282400.2132891326,98278.11666666667,219547.98235352285,-22991.749020189527
207,1357344.2333333334,3063305.2537074643,-348616.7870407975,1073184.9833333334,2416252.903875064,-269882.93720839755,1383427.2,3200000.6003079773,-433146.2003079774,91832.96666666666,219970.9714160327,-36305.038082699364,1357344.2333333334,3063305.2537074643,-348616.7870407975,91896.5,220029.73889585334,-36236.738895853356
208,1384318.5,3151219.7925659018,-382582.79256590176,1140622.7666666666,2578698.2323477995,-297452.6990144665,1230333.1,2954322.42204075,-493656.2220407496,91746.63333333333,224748.92412262913,-41255.65745596247,1384318.5,3151219.7925659018,-382582.79256590176,91858.66666666667,224851.75683178502,-41134.423498451666
209,1288087.7,2951646.5416079895,-375471.14160798956,1057298.1666666667,2411031.9869375816,-296435.6536042481,1294455.5,3076002.022535395,-487091.02253539464,86861.5,215779.4459901477,-42056.445990147695,1288087.7,2951646.5416079895,-375471.14160798956,86930.11666666667,215842.59541966015,-41982.36208632683
210,1422351.9,3184579.5448442665,-339875.7448442667,1138359.5833333333,2546009.154642333,-269289.9879756663,1236877.5666666667,2986210.3460167176,-512455.2126833843,100309.53333333334,223890.3464037809,-23271.279737114208,1422351.9,3184579.5448442665,-339875.7448442667,100299.06666666667,223880.99331367193,-23282.859980338602
211,1311268.2,2952698.638370902,-330162.2383709019,1061146.0,2367594.3964450723,-245302.3964450725,1265219.2833333334,3021143.167375929,-490704.6007092623,96675.53333333334,209595.99127391068,-16244.924607243986,1311268.2,2952698.638370902,-330162.2383709019,96793.4,209702.6253849137,-16115.825384913696
212,1308011.3333333333,2958884.5945575302,-342861.9278908635,1066812.6166666667,2385833.5773686133,-252208.3440352797,1352118.5666666667,3115703.4763637558,-411466.34303042246,100581.26666666666,207637.06758744692,-6474.534254113591,1308011.3333333333,2958884.5945575302,-342861.9278908635,104345.43333333333,212235.55718894856,-3544.6905222818896
213,1323472.0,3060275.841309802,-413331.84130980214,1088506.85,2462756.4906736026,-285742.79067360214,1441364.0333333334,3319384.80484265,-436656.73817598284,62845.333333333336,151268.11084566676,-25577.44417900008,1323472.0,3060275.841309802,-413331.84130980214,62841.833333333336,151264.93609922228,-25581.2694325556
214,1315386.0,2923879.242160421,-293107.24216042063,1087888.9,2368738.1075811908,-192960.30758119095,1456175.8666666667,3286341.4601306515,-373989.7267973183,111215.43333333333,241764.4234143858,-19333.55674771912,1315386.0,2923879.242160421,-293107.24216042063,111194.61666666667,241745.8751797488,-19356.64184641547
215,1367439.7333333334,2952494.4747669124,-217615.0081002456,1123649.75,2401707.5709943105,-154408.07099431055,1412477.15,3190228.3641938404,-365274.0641938406,124986.1,275617.47046735056,-25645.27046735055,1367439.7333333334,2952494.4747669124,-217615.0081002456,124980.2,275612.2110502252,-25651.81105022518
216,1384841.2,3011462.361233133,-241779.96123313322,1107073.2833333334,2382095.66388336,-167949.09721669322,1515056.9666666666,3343234.724663078,-313120.7913297445,124922.3,265893.1417272269,-16048.541727226911,1384841.2,3011462.361233133,-241779.96123313322,125342.76666666666,266295.01895339583,-15609.485620062507
217,1270408.3333333333,2836674.5106371436,-295857.84397047735,1024347.2666666667,2269281.4851532704,-220586.9518199371,1361210.5,3127300.815536613,-404879.8155366131,91095.03333333334,217748.02482259425,-35557.95815592758,1270408.3333333333,2836674.5106371436,-295857.84397047735,91099.6,217752.16803133543,-35552.96803133542
218,1226763.7666666666,2732624.153322394,-279096.6199890608,974602.2,2162559.343888614,-213354.94388861395,1445225.9166666667,3272458.535135526,-382006.70180219295,73000.23333333334,174750.05571562596,-28749.589048959286,1226763.7666666666,2732624.153322394,-279096.6199890608,72989.03333333334,174739.8969678655,-28761.830301198817
219,1650553.1666666667,3442590.626465885,-141484.29313255125,1193577.15,2470423.609578304,-83269.30957830418,1622016.3,3485704.4397058254,-241671.83970582532,78524.83333333333,173030.96242336323,-15981.295756696578,1650553.1666666667,3442590.626465885,-141484.29313255125,78338.36666666667,172859.5470968132,-16182.813763479877
220,1618713.8333333333,3408587.0953411553,-171159.42867448856,1166763.2,2444097.831537856,-110571.43153785565,1693563.35,3638448.9198261113,-251322.2198261111,70157.6,155599.97053854415,-15284.770538544137,1618713.8333333333,3408587.0953411553,-171159.42867448856,70144.08333333333,155587.36988346343,-15299.203216796785
221,1530047.4,3196390.906802511,-136296.1068025108,1123630.85,2335686.361970711,-88424.66197071085,1810016.4833333334,3834208.137139738,-214175.17047307128,123065.8,269518.4596656704,-23386.85966567039,1530047.4,3196390.906802511,-136296.1068025108,123179.56666666667,269621.34027755045,-23262.206944217134
222,1732837.0333333334,3538854.357724757,-73180.29105809028,1293324.35,2613225.580492764,-26576.880492763827,2058651.3666666667,4194696.033352612,-77393.30001927866,78498.26666666666,166348.10679168624,-9351.573458352912,1732837.0333333334,3538854.357724757,-73180.29105809028,78506.11666666667,166354.71656035358,-9342.483227020231
223,1722600.0666666667,3499415.635960634,-54215.5026273008,1284110.4166666667,2577017.747309095,-8796.91397576197,2007835.7333333334,4044227.2421271177,-28555.775460451143,73302.76666666666,154490.2194254329,-7884.686092099568,1722600.0666666667,3499415.635960634,-54215.5026273008,73614.43333333333,154778.79439272315,-7549.927726056485
224,1935318.4333333333,3810269.837146884,60367.02951978287,1474925.4333333333,2852578.816065399,97272.05060126795,2065408.9166666667,4068958.05014415,61859.7831891838,188415.1,438711.6286886659,-61881.42868866591,1935318.4333333333,3810269.837146884,60367.02951978287,188418.63333333333,438714.73377921473,-61877.46711254807
225,1867132.6333333333,3628483.3639106303,105781.90275603649,1441256.1333333333,2753140.6173069915,129371.64935967512,2000365.2833333334,3974501.959868102,26228.606798565015,132030.26666666666,299656.6824363433,-35596.149103009986,1867132.6333333333,3628483.3639106303,105781.90275603649,132026.6,299653.3061675965,-35600.106167596474
226,2045362.5,3851452.6299672015,239272.37003279827,1696389.9333333333,3201462.667660455,191317.19900621125,2113069.0,4174196.4105222616,51941.589477738366,114493.8,233448.8952341346,-4461.295234134595,2045362.5,3851452.6299672015,239272.37003279827,115217.88333333333,234138.11642570375,-3702.349759037097
227,2032109.2,3988312.7277057376,75905.6722942621,1783573.2166666666,3542974.9669421064,24171.466391226975,2179713.8666666667,4396276.481189741,-36848.74785640789,60404.333333333336,139307.57135740272,-18498.904690736053,2032109.2,3988312.7277057376,75905.6722942621,60324.916666666664,139235.20707404203,-18585.37374070871
228,2069930.5333333334,4065812.6771919755,74048.38947469136,1795150.8166666667,3563226.3844085904,27075.24892474315,2200227.933333333,4465391.292591097,-64935.425924430136,67754.23333333334,157137.7334932353,-21629.266826568622,2069930.5333333334,4065812.6771919755,74048.38947469136,67753.58333333333,157137.14752052544,-21629.980853858782
229,2028161.8333333333,3985643.0336307776,70680.6330358889,1766475.0,3503552.624501365,29397.37549863523,2142962.216666667,4370427.38675704,-84502.95342370728,96366.36666666667,199540.7047329747,-6807.9713996413775,2028161.8333333333,3985643.0336307776,70680.6330358889,96355.81666666667,199531.42325405893,-6819.789920725598
230,2387810.9,4559500.289615082,216121.51038491772,1968037.3166666667,3810629.862619402,125444.77071393118,2467075.6666666665,4800481.295164489,133670.03816884384,110339.8,232974.48671870603,-12294.886718706024,2387810.9,4559500.289615082,216121.51038491772,112593.21666666666,235408.95179390503,-10222.518460571708
231,2458465.1,4676193.972066525,240736.22793347435,2045748.15,3947302.2919027884,144194.00809721136,2750614.35,5231248.435903532,269980.2640964673,193896.86666666667,429392.0943269433,-41598.36099360994,2458465.1,4676193.972066525,240736.22793347435,193932.2,429423.653842923,-41559.253842923004
232,2418901.9,4572131.822780706,265671.9772192938,2008518.0833333333,3842762.741253755,174273.42541291146,2886471.683333333,5430258.717168766,342684.64949790016,762193.8,2074394.1751004332,-550006.5751004331,2418901.9,4572131.822780706,265671.9772192938,762190.7333333333,2074391.3407910438,-550009.8741243774
233,2423621.566666667,4596735.689206158,250507.44412717596,2010624.5666666667,3859376.2456146413,161872.8877186922,2780194.05,5281773.737574325,278614.3624256747,375961.73333333334,970032.2563779678,-218108.78971130116,2423621.566666667,4596735.689206158,250507.44412717596,375960.68333333335,970031.2941495108,-218109.9274828441
234,2371620.2333333334,4486281.868860832,256958.59780583438,1951898.0333333334,3728015.7576728063,175780.30899386038,2668701.533333333,5088184.138168703,249218.92849796358,196784.66666666666,444608.52569973527,-51039.192366401956,2371620.2333333334,4486281.868860832,256958.59780583438,196784.41666666666,444608.3225479231,-51039.48921458979
235,2474596.3333333335,4728224.0367145315,220968.62995213596,2026729.1166666667,3899347.3863786636,154110.84695466957,2810920.7666666666,5354628.313020112,267213.22031322075,302008.63333333336,610513.2688619628,-6496.002195296111,2474596.3333333335,4728224.0367145315,220968.62995213596,248573.83333333334,503602.9269786256,-6455.260311958875
236,2475074.2333333334,4708839.315371036,241309.1512956312,2017336.1333333333,3837813.916919505,196858.34974716115,2774897.3333333335,5251812.890766724,297981.77589994296,1097773.2,3046875.269969994,-851328.8699699945,2475074.2333333334,4708839.315371036,241309.1512956312,1097770.0833333333,3046872.385798387,-851332.219131721
237,2217930.8,4153808.8776690555,282052.72233094415,1803932.9833333334,3354121.297387589,253744.66927907802,2594138.7333333334,4907072.095214168,281205.3714524987,457682.76666666666,1141707.839525298,-226342.30619196472,2217930.8,4153808.8776690555,282052.72233094415,457678.36666666664,1141703.828639324,-226347.09530599072
238,2323979.066666667,4325574.236835098,322383.8964982354,1917356.6833333333,3587148.872769153,247564.4938975135,2678639.0,5081117.318268761,276160.68173123896,1056553.6666666667,2889291.9488447905,-776184.615511457,2323979.066666667,4325574.236835098,322383.8964982354,1056523.5333333334,2889264.1094442154,-776217.0427775485
239,2602957.2,4906439.588016007,299474.8119839933,2199158.566666667,4247527.51198238,150789.62135095312,3031769.1,5737897.294808209,325640.90519179124,1050030.6666666667,2862226.375110028,-762165.0417766944,2602957.2,4906439.588016007,299474.8119839933,1049757.4166666667,2861973.781516235,-762458.9481829014
240,2508718.0,4578355.400591573,439080.59940842725,2075796.9166666667,3827655.983773268,323937.8495600654,2790896.6333333333,5242989.071934443,338804.1947322232,987182.5666666667,2654348.5542650716,-679983.4209317386,2508718.0,4578355.400591573,439080.59940842725,986514.3833333333,2653730.3225195715,-680701.5558529047
241,2810403.1333333333,5237313.936433779,383492.33023288706,2373931.8833333333,4535917.996144181,211945.77052248502,3239727.7666666666,6056655.374436542,422800.1588967908,1011429.1666666666,2695812.1386132534,-672953.8052799202,2810403.1333333333,5237313.936433779,383492.33023288706,1011494.8,2695872.6397248674,-672883.0397248671
242,2516816.466666667,4620991.196198464,412641.7371348692,2128678.0,3956342.5224731048,301013.47752689524,2799553.283333333,5265769.703796085,333336.86287058145,838319.7666666667,2175611.639313832,-498972.1059804986,2516816.466666667,4620991.196198464,412641.7371348692,838854.7833333333,2176103.4857324394,-498393.9190657729
243,2431731.8,4513081.912258789,350381.6877412102,2042405.8,3838925.135766279,245886.46423372137,2826206.533333333,5316067.996061092,336345.0706055737,837998.1666666666,2181320.8660739413,-505324.532740608,2431731.8,4513081.912258789,350381.6877412102,837880.55,2181212.8650442776,-505451.76504427753
244,2361140.433333333,4426503.245563014,295777.6211036518,1955593.5,3700721.764415819,210465.23558418057,2687438.0166666666,5108710.473924747,266165.55940858694,815000.3333333334,2123683.6117306952,-493682.9450640286,2361140.433333333,4426503.245563014,295777.6211036518,815048.6833333333,2123727.996555336,-493630.62988866935
245,2412797.1666666665,4543590.805517829,282003.527815504,2039266.4833333334,3885230.3563742046,193302.61029246217,2594691.316666667,5001386.131387955,187996.50194537966,845955.8333333334,2204310.973824924,-512399.307158257,2412797.1666666665,4543590.805517829,282003.527815504,845987.55,2204340.078577648,-512364.9785776476
246,2422585.8,4612542.197434403,232629.4025655971,2017284.1,3900536.2577575995,134031.94224240072,2703742.066666667,5239671.8421870805,167812.2911462537,797021.9666666667,2097745.509703402,-503701.5763700687,2422585.8,4612542.197434403,232629.4025655971,797000.9166666666,2097726.166001219,-503724.33266788546
247,2372283.1333333333,4463208.758095494,281357.50857117353,1987472.8166666667,3778952.3909786716,195993.24235466192,2561610.816666667,4999717.23923919,123504.39409414353,834179.5666666667,2187038.0225770306,-518678.8892436973,2372283.1333333333,4463208.758095494,281357.50857117353,841477.0666666667,2194129.2286769403,-511175.09534360725
248,2370530.066666667,4492773.70339541,248286.42993792333,1995884.9333333333,3812479.406270723,179290.46039594407,2623088.75,5065413.80518763,180763.69481237093,729013.6,2019177.5824495316,-561150.3824495316,2370530.066666667,4492773.70339541,248286.42993792333,729085.9166666666,2019244.5411351337,-561072.7078018006
249,2506381.066666667,4882175.521107307,130586.6122260266,2139456.716666667,4244935.287701461,33978.14563187258,2926482.35,5638920.352239676,214044.34776032437,850353.3,2377130.0975777134,-676423.4975777133,2506381.066666667,4882175.521107307,130586.6122260266,850338.9,2377116.7561477926,-676438.9561477924
250,2462298.3666666667,4854292.367380621,70304.36595271248,2098945.6,4255511.400557276,-57620.200557275675,2861263.55,5604264.267651124,118262.83234887617,997902.3,2805794.0641907277,-809989.4641907276,2462298.3666666667,4854292.367380621,70304.36595271248,997948.4666666667,2805836.866516655,-809939.9331833216
251,2512450.466666667,4906809.142945258,118091.7903880761,2157795.466666667,4308389.636946587,7201.29638674669,2816007.7666666666,5578339.515876653,53676.017456681,957046.1,2727745.724480172,-813653.5244801723,2512450.466666667,4906809.142945258,118091.7903880761,957037.5833333334,2727737.8169769924,-813662.6503103258
252,2396962.3,4656243.64808866,137680.95191133954,2023451.2,4005475.7764977943,41426.62350220559,2675787.2,5256242.23297815,95332.16702184966,869649.2333333333,2455327.787361664,-716029.3206949976,2396962.3,4656243.64808866,137680.95191133954,869672.9833333333,2455349.818216896,-716003.8515502297
253,2366267.6666666665,4576653.48962282,155881.84371051332,1991741.65,3934290.465495719,49192.834504280705,2605064.6166666667,5169223.313152195,40905.92018113844,856308.0666666667,2436783.2968906257,-724167.1635572927,2366267.6666666665,4576653.48962282,155881.84371051332,856404.2666666667,2436872.6549019488,-724064.1215686152
254,2273985.7333333334,4523134.530502392,24836.936164275277,1931629.4333333333,3924494.8188659037,-61235.952199236955,2652461.566666667,5289881.963882357,15041.16945097642,882667.0666666667,2506969.2020727135,-741635.0687393802,2273985.7333333334,4523134.530502392,24836.936164275277,882678.6833333333,2506979.983505626,-741622.6168389597
255,2372230.6333333333,4651756.256104461,92705.01056220569,2031500.6166666667,4079395.401440031,-16394.1681066975,2713625.6666666665,5402907.401438107,24343.93189522624,937756.1,2660443.2214318174,-784931.0214318176,2372230.6333333333,4651756.256104461,92705.01056220569,937752.1833333333,2660439.5870221835,-784935.2203555168
256,2351341.566666667,4628676.881021047,74006.25231228629,1991382.3666666667,3995470.1704174126,-12705.437084079254,2641528.1166666667,5310439.346610911,-27383.113277577795,894779.2,2529538.7966170283,-739980.3966170284,2351341.566666667,4628676.881021047,74006.25231228629,894854.2166666667,2529608.41024882,-739899.976915487
257,2373107.3333333335,4590174.315939635,156040.3507270324,2011724.95,3946170.2098495886,77279.69015041133,2675117.566666667,5327600.266110124,22634.867223209236,826656.4,2333041.5750855426,-679728.7750855425,2373107.3333333335,4590174.315939635,156040.3507270324,826897.5666666667,2333265.674124987,-679470.5407916538
258,2465959.966666667,4699226.006271899,232693.92706143437,2108632.8833333333,4095429.453622301,121836.31304436526,2788983.466666667,5392291.624513879,185675.30881945416,851862.3333333334,2401650.6248618937,-697925.9581952268,2465959.966666667,4699226.006271899,232693.92706143437,854258.9166666666,2403910.2048452836,-695392.3715119505
259,2434747.033333333,4637728.643687498,231765.4229791686,2079554.45,4018290.964068161,140817.93593183905,2802954.716666667,5463029.53257563,142879.90075770393,825315.5,2295567.0555663565,-644936.0555663563,2434747.033333333,4637728.643687498,231765.4229791686,825324.65,2295575.5286009526,-644926.2286009527
260,2414145.966666667,4528204.366861028,300087.5664723059,2045468.2166666666,3888152.447119986,202783.98621334694,2783196.25,5453648.873760652,112743.62623934774,773627.1,2152787.048112595,-605532.8481125949,2414145.966666667,4528204.366861028,300087.5664723059,773682.5,2152838.356136093,-605473.3561360929
261,2381959.1333333333,4457894.537006667,306023.72965999926,2025744.4333333333,3825732.734138326,225756.13252834068,2832658.35,5477335.559771797,187981.14022820396,747409.8,2091087.9331393705,-596268.3331393704,2381959.1333333333,4457894.537006667,306023.72965999926,747988.1,2091626.3758177473,-595650.1758177473
262,2403474.1666666665,4503143.153765608,303805.17956772586,2034546.5666666667,3853976.6119673555,215116.52136597782,2779324.533333333,5410277.239258629,148371.82740803715,732778.9333333333,2053742.5752714565,-588184.7086047898,2403474.1666666665,4503143.153765608,303805.17956772586,732824.0666666667,2053784.409017823,-588136.2756844896
263,2440641.8,4540600.113064099,340683.4869359005,2070061.6333333333,3885759.715499756,254363.55116691068,2623495.9,5190928.5326574,56063.267342600506,694125.8,1945354.2822850738,-557102.6822850737,2440641.8,4540600.113064099,340683.4869359005,694124.7333333333,1945353.2943618163,-557103.8276951498
264,2382235.2,4441339.045475235,323131.3545247654,2004456.8,3734008.1918191924,274905.4081808077,2454567.3666666667,4917742.624424959,-8607.89109162474,603206.7333333333,1674214.6048794468,-467801.1382127801,2382235.2,4441339.045475235,323131.3545247654,603444.9,1674435.539460966,-467545.73946096573
265,2203548.2333333334,4024589.3396386122,382507.1270280548,1856934.5333333334,3414439.6630408964,299429.4036257705,2093429.7166666666,4001718.6781556318,185140.75517770136,559483.2333333333,1548022.5207270002,-429056.0540603335,2203548.2333333334,4024589.3396386122,382507.1270280548,559494.15,1548032.6201350158,-429044.3201350159
266,2279271.7333333334,4165962.3433581637,392581.1233085033,1940540.9,3594385.464917524,286696.335082476,2127905.85,4073151.050554764,182660.6494452362,642846.8666666667,1790340.36153182,-504646.6281984865,2279271.7333333334,4165962.3433581637,392581.1233085033,642836.0,1790330.3006754322,-504658.3006754322
267,2438583.7,4453067.405366937,424099.9946330639,2104753.4166666665,3910333.815725261,299173.01760807214,2218595.1,4248733.437285297,188456.76271470403,690355.3666666667,1965209.38410234,-584498.6507690067,2438583.7,4453067.405366937,424099.9946330639,690354.8166666667,1965208.873554731,-584499.2402213977
268,2512458.8,4614254.600344762,410662.9996552379,2169456.5833333335,4067096.613053847,271816.5536128199,2206238.683333333,4261680.093099305,150797.2735673613,769372.1333333333,2168924.4518198534,-630180.1851531868,2512458.8,4614254.600344762,410662.9996552379,769371.95,2168924.28183704,-630180.3818370402
269,2531152.8333333335,4610236.155689932,452069.5109767341,2175485.6,4040058.5132845175,310912.68671548273,2137231.4833333334,4125259.2167886146,149203.74987805216,760034.5333333333,2143499.700642919,-623430.6339762526,2531152.8333333335,4610236.155689932,452069.5109767341,760034.1833333333,2143499.3761134613,-623431.0094467944
270,2384669.8666666667,4411312.352806151,358027.3805271825,2058896.2166666666,3873121.864365586,244670.56896774727,2086706.4,4118333.183048195,55079.616951804375,745290.7333333333,2141891.4106473187,-651309.943980652,2384669.8666666667,4411312.352806151,358027.3805271825,745290.4333333333,2141891.131854441,-651310.2651877746
271,2408068.8333333335,4381976.293593555,434161.373073112,2060899.2333333334,3811207.9327878803,310590.5338787867,1999586.8166666667,3880173.1546107642,119000.47872256907,668791.7,1890155.076398978,-552571.6763989781,2408068.8333333335,4381976.293593555,434161.373073112,668791.5666666667,1890154.9527371544,-552571.8194038211
272,2339872.2,4297655.633865997,382088.7661340034,2034997.2333333334,3777978.395923659,292016.07074300735,1864786.0666666667,3648448.9481448308,81123.18518850254,643104.1666666666,1820153.267810028,-533944.9344766949,2339872.2,4297655.633865997,382088.7661340034,643103.25,1820152.417484986,-533945.9174849859
273,2417642.1666666665,4374201.234873474,461083.09845985915,2088610.2333333334,3829924.2125794217,347296.2540872451,1892603.8333333333,3628466.198890427,156741.46777623962,589201.5,1654229.9777117576,-475826.97771175765,2417642.1666666665,4374201.234873474,461083.09845985915,589200.9666666667,1654229.4834622983,-475827.5501289648
274,2389698.4,4373532.43668159,405864.36331841,2095680.9333333333,3872550.3756973036,318811.49096936337,1763364.6166666667,3472417.3367400086,54311.89659332507,599828.1333333333,1717663.3787920491,-518007.1121253825,2389698.4,4373532.43668159,405864.36331841,599826.4166666666,1717661.7841342762,-518008.95080094284
275,2310168.066666667,4228727.660116441,391608.47321689315,2011179.7666666666,3717409.897869534,304949.6354637996,1729991.8166666667,3356689.189220316,103294.44411301753,572402.2333333333,1630070.1103973472,-485265.6437306806,2310168.066666667,4228727.660116441,391608.47321689315,572401.6666666666,1630069.5843538567,-485266.2510205236
276,2298214.0,4226671.494100931,369756.50589906913,2028513.0666666667,3751511.870121817,305514.2632115162,1686664.25,3346076.184840167,27252.315159832826,581834.1333333333,1655482.575695529,-491814.3090288625,2298214.0,4226671.494100931,369756.50589906913,581834.1333333333,1655482.575695529,-491814.3090288625
277,2324630.8666666667,4247326.853960797,401934.87937253574,2039102.4666666666,3763689.637693922,314515.2956394113,1710623.75,3315505.209608741,105742.29039125913,575711.5666666667,1634355.5756159446,-482932.4422826113,2324630.8666666667,4247326.853960797,401934.87937253574,575711.5666666667,1634355.5756159446,-482932.4422826113
278,2364116.9,4322460.548867284,405773.2511327155,2064611.15,3836450.8290748834,292771.47092511645,1754275.25,3444753.6071671294,63796.89283287083,637803.0333333333,1830285.1137632611,-554679.0470965946,2364116.9,4322460.548867284,405773.2511327155,637802.9666666667,1830285.0518199885,-554679.1184866551
279,2280375.566666667,4127161.262993899,433589.87033943436,1967319.1666666667,3601900.605143499,332737.7281898344,1623900.75,3051375.4891946474,196426.01080535236,380264.73333333334,1056973.595698101,-296444.12903143436,2280375.566666667,4127161.262993899,433589.87033943436,380264.76666666666,1056973.6265501631,-296444.09321682976
280,2067535.3333333333,3955621.9328311966,179448.73383546993,1810377.8166666667,3479083.449877999,141672.1834553345,1432374.2666666666,2859591.4864357356,5157.046897597844,178781.9,485698.7792315887,-128134.97923158869,2067535.3333333333,3955621.9328311966,179448.73383546993,178781.93333333332,485698.8099929374,-128134.9433262707
281,2451910.1,4871150.123535588,32670.076464411337,2047002.1666666667,4023544.028137855,70460.30519547826,1855537.9333333333,3842458.2060369398,-131382.33937027305,153849.3,412701.5179156135,-105002.91791561348,2451910.1,4871150.123535588,32670.076464411337,153849.4,412701.6100440416,-105002.8100440416
282,2576012.1666666665,5137003.595489929,15020.737843403593,2140556.316666667,4211016.050756948,70096.58257638523,1908808.0666666667,4016516.083058336,-198899.94972500275,156796.2,427778.7025923996,-114186.30259239959,2576012.1666666665,5137003.595489929,15020.737843403593,156796.33333333334,427778.82570738054,-114186.15904071383
283,2610643.1666666665,5275858.055627677,-54571.722294343635,2216189.683333333,4390603.214668689,41776.1519979774,1727219.4666666666,3661436.6577271367,-206997.72439380363,154522.6,421415.983282321,-112370.78328232098,2610643.1666666665,5275858.055627677,-54571.722294343635,154522.65,421416.02944780095,-112370.72944780099
284,2371358.6,4946195.470208794,-203478.27020879416,1989558.0166666666,4048134.9657221334,-69018.9323888002,1668493.8333333333,3597710.1730960514,-260722.5064293847,153754.26666666666,426922.2894830151,-119413.75614968175,2371358.6,4946195.470208794,-203478.27020879416,153754.3,426922.3203310557,-119413.7203310557
285,2457451.6666666665,5237046.462408673,-322143.12907533953,2024056.85,4205483.484757623,-157369.78475762252,1596328.7333333334,3410101.1051137964,-217443.63844712963,118563.8,321754.43991172104,-84626.83991172105,2457451.6666666665,5237046.462408673,-322143.12907533953,118563.45,321754.1169620304,-84627.2169620304
286,2592241.6,5344335.448073825,-159852.24807382422,2153343.966666667,4323456.78463725,-16768.85130391689,1646043.1666666667,3437713.4649837706,-145627.13165043737,168650.43333333332,476977.5874723003,-139676.72080563367,2592241.6,5344335.448073825,-159852.24807382422,168649.95,476977.1391491936,-139677.23914919357
287,2674817.033333333,5421813.250774674,-72179.18410800816,2263674.7666666666,4502427.298276221,24922.23505711183,1705927.4166666667,3604541.9885933995,-192687.15526006627,161029.2,452089.1214630026,-130030.72146300256,2674817.033333333,5421813.250774674,-72179.18410800816,161025.73333333334,452085.90724294103,-130034.44057627436
288,2532139.933333333,5149131.772123443,-84851.90545677673,2115661.65,4211748.085791324,19575.21420867578,1476509.7,3108278.647186528,-155259.2471865283,170045.56666666668,478153.3745730353,-138062.2412397019,2532139.933333333,5149131.772123443,-84851.90545677673,170049.45,478156.97463094787,-138058.07463094784
289,2682097.966666667,5324244.292990483,39951.640342850704,2207648.6666666665,4330965.175032497,84332.15830083564,1802946.2333333334,3655700.2414056025,-49807.77473893552,177607.43333333332,461298.85192181997,-106083.9852551533,2682097.966666667,5324244.292990483,39951.640342850704,177606.75,461298.18563515524,-106084.68563515524
290,2243133.2666666666,4753669.464181431,-267402.9308480974,1823954.8333333333,3796228.8554118276,-148319.1887451613,1717053.05,3611651.727586168,-177545.62758616754,165610.86666666667,432263.9808040096,-101042.24747067623,2243133.2666666666,4753669.464181431,-267402.9308480974,165612.3,432265.0761221335,-101040.47612213355
291,2370639.066666667,4964330.82513626,-223052.69180292636,1972451.5666666667,4075671.468103639,-130768.33477030578,1798357.9666666666,3718374.5584562626,-121658.62512292969,172142.5,490085.93848944287,-145800.93848944287,2370639.066666667,4964330.82513626,-223052.69180292636,172150.8,490093.6451432441,-145792.04514324415
292,2613757.1,5303659.099070891,-76144.89907089062,2208817.6,4419926.485201323,-2291.2852013236843,1799940.5333333334,3780972.523510175,-181091.45684350794,241495.06666666668,695055.9302245461,-212065.79689121278,2613757.1,5303659.099070891,-76144.89907089062,241576.03333333333,695131.3332688828,-211979.26660221617
293,2621207.8,5297985.606122367,-55570.00612236699,2228888.1333333333,4463919.322487406,-6143.055820739828,1903312.4166666667,4073973.8917532135,-267349.0584198802,200430.83333333334,541062.154333723,-140200.4876670563,2621207.8,5297985.606122367,-55570.00612236699,200438.76666666666,541069.3888154179,-140191.8554820845
294,2814989.3666666667,5552324.085210787,77654.64812254673,2405222.85,4713751.651958373,96694.04804162681,1859064.3333333333,3800052.9601462474,-81924.2934795809,319396.8333333333,892510.9211397488,-253717.2544730822,2814989.3666666667,5552324.085210787,77654.64812254673,320053.68333333335,893126.6695872499,-253019.30292058317
295,2458979.3,5081436.439124621,-163477.8391246223,2030033.3,4199269.443390074,-139202.84339007433,2178369.8,4369902.934118491,-13163.334118490573,343946.26666666666,944067.4837373209,-256174.9504039875,2458979.3,5081436.439124621,-163477.8391246223,344015.7833333333,944131.749290823,-256100.18262415635
296,2406301.2,4950290.672028215,-137688.2720282143,1918371.6666666667,3985893.4389010035,-149150.1055676702,2210509.5,4292634.079059777,128384.92094022315,241711.7,666113.0503927469,-182689.65039274684,2406301.2,4950290.672028215,-137688.2720282143,241744.53333333333,666143.383207951,-182654.31654128426
297,2069112.0,4532486.138776327,-394262.138776327,1642135.0,3636929.5678548263,-352659.5678548261,1837954.9833333334,3723976.3297763052,-48066.36310963845,169439.06666666668,457176.23619845277,-118298.10286511938,2069112.0,4532486.138776327,-394262.138776327,169473.0,457207.464453505,-118261.464453505
298,2070730.4666666666,4504628.765534996,-363167.8322016632,1606612.2,3548000.580023432,-334776.18002343224,1838916.75,3649514.1228558724,28319.37714412762,178708.1,512424.09451748896,-155007.89451748898,2070730.4666666666,4504628.765534996,-363167.8322016632,178713.36666666667,512428.9887346687,-155002.25540133534
299,2313988.1666666665,4785179.142721677,-157202.80938834418,1844658.7333333334,3848991.6194739323,-159674.15280726552,2061834.0666666667,4037222.0362907276,86446.09704260551,272617.5,792068.8604041333,-246833.86040413327,2313988.1666666665,4785179.142721677,-157202.80938834418,272662.26666666666,792110.5622699936,-246786.02893666027
300,2319355.966666667,4716881.816774538,-78169.88344120374,1794308.4666666666,3708351.376881062,-119734.44354772917,2379075.4166666665,4450316.394179814,307834.439153519,239305.9,707824.7731570747,-229212.97315707474,2319355.966666667,4716881.816774538,-78169.88344120374,239431.78333333333,707942.4781400483,-229078.91147338168
301,2542598.033333333,5067298.335117741,17897.731548925396,2036690.2166666666,4122893.826118416,-49513.39278508304,2562327.5166666666,4741389.535695732,383265.49763760157,478892.0,1417456.587877573,-459672.5878775731,2542598.033333333,5067298.335117741,17897.731548925396,478905.98333333334,1417469.628208388,-459657.6615417215
302,2611498.8,5267929.724453177,-44932.124453177676,2118598.966666667,4364638.7911969405,-127440.85786360689,2567937.75,4829544.638982785,306330.86101721507,591198.2333333333,1749871.8187611508,-567475.3520944844,2611498.8,5267929.724453177,-44932.124453177676,591212.4333333333,1749885.0604241565,-567460.1937574898
303,2672105.033333333,5347667.456654032,-3457.3899873653427,2196584.933333333,4469680.006949695,-76510.1402830286,2717422.65,5211800.1743276045,223045.12567239534,589371.0333333333,1711095.0159051595,-532352.949238493,2672105.033333333,5347667.456654032,-3457.3899873653427,589360.3333333334,1711085.0600229078,-532364.3933562409
304,2088925.8333333333,3904205.185627726,273646.48103894084,1677973.7,3234897.7339071385,121049.66609286144,2190278.85,3973859.826006612,406697.8739933884,557999.9,1651523.8575126664,-535524.0575126662,2088925.8333333333,3904205.185627726,273646.48103894084,557994.3166666668,1651518.6513756108,-535530.0180422774
305,2055563.7,3841854.372281646,269273.027718354,1633785.0833333333,3156410.4256175584,111159.7410491081,2031486.1666666667,3670117.989707145,392854.34362618835,544161.6666666666,1609329.0973690413,-521005.76403570815,2055563.7,3841854.372281646,269273.027718354,544504.1666666666,1609649.4651275277,-520641.1317941946
306,2147615.9,3931784.0829305127,363447.71706948685,1684000.3833333333,3195387.385615795,172613.38105087192,2203442.9833333334,3915861.125202842,491024.84146382497,540743.2999999999,1600432.4272790467,-518945.82727904676,2147615.9,3931784.0829305127,363447.71706948685,540749.6166666666,1600438.317184071,-518939.0838507378
307,2011184.5,3718883.749282443,303485.25071755727,1570561.0166666666,2998877.0664224196,142244.96691091382,2065577.9166666667,3662971.821230853,468184.0121024805,510343.8,1510593.7226358957,-489906.1226358958,2011184.5,3718883.749282443,303485.25071755727,510348.6,1510598.1984044085,-489900.99840440846
308,1999732.6666666667,3802874.5495762546,196590.78375707916,1605259.2333333334,3126398.1750297584,84120.29163690843,1851719.7333333334,3483664.2156500104,219775.2510166564,551589.5333333333,1632619.8610568899,-529440.7943902231,1999732.6666666667,3802874.5495762546,196590.78375707916,551589.35,1632619.690084102,-529440.9900841023
309,2024266.8666666667,3904670.632639779,143863.10069355462,1652522.5333333334,3260468.7779410565,44576.28872561036,1871752.4166666667,3561367.544425262,182137.28890807112,606944.1,1796499.7919639195,-582611.5919639197,2024266.8666666667,3904670.632639779,143863.10069355462,606933.3166666667,1796489.7368745196,-582623.1035411863
310,1998139.7666666666,3865961.4534504525,130318.0798828809,1628986.15,3237170.2681613984,20802.031838601222,1962345.3666666667,3678111.615330077,246579.11800325662,626606.5333333333,1854740.4697760688,-601527.403109402,1998139.7666666666,3865961.4534504525,130318.0798828809,626604.95,1854738.9934239187,-601529.0934239188
311,2245439.9,4213605.203463195,277274.59653680446,1844710.9166666667,3558938.7401759424,130483.09315739106,2109388.6,3881274.636656156,337502.56334384414,686601.2666666667,2032338.7355404026,-659136.2022070693,2245439.9,4213605.203463195,277274.59653680446,686601.2666666667,2032338.7355404026,-659136.2022070693
312,2359833.966666667,4303554.559730296,416113.3736030378,1900404.2166666666,3574182.004498169,226626.42883516452,2150463.1,3879063.6761532794,421862.5238467208,648852.3333333334,1920525.5901160194,-622820.9234493525,2359833.966666667,4303554.559730296,416113.3736030378,648869.0333333333,1920541.1637849952,-622803.0971183284
313,2307462.4,4307042.413112033,307882.3868879664,1909482.8833333333,3650808.7707890784,168156.9958775884,2093758.6666666667,3889361.3370307004,298155.99630263285,698833.0,2068537.840017792,-670871.8400177921,2307462.4,4307042.413112033,307882.3868879664,698834.6,2068539.331900598,-670870.1319005982
314,2356076.7666666666,4408545.33452453,303608.19880880346,1956295.35,3788431.7938150796,124158.90618492058,2015751.7166666666,3878308.372127493,153195.06120584044,774883.0,2293650.773793954,-743884.7737939539,2356076.7666666666,4408545.33452453,303608.19880880346,774883.1166666667,2293650.8825759403,-743884.6492426072
315,3224827.7333333334,5934241.920056161,515413.54661050625,2731902.533333333,5149732.640011797,314072.4266548697,2750565.95,5189356.443675799,311775.45632420154,845979.1333333333,2504096.680184122,-812138.4135174553,3224827.7333333334,5934241.920056161,515413.54661050625,845979.1666666666,2504096.711264623,-812138.3779312897
316,2690368.533333333,4777553.059719447,603184.0069472196,2167757.4833333334,4022723.0660988213,312791.90056784544,2391174.933333333,4310459.797572268,471890.0690943985,798298.5,2330074.357451364,-733477.3574513639,2690368.533333333,4777553.059719447,603184.0069472196,798298.5333333333,2330074.388483433,-733477.3218167665
317,2663378.0,4758661.721704093,568094.278295907,2144346.9833333334,4012623.389100251,276070.57756641577,2250687.3,4139049.161000286,362325.43899971317,788366.3333333334,2333559.683221284,-756827.0165546172,2663378.0,4758661.721704093,568094.278295907,788366.1,2333559.4656573953,-756827.2656573955
318,2735881.9,4986958.872793631,484804.9272063691,2235420.1,4260882.0193985365,209958.1806014632,2315081.9166666665,4303514.223193523,326649.61013981095,885213.0666666667,2585336.0728375106,-814909.9395041773,2735881.9,4986958.872793631,484804.9272063691,885212.8166666667,2585335.8400806356,-814910.2067473021
319,2413887.533333333,4438253.325212383,389521.74145428394,2005244.1833333333,3787139.585649798,223348.78101686854,2014502.6,3751390.708729478,277614.4912705221,734993.8,2139151.226269019,-669163.6262690187,2413887.533333333,4438253.325212383,389521.74145428394,734993.3,2139150.7592212576,-669164.1592212575
320,2536135.466666667,4624747.479225394,447523.4541079395,2055195.6166666667,3890978.969822773,219412.26351056038,2296676.5,4156834.649367328,436518.35063267243,762069.2666666667,2255721.3796800906,-731582.846346757,2536135.466666667,4624747.479225394,447523.4541079395,762069.1166666667,2255721.239817842,-731583.0064845083
321,2348451.466666667,4312979.011589715,383923.9217436181,1893810.4833333334,3603027.419068791,184593.54759787582,2121372.9833333334,3864509.2812459962,378236.6854206708,700622.0333333333,2073817.3608574132,-672573.2941907464,2348451.466666667,4312979.011589715,383923.9217436181,700618.15,2073813.7399034016,-672577.4399034014
322,2327996.033333333,4376399.547380266,279592.51928640064,1886786.0333333334,3699122.678292161,74449.38837450603,2199953.3,4057882.752522864,342023.8474771357,806742.4,2354094.1597304605,-740609.3597304603,2327996.033333333,4376399.547380266,279592.51928640064,806736.1166666667,2354088.3101931885,-740616.0768598553
323,2401443.1,4445008.301737785,357877.8982622146,1934099.1833333333,3751669.502788198,116528.86387846828,2194592.2333333334,4052797.8117685234,336386.6548981436,809676.6333333333,2360974.761375948,-741621.4947092813,2401443.1,4445008.301737785,357877.8982622146,809673.6166666667,2360971.953021034,-741624.7196877007
324,2561561.6,4650766.3873480065,472356.8126519935,2047709.0166666666,3908010.209472622,187407.82386071165,2215084.466666667,4083681.4253250174,346487.5080083159,844136.6333333333,2426103.391694241,-737830.1250275746,2561561.6,4650766.3873480065,472356.8126519935,844135.6833333333,2426102.5088195438,-737831.1421528771
325,2575999.066666667,4757656.992682546,394341.1406507869,2093435.9666666666,4065771.7836530046,121100.14968032856,2245565.6333333333,4211170.188858036,279961.07780863065,912395.7666666667,2623476.977015927,-798685.4436825936,2575999.066666667,4757656.992682546,394341.1406507869,912397.9333333333,2623479.0012861695,-798683.1346195026
326,2755322.1333333333,5080316.274480822,430327.99218584504,2315865.35,4454495.048670758,177235.65132924216,2321194.0,4453790.457714869,188597.54228513082,1011013.8333333334,2918781.3264627974,-896753.6597961307,2755322.1333333333,5080316.274480822,430327.99218584504,1011011.45,2918779.105275455,-896756.2052754548
327,3259591.8666666667,6047031.8407779075,472151.8925554259,2798183.1,5375830.268811079,220535.93118892144,2692814.216666667,5191489.599057462,194138.83427587198,1134195.2,3287924.9004422696,-1019534.5004422695,3259591.8666666667,6047031.8407779075,472151.8925554259,1134197.1833333333,3287926.7454337263,-1019532.3787670594
328,2963727.1,5437816.91814599,489637.2818540097,2499784.433333333,4704814.848652886,294754.01801378,2445619.15,4554628.697120751,336609.60287924856,811053.2666666667,2327895.7237490686,-705789.190415735,2963727.1,5437816.91814599,489637.2818540097,811048.05,2327890.873282129,-705794.7732821291
329,2774417.2,5124826.000735814,424008.3992641866,2319787.0166666666,4414846.277699802,224727.7556335316,2500771.3833333333,4581900.615170526,419642.1514961403,810078.7666666667,2327487.1496747504,-707329.6163414168,2774417.2,5124826.000735814,424008.3992641866,810078.7166666667,2327487.1001069974,-707329.666773664
330,3020026.2,5427592.433575403,612459.9664245979,2480749.3833333333,4610558.34331466,350940.4233520068,2708194.7333333334,4939344.463525176,477045.0031414912,794219.6333333333,2275471.5022868477,-687032.2356201811,3020026.2,5427592.433575403,612459.9664245979,794228.2833333333,2275479.538201491,-687022.9715348241
331,3077692.2333333334,5509328.423355425,646056.0433112425,2550589.3333333335,4697615.503097881,403563.1635687868,2737648.283333333,4962320.342882665,512976.2237840011,827358.9333333333,2349172.9434673777,-694455.076800711,3077692.2333333334,5509328.423355425,646056.0433112425,827357.3166666667,2349171.4169649975,-694456.783631664
332,2997518.5,5433267.080005849,561769.9199941512,2484249.683333333,4638570.307540359,329929.0591263068,2624931.3,4797778.864426624,452083.7355733756,809884.6666666666,2365679.8686080123,-745910.5352746792,2997518.5,5433267.080005849,561769.9199941512,809903.7,2365697.591649267,-745890.1916492672
333,2920859.033333333,5281574.430694275,560143.6359723913,2408700.933333333,4483031.300803126,334370.5658635404,2580563.716666667,4704329.457748955,456797.97558437893,833772.8666666667,2384673.4401493073,-717127.7068159736,2920859.033333333,5281574.430694275,560143.6359723913,833753.5833333334,2384655.4982340247,-717148.3315673581
334,3024069.3666666667,5490331.252723334,557807.480609999,2538136.1,4731834.727114715,344437.47288528504,2569335.716666667,4746575.3208709005,392096.1124624335,840221.1333333333,2417137.1118185613,-736694.8451518945,3024069.3666666667,5490331.252723334,557807.480609999,840203.9666666667,2417121.1559407027,-736713.2226073694
335,3084619.933333333,5714742.024628765,454497.8420379013,2563771.6333333333,4851947.317346414,275595.949320253,2770570.6666666665,5114485.2898294795,426656.04350385396,835195.6333333333,2443645.0732839573,-773253.8066172905,3084619.933333333,5714742.024628765,454497.8420379013,835209.9,2443658.359845785,-773238.5598457848
336,3134442.1,5827101.1753569795,441783.0246430207,2594795.8666666667,4907696.776575471,281894.9567578621,2826571.7333333334,5260690.560265081,392452.90640158625,837067.1666666666,2451932.493317455,-777798.1599841219,3134442.1,5827101.1753569795,441783.0246430207,837984.5333333333,2452792.019364594,-776822.9526979275
337,3019517.6666666665,5650984.936080452,388050.39725288097,2497752.066666667,4785590.242406499,209913.89092683466,2802575.3833333333,5182576.848255833,422573.9184108339,835308.2,2422439.128531321,-751822.7285313213,3019517.6666666665,5650984.936080452,388050.39725288097,835306.5666666667,2422437.608966196,-751824.4756328624
338,3033904.2,5650267.437934747,417540.9620652539,2506697.25,4786863.599650797,226530.90034920257,2875085.2666666666,5253313.730224315,496856.8031090186,830468.6,2377212.0000036084,-716274.8000036086,3033904.2,5650267.437934747,417540.9620652539,830467.0166666667,2377210.5262555233,-716276.49292219
339,2962012.933333333,5471061.3057345,452964.56093216594,2432292.55,4605243.29734203,259341.8026579693,2827835.783333333,5105117.994389988,550553.5722766789,817633.4,2336383.702199174,-701116.9021991742,2962012.933333333,5471061.3057345,452964.56093216594,817631.85,2336382.259557762,-701118.5595577623
340,2895209.3333333335,5412893.074127795,377525.59253887227,2398471.8,4566471.485426553,230472.11457344657,2677991.9166666665,4959757.537255263,396226.2960780696,818974.5333333333,2347627.0523477425,-709677.9856810757,2895209.3333333335,5412893.074127795,377525.59253887227,818969.75,2347622.6054294207,-709683.1054294207
341,2672823.6333333333,5156062.682236204,189584.58443046268,2184979.966666667,4300573.4175276235,69386.51580570964,2609807.933333333,4832921.952310434,386693.9143562331,797206.0666666667,2285766.68185801,-691354.5485246768,2672823.6333333333,5156062.682236204,189584.58443046268,797204.9333333333,2285765.6258608215,-691355.7591941545
342,2661502.9,5007251.027296168,315754.772703832,2189094.033333333,4188725.008626419,189463.0580402473,2409694.2666666666,4468398.888125281,350989.6452080526,766745.2666666667,2195611.9247230766,-662121.3913897431,2661502.9,5007251.027296168,315754.772703832,766752.95,2195619.0591044435,-662113.1591044436
343,2548262.433333333,4891860.279227927,204664.5874387389,2070573.5833333333,4067758.7792473696,73388.38741929713,2315538.4833333334,4330590.166721786,300486.7999448802,757830.2666666667,2169363.959005012,-653703.4256716786,2548262.433333333,4891860.279227927,204664.5874387389,757826.6166666667,2169360.565210279,-653707.3318769457
344,2492202.7,4815118.04169449,169287.35830550967,2030663.5,4008129.3952466454,53197.60475335433,2225768.0166666666,4203263.165020083,248272.86831325013,709071.9,2094604.8033563644,-676461.0033563642,2492202.7,4815118.04169449,169287.35830550967,709069.15,2094602.239550036,-676463.939550036
345,2511023.033333333,4806562.205409179,215483.86125748698,2080038.1833333333,4040804.5329626594,119271.83370400709,2195458.9,4159341.40569151,231576.3943084895,707517.7666666667,2091342.499643513,-676306.9663101794,2511023.033333333,4806562.205409179,215483.86125748698,707513.0,2091338.0557411686,-676312.0557411686
346,2512740.4,4860420.929585906,165059.87041409407,2085640.7833333334,4090221.6371874297,81059.92947923741,2178167.783333333,4194834.577534539,161500.98913212796,715388.5666666667,2114938.537793339,-684161.4044600057,2512740.4,4860420.929585906,165059.87041409407,715385.4333333333,2114935.616592013,-684164.7499253461
347,2339117.3333333335,4442252.434984298,235982.23168236902,1934061.7333333334,3722934.5267315954,145188.93993507163,2138408.9833333334,4040234.1799648227,236583.78670184407,646386.8666666667,1885104.2207225037,-592330.4873891703,2339117.3333333335,4442252.434984298,235982.23168236902,646438.6166666667,1885152.4158428758,-592275.1825095424
348,1760923.8666666667,3292332.5649497607,229515.16838357272,1369797.6833333333,2623051.823153315,116543.54351335182,1777334.4833333334,3182817.4600300547,371851.5066366121,477816.4,1397918.2220603386,-442285.42206033866,1760923.8666666667,3292332.5649497607,229515.16838357272,477813.26666666666,1397915.3042174932,-442288.7708841598
349,1799482.5666666667,3381878.451717952,217086.6816153815,1383996.4,2637576.150105576,130416.64989442378,1833218.0166666666,3209460.9892813787,456975.0440519545,396629.3333333333,1171701.93372267,-378443.2670560033,1799482.5666666667,3381878.451717952,217086.6816153815,396630.0333333333,1171702.5863200054,-378442.5196533386
350,1772068.4333333333,3304386.7092758385,239750.15739082824,1374870.4666666666,2557068.267838329,192672.66549500427,1634651.1333333333,2911497.627895356,357804.6387713107,311126.9666666667,918737.72736653,-296483.79403319664,1772068.4333333333,3304386.7092758385,239750.15739082824,311247.2166666667,918850.0392014744,-296355.60586814105
351,1886568.4666666666,3477663.048786045,295473.88454728783,1475596.5833333333,2739666.796715186,211526.3699514803,1743199.9833333334,3089822.786269203,396577.18039746373,395464.1666666667,1168793.010956129,-377864.67762279575,1886568.4666666666,3477663.048786045,295473.88454728783,395469.86666666664,1168798.325115959,-377858.5917826256
352,2383737.1,4381827.64420053,385646.5557994703,1936157.3666666667,3696514.885818698,175799.84751463542,2172649.433333333,3982710.798822512,362588.06784415455,758785.6,2244264.550148651,-726693.3501486509,2383737.1,4381827.64420053,385646.5557994703,758783.4833333333,2244262.576689834,-726695.6100231673
353,2299792.6666666665,4293840.373647706,305744.9596856276,1868403.4666666666,3628251.7378883446,108555.19544498855,2184099.033333333,3992697.1193857207,375500.9472809457,765449.2666666667,2264222.1895187814,-733323.6561854478,2299792.6666666665,4293840.373647706,305744.9596856276,765444.65,2264217.8850630643,-733328.5850630644
354,2156929.566666667,4028909.1133399424,284950.01999339135,1742674.6166666667,3356575.1064871787,128774.12684615469,1983695.2166666666,3638043.8614961514,329346.57183718146,667318.2,1973941.4043192542,-639305.0043192543,2156929.566666667,4028909.1133399424,284950.01999339135,667307.2,1973931.1478064551,-639316.7478064552
355,2079017.9,3950481.9561994364,207553.84380056313,1700414.35,3313742.9765894217,87085.72341057868,1872774.7833333334,3502912.0856929794,242637.48097368726,680104.5333333333,1986109.1416284833,-625900.0749618168,2079017.9,3950481.9561994364,207553.84380056313,680098.6,1986103.612155627,-625906.4121556272
356,2008015.4333333333,4029386.508830376,-13355.642163709272,1639109.2,3428262.034472694,-150043.63447269425,1937209.4166666667,3752219.1697236607,122199.66360967304,786980.0333333333,2328618.545153147,-754658.4784864803,2008015.4333333333,4029386.508830376,-13355.642163709272,786960.7833333333,2328600.5953868963,-754679.0287202295
357,2252894.6666666665,4250542.468993181,255246.86434015166,1847337.7166666666,3610278.1700233696,84397.26330996328,1937129.15,3696944.0116334306,177314.28836656944,765681.9333333333,2251756.204824536,-720392.3381578696,2252894.6666666665,4250542.468993181,255246.86434015166,765681.5833333334,2251755.879358255,-720392.7126915882
358,2310809.433333333,4292574.4052343145,329044.46143235196,1880786.85,3637740.029690627,123833.67030937318,2072686.75,3831539.9655603506,313833.53443964943,767488.6333333333,2253019.078131674,-718041.811465007,2310809.433333333,4292574.4052343145,329044.46143235196,767487.3166666667,2253017.848214266,-718043.2148809328
359,2310800.7666666666,4288917.899326194,332683.63400713936,1870837.9333333333,3632342.3877644995,109333.47890216717,2039999.4833333334,3790895.307911772,289103.658754895,770034.1,2279292.0146390176,-739223.8146390178,2310800.7666666666,4288917.899326194,332683.63400713936,770033.75,2279291.6882892475,-739224.1882892475
360,2440873.1666666665,4398836.877132423,482909.4562009098,1970955.15,3708500.63523208,233409.66476792027,2109714.0166666666,3876861.5094184466,342566.52391488664,748504.4333333333,2215081.9785619103,-718073.1118952436,2440873.1666666665,4398836.877132423,482909.4562009098,748505.15,2215082.6467809607,-718072.3467809606
361,2475728.1333333333,4420189.327415789,531266.9392508781,1965793.1833333333,3694649.209953391,236937.1567132757,2395565.8833333333,4182382.9943190357,608748.7723476312,785043.5333333333,2255344.9441986755,-685257.8775320089,2475728.1333333333,4420189.327415789,531266.9392508781,785044.1833333333,2255345.545120404,-685257.1784537372
362,2456389.6333333333,4326425.457138319,586353.809528348,1933604.3333333333,3602454.760443344,264753.90622332296,2406900.9833333334,4170579.6460708794,643222.3205957874,766855.6,2204635.941373007,-670924.7413730068,2456389.6333333333,4326425.457138319,586353.809528348,766856.55,2204636.82426049,-670923.7242604902
363,2331124.2,4070022.3026057463,592226.0973942543,1851152.3833333333,3390801.8970489255,311502.8696177411,2343619.9,4048000.2321022307,639239.5678977692,702187.2333333333,2008284.1293862201,-603909.6627195537,2331124.2,4070022.3026057463,592226.0973942543,702188.2,2008285.0272166803,-603908.6272166804
364,2491103.433333333,4239876.5721432865,742330.2945233802,1962489.5166666666,3512686.112261711,412292.92107162206,2633859.35,4402063.104277469,865655.5957225305,690886.0,1996777.2066965436,-615005.2066965436,2491103.433333333,4239876.5721432865,742330.2945233802,690885.1333333333,1996776.3982997588,-615006.1316330922
365,2437233.0,4259055.79802762,615410.20197238,1940716.4666666666,3537950.4175940985,343482.51573923486,2495673.966666667,4287114.609448325,704233.3238850085,687775.7,1993670.1700794431,-618118.7700794432,2437233.0,4259055.79802762,615410.20197238,687777.2666666667,1993671.6274549277,-618117.0941215943
366,2658802.066666667,4484327.073478954,833277.0598543799,2165512.566666667,3777629.208559136,553395.9247741976,2519835.283333333,4333704.842093509,705965.7245731573,685880.8,1991781.8482264352,-620020.2482264352,2658802.066666667,4484327.073478954,833277.0598543799,685802.5166666667,1991708.979974214,-620103.9466408804
367,2629262.066666667,4461808.608377211,796715.5249561227,2133798.683333333,3749728.6329162535,517868.7337504127,2433062.4833333334,4195331.3780269325,670793.5886397341,699836.2,2005877.2122743456,-606204.8122743457,2629262.066666667,4461808.608377211,796715.5249561227,699837.7833333333,2005878.683267733,-606203.1166010663
368,2689005.0,4313769.938158295,1064240.0618417046,2108164.7333333334,3448987.25408327,767342.2125833964,2327624.5166666666,3845771.3887301036,809477.6446032296,480968.3333333333,1373309.3349184706,-411372.6682518039,2689005.0,4313769.938158295,1064240.0618417046,480979.1666666667,1373319.3960419989,-411361.06270866556
369,2894641.4,4780432.034220034,1008850.7657799658,2340796.6166666667,3993882.683656577,687710.5496767564,2365038.2,4142479.275758791,587597.1242412096,698994.6,2004217.7217853125,-606228.5217853127,2894641.4,4780432.034220034,1008850.7657799658,700724.2833333333,2005911.5664663576,-604462.9997996908
370,3018529.2333333334,4971534.465495338,1065524.0011713293,2447294.216666667,4145164.132352568,749424.3009807654,2497508.1666666665,4326526.716282317,668489.6170510161,684978.3,1990898.7152010368,-620942.1152010367,3018529.2333333334,4971534.465495338,1065524.0011713293,684984.1833333333,1990904.190295336,-620935.8236286694
371,3034712.1666666665,4954705.792777283,1114718.5405560504,2469379.2,4154104.0060524335,784654.3939475666,2478859.283333333,4323896.039256103,633822.5274105635,703818.1666666666,2009998.5772483344,-602362.243915001,3034712.1666666665,4954705.792777283,1114718.5405560504,703834.6,2010013.8398600533,-602344.6398600534
372,3356083.966666667,5381577.920824395,1330590.012508939,2735332.0833333335,4498041.742971509,972622.423695158,2676991.566666667,4650616.752727805,703366.3806055295,721889.6,2029223.6049317787,-585444.4049317787,3356083.966666667,5381577.920824395,1330590.012508939,721968.0166666667,2029296.4143847437,-585360.3810514103
373,3376369.8666666667,5465372.172886053,1287367.5604472803,2750798.55,4556272.6355396975,945324.4644603026,2858415.7,4990705.195482591,726126.2045174092,749874.5,2056442.4449882954,-556693.4449882954,3376369.8666666667,5465372.172886053,1287367.5604472803,736161.3833333333,2042904.7008492753,-570581.9341826087
374,3379958.8333333335,5489760.249786199,1270157.416880468,2744210.7,4562446.637935659,925974.7620643419,2903990.5,5010810.304305807,797170.6956941937,701270.1333333333,2007355.7439694346,-604815.477302768,3379958.8333333335,5489760.249786199,1270157.416880468,701278.2,2007363.2375740274,-604806.8375740275
375,3569612.7,5873746.518052327,1265478.881947673,2915392.7333333334,4909656.7094347635,921128.7572319035,2863878.783333333,5002488.107763705,725269.4589029616,767607.3333333334,2193297.4749276284,-658082.8082609616,3569612.7,5873746.518052327,1265478.881947673,767628.1666666666,2193316.8271792387,-658060.4938459053
376,3508661.8666666667,5672734.412988538,1344589.3203447955,2903393.75,4820425.507050672,986361.9929493286,3016806.35,5152181.424173014,881431.2758269855,741377.3,2143010.959875352,-660256.3598753521,3508661.8666666667,5672734.412988538,1344589.3203447955,741383.0833333334,2143016.3383582695,-660250.1716916029
377,3336581.2333333334,5429565.718269589,1243596.7483970772,2767962.95,4650872.658351269,885053.2416487313,3077328.85,5236282.056638533,918375.6433614674,736326.8666666667,2145119.87517698,-672466.1418436468,3336581.2333333334,5429565.718269589,1243596.7483970772,736330.45,2145123.2105628,-672462.3105628002
378,3516812.1,5787297.750902791,1246326.4490972096,2917114.466666667,4965497.617385676,868731.315947657,3012469.0833333335,5088459.098663319,936479.0680033481,758622.7,2179409.2716273577,-662163.8716273578,3516812.1,5787297.750902791,1246326.4490972096,758657.8333333334,2179441.929440106,-662126.2627734392
379,3227444.533333333,5449044.909709303,1005844.1569573637,2745229.9,4803191.327938519,687268.4720614809,2775121.3666666667,4786533.779392142,763708.9539411913,797188.0,2239202.8932052357,-644826.893205236,3227444.533333333,5449044.909709303,1005844.1569573637,797279.5833333334,2239287.8274042755,-644728.6607376089
380,3248044.6666666665,5518370.1116476,977719.2216857332,2783133.25,4915765.07305779,650501.4269422097,2683375.5166666666,4617958.914195541,748792.1191377917,838008.7,2326663.647056032,-650646.2470560321,3248044.6666666665,5518370.1116476,977719.2216857332,838058.75,2326709.9818193414,-650592.4818193414
381,3231986.3333333335,5551124.082288597,912848.5843780707,2740408.2666666666,4892423.073265621,588393.4600677113,2672271.5,4587968.515137471,756574.484862529,798190.6,2274580.778042906,-678199.5780429061,3231986.3333333335,5551124.082288597,912848.5843780707,798206.65,2274595.680289156,-678182.3802891559
382,3451303.6333333333,5820245.500578307,1082361.7660883595,2912914.0166666666,5095386.348947914,730441.6843854184,2895612.683333333,4816644.121032282,974581.2456343845,782399.5666666667,2220173.3099199566,-655374.1765866233,3451303.6333333333,5820245.500578307,1082361.7660883595,782458.2166666667,2220227.7558986493,-655311.3225653161
383,3412857.033333333,5779964.3556572385,1045749.7110094284,2862154.1333333333,5038679.011454804,685629.2552118632,2964436.183333333,4920035.493714033,1008836.8729526331,758965.5666666667,2194524.5021338714,-676593.3688005384,3412857.033333333,5779964.3556572385,1045749.7110094284,759002.8833333333,2194559.215184953,-676553.4485182865
384,2886231.1333333333,4959713.09443559,812749.1722310763,2307763.2,4118421.6281816307,497104.77181836986,2420954.316666667,4032808.02499728,809100.6083360536,104897.43333333333,243220.70900329668,-33425.84233663003,2886231.1333333333,4959713.09443559,812749.1722310763,105042.13333333333,243352.3920235498,-33268.12535688313
385,2922053.433333333,4997873.961655196,846232.9050114709,2326757.2333333334,4125192.2533180285,528322.2133486385,2304310.6333333333,3776550.587514753,832070.6791519136,79464.96666666666,222058.81636286987,-63128.88302953653,2922053.433333333,4997873.961655196,846232.9050114709,79824.31666666667,222400.1008361886,-62751.467502855245
386,3093785.7666666666,5175846.581628857,1011724.9517044756,2461258.783333333,4270292.03773362,652225.5289330466,2420817.716666667,3923745.064600043,917890.3687332906,167171.96666666667,385088.85201260354,-50744.918679270195,3093785.7666666666,5175846.581628857,1011724.9517044756,167182.76666666666,385098.55906655407,-50733.02573322074
387,3200465.4,5313173.918771721,1087756.8812282784,2519893.933333333,4353664.779842935,686123.0868237317,2415542.7666666666,3900200.0397476004,930885.4935857328,153402.16666666666,359386.48747343774,-52582.15414010442,3200465.4,5313173.918771721,1087756.8812282784,153430.68333333332,359412.22972676053,-52550.86306009389
388,3193082.4,5324126.977857906,1062037.822142094,2555963.4833333334,4431968.813661207,679958.1530054593,2436363.033333333,3900628.4300667103,972097.6365999563,177659.4,428221.0694247025,-72902.2694247025,3193082.4,5324126.977857906,1062037.822142094,177668.7,428229.49877198844,-72892.09877198841
389,3200175.3,5359359.207130364,1040991.3928696355,2535424.066666667,4429265.159235066,641582.9740982682,2411140.35,3865367.923181803,956912.7768181975,164955.5,458718.5390255456,-128807.53902554559,3200175.3,5359359.207130364,1040991.3928696355,165049.75,458806.0731109708,-128706.57311097078
390,3156587.2,5278902.349765319,1034272.0502346815,2531387.9,4394140.571846934,668635.2281530658,2324204.95,3765315.092227368,883094.8077726322,240127.0,619607.7079915167,-139353.70799151668,3156587.2,5278902.349765319,1034272.0502346815,227302.33333333334,605241.0956354432,-150636.4289687765
391,3232143.2,5393791.37744946,1070495.02255054,2617322.2333333334,4501268.774041391,733375.692625276,2441812.5166666666,4007566.8598655583,876058.1734677751,257521.0,722336.0418897958,-207294.04188979574,3232143.2,5393791.37744946,1070495.02255054,257529.55,722343.9655261918,-207284.86552619177
392,3163207.066666667,5325473.252504998,1000940.8808283359,2438781.95,4287543.463660276,590020.4363397248,2313017.0833333335,3787399.455856589,838634.7108100778,2755.366666666667,8121.390473690504,-2610.6571403571706,3163207.066666667,5325473.252504998,1000940.8808283359,2755.116666666667,8121.165042113839,-2610.9317087805057
393,3285347.1666666665,5491528.241955111,1079166.0913782218,2541662.1,4426436.8894300265,656887.3105699734,2298576.8833333333,3750811.1920070825,846342.5746595843,4650.3,13735.921952972469,-4435.321952972469,3285347.1666666665,5491528.241955111,1079166.0913782218,4657.383333333333,13742.562118175587,-4427.79545150892
394,3359331.966666667,5560865.32826423,1157798.6050691037,2609238.3833333333,4486483.074391952,731993.6922747144,2439091.65,4002247.9594473536,875935.3405526462,39572.5,107429.2976861129,-28284.2976861129,3359331.966666667,5560865.32826423,1157798.6050691037,39928.2,107775.73279615524,-27919.332796155242
395,3409433.566666667,5625164.713492492,1193702.419840842,2634323.5166666666,4519683.818482203,748963.2148511298,2446945.35,3966172.54819223,927718.1518077704,10963.633333333333,32411.893380576992,-10484.626713910324,3409433.566666667,5625164.713492492,1193702.419840842,10965.816666666668,32413.933155529347,-10482.29982219601
396,3475797.8666666667,5674498.306861075,1277097.4264722588,2716000.5166666666,4594594.913229936,837406.1201033976,2366803.45,3861837.903919234,871768.9960807664,43343.700000000004,112750.63156363409,-26063.23156363407,3475797.8666666667,5674498.306861075,1277097.4264722588,43335.05000000001,112742.6832969577,-26072.583296957666
397,3538058.966666667,5746954.147510536,1329163.7858227976,2747710.783333333,4635397.983299794,860023.5833668723,2378883.8,3915783.910665771,841983.6893342286,7662.566666666667,22577.82890134568,-7252.695568012349,3538058.966666667,5746954.147510536,1329163.7858227976,7642.283333333334,22558.80781144028,-7274.241144773615
398,3455952.8,5650103.754578441,1261801.8454215587,2724541.966666667,4610972.634897631,838111.2984357032,2515897.85,4098833.4368669977,932962.2631330022,53659.066666666666,130218.81000828263,-22900.676674949296,3455952.8,5650103.754578441,1261801.8454215587,53632.53333333333,130194.69953265548,-22929.632865988802
399,3520615.966666667,5728271.399097931,1312960.534235403,2760088.6,4663987.074758963,856190.1252410375,2584895.5166666666,4168184.0102353757,1001607.0230979577,75912.23333333334,189366.32464527842,-37541.85797861175,3520615.966666667,5728271.399097931,1312960.534235403,75903.58333333333,189358.43696770375,-37551.270301037104
400,3330996.1666666665,5512035.566314816,1149956.7670185175,2549251.95,4403113.198891363,695390.7011086375,2758835.283333333,4437320.6963865645,1080349.8702801014,51911.26666666667,125807.60319433539,-21985.06986100204,3330996.1666666665,5512035.566314816,1149956.7670185175,51888.3,125786.7410548934,-22010.141054893393
401,3017856.7666666666,5168606.242462732,867107.2908706013,2328113.4833333334,4169079.7531523793,487147.2135142875,2827471.7666666666,4567439.086348918,1087504.4469844147,19785.766666666666,57954.501038477974,-18382.967705144638,3017856.7666666666,5168606.242462732,867107.2908706013,19853.266666666666,58018.70769964688,-18312.174366313553
402,2838288.466666667,4890296.739522542,786280.1938107915,2209522.283333333,3953092.4353379244,465952.13132874225,2577334.4,4213207.707240962,941461.0927590372,16391.8,40926.59715257669,-8142.997152576689,2838288.466666667,4890296.739522542,786280.1938107915,18566.633333333335,44761.12655781399,-7627.85989114732
403,2942963.3333333335,5139824.048591504,746102.6180751636,2315620.0833333335,4221638.072028293,409602.09463837347,2495572.95,4116082.4795219274,875063.4204780727,10340.5,30230.1169004971,-9549.116900497102,2942963.3333333335,5139824.048591504,746102.6180751636,10348.75,30237.851734016003,-9540.351734016003
404,2864600.1,5071399.203504648,657800.9964953517,2291504.783333333,4221961.495357867,361048.07130879955,2287037.0166666666,3821259.6240551714,752814.4092781616,9726.8,28391.641658602275,-8938.041658602277,2864600.1,5071399.203504648,657800.9964953517,9731.0,28395.564056257066,-8933.564056257066
405,2899587.033333333,5152224.627083516,646949.4395831507,2305870.1333333333,4256790.1495172465,354950.11714941985,2250014.3333333335,3767943.4666033005,732085.2000633664,6824.1,19873.519617716614,-6225.319617716612,2899587.033333333,5152224.627083516,646949.4395831507,6820.8,19870.444899350285,-6228.844899350285
406,2955401.0,5247642.294412823,663159.7055871771,2354391.316666667,4340005.36491379,368777.26841954375,2309771.5,3858600.3926955047,760942.6073044953,9276.4,27446.79079169117,-8893.990791691174,2955401.0,5247642.294412823,663159.7055871771,9278.9,27449.123386409643,-8891.323386409646
407,3068068.9,5386489.773482197,749648.0265178028,2475523.5833333335,4490045.361894317,461001.8047723498,2280768.05,3849795.0523475595,711741.0476524401,7802.333333333333,22767.087137957107,-7162.42047129044,3068068.9,5386489.773482197,749648.0265178028,7810.966666666666,22775.149687667727,-7153.216354334395
408,3099243.1666666665,5415077.329444516,783409.003888817,2495878.533333333,4517763.412702899,473993.6539637672,2362163.55,3976396.7419104725,747930.3580895269,27316.733333333334,65229.1089700928,-10595.642303426135,3099243.1666666665,5415077.329444516,783409.003888817,27325.75,65237.27594116509,-10585.775941165091
409,3179573.4,5490603.087262067,868543.7127379328,2538235.683333333,4539283.597141085,537187.7695255815,2477578.6,4144278.799503213,810878.4004967876,20594.466666666667,53313.177678465785,-12124.244345132447,3179573.4,5490603.087262067,868543.7127379328,20597.383333333335,53315.853415147925,-12121.086748481252
410,3223743.6333333333,5577678.33232548,869808.9343411867,2592170.2,4637247.885675043,547092.5143249575,2622284.45,4487798.764337958,756770.1356620423,3921.3333333333335,11563.995278708026,-3721.328612041358,3223743.6333333333,5577678.33232548,869808.9343411867,3929.55,11571.695371865837,-3712.5953718658375
411,3668503.9,6126996.305589114,1210011.4944108855,3069685.783333333,5270692.516556928,868679.050109738,2949518.2666666666,4837225.994584722,1061810.5387486112,480654.23333333334,1417575.9888097716,-456267.52214310487,3668503.9,6126996.305589114,1210011.4944108855,480656.3,1417577.915082089,-456265.315082089
412,3619663.2666666666,5964436.228829929,1274890.3045034045,2953636.7666666666,5020745.2963272575,886528.2370060752,2971413.6333333333,4766723.816387344,1176103.450279323,330688.6666666667,938402.990804207,-277025.6574708736,3619663.2666666666,5964436.228829929,1274890.3045034045,330669.88333333336,938385.5518545702,-277045.7851879035
413,3299872.6666666665,5588001.878124027,1011743.455209306,2702561.566666667,4729723.63597174,675399.4973615941,2766449.9833333334,4631196.996276978,901702.9703896889,155709.1,452826.9296276991,-141408.72962769904,3299872.6666666665,5588001.878124027,1011743.455209306,155713.46666666667,452830.9945198791,-141404.06118654576
414,3189174.8,5426939.229975681,951410.3700243188,2606730.533333333,4578634.588619579,634826.4780470873,2708545.216666667,4504027.977375702,913062.4559576316,153780.06666666668,448234.09797637933,-140673.96464304594,3189174.8,5426939.229975681,951410.3700243188,153783.1,448236.92192424135,-140670.72192424137
415,3432956.466666667,5736093.736324901,1129819.1970084324,2810181.9833333334,4851643.100360877,768720.8663057901,2818569.433333333,4603615.7104257215,1033523.1562409445,335077.6666666667,958252.6029629332,-288097.2696295998,3432956.466666667,5736093.736324901,1129819.1970084324,335080.7833333333,958255.4977482033,-288093.9310815367
416,3646800.966666667,5965189.449459679,1328412.4838736546,2869222.35,4837804.975689492,900639.7243105082,3313756.45,5360364.401480329,1267148.4985196714,295136.9,842925.8187303946,-252652.01873039454,3646800.966666667,5965189.449459679,1328412.4838736546,295135.05,842924.1006499699,-252654.00064996997
417,3563633.566666667,5893246.222481154,1234020.9108521799,2788869.683333333,4738937.404153747,838801.9625129199,3027914.9166666665,5003388.1654684525,1052441.667864881,300323.2,829435.911891734,-228789.5118917339,3563633.566666667,5893246.222481154,1234020.9108521799,300324.9666666667,829437.5468359538,-228787.6135026205
418,3613099.066666667,5965896.011817833,1260302.1215155008,2836763.5166666666,4844839.419699958,828687.6136333758,3125958.4,5096115.52691512,1155801.27308488,203409.93333333332,469509.019588133,-62689.15292146636,3613099.066666667,5965896.011817833,1260302.1215155008,203412.0,469510.877304349,-62686.87730434898
419,3744817.8333333335,6148128.87269887,1341506.7939677974,2938618.933333333,4963293.749961925,913944.1167047413,3209707.3333333335,5187832.039785741,1231582.6268809256,325914.5333333333,896687.9161215673,-244858.8494549006,3744817.8333333335,6148128.87269887,1341506.7939677974,325915.63333333336,896688.9330890172,-244857.6664223505
420,3840669.3,6329765.989404127,1351572.610595873,3087718.05,5237742.365927125,937693.7340728743,3461020.0166666666,5586476.848754678,1335563.1845786553,554592.1666666666,1580024.4528121045,-470840.11947877123,3840669.3,6329765.989404127,1351572.610595873,554815.1666666666,1580231.951684257,-470601.61835092376
421,3698441.2666666666,6147432.380909705,1249450.1524236286,2966249.4833333334,5022545.995977296,909952.9706893717,3275541.433333333,5285487.855090337,1265595.0115763296,345271.1666666667,983726.513321748,-293184.1799884146,3698441.2666666666,6147432.380909705,1249450.1524236286,345291.98333333334,983745.8417876661,-293161.87512099947
422,3522597.2666666666,5872689.382176748,1172505.1511565852,2775057.5833333335,4706577.780582947,843537.3860837205,3265704.4166666665,5344625.361528608,1186783.4718047248,177162.4,458010.8438050562,-103686.04380505622,3522597.2666666666,5872689.382176748,1172505.1511565852,177173.01666666666,458020.5749007478,-103674.54156741448
423,3947424.1333333333,6393307.388479685,1501540.8781869807,3126947.55,5159900.819394075,1093994.2806059243,3667664.6166666667,5912847.6324601015,1422481.600873232,539216.5666666667,1522884.2971612487,-444451.16382791544,3947424.1333333333,6393307.388479685,1501540.8781869807,540212.2333333333,1523817.5485412935,-443393.0818746268
424,3982706.7333333334,6426662.729667334,1538750.7369993324,3152384.5833333335,5201499.011965187,1103270.1547014802,3626356.9166666665,5832433.192490191,1420280.6408431418,505004.8,1389836.3328257306,-379826.7328257305,3982706.7333333334,6426662.729667334,1538750.7369993324,507008.61666666664,1391733.6837068633,-377716.4503735301
425,3590335.1666666665,5990962.709438579,1189707.6238947539,2883269.4166666665,4913163.775279827,853375.0580535051,3128768.8,5152644.576313124,1104893.0236868754,173419.5,481369.2253358716,-134530.22533587163,3590335.1666666665,5990962.709438579,1189707.6238947539,173427.06666666668,481376.2082477516,-134522.07491441825
426,3543719.033333333,5933130.8371360665,1154307.2295306,2927744.4166666665,5011319.996054677,844168.8372786555,3149330.5,5212396.3629667265,1086264.6370332735,162439.16666666666,480779.1809900823,-155900.84765674899,3543719.033333333,5933130.8371360665,1154307.2295306,162448.03333333333,480787.4510666931,-155891.38440002647
427,3649428.9,6049604.76367546,1249253.0363245402,2975546.6666666665,5026083.378898535,925009.9544347983,3146218.6,5155163.368607418,1137273.8313925827,356473.8333333333,1054996.7756332648,-342049.1089665982,3649428.9,6049604.76367546,1249253.0363245402,356513.7833333333,1055034.0479768277,-342006.48131016106
428,4115316.4,6712316.580692499,1518316.2193075009,3447029.7,5775556.355319212,1118503.0446807882,3297221.7333333334,5429970.503395438,1164472.9632712286,643272.8666666667,1836738.1779177182,-550192.4445843848,4115316.4,6712316.580692499,1518316.2193075009,643359.9166666666,1836819.0540524195,-550099.2207190861
429,3773006.533333333,6246803.238343748,1299209.8283229182,3148273.6666666665,5326192.874025412,970354.4593079216,3094912.316666667,5076425.961783068,1113398.671550266,307980.8333333333,761404.6552665035,-145442.98859983683,3773006.533333333,6246803.238343748,1299209.8283229182,308271.2166666667,761696.0484462334,-145153.61511289998
430,3664727.1666666665,6134360.164548418,1195094.168784916,3070799.9,5250709.400278789,890890.3997212108,2765815.3666666667,4593916.486276241,937714.2470570928,128410.7,292075.3704344551,-35253.97043445513,3664727.1666666665,6134360.164548418,1195094.168784916,128416.66666666667,292080.68843567866,-35247.35510234533
431,3557659.033333333,5993252.586523715,1122065.480142951,2944275.85,5051231.180577757,837320.5194222433,2693117.8,4500914.643809775,885320.9561902252,66272.66666666667,136608.59264590868,-4063.2593125753338,3557659.033333333,5993252.586523715,1122065.480142951,68325.23333333334,138994.68540859254,-2344.21874192587
432,3724167.8333333335,6265623.066154851,1182712.6005118163,3052173.1166666667,5232936.9194634175,871409.3138699159,2763446.3666666667,4667753.927655008,859138.8056783259,81237.13333333333,173037.58454385895,-10563.317877192268,3724167.8333333335,6265623.066154851,1182712.6005118163,81358.31666666667,173146.07043694344,-10429.437103610122
433,4471929.4,7488728.78173619,1455130.0182638103,3727630.9833333334,6318768.687568508,1136493.2790981582,3102883.9166666665,5358123.518656539,847644.3146767942,116587.13333333333,263106.08321517543,-29931.816548508737,4471929.4,7488728.78173619,1455130.0182638103,116575.5,263095.66277929407,-29944.66277929404
434,5348630.5,8669076.423270036,2028184.576729965,4568311.416666667,7550661.307074526,1585961.5262588076,3957685.316666667,6674881.142441582,1240489.4908917514,948013.9333333333,2724501.182970452,-828473.3163037852,5348630.5,8669076.423270036,2028184.576729965,948050.2,2724534.8862375696,-828434.4862375697
435,5346919.0,8718975.784164013,1974862.2158359862,4563976.0,7624394.164107602,1503557.835892398,4050461.316666667,6894520.618712289,1206402.014621045,1043506.9666666667,3024564.867328853,-937550.9339955196,5346919.0,8718975.784164013,1974862.2158359862,1043515.4,3024572.7124145795,-937541.9124145793
436,5461009.633333334,8840388.424181629,2081630.8424850386,4700699.066666666,7817838.954782704,1583559.1785506285,4234971.083333333,7178608.338953468,1291333.827713198,1134470.0666666667,3290918.9859472793,-1021978.8526139462,5461009.633333334,8840388.424181629,2081630.8424850386,1134596.9666666666,3291037.1161733232,-1021843.1828399899
437,5683588.1,9527357.357018236,1839818.8429817623,5008065.266666667,8660880.473826114,1355250.0595072182,4510455.1,8008018.00064222,1012892.1993577797,1495441.0333333334,4415652.415604418,-1424770.3489377515,5683588.1,9527357.357018236,1839818.8429817623,1495525.9666666666,4415731.611626168,-1424679.6782928344
438,5675394.6,9333687.442433288,2017101.7575667114,4956960.916666667,8402889.273165552,1511032.560167782,4407735.45,7747576.205336276,1067894.694663724,1377546.6333333333,4077512.4195918688,-1322419.1529252022,5675394.6,9333687.442433288,2017101.7575667114,1377552.2833333334,4077517.687851796,-1322413.1211851288
439,5609542.166666667,9385357.04836745,1833727.2849658844,4920654.633333334,8493816.373983178,1347492.8926834888,4506335.733333333,7987828.126415113,1024843.3402515533,1486425.8666666667,4399815.090852698,-1426963.3575193654,5609542.166666667,9385357.04836745,1833727.2849658844,1486424.9833333334,4399814.267219039,-1426964.300552372
440,5821667.066666666,9567072.017013751,2076262.1163195814,5032657.35,8539287.718388155,1526026.9816118432,4501912.883333334,7873235.191631785,1130590.5750348824,1445139.5666666667,4236159.258673044,-1345880.1253397109,5821667.066666666,9567072.017013751,2076262.1163195814,1434845.4666666666,4226342.352016772,-1356651.4186834393
441,5779909.866666666,9365957.127191896,2193862.6061414364,4956082.1,8261236.004808255,1650928.1951917452,4352641.933333334,7497889.931610532,1207393.9350561346,1266760.4,3722217.714197491,-1188696.914197491,5779909.866666666,9365957.127191896,2193862.6061414364,1266787.4833333334,3722243.314159804,-1188668.3474931372
442,5833789.966666667,9400248.328821255,2267331.604512079,4937103.033333333,8155443.620857926,1718762.4458087399,4278355.183333334,7306404.749280056,1250305.6173866116,1180059.6,3461448.987865285,-1101329.7878652848,5833789.966666667,9400248.328821255,2267331.604512079,1180148.3,3461532.1503774375,-1101235.5503774376
443,5911695.666666667,9499107.723851904,2324283.609481429,5027674.116666666,8266046.357704602,1789301.8756287298,4372591.8,7416137.269276285,1329046.330723715,1144710.8,3359807.4667208157,-1070385.866720816,5911695.666666667,9499107.723851904,2324283.609481429,1144746.35,3359841.0096638044,-1070348.3096638042
444,5457690.1,8742750.12150608,2172630.07849392,4661762.333333333,7634488.307494851,1689036.3591718148,4135075.4166666665,6952808.9275227925,1317341.9058105405,995582.8,2912491.0950099835,-921325.4950099834,5457690.1,8742750.12150608,2172630.07849392,995615.9833333333,2912522.775984625,-921290.8093179582
445,5043009.4,8243291.593320096,1842727.2066799048,4329255.233333333,7254735.550892206,1403774.9157744609,3878583.05,6665985.198911574,1091180.9010884264,1013881.0333333333,2958324.788756762,-930562.7220900954,5043009.4,8243291.593320096,1842727.2066799048,1013922.7833333333,2958364.971219044,-930519.4045523774
446,4784915.166666667,7776546.807519641,1793283.5258136927,4110125.5166666666,6856072.717616654,1364178.3157166792,3497051.0,6237136.0745223975,756965.9254776025,1000596.9333333333,2931682.819089105,-930488.9524224382,4784915.166666667,7776546.807519641,1793283.5258136927,1000616.05,2931701.2119802684,-930469.111980268
447,4808463.633333334,7812381.470017725,1804545.7966489429,4116002.3833333333,6847713.935306297,1384290.83136037,3534787.4,6272538.803063969,797035.9969360307,966842.6666666666,2828904.4640460256,-895219.1307126923,4808463.633333334,7812381.470017725,1804545.7966489429,966864.6333333333,2828925.68855419,-895196.4218875235
448,4979335.3,8135593.653234618,1823076.9467653818,4291867.566666666,7223037.161594129,1360697.9717392037,4037742.0166666666,6951612.312828671,1123871.720504662,1055211.6333333333,3099501.1717705918,-989077.9051039251,4979335.3,8135593.653234618,1823076.9467653818,1055224.9833333334,3099513.9204819156,-989063.953815249
449,4957206.9,8059795.085874995,1854618.714125006,4227015.033333333,7080433.245821525,1373596.820845141,3951785.5833333335,6767116.729499936,1136454.4371667304,1007184.6333333333,2953668.83224602,-939299.5655793534,4957206.9,8059795.085874995,1854618.714125006,1007259.6666666666,2953740.8363928604,-939221.503059527
450,5023318.833333333,8239061.265780812,1807576.400885854,4178169.7666666666,7091000.988589477,1265338.5447438564,3831630.433333333,6682730.020344127,980530.8463225393,1028702.3333333334,3024230.371411642,-966825.7047449754,5023318.833333333,8239061.265780812,1807576.400885854,1028690.3666666667,3024218.979286008,-966838.2459526747
451,4770409.466666667,7834960.632311296,1705858.3010220383,3895334.35,6633725.669112641,1156943.0308873588,3723219.3833333333,6512483.804589136,933954.9620775315,997228.6666666666,2899290.2266872516,-904832.8933539185,4770409.466666667,7834960.632311296,1705858.3010220383,997232.5,2899293.87301613,-904828.8730161304
452,4858010.366666666,8078436.135639105,1637584.5976942275,3982204.35,6842645.025470529,1121763.6745294714,3799049.8833333333,6652819.718225153,945280.0484415134,1000467.6666666666,2905489.5061784773,-904554.1728451442,4858010.366666666,8078436.135639105,1637584.5976942275,1000478.9333333333,2905500.2534896927,-904542.3868230262
453,5049854.333333333,8361975.866225345,1737732.8004413205,4146923.15,7069707.909440106,1224138.3905598936,3899057.8,6737442.046286036,1060673.5537139634,983875.8333333334,2857803.068940186,-890051.4022735193,5049854.333333333,8361975.866225345,1737732.8004413205,983880.1833333333,2857807.1988861826,-890046.8322195159
454,4917177.333333333,8135605.645079234,1698749.0215874324,4074665.216666667,6884388.392440285,1264942.040893049,3552546.4833333334,6330563.845336939,774529.1213297276,978813.6333333333,2838884.836257387,-881257.5695907201,4917177.333333333,8135605.645079234,1698749.0215874324,978823.75,2838894.4634404383,-881246.9634404383
455,4806853.2,7963177.478166036,1650528.9218339636,3880598.716666667,6579048.903701468,1182148.5296318652,3385948.683333333,6118781.07218877,653116.2944778954,930451.5,2693446.6306293174,-832543.6306293174,4806853.2,7963177.478166036,1650528.9218339636,930460.8333333334,2693455.585161556,-832533.9184948894
456,4628199.233333333,7739042.620707002,1517355.8459596657,3746294.85,6407311.98850105,1085277.7114989506,3474145.566666667,6197101.111455151,751190.0218781829,904025.9666666667,2655283.3057403914,-847231.3724070579,4628199.233333333,7739042.620707002,1517355.8459596657,904039.9666666667,2655296.6476757918,-847216.7143424585
457,4680865.9,7738936.025932196,1622795.7740678051,3816891.183333333,6465415.427746993,1168366.9389196741,3551006.033333333,6292347.19842606,809664.868240606,965158.0,2801403.47363313,-871087.4736331298,4680865.9,7738936.025932196,1622795.7740678051,965170.6833333333,2801415.5298311287,-871074.163164462
458,4996663.366666666,8112012.039743419,1881314.6935899137,4068470.033333333,6826796.039980699,1310144.026685967,3817065.9,6600553.252392571,1033578.5476074279,1106389.9,3183507.132987514,-970727.3329875141,4996663.366666666,8112012.039743419,1881314.6935899137,1106419.0666666667,3183534.8394974987,-970696.7061641654
459,5161483.466666667,8400548.315219527,1922418.6181138065,4275558.683333334,7235410.20026196,1315707.1664047074,4122457.033333333,6931652.419551182,1313261.6471154848,1122558.8,3232306.1543544168,-987188.5543544164,5161483.466666667,8400548.315219527,1922418.6181138065,1122584.05,3232330.099610107,-987161.9996101067
460,5253226.5,8540607.497853044,1965845.502146955,4354515.383333334,7338648.166191256,1370382.6004754123,4105413.15,6818802.624744805,1392023.6752551957,1054352.1666666667,3030255.3352345414,-921551.0019012077,5253226.5,8540607.497853044,1965845.502146955,1054379.05,3030280.8745765407,-921522.7745765403
461,4794592.266666667,7799700.310713967,1789484.222619366,3882226.8333333335,6517710.153918594,1246743.5127480729,3676842.2333333334,6285743.576562693,1067940.890103974,997159.3,2861887.499136798,-867568.8991367982,4794592.266666667,7799700.310713967,1789484.222619366,997191.8166666667,2861918.4496907936,-867534.8163574601
462,5242220.3,8617220.538852077,1867220.0611479222,4413121.933333334,7481093.005750201,1345150.8609164665,4193289.183333333,6865723.495628994,1520854.8710376718,1016226.2333333333,2949935.977272053,-917483.5106053863,5242220.3,8617220.538852077,1867220.0611479222,1016264.1,2949972.181291005,-917443.981291005
463,4686728.2,7714099.86559917,1659356.53440083,3910031.45,6601827.538083433,1218235.3619165672,3736051.8,6404274.837112896,1067828.7628871035,1051886.7333333334,3021399.862935557,-917626.3962688902,4686728.2,7714099.86559917,1659356.53440083,1051927.2333333334,3021438.2808688586,-917583.8142021918
464,4810421.433333334,7861953.847651223,1758889.0190154444,4007526.9833333334,6695316.7324764235,1319737.2341902433,3757180.033333333,6434859.524154306,1079500.54251236,1015775.4333333333,2878937.9205854526,-847387.0539187859,4810421.433333334,7861953.847651223,1758889.0190154444,1015799.0,2878960.3080443274,-847362.3080443272
465,4736676.433333334,7877566.870398787,1595785.9962678803,3898338.3666666667,6634872.034838131,1161804.6984952032,3768449.1166666667,6493286.5621366855,1043611.6711966479,1023548.6333333333,2869109.4687311463,-822012.2020644795,4736676.433333334,7877566.870398787,1595785.9962678803,1023568.1833333333,2869127.9261102127,-821991.5594435458
466,5065296.566666666,8368108.577097796,1762484.5562355365,4052004.4166666665,6864429.545306189,1239579.2880271436,3689064.316666667,6462803.807137524,915324.82619581,1040130.9666666667,2902760.8110971786,-822498.8777638454,5065296.566666666,8368108.577097796,1762484.5562355365,1040149.05,2902777.8346575648,-822479.7346575647
467,5001006.3,8282970.110592207,1719042.4894077932,3994314.8666666667,6787169.993346945,1201459.739986388,3828826.7333333334,6646941.491859861,1010711.9748068065,995234.1333333333,2811478.3392231185,-821010.0725564517,5001006.3,8282970.110592207,1719042.4894077932,995187.6666666666,2811435.643200772,-821060.3098674385
468,4591699.733333333,7686255.371174039,1497144.095492627,3608192.3833333333,6208608.915043473,1007775.8516231938,3808055.75,6594796.003651978,1021315.4963480211,972708.1,2739453.268665771,-794037.0686657712,4591699.733333333,7686255.371174039,1497144.095492627,972721.05,2739465.5747183934,-794023.4747183933
469,4562323.266666667,7611606.278840843,1513040.2544924906,3611081.0,6202950.338211644,1019211.6617883551,3846670.1333333333,6654996.6066033095,1038343.6600633571,974139.9,2739642.1484803422,-791362.3484803423,4562323.266666667,7611606.278840843,1513040.2544924906,974155.2166666667,2739656.6208286537,-791346.1874953202
470,4933562.233333333,8226759.829200386,1640364.6374662807,4019751.3833333333,6861143.936144538,1178358.8305221284,3997357.4166666665,6744783.872273972,1249930.9610593603,931938.1333333333,2630671.70246304,-766795.4357963735,4933562.233333333,8226759.829200386,1640364.6374662807,931955.8833333333,2630688.470314475,-766776.7036478084
471,5006136.233333333,8366092.059856571,1646180.406810095,4047609.783333333,6916330.982535867,1178888.584130799,3969676.9,6764417.363332435,1174936.4366675653,958584.9666666667,2704347.7859303937,-787177.8525970605,5006136.233333333,8366092.059856571,1646180.406810095,958593.35,2704355.6751568373,-787168.9751568373
472,5001712.933333334,8362600.90742412,1640824.9592425465,4050905.4833333334,6927515.592196226,1174295.3744704402,3980921.25,6779925.882260041,1181916.6177399582,993989.8333333334,2820236.3475558506,-832256.680889184,5001712.933333334,8362600.90742412,1640824.9592425465,994004.5333333333,2820250.2036641757,-832241.1369975092
473,5060179.966666667,8509766.161930175,1610593.7714031576,4135312.3833333333,7107213.82196819,1163410.9446984758,3920096.6166666667,6682655.475076444,1157537.758256889,1006013.9333333333,2807470.418638642,-795442.551971975,5060179.966666667,8509766.161930175,1610593.7714031576,1006035.7333333333,2807491.0122341686,-795419.5455675019
474,5197220.2,8706913.85800818,1687526.541991821,4197922.966666667,7170980.579934401,1224865.3533989321,3977450.1666666665,6716554.656066898,1238345.6772664348,932635.9333333333,2614812.393822453,-749540.5271557863,5197220.2,8706913.85800818,1687526.541991821,932639.9,2614816.1297851806,-749536.3297851806
475,5009814.033333333,8263924.439815227,1755703.626851439,4078879.1,6887794.017470224,1269964.1825297764,4088153.6166666667,6910014.824224034,1266292.409109299,951965.8666666667,2647809.408563355,-743877.6752300216,5009814.033333333,8263924.439815227,1755703.626851439,951989.95,2647832.1822884968,-743852.2822884966
476,5033426.6,8452149.856082927,1614703.3439170714,4093733.533333333,7017260.9279486295,1170206.138718037,4036369.8666666667,6855221.909089312,1217517.8242440214,948576.8,2677787.9941747105,-780634.3941747101,5033426.6,8452149.856082927,1614703.3439170714,948573.2333333333,2677784.607222846,-780638.1405561791
477,5602266.8,9705469.713751754,1499063.8862482454,4705280.583333333,8491351.399575159,919209.767091508,4595125.75,8294174.099289939,896077.4007100612,1684867.0666666667,4819211.9315794585,-1449477.7982461255,5602266.8,9705469.713751754,1499063.8862482454,1684883.8666666667,4819227.710180132,-1449459.9768467988
478,5344781.433333334,9292166.800348178,1397396.0663184896,4493245.2,8143120.412277492,843369.9877225086,4449487.066666666,8061831.718281135,837142.4150521979,1628115.2333333334,4664155.615825329,-1407925.1491586622,5344781.433333334,9292166.800348178,1397396.0663184896,1628129.7833333334,4664169.278762446,-1407909.7120957791
479,5047647.7,8755805.132605571,1339490.2673944286,4248899.25,7682369.79621324,815428.7037867596,4177217.8,7587204.861816929,767230.7381830709,1534889.6333333333,4384679.945116343,-1314900.678449676,5047647.7,8755805.132605571,1339490.2673944286,1534903.5833333333,4384693.030135759,-1314885.8634690929
480,5003806.0,8670232.643934516,1337379.3560654833,4226949.133333334,7655871.615480314,798026.6511863535,4186606.5833333335,7611690.283381885,761522.8832847825,1538912.6333333333,4428902.254751038,-1351076.9880843717,5003806.0,8670232.643934516,1337379.3560654833,1538911.7833333334,4428901.463931076,-1351077.8972644096
481,4910768.566666666,8508480.745353883,1313056.3879794492,4180050.85,7548576.201088006,811525.4989119945,4283788.633333334,7672933.7514247075,894643.5152419605,1460894.4,4247807.139681965,-1326018.3396819648,4910768.566666666,8508480.745353883,1313056.3879794492,1460882.3,4247795.877923037,-1326031.277923037
482,5001278.9,8686064.108135885,1316493.6918641161,4289632.15,7743211.858257623,836052.4417423778,4402263.883333334,7841195.856506882,963331.9101597853,1481028.2333333334,4306065.36692667,-1344008.9002600033,5001278.9,8686064.108135885,1316493.6918641161,1481027.3333333333,4306064.528550182,-1344009.8618835153
483,4795353.9,8308866.895353662,1281840.9046463384,4058710.5166666666,7345933.780754318,771487.2525790147,4369135.716666667,7680453.478098801,1057817.9552345322,1429706.7,4158859.9032727247,-1299446.503272725,4795353.9,8308866.895353662,1281840.9046463384,1429720.4333333333,4158872.682812769,-1299431.8161461025
484,4718870.566666666,8230529.05253175,1207212.080801583,4081666.7666666666,7408724.273178542,754609.2601547916,4315874.733333333,7649362.296470324,982387.1701963432,1453722.8333333333,4225789.000600143,-1318343.3339334766,4718870.566666666,8230529.05253175,1207212.080801583,1453726.1333333333,4225792.071395028,-1318339.8047283622
485,4699583.666666667,8076467.289271646,1322700.0440616878,4038762.1,7215612.920568955,861911.279431045,4157979.033333333,7306595.804415572,1009362.2622510935,1359772.1,3935893.3714399105,-1216349.1714399103,4699583.666666667,8076467.289271646,1322700.0440616878,1359790.3333333333,3935910.329554191,-1216329.6628875246
486,4335387.466666667,7350125.335815592,1320649.5975177418,3739695.7,6565149.792371293,914241.6076287078,3946894.3333333335,6810106.815901965,1083681.850764702,1141822.0,3293169.2396921823,-1009525.2396921823,4335387.466666667,7350125.335815592,1320649.5975177418,1141820.4833333334,3293167.828306443,-1009526.8616397763
487,5007504.566666666,8354904.889600024,1660104.2437333087,4149724.7333333334,7122134.940914119,1177314.5257525486,4546979.733333333,7748799.114985968,1345160.3516806988,1114061.1333333335,3219343.2823827583,-991221.0157160915,5007504.566666666,8354904.889600024,1660104.2437333087,1114049.2166666668,3219332.199146408,-991233.7658130745
488,5404803.733333333,8823749.9452792,1985857.5213874667,4388356.333333333,7373367.502898563,1403345.1637681029,4630811.866666666,7895567.485812845,1366056.2475204878,1110496.8333333335,3215957.7189572183,-994964.0522905514,5404803.733333333,8823749.9452792,1985857.5213874667,1110553.6833333333,3216010.6109382994,-994903.244271633
489,5083589.0,8274734.560392976,1892443.4396070247,4242703.433333334,7122455.24204693,1362951.6246197373,4437757.966666667,7601090.136937002,1274425.7963963323,1097271.9666666666,3174774.9803044507,-980231.0469711176,5083589.0,8274734.560392976,1892443.4396070247,1097268.8833333333,3174772.111503384,-980234.3448367175
490,5077247.8,8302659.01737988,1851836.5826201201,4158202.7,6956835.248411518,1359570.1515884832,4401675.633333334,7463614.749425257,1339736.5172414114,957224.2666666667,2758209.638961165,-843761.1056278319,5077247.8,8302659.01737988,1851836.5826201201,957202.2,2758189.1243367568,-843784.7243367566
491,5175790.6,8574451.659769814,1777129.5402301853,4325145.083333333,7354240.504848335,1296049.6618183306,4748269.9,8117347.3244403,1379192.4755596998,1134420.7,3282839.248390427,-1013997.8483904267,5175790.6,8574451.659769814,1777129.5402301853,1134413.6,3282832.631501385,-1014005.4315013848
492,5187194.066666666,8710307.996170497,1664080.1371628358,4342075.066666666,7494036.1923632715,1190113.9409700609,4685583.016666667,8056677.937076006,1314488.0962573271,1218138.9666666666,3500275.807005116,-1063997.873671783,5187194.066666666,8710307.996170497,1664080.1371628358,1218133.65,3500270.8446991723,-1064003.5446991725
493,5175117.0,8730308.723435882,1619925.2765641185,4398531.6,7583556.322563963,1213506.8774360362,4689961.466666667,8054358.319997011,1325564.6133363233,1175419.3333333333,3396526.4499374134,-1045687.7832707467,5175117.0,8730308.723435882,1619925.2765641185,1175416.4833333334,3396523.7880734946,-1045690.8214068278
494,4531599.5,7715136.1427297,1348062.8572703,3729448.933333333,6379808.246386517,1079089.6202801499,3975571.466666667,6696822.1711281715,1254320.762205162,391996.1666666667,1122526.959670178,-338534.6263368446,4531599.5,7715136.1427297,1348062.8572703,391990.98333333334,1122522.0996063428,-338540.1329396761
495,4600163.6,7827623.360335176,1372703.8396648234,3744604.95,6397691.860964922,1091518.0390350786,4061477.05,6824734.954195891,1298219.1458041086,437762.8,1227457.2760968069,-351931.6760968068,4600163.6,7827623.360335176,1372703.8396648234,437757.01666666666,1227451.86991566,-351937.83658232674
496,5242913.433333334,8986537.198669238,1499289.6679974296,4371418.716666667,7649488.340604037,1093349.092729297,4760219.333333333,8106002.6853454765,1414435.981321189,1160152.2666666666,3385173.425623121,-1064868.892289788,5242913.433333334,8986537.198669238,1499289.6679974296,1160165.55,3385185.9053566866,-1064854.8053566867
497,5348086.533333333,9074075.121241748,1622097.9454249186,4468989.85,7721913.233803296,1216066.4661967033,4695153.583333333,7973895.084901694,1416412.0817649714,1201084.5,3469859.0844135513,-1067690.0844135513,5348086.533333333,9074075.121241748,1622097.9454249186,1201085.1666666667,3469859.6847577225,-1067689.3514243888
498,5867566.166666667,10223448.312373798,1511684.0209595365,4897272.816666666,8786603.386299737,1007942.247033597,5102484.783333333,8976292.878894221,1228676.6877724463,1739207.1666666667,4962783.783457912,-1484369.4501245779,5867566.166666667,10223448.312373798,1511684.0209595365,1739228.6333333333,4962803.877091787,-1484346.6104251202
499,5862499.466666667,10143235.488625642,1581763.4447076917,4813520.166666667,8400059.841317397,1226980.4920159373,4906034.8,8427651.98683735,1384417.6131626493,1437857.6333333333,4067633.200291923,-1191917.9336252562,5862499.466666667,10143235.488625642,1581763.4447076917,1437877.9666666666,4067652.295080021,-1191896.3617466877
500,6057936.066666666,10828219.330465026,1287652.8028683076,4911488.733333333,8725812.020928837,1097165.4457378294,4942883.2,8589228.128688732,1296538.2713112682,1373962.8333333333,3962827.2237340687,-1214901.5570674024,6057936.066666666,10828219.330465026,1287652.8028683076,1373965.45,3962829.5984476507,-1214898.698447651
501,6393603.233333333,11517186.28701416,1270020.1796525065,5174283.0,9374747.513566688,973818.4864333114,5263874.25,9340730.791669996,1187017.708330003,1809532.8666666667,5204485.9715832565,-1585420.238249923,6393603.233333333,11517186.28701416,1270020.1796525065,1809583.7833333334,5204533.746592901,-1585366.179926234
502,6945222.7,12750164.184980433,1140281.215019566,5581813.233333333,10136828.78048838,1026797.6861782866,5337247.483333333,9460236.323348964,1214258.6433177036,1837107.9333333333,5281977.888665309,-1607762.0219986427,6945222.7,12750164.184980433,1140281.215019566,1837157.75,5282024.8987842435,-1607709.3987842435
503,7167887.6,13242262.267871592,1093512.932128407,5658027.966666667,10177492.200609967,1138563.7327233655,5148656.35,9090760.481370382,1206552.2186296163,1391675.0666666667,3955333.5952574154,-1171983.4619240824,7167887.6,13242262.267871592,1093512.932128407,1392533.1333333333,3956134.12995473,-1171067.8632880636
504,6955203.866666666,12644137.795809783,1266269.9375235494,5445403.183333334,9617115.574930644,1273690.7917360235,4947647.033333333,8633825.843649449,1261468.223017218,1643833.6333333333,4672195.43856881,-1384528.1719021434,6955203.866666666,12644137.795809783,1266269.9375235494,1648951.15,4677029.916768717,-1379127.6167687168
505,7404824.233333333,12845525.089697476,1964123.3769691903,5762611.3,9778321.927540436,1746900.6724595628,4870063.933333334,8341547.2915868675,1398580.5750797996,1320130.8,3738878.029475578,-1098616.4294755782,7404824.233333333,12845525.089697476,1964123.3769691903,1320582.3833333333,3739299.479860003,-1098134.7131933365
506,7410390.966666667,12806926.281698663,2013855.6516346708,5747544.083333333,9706988.788506322,1788099.3781603444,4793150.983333333,8154011.566104481,1432290.4005621863,1367551.5,3883432.863694706,-1148329.863694706,7410390.966666667,12806926.281698663,2013855.6516346708,1367626.7333333334,3883504.0063260174,-1148250.5396593506
507,7041279.9,12203055.389370188,1879504.4106298117,5461024.3,9281730.931373324,1640317.668626675,4648234.85,7957165.348955741,1339304.3510442576,1552748.4666666666,4419499.851820957,-1314002.918487624,7041279.9,12203055.389370188,1879504.4106298117,1552830.1166666667,4419576.537697192,-1313916.304363859
508,6880871.433333334,11991744.00715309,1769998.8595135761,5292647.816666666,9074927.245805386,1510368.3875279455,4629674.833333333,7944986.670355421,1314362.996311245,1401927.5666666667,3979810.356558294,-1175955.223224961,6880871.433333334,11991744.00715309,1769998.8595135761,1402007.7166666666,3979886.3389820056,-1175870.9056486727
509,6860320.566666666,12029852.048646241,1690789.0846870914,5400996.716666667,9420971.176075984,1381022.2572573503,4826119.983333333,8465871.90936922,1186368.0572974468,1249687.2,3499157.10961996,-999782.7096199605,6860320.566666666,12029852.048646241,1690789.0846870914,1249816.7333333334,3499280.8544280515,-999647.3877613847
510,6974012.133333334,12141124.361318983,1806899.9053476844,5488517.9,9603248.544588462,1373787.2554115392,4900893.85,8647788.885925638,1153998.8140743612,1269970.7333333334,3540840.1039022654,-1000898.6372355986,6974012.133333334,12141124.361318983,1806899.9053476844,1270404.4666666666,3541248.746262773,-1000439.81292944
511,6889061.966666667,12070354.627362946,1707769.3059703875,5455605.966666667,9685253.681104705,1225958.2522286298,5045661.25,9036497.08405625,1054825.4159437492,1296544.7666666666,3636118.3870347575,-1043028.8537014243,6889061.966666667,12070354.627362946,1707769.3059703875,1296686.8333333333,3636253.448125339,-1042879.7814586724
512,7557195.933333334,13298906.353036892,1815485.5136297755,5978278.1,10747307.498738606,1209248.7012613928,5359665.116666666,9827980.628347397,891349.6049859356,1411916.7666666666,4016118.1324030287,-1192284.5990696955,7557195.933333334,13298906.353036892,1815485.5136297755,1412008.3166666667,4016205.041692337,-1192188.408359004
513,7789356.433333334,13849651.511121824,1729061.3555448437,6252041.933333334,11389288.156029185,1114795.7106374819,5672300.1,10515594.417321935,829005.782678063,2062102.8333333333,5933439.280688383,-1809233.614021716,7789356.433333334,13849651.511121824,1729061.3555448437,2062166.15,5933498.944805711,-1809166.6448057108
514,7179706.0,13239997.920913666,1119414.0790863335,5827948.483333333,10930174.694335252,725722.2723314157,5151118.433333334,9945689.160672646,356547.7059940221,1893429.0,5451526.815241145,-1664668.8152411454,7179706.0,13239997.920913666,1119414.0790863335,1893469.0666666667,5451564.526366817,-1664626.3930334838
515,6990261.3,13007754.173989901,972768.4260100983,5690453.6,10812875.680959769,568031.5190402297,5073431.366666666,9882770.297904683,264092.4354286492,1964171.0666666667,5684366.75959221,-1756024.6262588769,6990261.3,13007754.173989901,972768.4260100983,1964209.9166666667,5684403.251189374,-1755983.4178560406
516,6902214.2,12817126.92908939,987301.4709106097,5699881.233333333,10795691.972460724,604070.4942059424,4939682.816666666,9692170.60528143,187195.02805190347,1899672.7333333334,5479119.620530423,-1679774.1538637555,6902214.2,12817126.92908939,987301.4709106097,1899733.1833333333,5479176.578075579,-1679710.2114089124
517,6385851.666666667,11607680.592028696,1164022.741304637,5082337.05,9171724.689187493,992949.4108125074,4503803.3,8178197.630120574,829408.9698794265,1375368.1333333333,3986591.5812715422,-1235855.3146048756,6385851.666666667,11607680.592028696,1164022.741304637,1375437.9666666666,3986657.8854376376,-1235781.9521043042
518,6596501.766666667,12112382.659352612,1080620.8739807205,5132512.333333333,9345083.205452556,919941.4612141103,4552903.416666667,8303132.536645761,802674.2966875737,1714277.3666666667,4955471.614367405,-1526916.881034071,6596501.766666667,12112382.659352612,1080620.8739807205,1714332.5333333334,4955523.625582054,-1526858.5589153876
519,5816104.366666666,10253514.479237765,1378694.2540955665,4640870.033333333,8256560.7468882855,1025179.3197783804,4436033.666666667,7907963.042146096,964104.2911872384,1566178.2,4507440.67039687,-1375084.2703968703,5816104.366666666,10253514.479237765,1378694.2540955665,1566253.1666666667,4507511.724699623,-1375005.3913662897
520,6531191.633333334,12004299.875860564,1058083.3908061022,5012664.333333333,9019493.619400537,1005835.0472661299,4680482.633333334,8286831.224458816,1074134.042207851,1541601.0666666667,4432935.2426950075,-1349733.109361674,6531191.633333334,12004299.875860564,1058083.3908061022,1541599.3333333333,4432933.621719544,-1349734.955052877
521,5494454.633333334,9572895.816948822,1416013.4497178458,4317771.166666667,7565314.091198098,1070228.2421352356,4440555.816666666,7722374.744078888,1158736.8892544452,1652541.4333333333,4791758.643856267,-1486675.7771896005,5494454.633333334,9572895.816948822,1416013.4497178458,1652538.9666666666,4791756.3533412805,-1486678.4200079471
522,5909955.233333333,10855331.941792326,964578.5248743407,4438952.8,7866278.780443812,1011626.8195561883,4227896.05,7234165.667244034,1221626.4327559657,1457844.0666666667,4168468.1283982415,-1252779.9950649084,5909955.233333333,10855331.941792326,964578.5248743407,1457969.8833333333,4168589.073049707,-1252649.3063830403
523,6107672.7,11083307.613803595,1132037.7861964041,4557733.183333334,8028598.410288262,1086867.956378405,4331689.783333333,7414257.849167813,1249121.7174988538,1557285.4666666666,4452289.529864519,-1337718.5965311856,6107672.7,11083307.613803595,1132037.7861964041,1557467.7,4452466.342324153,-1337530.9423241524
524,6212499.466666667,11302273.76995821,1122725.1633751243,4644140.033333333,8282249.375634491,1006030.691032175,4516516.05,7828442.360683901,1204589.7393160989,1730192.1,4947638.6820601225,-1487254.4820601223,6212499.466666667,11302273.76995821,1122725.1633751243,1730443.1166666667,4947883.5858065,-1486997.3524731672
525,6170035.633333334,11063181.098625137,1276890.168041531,4711152.466666667,8274007.7227794845,1148297.2105538496,4642071.733333333,8002039.814216342,1282103.6524503254,1385158.0666666667,3996027.636883624,-1225711.5035502904,6170035.633333334,11063181.098625137,1276890.168041531,1385154.6333333333,3996024.410853311,-1225715.1441866443
526,6388380.633333334,11484578.956127498,1292182.3105391692,4828345.733333333,8516766.978662465,1139924.488004203,4684167.433333334,8130171.5126683265,1238163.3539983402,1404091.7,4013956.7785871252,-1205773.378587125,6388380.633333334,11484578.956127498,1292182.3105391692,1404101.9333333333,4013966.7063275976,-1205762.8396609311
527,6580066.7,11964871.839744538,1195261.5602554614,5063781.95,9102996.34128793,1024567.5587120713,4858553.0,8613582.734196424,1103523.2658035755,1712393.0,4933663.622278666,-1508877.6222786661,6580066.7,11964871.839744538,1195261.5602554614,1712462.8,4933729.722496602,-1508804.122496602
528,6731859.866666666,12192346.717708323,1271373.0156250093,5277726.633333334,9555383.059530612,1000070.2071360564,5196580.883333334,9303196.286522392,1089965.4801442758,1913480.6,5534161.426696878,-1707200.2266968782,6731859.866666666,12192346.717708323,1271373.0156250093,1913587.0833333333,5534262.383136479,-1707088.216469813
529,6035465.066666666,11366561.135553278,704368.9977800539,4802024.666666667,8999092.072551223,604957.2607821114,4635824.966666667,8640861.636345642,630788.2969876914,1749399.5333333334,5052728.867686188,-1553929.8010195212,6035465.066666666,11366561.135553278,704368.9977800539,1749457.3,5052783.491570323,-1553868.8915703224
530,5666449.333333333,10625632.324810795,707266.3418558696,4449991.55,8146296.103820046,753686.9961799537,4317429.433333334,7833448.997304984,801409.8693616828,1046631.3333333334,2971523.8810514794,-878261.2143848125,5666449.333333333,10625632.324810795,707266.3418558696,1046695.0333333333,2971584.6481370735,-878194.5814704067
531,5842683.666666667,10950266.855841702,735100.4774916321,4791096.266666667,8851881.289751917,730311.2435814166,4555303.15,8364796.691289436,745809.6087105647,1758604.8333333333,5081564.793150965,-1564355.1264842984,5842683.666666667,10950266.855841702,735100.4774916321,1758651.45,5081608.956384291,-1564306.0563842913
532,6702145.0,12110804.906666186,1293485.0933338134,5256193.516666667,9555060.638373852,957326.3949594805,5210833.616666666,9363374.414263636,1058292.8190696966,1630633.5666666667,4698653.887345777,-1437386.7540124434,6702145.0,12110804.906666186,1293485.0933338134,1630629.7,4698650.282997115,-1437390.8829971144
533,6727888.533333333,12245048.929545697,1210728.1371209687,5284577.033333333,9542372.765486125,1026781.3011805415,5099023.566666666,9104230.165075164,1093816.9682581695,1810809.4,5217942.513741409,-1596323.7137414091,6727888.533333333,12245048.929545697,1210728.1371209687,1810760.55,5217897.082219944,-1596375.9822199445
534,5181987.666666667,10225238.372362563,138736.96097077057,4015108.05,7834821.2691519605,195394.83084803913,4135390.3,7915193.822953045,355586.77704695426,1922100.6,5552132.671241818,-1707931.4712418173,5181987.666666667,10225238.372362563,138736.96097077057,1921999.25,5552038.396703951,-1708039.8967039506
535,5167514.966666667,10279000.574759528,56029.35857380554,3911861.9166666665,7548252.99215957,275470.84117376385,3928156.816666667,7402008.989340641,454304.6439926927,1321745.7,3809932.8538760794,-1166441.4538760793,5167514.966666667,10279000.574759528,56029.35857380554,1321738.4333333333,3809926.0779510625,-1166449.211284396
536,5579473.6,11098870.871497948,60076.32850205246,4316220.75,8545925.114609793,86516.38539020624,4335493.966666667,8459600.88102774,211387.05230559502,1712392.5,4968785.617237574,-1544000.6172375744,5579473.6,11098870.871497948,60076.32850205246,1712380.7666666666,4968774.696085917,-1544013.1627525836
537,5450671.6,10784388.66721299,116954.53278700914,4111932.1666666665,8072175.50596001,151688.82737332303,4102236.4166666665,7953920.341777312,250552.49155602185,1503924.4,4332067.37285818,-1324218.57285818,5450671.6,10784388.66721299,116954.53278700914,1503953.5166666666,4332094.788899263,-1324187.7555659302
538,5737039.1,11411830.192441743,62248.00755825546,4413862.366666666,8790420.05784686,37304.675486472435,4344819.066666666,8605731.58088877,83906.55244456325,1799712.2333333334,5229842.512300873,-1630418.0456342069,5737039.1,11411830.192441743,62248.00755825546,1799703.8,5229834.660419193,-1630427.0604191928
539,5355383.166666667,10620463.494589655,90302.83874367923,4019261.6333333333,7730141.0477928175,308382.21887384914,3795667.1166666667,7226338.833747309,364995.3995860247,1067013.8666666667,3016694.468699145,-882666.735365812,5355383.166666667,10620463.494589655,90302.83874367923,1067010.7333333334,3016691.5469648414,-882670.0802981746
540,6276156.633333334,13238948.462867491,-686635.1962008225,4582979.316666666,9209799.557597056,-43840.92426372226,4129551.3666666667,7927581.129391067,331521.60394226667,1054286.2666666666,2980500.1166739585,-871927.5833406253,6276156.633333334,13238948.462867491,-686635.1962008225,1054292.25,2980505.654429696,-871921.154429696
541,6395204.3,13364612.779894322,-574204.1798943235,4755709.1,9499846.163427193,11572.036572807468,4223242.7,8088849.247308649,357636.1526913517,734267.2666666667,2032143.4371563084,-563608.9038229749,6395204.3,13364612.779894322,-574204.1798943235,734265.6666666666,2032141.949070327,-563610.6157369938
542,6296280.766666667,13253313.340775408,-660751.8074420737,4546165.566666666,9061539.834047006,30791.299286326393,4246279.3,8161479.289023658,331079.31097634137,853920.3666666667,2319518.8082387224,-611678.074905389,6296280.766666667,13253313.340775408,-660751.8074420737,853914.75,2319513.633875562,-611684.1338755619
543,6436991.433333334,13395272.968903612,-521290.10223694425,4599046.266666667,9067218.635460205,130873.89787312876,4240416.033333333,8178025.078616106,302806.98805056047,966058.5666666667,2689563.81812921,-757446.6847958767,6436991.433333334,13395272.968903612,-521290.10223694425,966060.8166666667,2689565.920804443,-757444.2874711095
544,6169824.3,12324684.936449151,14963.66355084721,4686392.216666667,9141551.31221607,231233.12111726496,4624412.083333333,9054749.901600383,194074.26506628282,1578250.7333333334,4535082.911646735,-1378581.4449800677,6169824.3,12324684.936449151,14963.66355084721,1578116.85,4534958.472238254,-1378724.772238254
545,6026839.5,12002778.750378052,50900.24962194823,4567140.733333333,8802913.997370366,331367.4692963008,4508602.9,8700439.66078523,316766.1392147704,1597233.9,4592344.743877871,-1397876.9438778711,6026839.5,12002778.750378052,50900.24962194823,1597232.3,4592343.273350732,-1397878.673350732
546,6106215.033333333,12239174.683077943,-26744.616411277093,4684512.916666667,9224658.686299823,144367.1470335098,4676056.35,9151041.738602469,201070.9613975305,1537532.4666666666,4383494.16326465,-1308429.229931317,6106215.033333333,12239174.683077943,-26744.616411277093,1537532.3166666667,4383494.036299497,-1308429.4029661634
547,5899513.833333333,11876659.695468184,-77632.02880151756,4462696.35,8762547.200365474,162845.4996345248,4355680.633333334,8527340.710952397,184020.55571427103,1049648.3,2974982.7399077984,-875686.1399077983,5899513.833333333,11876659.695468184,-77632.02880151756,1049648.6666666667,2974983.1066706367,-875685.7733373032
548,5448083.1,11143762.026402239,-247595.8264022395,3984192.7666666666,7781180.34044022,187205.192893113,4031499.3333333335,7852942.183640029,210056.48302663723,621726.1666666666,1713652.7518236903,-470200.4184903571,5448083.1,11143762.026402239,-247595.8264022395,621726.8,1713653.3989725576,-470199.79897255753
549,5756426.233333333,11650354.559786292,-137502.093119625,4330750.466666667,8489867.291069485,171633.64226384787,4396666.6,8645291.635038367,148041.5649616327,768051.6,2136844.4549178984,-600741.2549178983,5756426.233333333,11650354.559786292,-137502.093119625,768052.35,2136845.206010595,-600740.5060105949
550,5821470.766666667,11740059.17472351,-97117.64139017556,4424412.5,8659471.509440474,189353.4905595258,4450698.8,8729635.624598943,171761.97540105693,626852.4333333333,1725951.8387112624,-472246.97204459575,5821470.766666667,11740059.17472351,-97117.64139017556,626853.05,1725952.4606229942,-472246.36062299414
551,5886576.8,11855325.357685948,-82171.75768594816,4521246.1,8897363.936842646,145128.26315735187,4364721.566666666,8589714.304552708,139728.82878062595,486282.63333333336,1281337.1669361973,-308771.90026953054,5886576.8,11855325.357685948,-82171.75768594816,486283.2,1281337.7516082108,-308771.35160821077
552,6072653.233333333,12148145.22959762,-2838.762930952944,4703615.65,9243125.451801438,164105.84819856193,4432153.55,8747884.147546286,116422.95245371386,557483.8333333334,1522970.06758898,-408002.40092231333,6072653.233333333,12148145.22959762,-2838.762930952944,557484.2666666667,1522970.528338259,-408001.99500492564
553,6074300.5,12209886.969789922,-61285.969789921306,4705001.25,9309174.993220212,100827.50677978806,4425278.45,8787977.076685246,62579.82331475429,562812.2,1544358.987160955,-418734.5871609552,6074300.5,12209886.969789922,-61285.969789921306,562828.0166666667,1544373.659318728,-418717.6259853946
554,6011943.0,12028479.441292219,-4593.441292219795,4522740.483333333,8835558.867819656,209922.0988470111,4242370.933333334,8388584.095918154,96157.77074851282,527162.4666666667,1437071.8894030247,-382746.95606969134,6011943.0,12028479.441292219,-4593.441292219795,527162.1833333333,1437071.6918135625,-382747.32514689595
555,6152441.833333333,12211438.799508516,93444.8671581503,4603902.466666667,8925837.141201627,281967.79213170614,4204966.916666667,8344169.468123294,65764.36521004,590766.2666666667,1616505.4785579625,-434972.9452246289,6152441.833333333,12211438.799508516,93444.8671581503,590763.1833333333,1616502.6877241684,-434976.3210575016
556,6086521.766666667,11729707.7502379,443335.78309543245,4200574.583333333,7752666.868865046,648482.2978016203,3934171.35,7231590.484637121,636752.2153628794,579508.3,1578976.0279022336,-419959.42790223355,6086521.766666667,11729707.7502379,443335.78309543245,579508.4,1578976.1238500443,-419959.3238500443
557,6410947.133333334,12247898.580606885,573995.6860597814,4568697.85,8489492.378965983,647903.3210340156,4193504.2333333334,7902926.113978756,484082.35268791113,771777.1,2152141.2112557297,-608587.0112557298,6410947.133333334,12247898.580606885,573995.6860597814,771777.4333333333,2152141.5202196906,-608586.6535530239
558,6187355.666666667,11865277.358513288,509433.9748200467,4369294.033333333,8046409.923447954,692178.1432187129,3958001.3666666667,7430464.70193084,485538.0314024943,838479.5666666667,2315283.164958467,-638324.0316251335,6187355.666666667,11865277.358513288,509433.9748200467,838506.7666666667,2315309.5121297333,-638295.9787963998
559,6265159.133333334,11938169.152318446,592149.1143482216,4424242.15,8073859.849921953,774624.4500780483,3902789.05,7260662.703202484,544915.3967975155,961166.7666666667,2488544.4729438955,-566210.9396105622,6265159.133333334,11938169.152318446,592149.1143482216,961144.1666666666,2488517.3478760975,-566229.0145427644
560,6079703.7,11696771.575718563,462635.8242814373,4256484.433333334,7829499.879002007,683468.98766466,3705716.05,6882938.997614875,528493.1023851242,996475.4666666667,2593561.7549539544,-600610.8216206211,6079703.7,11696771.575718563,462635.8242814373,996500.3166666667,2593590.5854672925,-600589.9521339592
561,5877785.566666666,11471120.913888805,284450.2194445282,4093518.966666667,7635016.501094207,552021.4322391264,3650764.65,6810043.727602016,491485.57239798363,992044.3,2543924.7517254,-559836.1517254,5877785.566666666,11471120.913888805,284450.2194445282,992019.3833333333,2543893.2774819466,-559854.51081528
562,6133294.666666667,11797755.891464626,468833.44186870754,4303266.1,7938455.142919701,668077.0570802987,3813807.816666667,7099751.800045188,527863.8332881462,1083475.7333333334,2821358.8265409637,-654407.3598742969,6133294.666666667,11797755.891464626,468833.44186870754,1083527.25,2821418.1807271466,-654363.6807271463
563,6077075.266666667,11738999.238244735,415151.2950885985,4243440.016666667,7870102.667989621,616777.3653437118,3723576.566666667,7016799.787200367,430353.3461329667,1115298.8,2926679.0926923207,-696081.4926923206,6077075.266666667,11738999.238244735,415151.2950885985,1115350.45,2926737.45393172,-696036.5539317203
564,6142914.666666667,11871825.062982902,414004.2703504311,4357840.516666667,8134250.772514297,581430.2608190365,3807599.2666666666,7272152.476871632,343046.05646170117,1316828.8666666667,3528906.1960624084,-895248.462729075,6142914.666666667,11871825.062982902,414004.2703504311,1316855.6833333333,3528936.8388653956,-895225.4721987287
565,6079324.633333334,11788887.403371334,369761.8632953325,4320378.483333333,8106323.20434724,534433.7623194265,3578228.5166666666,7020844.9933477845,135612.0399855487,1208430.1333333333,3211781.5553720444,-794921.2887053776,6079324.633333334,11788887.403371334,369761.8632953325,1208461.9666666666,3211818.3494289927,-794894.4160956596
566,6173424.166666667,11905411.0535974,441437.279735934,4517486.55,8514865.939337695,520107.16066230414,3606722.95,7072598.299401297,140847.60059870314,1321904.5,3539554.250659928,-895745.2506599282,6173424.166666667,11905411.0535974,441437.279735934,1321943.8666666667,3539598.750959879,-895711.0176265454
567,5932238.766666667,11522157.625719905,342319.9076134274,4339164.266666667,8211764.951343661,466563.5819896725,3544714.066666667,6836673.985384796,252754.14794853795,1305086.9,3491069.7532872804,-880895.9532872806,5932238.766666667,11522157.625719905,342319.9076134274,1305116.0833333333,3491101.8996621743,-880869.7329955075
568,5977852.166666667,11576308.428663712,379395.9046696229,4226409.05,7859778.851847738,593039.2481522611,3575407.1,6934750.909035321,216063.29096467933,1043790.1,2766950.1151199387,-679369.9151199387,5977852.166666667,11576308.428663712,379395.9046696229,1043815.85,2766979.5026027,-679347.8026027001
569,5637102.5,11281230.400766846,-7025.4007668457925,3968908.216666667,7661147.513092061,276668.920241273,3516090.816666667,7014159.342498251,18022.29083508253,1028330.5666666667,2750458.4693554714,-693797.3360221379,5637102.5,11281230.400766846,-7025.4007668457925,1028361.9833333333,2750493.6712780176,-693769.7046113509
570,5377337.7,10968275.590961292,-213600.19096129294,3783535.433333333,7449591.152815189,117479.71385147702,3655439.0,7288052.667804999,22825.332195000257,1004503.8333333334,2635113.572792167,-626105.9061255,5377337.7,10968275.590961292,-213600.19096129294,1004528.7833333333,2635141.7644331176,-626084.197766451
571,5335905.066666666,10865887.46899768,-194077.33566434775,3686988.2666666666,7213286.045433895,160690.48789943848,3366391.75,6788148.619281887,-55365.11928188708,1043612.6,2574004.263865392,-486779.06386539235,5335905.066666666,10865887.46899768,-194077.33566434775,1043676.4166666666,2574068.247881153,-486715.41454782
572,5177752.266666667,10689186.025351793,-333681.4920184603,3585714.4166666665,7140073.496119808,31355.337213524617,3185908.966666667,6604625.674571227,-232807.7412378937,984761.1333333333,2460535.106870517,-491012.84020385053,5177752.266666667,10689186.025351793,-333681.4920184603,976985.9333333333,2453205.4916356113,-499233.6249689448
573,5166439.566666666,10657743.077783115,-324863.94444978144,3576606.45,7094414.69885877,58798.20114123123,3181510.783333333,6492883.426218795,-129861.85955212777,986978.1666666666,2431084.10155123,-457127.7682178969,5166439.566666666,10657743.077783115,-324863.94444978144,987011.7833333333,2431121.2972315657,-457097.7305648989
574,5249176.733333333,10777608.37506504,-279254.908398374,3598765.25,7105220.460780104,92310.03921989631,3262029.25,6591715.0719018895,-67656.57190188952,1013322.0,2492149.012914753,-465505.01291475305,5249176.733333333,10777608.37506504,-279254.908398374,1013408.2,2492233.0842535933,-465416.6842535932
575,4489646.133333334,9892513.1905358,-913220.923869133,3203356.5,6668526.831971485,-261813.8319714847,2981187.816666667,6254707.804312257,-292332.1709789238,1007011.8,2447365.3939358452,-433341.7939358449,4489646.133333334,9892513.1905358,-913220.923869133,1007317.8833333333,2447657.415820224,-433021.6491535574
576,6001536.366666666,12922143.287012432,-919070.5536791002,4308469.25,8897347.620946448,-280409.12094644736,3533669.8833333333,7386490.136406649,-319150.36973998183,1175398.0,2960707.6893447908,-609911.6893447905,6001536.366666666,12922143.287012432,-919070.5536791002,1175523.3666666667,2960835.255393765,-609788.5220604315
577,5528095.766666667,12237453.53449631,-1181262.001162976,3985016.6166666667,8456753.277622726,-486720.04428939195,3193840.566666667,6723125.46680359,-335444.33347025607,1012709.5333333333,2431217.3845868283,-405798.31792016176,5528095.766666667,12237453.53449631,-1181262.001162976,1012709.3,2431213.2928484464,-405794.6928484461
578,6170839.2,14043896.978364743,-1702218.578364742,4258326.233333333,9201433.38970441,-684780.9230377432,3231806.8833333333,6820920.937498597,-357307.1708319308,764716.1666666666,1725569.8070550025,-196137.47372166917,6170839.2,14043896.978364743,-1702218.578364742,764765.5666666667,1725634.0189815504,-196102.88564821705
579,5852439.166666667,13178432.456438068,-1473554.1231047353,4090870.3833333333,8751082.302121691,-569341.5354550253,3170267.3833333333,6789000.713663411,-448465.9469967447,795003.4,1812515.9127488835,-222509.11274888355,5852439.166666667,13178432.456438068,-1473554.1231047353,795001.9166666666,1812511.270257391,-222507.4369240579
580,6133868.333333333,14069260.36260634,-1801523.695939674,4114952.3333333335,8880042.866022794,-650138.1993561271,3190051.716666667,6856618.869995432,-476515.4366620979,830303.0,1872959.505783591,-212353.50578359084,6133868.333333333,14069260.36260634,-1801523.695939674,830299.9666666667,1872954.5383726337,-212354.6050393004
581,5897426.8,13531365.98335454,-1736512.383354541,4087487.066666667,8903221.30544372,-728247.1721103867,3118011.2,6783768.266273832,-547745.8662738316,731043.5666666667,1594400.2717085832,-132313.13837524992,5897426.8,13531365.98335454,-1736512.383354541,731048.5333333333,1594397.9778279925,-132300.91116132587
582,5345856.733333333,11805962.406378355,-1114248.939711688,3665359.783333333,7624695.760088842,-293976.1934221764,2631592.0166666666,5374821.3881988935,-111637.35486556031,773945.7333333333,1744215.482184105,-196324.01551743865,5345856.733333333,11805962.406378355,-1114248.939711688,773941.3,1744206.6111167981,-196324.01111679804
583,5412909.6,12060853.932589754,-1235034.7325897552,3555950.8666666667,7376279.967914358,-264378.2345810244,2642568.7666666666,5330820.847874861,-45683.314541527536,838730.7,1907727.4714800809,-230266.07148008095,5412909.6,12060853.932589754,-1235034.7325897552,839083.3666666667,1908040.6727273865,-229873.93939405307
584,5459888.333333333,12109990.409879144,-1190213.7432124782,3585969.0166666666,7414197.465975726,-242259.43264239328,2731747.6166666667,5471482.233149291,-7986.999815957621,835101.8,1963348.3994949718,-293144.79949497175,5459888.333333333,12109990.409879144,-1190213.7432124782,835113.5,1963355.5506166287,-293128.5506166287
585,5426354.3,12071796.177906789,-1219087.5779067902,3552408.75,7331272.745973119,-226455.24597311858,2695822.4,5412752.373237876,-21107.573237876873,823818.2,2007817.851409289,-360181.45140928915,5426354.3,12071796.177906789,-1219087.5779067902,824013.9166666666,2007992.0982884243,-359964.26495509094
586,5457508.266666667,12116517.010164324,-1201500.47683099,3647715.3333333335,7499019.605408036,-203588.93874136917,2751482.4833333334,5534677.301600699,-31712.334934032522,955361.0,2395487.977329666,-484765.9773296658,5457508.266666667,12116517.010164324,-1201500.47683099,955368.2833333333,2395492.5201216955,-484755.9534550287
587,5277669.5,11950114.789836857,-1394775.7898368584,3593862.1666666665,7522243.7351249205,-334519.4017915875,2853152.5833333335,5763826.320666645,-57521.15399997728,941031.3333333334,2327270.5112787276,-445207.84461206093,5277669.5,11950114.789836857,-1394775.7898368584,941029.25,2327266.659153196,-445208.1591531958
588,6535176.466666667,13595716.350995403,-525363.4176620692,4622729.733333333,9128836.62569376,116622.84097290598,3764603.533333333,7417480.946181249,111726.12048541754,1505543.5333333334,3932015.5133857103,-920928.4467190432,6535176.466666667,13595716.350995403,-525363.4176620692,1505549.7,3932021.118430664,-920921.7184306637
589,6980752.3,14341365.440260438,-379860.8402604386,5086702.366666666,10090210.141642565,83194.59169076756,4024912.75,8200737.217092201,-150911.7170922011,1805723.7666666666,4837613.398555492,-1226165.8652221588,6980752.3,14341365.440260438,-379860.8402604386,1805738.3833333333,4837629.033623852,-1226152.2669571848
590,6468433.133333334,13456437.068421949,-519570.80175528023,4563496.85,8985551.875919346,141441.82408065442,3636092.3333333335,7091633.712369709,180550.9542969577,1586397.5333333334,4188102.0837922124,-1015307.0171255453,6468433.133333334,13456437.068421949,-519570.80175528023,1586417.3,4188121.1352274194,-1015286.5352274196
591,6365165.866666666,13404363.360459452,-674031.62712612,4452711.016666667,8934700.381049115,-29278.347715782933,3756396.7666666666,7371640.630504293,141152.90282903984,1678931.8666666667,4429080.14868037,-1071216.4153470364,6365165.866666666,13404363.360459452,-674031.62712612,1678960.4833333334,4429109.277276467,-1071188.3106097998
592,6526944.133333334,13727676.758036815,-673788.4913701462,4631213.516666667,9373653.21215779,-111226.17882445548,3889921.3,7808323.262283016,-28480.662283016834,1985055.1333333333,5364851.164825422,-1394740.8981587552,6526944.133333334,13727676.758036815,-673788.4913701462,1985017.3166666667,5364806.085932014,-1394771.45259868
593,6938999.1,14485302.07825002,-607303.8782500206,5022374.766666667,10293335.952727033,-248586.41939369962,4297401.2,8838620.506342873,-243818.10634287354,2470515.533333333,6800022.855037143,-1858991.788370477,6938999.1,14485302.07825002,-607303.8782500206,2470534.1333333333,6800040.140013667,-1858971.8733470007
594,6838422.7,14195668.249635462,-518822.8496354623,4856372.233333333,9811298.861736897,-98554.39507023152,4293077.466666667,8512075.666582085,74079.26675124746,2236147.466666667,6017358.314901762,-1545063.3815684277,6838422.7,14195668.249635462,-518822.8496354623,2248365.1333333333,6029012.876840427,-1532282.61017376
595,6628330.766666667,13870405.373008145,-613743.8396748118,4747933.583333333,9649658.75759289,-153791.59092622343,4133521.1666666665,8154864.8852442,112177.44808913348,2049407.2666666666,5472007.485737899,-1373192.952404566,6628330.766666667,13870405.373008145,-613743.8396748118,2049513.9166666667,5472118.243129614,-1373090.40979628
596,6961143.033333333,14133042.211335776,-210756.14466910996,4822144.516666667,9516836.134577397,127452.89875593688,3984905.783333333,7788071.031669978,181740.53499668837,1783428.1,4739842.002796896,-1172985.8027968952,6961143.033333333,14133042.211335776,-210756.14466910996,1787527.1,4743659.295238908,-1168605.0952389077
597,6860453.566666666,14030864.01238108,-309956.87904774677,4706490.016666667,9318243.359139444,94736.6741938889,3968173.7,7721917.385364985,214430.0146350148,1715292.3666666667,4566739.996908512,-1136155.263575179,6860453.566666666,14030864.01238108,-309956.87904774677,1715785.5,4567187.46393288,-1135616.4639328802
598,6372358.833333333,13262383.276814511,-517665.610147845,4288841.25,8483692.115490828,93990.38450917229,3489552.0833333335,6745080.825959264,234023.34070740268,1270949.0333333334,3320225.501588135,-778327.4349214681,6372358.833333333,13262383.276814511,-517665.610147845,1270911.9333333333,3320179.0778361326,-778355.2111694661
599,6316061.833333333,13169740.12556956,-537616.4589028945,4274099.283333333,8429916.185176242,118282.38149042428,3384997.6166666667,6557825.8383576535,212169.39497567946,1150201.8333333333,3011456.266373665,-711052.5997069983,6316061.833333333,13169740.12556956,-537616.4589028945,1150157.4333333333,3011401.757917531,-711086.8912508641
600,6405865.3,13267784.910015497,-456054.3100154968,4357597.2,8663243.879453266,51950.52054673433,3682110.5166666666,7083781.831134088,280439.2021992444,1209651.9333333333,3140545.238000997,-721241.3713343302,6405865.3,13267784.910015497,-456054.3100154968,1209683.6833333333,3140579.067971244,-721211.7013045773
601,6384514.3,13277522.410927396,-508493.8109273976,4287111.016666667,8537704.797952142,36517.2353811916,3601559.033333333,6967372.473288124,235745.593378542,1342384.6333333333,3520685.323043891,-835916.0563772246,6384514.3,13277522.410927396,-508493.8109273976,1344043.4166666667,3522205.206910448,-834118.3735771144
602,6648646.833333333,13590097.032146176,-292803.3654795103,4615331.116666666,9115177.370797243,115484.8625360895,3877962.066666667,7505676.773615473,250247.35971786082,1346291.7333333334,3519148.2793103443,-826564.8126436775,6648646.833333333,13590097.032146176,-292803.3654795103,1348660.4166666667,3521409.400827188,-824088.5674938548
603,6565636.333333333,13513574.94829633,-382302.2816296639,4688786.183333334,9391163.680756057,-13591.314089389518,3911628.783333333,7596944.783704109,226312.78296255786,1247626.8,3293535.485836899,-798281.8858368986,6565636.333333333,13513574.94829633,-382302.2816296639,1247638.8,3293531.588655281,-798253.9886552808
604,7223000.433333334,14419937.296100792,26063.57056587469,5440853.9,10706983.746918775,174724.0530812256,4436869.35,8761532.286207285,112206.41379271355,1569631.4333333333,4187477.6075965157,-1048214.7409298487,7223000.433333334,14419937.296100792,26063.57056587469,1560352.5333333334,4178740.960192891,-1058035.8935262242
605,6566190.566666666,13593275.517417252,-460894.3840839183,4996009.233333333,10139268.876532543,-147250.40986587666,4315697.25,8669371.816460308,-37977.31646030862,1241840.9333333333,3279147.858574694,-795465.9919080271,6566190.566666666,13593275.517417252,-460894.3840839183,1241960.0833333333,3279265.6720210314,-795345.5053543649
606,6117294.266666667,12084323.069157213,150265.46417612024,4580405.666666667,8906711.140609235,254100.1927241003,3825769.066666667,7438786.005680738,212752.12765259622,1458024.3,3884453.45738242,-968404.8573824198,6117294.266666667,12084323.069157213,150265.46417612024,1458066.05,3884497.9018263053,-968365.8018263055
607,5929818.9,11864228.868792374,-4591.068792372011,4392702.533333333,8592296.282528192,193108.78413847368,3719528.1,7254438.6250938475,184617.5749061522,1418262.5,3756579.871982465,-920054.871982465,5929818.9,11864228.868792374,-4591.068792372011,1418242.75,3756554.2621417134,-920068.7621417134
608,6008446.4,11970163.167809818,46729.632190181874,4469778.05,8713641.388549708,225914.71145029273,3780971.466666667,7386311.34127954,175631.5920537929,1215706.7666666666,3225048.0827690135,-793634.5494356803,6008446.4,11970163.167809818,46729.632190181874,1215684.9166666667,3225015.3106893245,-793645.4773559908
609,6262715.9,12295350.44193771,230081.35806229152,4668177.8,8968902.036180804,367453.5638191961,3783373.5166666666,7391348.548043054,175398.4852902796,1300760.3666666667,3388231.054142153,-786710.3208088195,6262715.9,12295350.44193771,230081.35806229152,1300799.0,3388274.7017305745,-786676.7017305745
610,6435888.133333334,12542067.813802207,329708.45286446065,4789440.666666667,9116988.054192528,461893.27914080676,3919656.716666667,7619542.938472124,219770.49486121023,1610267.8,4307557.120706504,-1087021.520706504,6435888.133333334,12542067.813802207,329708.45286446065,1610335.5,4307626.127287396,-1086955.1272873962
611,6486582.8,12643727.852663755,329437.7473362433,4785878.583333333,9150045.913911704,421711.2527549621,3905182.7666666666,7659987.512563873,150378.0207694606,1857981.5,5008594.6141553,-1292631.6141553004,6486582.8,12643727.852663755,329437.7473362433,1858077.15,5008670.689300953,-1292516.3893009536
612,6254402.833333333,12351119.975858856,157685.69080781005,4719072.766666667,9153832.823643401,284312.7096899329,3949903.5166666666,7735126.088747726,164680.9445856074,1669251.7666666666,4602767.616067915,-1264264.082734582,6254402.833333333,12351119.975858856,157685.69080781005,1669236.5166666666,4602748.051353131,-1264275.0180197982
613,6349058.0,12493258.178299341,204857.82170065772,4682722.883333334,9121941.384678505,243504.38198816124,3946496.466666667,7766283.323697804,126709.60963553004,1846399.7,5108978.5436341325,-1416179.1436341328,6349058.0,12493258.178299341,204857.82170065772,1847445.85,5109944.212144444,-1415052.512144444
614,6342078.3,12528051.454755977,156105.14524402283,4692422.55,9170461.42236163,214383.67763837054,4046278.783333333,7969743.351761406,122814.2149052606,1861133.1666666667,5186506.836829962,-1464240.503496629,6342078.3,12528051.454755977,156105.14524402283,1861107.7833333334,5186479.094576597,-1464263.5279099306
615,6327183.133333334,12545901.372628992,108464.89403767511,4609906.75,9089518.224260325,130295.27573967539,4028156.2,8012496.412682723,43815.98731727712,1867590.3333333333,5238788.79310038,-1503608.1264337136,6327183.133333334,12545901.372628992,108464.89403767511,1867585.95,5238782.107907297,-1503610.2079072974
616,6523362.066666666,12815752.338612916,230971.7947204169,4735043.916666667,9290953.394560933,179134.4387723999,4155560.95,8225860.0660666805,85261.83393332036,1810904.8,4978022.398935524,-1356212.798935524,6523362.066666666,12815752.338612916,230971.7947204169,1810902.7833333334,4978017.661127141,-1356212.094460474
617,5651574.666666667,10831478.768657774,471670.5646755593,4279632.7,8316138.901271526,243126.4987284746,3705919.05,7420527.01098103,-8688.910981030203,1950870.5666666667,5454558.685912252,-1552817.5525789189,5651574.666666667,10831478.768657774,471670.5646755593,1950951.25,5454632.024985842,-1552729.5249858424
618,5659472.866666666,10717776.48600242,601169.2473309133,4258662.316666666,8121380.589644512,395944.0436888202,3689996.4,7243904.579260999,136088.22073900094,1936910.3666666667,5378456.394223357,-1504635.6608900237,5659472.866666666,10717776.48600242,601169.2473309133,1936909.5666666667,5378453.203090268,-1504634.0697569351
619,5518840.866666666,10375679.223079182,662002.5102541503,4082826.35,7685880.341708193,479772.3582918076,3623690.8666666667,6990215.146753356,257166.58657997753,1821490.1,5044982.318064015,-1402002.1180640152,5518840.866666666,10375679.223079182,662002.5102541503,1821483.45,5044974.662655135,-1402007.762655135
620,5236906.766666667,10059020.992166575,414792.54116675816,3848266.35,7381074.913341351,315457.7866586498,3597602.4833333334,6967062.1771354275,228142.7895312393,1589326.0,4440793.879949304,-1262141.8799493043,5236906.766666667,10059020.992166575,414792.54116675816,1589337.8666666667,4440803.9511569515,-1262128.2178236176
621,5482230.166666667,10561403.884350967,403056.4489823673,4182266.2333333334,8142482.106878599,222050.3597880681,3677869.1,7364645.494755522,-8907.294755522162,1915712.2,5359407.171773226,-1527982.7717732259,5482230.166666667,10561403.884350967,403056.4489823673,1915723.7333333334,5359417.45267283,-1527969.986006163
622,5820001.166666667,11142148.684277652,497853.6490556821,4399144.8,8611533.548137976,186756.05186202377,3893284.3333333335,7879640.315513251,-93071.64884658437,1984184.6,5537989.620074047,-1569620.420074047,5820001.166666667,11142148.684277652,497853.6490556821,1984211.05,5538013.261379512,-1569591.1613795122
623,5778928.233333333,10790274.28511269,767582.1815539766,4283085.25,8017914.687248243,548255.8127517565,4132218.65,7628918.538258602,635518.7617413979,1596942.9,4354342.309583144,-1160456.509583144,5778928.233333333,10790274.28511269,767582.1815539766,1596968.4666666666,4354364.918607832,-1160427.9852744986
624,5875304.733333333,10920942.774313927,829666.692352741,4365995.05,8143639.251556523,588350.848443476,4202684.7,7800919.34999166,604450.0500083407,1545436.8666666667,4154037.7246834612,-1063163.9913501278,5875304.733333333,10920942.774313927,829666.692352741,1545465.6333333333,4154062.2423421456,-1063130.975675479
625,6173733.833333333,11516881.52088362,830586.1457830453,4649577.916666667,8823498.119587205,475657.71374612954,4750912.55,8880573.388385026,621251.7116149734,2028564.3666666667,5531043.4354933705,-1473914.7021600376,6173733.833333333,11516881.52088362,830586.1457830453,2028610.4,5531083.192421987,-1473862.392421987
626,6962295.4,12453207.21843874,1471383.5815612609,5559800.166666667,10025764.560971875,1093835.7723614601,5450237.15,9975441.732343312,925032.5676566875,1966057.1666666667,5352281.586326939,-1420167.2529936058,6962295.4,12453207.21843874,1471383.5815612609,1966372.85,5352574.171033971,-1419828.4710339704
627,7782723.2,14284494.386276588,1280952.0137234125,6018187.516666667,10912091.789365446,1124283.243967887,6244934.483333333,11510751.182929367,979117.783737299,1566081.0666666667,4182059.1535425643,-1049897.0202092307,7782723.2,14284494.386276588,1280952.0137234125,1566120.6,4182096.4930013274,-1049855.2930013272
628,7752033.733333333,14304221.802054934,1199845.6646117335,6004904.55,11008515.7595795,1001293.3404204994,6258426.066666666,11647731.061486393,869121.0718469387,1809287.3,4916147.519271759,-1297572.919271759,7752033.733333333,14304221.802054934,1199845.6646117335,1809295.3333333333,4916155.822140754,-1297565.155474088
629,7875506.6,14617805.590560038,1133207.6094399607,6129493.5,11375029.846260626,883957.1537393751,6308967.666666667,11972264.311639752,645671.0216935808,1777637.8,4912476.457107605,-1357200.8571076056,7875506.6,14617805.590560038,1133207.6094399607,1777630.5166666666,4912468.427848777,-1357207.394515444
630,7947639.4,14705136.392962892,1190142.40703711,6236552.316666666,11549848.160208493,923256.4731248394,6281548.066666666,11821402.258336589,741693.8749967441,1757271.5,4829089.831477188,-1314546.8314771876,7947639.4,14705136.392962892,1190142.40703711,1757275.2333333334,4829093.9397637835,-1314543.4730971167
631,7243818.1,13068303.769774666,1419332.4302253332,5801615.066666666,10691856.035266975,911374.0980663579,5824730.15,10863975.534404784,785484.7655952172,1216707.6666666667,3285589.2350534117,-852173.9017200782,7243818.1,13068303.769774666,1419332.4302253332,1216700.85,3285581.3975083525,-852179.6975083523
632,7495419.033333333,13622332.929008093,1368505.1376585746,5988878.6,11203050.734366942,774706.4656330561,6287307.533333333,11748822.402342172,825792.6643244941,1629804.8333333333,4493960.726256901,-1234351.0595902351,7495419.033333333,13622332.929008093,1368505.1376585746,1629806.5166666666,4493961.290770803,-1234348.257437469
633,7319257.7,13285848.739886824,1352666.6601131773,5882021.766666667,10936513.726351252,827529.8069820814,6040798.266666667,11293175.083713036,788421.4496202972,1584929.7,4418402.373473819,-1248542.9734738192,7319257.7,13285848.739886824,1352666.6601131773,1584934.5833333333,4418406.331542206,-1248537.1648755397
634,7321954.3,13235977.437469903,1407931.1625300962,5883292.083333333,10888605.564914096,877978.6017525708,6296674.483333333,11655290.858803002,938058.1078636646,1478688.2,4083599.228863585,-1126222.8288635851,7321954.3,13235977.437469903,1407931.1625300962,1478753.0,4083658.277159412,-1126152.277159412
635,7371962.2,13523019.985655457,1220904.4143445427,6057112.983333333,11382330.922740402,731895.0439262651,6506937.55,12210182.853473807,803692.2465261929,1747790.1,4844734.041025929,-1349153.8410259285,7371962.2,13523019.985655457,1220904.4143445427,1747799.35,4844741.476344588,-1349142.776344588
636,7261243.8,13107186.390819749,1415301.2091802508,5796615.133333334,10700878.702585805,892351.5640808633,6391603.416666667,11843441.735530846,939765.0978024872,1753457.2333333334,4923342.23668773,-1416427.7700210633,7261243.8,13107186.390819749,1415301.2091802508,1753490.5,4923372.416733276,-1416391.416733276
637,7511946.833333333,13554964.791861285,1468928.8748053825,6103236.333333333,11284049.455319969,922423.2113466971,6344414.666666667,11830441.794354137,858387.5389791979,1672293.2333333334,4663501.43970097,-1318914.9730343032,7511946.833333333,13554964.791861285,1468928.8748053825,1672296.85,4663503.847475072,-1318910.1474750726
638,7511071.1,13579988.777279375,1442153.4227206241,6099787.166666667,11320506.238186805,879068.0951465294,6271371.783333333,11684536.372576315,858207.1940903524,1108049.4333333333,2974407.0197258983,-758308.1530592314,7511071.1,13579988.777279375,1442153.4227206241,1108045.7166666666,2974401.1319982214,-758309.698664888
639,7654054.066666666,14058174.048657311,1249934.0846760217,6298604.3,11931588.202652078,665620.3973479224,6697871.75,12636022.488131536,759721.0118684638,1659071.4333333333,4517137.81749856,-1198994.9508318931,7654054.066666666,14058174.048657311,1249934.0846760217,1659066.9166666667,4517130.615175807,-1198996.7818424737
640,7194780.333333333,13154787.344380748,1234773.3222859185,5768265.8,10811444.094926605,725087.5050733946,6342860.716666667,11941412.725044616,744308.7082887171,1396351.1666666667,3715779.365055957,-923077.0317226232,7194780.333333333,13154787.344380748,1234773.3222859185,1396336.8,3715762.211259002,-923088.611259002
641,6853212.5,12413021.393466227,1293403.6065337732,5594447.05,10302352.332574207,886541.7674257932,5957997.733333333,11076058.66300486,839936.8036618065,1318411.4666666666,3511163.660903179,-874340.7275698457,6853212.5,12413021.393466227,1293403.6065337732,1318411.8166666667,3511166.3666787976,-874342.7333454641
642,7628369.166666667,13943172.257978354,1313566.0753549812,6130493.733333333,11593976.617577922,667010.8490887452,6382183.216666667,12288161.021317715,476205.41201561876,1822911.7333333334,5083970.188298585,-1438146.7216319186,7628369.166666667,13943172.257978354,1313566.0753549812,1822894.3,5083952.560336561,-1438163.9603365606
643,7510248.266666667,13541628.751186457,1478867.7821468767,5972421.166666667,11063576.385147266,881265.9481860679,6237588.533333333,11823648.591523182,651528.4751434848,996322.2666666667,2597195.958518669,-604551.4251853357,7510248.266666667,13541628.751186457,1478867.7821468767,996303.0166666667,2597172.8113627825,-604566.7780294489
644,7250628.5,12889126.22500959,1612130.7749904087,5669696.016666667,10238148.347446345,1101243.6858869884,5741010.416666667,10800763.46996536,681257.3633679748,1039030.1666666666,2803292.140111011,-725231.8067776778,7250628.5,12889126.22500959,1612130.7749904087,1039016.2833333333,2803276.866562146,-725244.2998954795
645,7193087.666666667,12827021.205685187,1559154.1276481478,5644193.816666666,10211009.73392671,1077377.899406624,5562659.616666666,10544076.994709805,581242.2386235287,756483.8666666667,1903882.3126943347,-390914.57936100126,7193087.666666667,12827021.205685187,1559154.1276481478,756464.55,1903858.7257634122,-390929.6257634121
646,6569156.966666667,11590365.188906891,1547948.7444264423,5016958.933333334,8755219.066790622,1278698.799876046,4947248.416666667,9156741.634739896,737755.1985934377,596639.5333333333,1450375.2445004215,-257096.1778337548,6569156.966666667,11590365.188906891,1547948.7444264423,596621.1166666667,1450350.7258770284,-257108.4925436949
647,7003596.566666666,12476871.699308094,1530321.4340252401,5441941.216666667,9818052.421210393,1065830.0121229393,5367918.8,10148792.133243281,587045.4667567192,762337.3,1929740.3523188687,-405065.75231886865,7003596.566666666,12476871.699308094,1530321.4340252401,762318.6666666666,1929719.8153326372,-405082.4819993038
648,7192342.733333333,12876136.751488741,1508548.7151779262,5603622.083333333,10231911.20338951,975332.9632771555,5529116.533333333,10570073.757304493,488159.309362174,1416922.9333333333,3939247.867871875,-1105402.0012052085,7192342.733333333,12876136.751488741,1508548.7151779262,1416911.4833333334,3939236.246493407,-1105413.2798267403
649,6598532.4,11725503.336410549,1471561.4635894531,5068732.25,9017904.200698983,1119560.2993010161,5009607.2,9448517.392559338,570697.0074406611,873267.7666666667,2324020.3730602143,-577484.839726881,6598532.4,11725503.336410549,1471561.4635894531,873255.9166666666,2324007.72655481,-577495.8932214767
650,6407647.066666666,11444026.474020861,1371267.6593124717,4874678.666666667,8687438.935909387,1061918.3974239477,4881071.25,9236158.44705151,525984.0529484889,978283.9,2665888.960895123,-709321.1608951228,6407647.066666666,11444026.474020861,1371267.6593124717,978266.45,2665871.938227062,-709339.038227062
651,6341488.133333334,11389866.404294122,1293109.8623725465,4829910.033333333,8683480.823366046,976339.24330062,4858611.95,9206425.445434723,510798.4545652764,1189101.9666666666,3328606.1886298554,-950402.2552965225,6341488.133333334,11389866.404294122,1293109.8623725465,1189089.1833333333,3328593.8832871,-950415.5166204337
652,6752232.366666666,12720441.525824897,784023.2075084355,5041457.55,9281091.06607323,801824.0339267701,5065923.55,9975419.72340798,156427.37659201957,1269499.3333333333,3428190.1864349414,-889191.5197682751,6752232.366666666,12720441.525824897,784023.2075084355,1269490.9333333333,3428182.1258127186,-889200.2591460522
653,6486718.4,12326171.471033618,647265.3289663838,4773885.4,8770520.426289864,777250.3737101373,5002961.716666667,9797204.011064144,208719.42226918973,1183365.3333333333,3176393.2723854436,-809662.6057187768,6486718.4,12326171.471033618,647265.3289663838,1183356.5333333334,3176384.564615287,-809671.4979486202
654,6366542.066666666,12040803.048589718,692281.0847436162,4678175.45,8474176.394990765,882174.5050092358,4794603.016666667,9319875.586314892,269330.4470184408,1068955.3,2812840.324199537,-674929.7241995367,6366542.066666666,12040803.048589718,692281.0847436162,1068945.6666666667,2812830.5096311243,-674939.1762977908
655,6406998.166666667,12065769.349429587,748226.983903747,4667468.716666667,8372696.553698026,962240.8796353075,4638114.233333333,9112421.54851611,163806.91815055627,957242.8666666667,2472774.0029764613,-558288.2696431279,6406998.166666667,12065769.349429587,748226.983903747,957200.0,2472733.5210703276,-558333.5210703278
656,6451710.433333334,12089237.5991912,814183.2674754662,4633530.983333333,8240682.1801677905,1026379.7864988763,4687752.133333334,9181024.557639848,194479.70902681816,960031.6,2459940.770920078,-539877.570920078,6451710.433333334,12089237.5991912,814183.2674754662,959998.5166666667,2459908.8393525495,-539911.806019216
657,6285867.466666667,11872670.548526775,699064.3848065585,4485872.216666667,8022386.242095057,949358.1912382771,4592778.2,8974202.522760795,211353.87723920494,965720.6,2426403.9670518157,-494962.76705181564,6285867.466666667,11872670.548526775,699064.3848065585,965707.6666666666,2426390.195929665,-494974.86259633175
658,6055210.7,11637765.403549653,472655.9964503469,4332801.0,7891304.495873847,774297.504126153,4503940.95,8881961.1018444,125920.79815560114,932927.1,2347159.5465351758,-481305.3465351759,6055210.7,11637765.403549653,472655.9964503469,932918.0,2347149.5394216985,-481313.53942169854
659,6266523.8,11849258.521038009,683789.0789619908,4522055.7,8104106.477501728,940004.9224982727,4601848.266666667,8945133.77205329,258562.76128004305,943088.6,2343605.9731751303,-457428.77317513025,6266523.8,11849258.521038009,683789.0789619908,943086.8,2343603.1770173046,-457429.5770173045
660,6133049.4,11730897.905812595,535200.8941874057,4514565.65,8132619.79201906,896511.5079809404,4494023.783333333,8811488.369471855,176559.1971948119,998824.5333333333,2508243.80353627,-510594.73686960305,6133049.4,11730897.905812595,535200.8941874057,998924.6833333333,2508333.31705384,-510483.95038717333
661,6082330.5,11637956.6028437,526704.3971563,4477034.866666666,8043796.14216784,910273.5911654928,4561465.05,8848730.113448821,274199.9865511777,969862.0666666667,2373030.6209887275,-433306.4876553945,6082330.5,11637956.6028437,526704.3971563,969865.85,2373031.869035552,-433300.1690355517
662,5877873.133333334,11411207.238652231,344539.02801443636,4187209.816666667,7640855.635172902,733563.9981604316,4384848.083333333,8677572.928634908,92123.23803175893,907402.9333333333,2294760.4225954004,-479954.5559287339,5877873.133333334,11411207.238652231,344539.02801443636,907421.8,2294776.687065021,-479933.0870650208
663,5794610.8,11311888.416751847,277333.183248152,4197414.866666666,7684911.678763176,709918.0545701561,4385383.516666667,8710684.934986383,60082.09834695142,726658.3,1775470.2854859664,-322153.68548596627,5794610.8,11311888.416751847,277333.183248152,726844.7833333333,1775639.3684729314,-321949.8018062649
664,5807859.733333333,11341909.03640196,273810.43026470765,4241311.1,7737757.731174078,744864.4688259214,4324076.583333333,8637223.473285686,10929.693380979821,710493.8,1741112.6892282162,-320125.0892282161,5807859.733333333,11341909.03640196,273810.43026470765,710492.0833333334,1741110.6307589416,-320126.4640922749
665,6016855.866666666,11559144.885080164,474566.84825316817,4326809.216666667,7795983.818334516,857634.6149988174,4297918.016666667,8526050.484287616,69785.54904571641,180288.23333333334,355468.8245966064,5107.642070060247,6016855.866666666,11559144.885080164,474566.84825316817,180298.16666666666,355475.7287482679,5120.60458506539
666,5796316.6,11321705.066466723,270928.1335332766,4143382.6166666667,7636260.887822956,650504.3455103775,4213264.416666667,8492109.291191502,-65580.45785816759,151848.8,329495.42106011615,-25797.82106011614,5796316.6,11321705.066466723,270928.1335332766,152136.16666666666,329754.79325488314,-25482.45992154986
667,5928160.8,11434249.031806666,422072.56819333415,4190536.8666666667,7606591.317921897,774482.4154114355,4295279.35,8607514.398865491,-16955.698865491897,184365.2,368678.98449783237,51.415502167656086,5928160.8,11434249.031806666,422072.56819333415,184385.53333333333,368695.8932539099,75.17341275679064
668,6200872.1,12399154.094790384,2590.10520961415,4415479.233333333,8196694.168268934,634264.2983977324,4307107.35,8784461.23730676,-170246.53730676137,207594.03333333333,427391.71969790844,-12203.653031241789,6200872.1,12399154.094790384,2590.10520961415,207549.25,427351.0578990664,-12252.557899066422
669,6629492.066666666,13347173.878105618,-88189.74477228615,4640719.616666666,8651516.749702543,629922.483630789,4265758.6,8691590.904899292,-160073.70489929244,202834.66666666666,416135.29226655,-10465.958933216694,6629492.066666666,13347173.878105618,-88189.74477228615,202835.75,416134.42535240867,-10462.925352408638
670,6323372.733333333,13043818.607831698,-397073.14116503205,4305510.7,8240632.663298583,370388.73670141725,4175618.6333333333,8609310.090286417,-258072.82361974986,191845.1,391032.20352340455,-7342.0035234045645,6323372.733333333,13043818.607831698,-397073.14116503205,191838.65,391024.97240028717,-7347.672400287149
671,6483001.6,13199795.196907438,-233791.99690743815,4357364.683333334,8275782.477854753,438946.8888119147,4325786.45,8764906.056061082,-113333.15606108028,165189.7,354607.65418850706,-24228.25418850704,6483001.6,13199795.196907438,-233791.99690743815,165188.96666666667,354605.8582491615,-24227.92491582816
672,6984712.033333333,14950070.718735788,-980646.6520691225,4630009.95,9221444.652491229,38575.24750877172,4208725.466666667,8735738.592921142,-318287.65958780795,144665.6,307556.28223976376,-18225.082239763753,6984712.033333333,14950070.718735788,-980646.6520691225,144652.65,307544.030039347,-18238.73003934702
673,6962965.933333334,14921963.93570256,-996032.0690358933,4855441.866666666,9663565.72932496,47318.004008372314,4380010.133333334,9205500.70627091,-445480.43960424233,158639.5,338312.5628479137,-21033.56284791368,6962965.933333334,14921963.93570256,-996032.0690358933,158637.13333333333,338309.3183605821,-21035.051693915448
674,7670929.733333333,16892575.67347035,-1550716.206803686,5376016.666666667,11059554.329816423,-307520.9964830894,5039166.733333333,11007446.912957933,-929113.446291266,172117.46666666667,346706.9667458766,-2472.033412543271,7670929.733333333,16892575.67347035,-1550716.206803686,172131.2,346727.7497088846,-2465.349708884576
675,7903292.2,17123712.283099208,-1317127.8830992086,5581421.483333333,11420159.524841458,-257316.55817479175,5188141.266666667,11171482.537378747,-795200.0040454147,209162.83333333334,413592.5132158629,4733.153450803802,7903292.2,17123712.283099208,-1317127.8830992086,209171.11666666667,413604.06897852174,4738.164354811626
676,7684782.666666667,16850156.26999063,-1480590.9366572956,5358959.533333333,11026916.429215383,-308997.3625487173,4852751.866666666,10449426.966130812,-743923.2327974802,206433.0,412944.199514175,-78.19951417500852,7684782.666666667,16850156.26999063,-1480590.9366572956,206438.11666666667,412951.8132395787,-75.57990624534432
677,7891847.033333333,17134025.208830394,-1350331.1421637256,5391298.6,10872840.785710804,-90243.58571080398,4787086.133333334,10359119.344764007,-784947.0780973397,186202.53333333333,370171.6006949435,2233.4659717231407,7891847.033333333,17134025.208830394,-1350331.1421637256,186208.16666666666,370179.68387565133,2236.6494576819823
678,7722094.6,16894743.058137465,-1450553.858137466,5217990.566666666,10581057.639047228,-145076.50571389496,4644172.133333334,10070662.658649556,-782318.3919828888,190208.96666666667,368944.70923749194,11473.224095841404,7722094.6,16894743.058137465,-1450553.858137466,190209.81666666668,368945.7822040964,11473.85112923698
679,7898453.066666666,17166650.67553288,-1369744.5421995483,5421694.466666667,10917708.617559262,-74319.6842259271,4640313.9,9823979.557597214,-543351.7575972136,205062.8,376892.00628717826,33233.59371282175,7898453.066666666,17166650.67553288,-1369744.5421995483,205057.21666666667,376886.7758861374,33227.65744719599
680,8039182.666666667,17326782.268317737,-1248416.9349844018,5482697.0,10900593.534074785,64800.46592521481,4651809.133333334,9661145.716089483,-357527.44942281675,225891.06666666668,402626.6869805694,49155.446352764004,8039182.666666667,17326782.268317737,-1248416.9349844018,225886.83333333334,402624.35663556255,49149.310031104134
681,7989879.833333333,16917285.08307447,-937525.416407804,5600925.666666667,11100868.11932498,100983.21400835365,4469742.45,9297206.01907457,-357721.1190745691,217809.3,390005.68873377447,45612.91126622548,7989879.833333333,16917285.08307447,-937525.416407804,217821.33333333334,390016.1518455278,45626.51482113887
682,7872722.933333334,16905441.957861498,-1159996.0911948327,5507502.466666667,11142725.89757571,-127720.96424237546,4144508.95,8677474.115751576,-388456.2157515753,224322.76666666666,401215.5043883007,47430.02894503262,7872722.933333334,16905441.957861498,-1159996.0911948327,224819.83333333334,401639.4932146411,48000.17345202557
683,7900431.566666666,17150012.995282862,-1349149.8619495295,5387903.066666666,10809409.505538948,-33603.37220561411,3952522.466666667,8367839.467390512,-462794.53405717853,219180.5,400196.79402713466,38164.20597286531,7900431.566666666,17150012.995282862,-1349149.8619495295,219201.41666666666,400211.3490163118,38191.48431702147
684,8134144.533333333,17406514.804170817,-1138225.7375041507,5451123.733333333,10867210.212007556,35037.25465911068,4008981.8333333335,8319688.675345007,-301725.0086783399,251473.13333333333,449904.4737158174,53041.79295084928,8134144.533333333,17406514.804170817,-1138225.7375041507,251507.36666666667,449927.68764851324,53087.0456848201
685,8083824.3,17211664.046981007,-1044015.4469810063,5636141.066666666,11155330.401996594,116951.73133673891,4040840.316666667,8370035.659580663,-288355.02624732954,257789.4,456629.89926129056,58948.9007387094,8083824.3,17211664.046981007,-1044015.4469810063,257962.51666666666,456767.65805635205,59157.37527698127
686,7223873.633333334,14836206.602825796,-388459.3361591287,5126930.583333333,9858871.021634296,394990.14503237046,3793222.566666667,7466600.374390025,119844.75894330908,221409.1,407507.92240825295,35310.27759174703,7223873.633333334,14836206.602825796,-388459.3361591287,221475.03333333333,407556.36817514006,35393.69849152659
687,7170481.8,14184192.20260663,156771.39739336912,5154742.416666667,9632693.0684367,676791.764896634,3814300.066666667,7449206.297037456,179393.83629587712,225209.4,425593.6799081608,24825.12009183914,7170481.8,14184192.20260663,156771.39739336912,225215.81666666668,425588.5270533656,24843.10627996779
688,7121219.433333334,14076708.88332683,165729.98333983682,5165153.933333334,9734001.320956375,596306.5457102917,3776271.95,7575788.10622219,-23244.206222189125,260777.43333333332,495420.7725415933,26134.094125073345,7121219.433333334,14076708.88332683,165729.98333983682,260775.31666666668,495404.1715618691,26146.461771464295
689,7131406.466666667,13897806.695563897,365006.2377694361,5179588.283333333,9751627.669283869,607548.8973827977,3637523.55,7283337.766449345,-8290.666449346114,273960.1666666667,520054.11206937797,27866.221263955405,7131406.466666667,13897806.695563897,365006.2377694361,273952.25,520024.89494197053,27879.60505802947
690,6963198.266666667,13561546.012607425,364850.5207259068,5074654.25,9495902.089818623,653406.4101813762,3657887.1,7344652.130166524,-28877.930166523904,318261.0,580061.4919843789,56460.50801562113,6963198.266666667,13561546.012607425,364850.5207259068,318247.68333333335,580031.1524739054,56464.21419276131
691,6829593.766666667,13658845.034120189,342.49921314418316,4658272.1,8917456.52239135,399087.67760864925,3444121.6,7220368.364166975,-332125.1641669753,327437.06666666665,594926.051571839,59948.08176149422,6829593.766666667,13658845.034120189,342.49921314418316,328270.95,595661.5280720826,60880.37192791747
692,6686900.433333334,13236643.342669144,137157.52399752382,4577036.816666666,8716137.672120003,437935.96121332934,3346558.033333333,6985996.545138884,-292880.4784722179,304455.13333333336,551172.4665785485,57737.80008811812,6686900.433333334,13236643.342669144,137157.52399752382,304455.2,551153.8252260635,57756.5747739365
693,6730300.6,13359835.607022263,100765.59297773708,4577540.966666667,8726145.575011563,428936.35832177056,3429359.9833333334,7139746.703248402,-281026.73658173485,330540.13333333336,607586.4260859734,53493.84058069327,6730300.6,13359835.607022263,100765.59297773708,330569.8,607561.2670377152,53578.332962284796
694,6667971.9,13540964.75135183,-205020.9513518298,4453625.633333334,8621684.091279352,285567.17538731545,3274230.3666666667,6912219.300804587,-363758.5674712532,298671.7,557612.5428674659,39730.85713253415,6667971.9,13540964.75135183,-205020.9513518298,298660.25,557575.8206241251,39744.679375874926
695,6396826.1,13212836.829784352,-419184.62978435215,4263136.383333334,8373290.649953797,152982.1167128696,3174874.1666666665,6691339.021545593,-341590.68821226014,298006.4,555116.2140469267,40896.585953073314,6396826.1,13212836.829784352,-419184.62978435215,299373.8333333333,556356.7831940623,42390.88347260427
696,6402416.0,13149573.239463631,-344741.23946363106,4159099.066666667,8072185.144522473,246012.98881086102,3112260.8666666667,6574974.539558893,-350452.8062255592,292929.3333333333,536930.6889811421,48927.97768552444,6402416.0,13149573.239463631,-344741.23946363106,292972.63333333336,536979.4091343728,48965.857532293914
697,5992154.766666667,12720410.605062488,-736101.0717291553,3822344.0166666666,7702023.130642036,-57335.09730870277,2796766.1666666665,6145630.913195634,-552098.5798623008,275388.2,535137.3689170713,15639.031082928763,5992154.766666667,12720410.605062488,-736101.0717291553,275444.86666666664,535197.6423556565,15692.090977676737
698,5965108.2,12790876.855260473,-860660.4552604714,4026010.95,8148394.643552241,-96372.74355224054,3255171.6333333333,6860644.844311457,-350301.57764479006,206392.26666666666,435339.8088528038,-22555.27551947045,5965108.2,12790876.855260473,-860660.4552604714,206426.8,435370.3043049064,-22516.704304906452
699,5408762.233333333,11004214.917885028,-186690.45121836197,3510868.6666666665,6812147.162494693,209590.17083864007,3172744.783333333,6681003.8561839545,-335514.2895172881,278608.56666666665,553313.060125843,3904.0732074902626,5408762.233333333,11004214.917885028,-186690.45121836197,278635.5,553345.5898104442,3925.4101895558415
700,5945085.633333334,11616956.314344341,273214.9523223266,3995553.5,7477292.126180406,513814.8738195943,3804659.8666666667,7572113.254063005,37206.4792703283,274601.13333333336,543562.8442032846,5639.422463382129,5945085.633333334,11616956.314344341,273214.9523223266,274601.2833333333,543571.1093760023,5631.457290664315
701,5555549.5,11142571.771334868,-31472.771334866993,3743262.4833333334,7156868.816018904,329656.1506477636,3605032.216666667,7355849.490466942,-145785.0571336085,253483.26666666666,513842.1659931018,-6875.632659768453,5555549.5,11142571.771334868,-31472.771334866993,253705.73333333334,514036.24441700894,-6624.77775034224
702,5240574.333333333,10804048.571198735,-322899.9045320684,3397569.1666666665,6687192.248327866,107946.08500546729,3229282.683333333,6802724.034867056,-344158.6682003895,163991.56666666668,336573.9993707136,-8590.866037380212,5240574.333333333,10804048.571198735,-322899.9045320684,164048.38333333333,336641.3089467569,-8544.542280090187
703,5348007.6,10965119.461222768,-269104.26122276764,3551694.05,6900235.595756264,203152.50424373522,3427367.183333333,6980836.588089727,-126102.22142306017,117317.06666666667,271408.9785441066,-36774.845210773245,5348007.6,10965119.461222768,-269104.26122276764,117320.95,271414.1870079222,-36772.287007922234
704,5088051.166666667,10530680.761245046,-354578.4279117109,3358717.183333333,6584691.0098223705,132743.3568442962,3252740.9166666665,6569483.5543707665,-64001.72103743302,351048.26666666666,830567.3322758148,-128470.79894248152,5088051.166666667,10530680.761245046,-354578.4279117109,232743.26666666666,501522.34301370557,-36035.809680372244
705,4743320.1,9958880.751114458,-472240.5511144586,3155431.0833333335,6314724.826562391,-3862.6598957236856,3052812.4166666665,6261261.595292882,-155636.76195954904,140261.9,306194.915584764,-25671.11558476402,4743320.1,9958880.751114458,-472240.5511144586,140366.86666666667,306290.8475426286,-25557.11420929525
706,4815756.1,10248590.21982582,-617078.019825819,3174090.95,6431780.866443686,-83598.96644368628,2995693.65,6165059.796966515,-173672.49696651474,114357.56666666667,260721.89683542296,-32006.763502089612,4815756.1,10248590.21982582,-617078.019825819,114450.91666666667,260808.81385973206,-31906.980526398707
707,4582329.8,9630168.163216222,-465508.5632162215,3100991.933333333,6185288.885759737,16694.980906928424,2980457.1166666667,6063327.681178727,-102413.44784539379,142382.23333333334,307982.04735070176,-23217.580684035114,4582329.8,9630168.163216222,-465508.5632162215,142418.31666666668,308016.3922509377,-23179.75891760434
708,4834679.566666666,10273586.103976052,-604226.9706427194,3195765.0,6431258.053048963,-39728.05304896319,3117117.966666667,6253660.989879768,-19425.056546435226,149314.7,323609.880615306,-24980.480615306005,4834679.566666666,10273586.103976052,-604226.9706427194,149685.35,323950.3824617302,-24579.682461730205
709,4664554.566666666,9859142.428116687,-530033.2947833529,3098495.8833333333,6249440.808903169,-52449.04223650228,3207809.75,6490626.077465788,-75006.57746578846,165438.0,331968.9625396108,-1092.9625396108022,4664554.566666666,9859142.428116687,-530033.2947833529,165450.55,331990.60582385666,-1089.5058238567144
710,4872793.366666666,9939565.877513263,-193979.14417993184,3440305.533333333,6684323.914900642,196287.151766025,3441855.183333333,6822594.778675592,61115.587991075125,162290.86666666667,315115.02723046555,9466.706102867785,4872793.366666666,9939565.877513263,-193979.14417993184,164442.46666666667,317269.97085939744,11614.962473935913
711,4847536.0,9847700.892796533,-152628.89279653318,3404717.7333333334,6581226.429006195,228209.0376604721,3389746.716666667,6669698.255520155,109795.17781317886,163267.93333333332,319302.10011112876,7233.766555537848,4847536.0,9847700.892796533,-152628.89279653318,163305.25,319344.0562318448,7266.443768155208
712,5123783.7,10454005.203473117,-206437.8034731159,3579620.933333333,6921755.2788254935,237486.58784117317,3460865.433333333,6746779.722901244,174951.14376542298,149523.0,300689.6331479327,-1643.6331479327055,5123783.7,10454005.203473117,-206437.8034731159,152237.08333333334,303531.2662000577,942.9004666090186
713,5305934.7,10873987.572461028,-262118.1724610282,3710648.783333333,7194658.275150069,226639.29151659738,3499201.6333333333,6683859.3079706,314543.95869606687,123757.26666666666,257762.95514293443,-10248.421809601103,5305934.7,10873987.572461028,-262118.1724610282,126153.68333333333,260294.3443044708,-7986.977637804157
714,4678455.233333333,10165018.468752023,-808108.002085357,3105498.8666666667,6426284.396706819,-215286.6633734852,2675932.95,5536570.814980939,-184704.91498093912,150072.53333333333,295522.5838795095,4622.482787157205,4678455.233333333,10165018.468752023,-808108.002085357,150111.4,295565.89360990725,4656.906390092772
715,4604813.033333333,10007759.851494558,-798133.7848278908,3009176.15,6215593.161639491,-197240.86163949082,2659721.066666667,5543313.230018196,-223871.09668486193,152117.33333333334,296583.9008125783,7650.765854088444,4604813.033333333,10007759.851494558,-798133.7848278908,152534.26666666666,296964.1920544975,8104.34127883584
716,4896165.8,10395267.899036255,-602936.2990362551,3223415.75,6454176.104176334,-7344.604176334105,2877932.1166666667,5842094.198873773,-86229.96554044029,170145.0,323727.71900608623,16562.280993913737,4896165.8,10395267.899036255,-602936.2990362551,192506.11666666667,372653.706425819,12358.526907514315
717,5431112.0,11075638.758111218,-213414.758111218,3831735.6166666667,7359867.032313529,303604.201019804,3426708.3,6567968.410364346,285448.189635654,131819.56666666668,273952.1303850211,-10312.997051687737,5431112.0,11075638.758111218,-213414.758111218,131842.03333333333,273981.56121702574,-10297.494550359086
718,5460911.333333333,11118447.635312479,-196624.96864581387,3899331.566666667,7512868.376069182,285794.75726415217,3317358.0833333335,6384773.191875096,249942.97479157057,150052.66666666666,292462.10356086085,7643.229772472463,5460911.333333333,11118447.635312479,-196624.96864581387,150078.91666666666,292495.81451330066,7662.018820032681
719,5634227.466666667,11325885.522137849,-57430.58880451508,3995171.9166666665,7586989.569780089,403354.26355324406,3478830.45,6532698.758977357,424962.14102264354,179815.83333333334,335068.91883015714,24562.747836509545,5634227.466666667,11325885.522137849,-57430.58880451508,191357.15,353223.8864069435,29490.413593056495
720,5579718.9,11231272.085287519,-71834.28528751712,3976787.9,7554944.279010735,398631.5209892648,3484837.8666666667,6503035.081311772,466640.6520215622,159866.33333333334,317797.8035620196,1934.8631046470837,5579718.9,11231272.085287519,-71834.28528751712,160171.26666666666,318076.2345761417,2266.298757191602
721,4848053.9,9400059.873803733,296047.9261962678,3556356.7333333334,6603530.015397696,509183.45126897143,3542642.783333333,6541881.552026484,543404.0146401818,157008.46666666667,311813.5436306436,2203.3897026897757,4848053.9,9400059.873803733,296047.9261962678,157055.4,311862.921629661,2247.8783703389927
722,4889075.166666667,9498219.101826387,279931.2315069474,3539965.466666667,6596042.643625253,483888.2897080807,3444930.05,6324219.785870263,565640.3141297358,164014.53333333333,332695.88642644277,-4666.819759776146,4889075.166666667,9498219.101826387,279931.2315069474,164089.78333333333,332769.0401472149,-4589.473480548273
723,4287930.833333333,8776592.212156847,-200730.545490182,2929098.05,5754684.011497225,103512.08850277495,2758401.3,5394036.884432031,122765.71556796832,178368.03333333333,367726.05862889765,-10989.991962230997,4287930.833333333,8776592.212156847,-200730.545490182,178401.5,367762.9211509648,-10959.921150964772
724,4898392.3,9482883.295054277,313901.3049457222,3577909.5833333335,6677535.37286859,478283.7937980774,3288517.1166666667,6186686.003821051,390348.22951228265,169130.93333333332,338667.4399169488,-405.57325028211926,4898392.3,9482883.295054277,313901.3049457222,169167.18333333332,338708.12154245574,-373.7548757891054
725,4611043.033333333,9166238.486112693,55847.58055397309,3139111.4,6001682.731447928,276540.0685520717,2686675.216666667,5195246.014605079,178104.41872825474,183593.5,352376.3141576,14810.68584240001,4611043.033333333,9166238.486112693,55847.58055397309,183633.48333333334,352418.1635707066,14848.80309596003
726,5328466.833333333,10032091.44174288,624842.2249237858,3845409.35,6963118.346296364,727700.3537036357,3326534.3666666667,6084337.336831023,568731.3965023104,210653.03333333333,404838.1186805772,16467.94798608945,5328466.833333333,10032091.44174288,624842.2249237858,210687.4,404873.5330009484,16501.266999051615
727,5274623.633333334,9893482.49712272,655764.7695439467,3856825.5166666666,6942789.860547645,770861.1727856887,3474468.3,6251535.172071997,697401.4279280021,182004.26666666666,362907.63387237524,1100.899460958084,5274623.633333334,9893482.49712272,655764.7695439467,182015.46666666667,362918.5307091067,1112.40262422667
728,5365461.3,10095926.569451816,634996.0305481823,3894143.433333333,7083722.385690544,704564.4809761224,3501646.466666667,6310249.606274048,693043.3270592857,149117.8,327475.3138816717,-29239.71388167172,5365461.3,10095926.569451816,634996.0305481823,149203.11666666667,327553.7817920328,-29147.548458699486
729,5489797.4,10259605.425763417,719989.3742365846,3978495.283333333,7184309.526357032,772681.0403096341,3191294.9,5944316.995241687,438272.80475831265,172847.73333333334,351104.1931870366,-5408.726520369935,5489797.4,10259605.425763417,719989.3742365846,172829.91666666666,351074.7615242966,-5414.9281909632555
730,5386908.366666666,10126888.2932638,646928.440069532,3963288.5833333335,7171818.385428117,754758.7812385503,3164826.55,5945075.321053214,384577.7789467848,167796.56666666668,365326.0131642871,-29732.879830953723,5386908.366666666,10126888.2932638,646928.440069532,167771.08333333334,365289.6312443359,-29747.46457766925
731,4504914.233333333,9029859.172163099,-20030.70549643226,3074355.9833333334,5877965.663169723,270746.3034969433,2402116.9833333334,4836578.016143015,-32344.049476347864,214698.3,459251.1322195028,-29854.53221950287,4504914.233333333,9029859.172163099,-20030.70549643226,214715.53333333333,459265.75186944724,-29834.685202780587
732,4680158.733333333,9141579.668620588,218737.79804607853,3244861.0166666666,6064077.458587211,425644.5747461221,2499958.066666667,5019645.570521719,-19729.437188385054,190339.0,403578.1092988115,-22900.109298811556,4680158.733333333,9141579.668620588,218737.79804607853,190351.2,403588.681494799,-22886.281494798983
733,3205718.1,6256304.334100669,155131.86589933094,2374603.4833333334,4473121.905172618,276085.06149404915,1876794.4666666666,3698212.123253207,55376.81008012593,184188.06666666668,404454.1205654915,-36077.987232158135,3205718.1,6256304.334100669,155131.86589933094,184377.91666666666,404625.9985419441,-35870.165208610764
734,4033691.3,7418543.46188296,648839.1381170391,3131147.6166666667,5666449.987207925,595845.2461254089,2701379.55,5160615.088351457,242144.01164854225,197409.3,438866.0671024015,-44047.46710240151,4033691.3,7418543.46188296,648839.1381170391,197438.96666666667,438894.1103646816,-44016.17703134823
735,3847080.966666667,6967376.872645576,726785.060687758,2935898.4833333334,5107084.613527441,764712.3531392259,2298676.15,4286317.908757062,311034.39124293835,182088.23333333334,401372.6549760549,-37196.188309388235,3847080.966666667,6967376.872645576,726785.060687758,182099.1,401384.25085264095,-37186.05085264091
736,3938777.3,7066139.788200414,811414.8117995854,2917808.533333333,5024413.110435016,811203.9562316504,2297137.4,4208575.115415351,385699.6845846488,209715.06666666668,420090.93709239917,-660.8037590658059,3938777.3,7066139.788200414,811414.8117995854,216421.98333333334,428016.9678545556,4826.998812111124
737,3470872.3666666667,6540110.179422455,401634.5539108785,2595186.683333333,4676693.457211706,513679.9094549606,2145960.6333333333,4138428.745207697,153492.52145896945,166570.1,410254.0165968284,-77113.8165968284,3470872.3666666667,6540110.179422455,401634.5539108785,166658.91666666666,410337.5330971632,-77019.69976382988
738,4103888.966666667,7488895.1652233265,718882.7681100066,3232760.033333333,5786501.866069652,679018.2005970143,2736408.5166666666,5192450.027301329,280367.006032004,158707.46666666667,389778.52340285666,-72363.59006952331,4103888.966666667,7488895.1652233265,718882.7681100066,158729.38333333333,389800.6337100023,-72341.86704333563
739,4140238.6,7530792.014572341,749685.1854276592,3194863.466666667,5702925.21379009,686801.7195432438,2789311.8,5281438.968160113,297184.63183988584,166454.0,380141.83425702946,-47233.83425702949,4140238.6,7530792.014572341,749685.1854276592,166520.63333333333,380203.89421428565,-47162.62754761902
740,3435910.2666666666,6511158.634870186,360661.8984631472,2559079.35,4624257.537782888,493901.162217112,2132602.1166666667,4145559.697901837,119644.53543149633,142176.66666666666,347722.17082440155,-63368.8374910682,3435910.2666666666,6511158.634870186,360661.8984631472,142351.43333333332,347876.50899450644,-63173.64232783977
741,4056763.933333333,7240442.183804532,873085.6828621347,2959364.566666667,5061880.448274879,856848.6850584554,2456149.1166666667,4442127.954851475,470170.278481859,164156.16666666666,377896.7641502877,-49584.43081695438,4056763.933333333,7240442.183804532,873085.6828621347,164175.43333333332,377908.9324455919,-49558.06577892529
742,4130497.033333333,7323388.1683515925,937605.8983150744,3093657.9,5259826.181870028,927489.618129971,2593382.15,4714839.443990754,471924.85600924585,168052.53333333333,420743.83682183846,-84638.7701551718,4130497.033333333,7323388.1683515925,937605.8983150744,168090.31666666668,420771.967622708,-84591.33428937464
743,4231086.6,7703484.771741021,758688.4282589778,3344793.816666667,5996199.825418264,693387.8079150696,2822863.5833333335,5371106.976648282,274620.1900183847,202607.83333333334,513257.4472472302,-108041.78058056356,4231086.6,7703484.771741021,758688.4282589778,202666.16666666666,513312.6127690632,-107980.27943572987
744,4312929.1,7873825.281603156,752032.9183968436,3352809.5833333335,6070834.785079394,634784.3815872739,2928268.783333333,5617374.046744401,239163.51992226625,176909.03333333333,459884.561672839,-106066.49500617234,4312929.1,7873825.281603156,752032.9183968436,177177.86666666667,460126.317567884,-105770.58423455062
745,3413194.8666666667,6383486.189783904,442903.5435494296,2505263.8333333335,4430875.1394284945,579652.5272381722,2157828.566666667,4011252.962574669,304404.17075866484,188765.9,451515.18312247423,-73983.38312247428,3413194.8666666667,6383486.189783904,442903.5435494296,188791.23333333334,451533.01586817036,-73950.54920150369
746,3194530.6666666665,6118482.496954687,270578.83637864655,2287579.0166666666,4130936.5418719435,444221.49146138993,1975482.8833333333,3654755.7180985017,296210.04856816493,181024.83333333334,454831.2884258373,-92781.62175917058,3194530.6666666665,6118482.496954687,270578.83637864655,181027.55,454827.13614117267,-92772.03614117269
747,3768268.6666666665,6976911.284097061,559626.049236272,2906810.5833333335,5230440.757326812,583180.409339855,2580150.2333333334,4806359.582032507,353940.8846341595,215407.3,524823.161550181,-94008.56155018101,3768268.6666666665,6976911.284097061,559626.049236272,215397.16666666666,524808.8035211321,-94014.47018779875
748,3042590.2,5970941.433335993,114238.9666640074,2311077.466666667,4281962.627047834,340192.3062854996,2264643.9,4291378.611426645,237909.18857335486,187016.73333333334,447848.5984579829,-73815.1317913162,3042590.2,5970941.433335993,114238.9666640074,186993.61666666667,447823.6687817528,-73836.4354484195
749,3388397.7,6480217.185460917,296578.21453908365,2678732.816666667,4934377.242779728,423088.3905536053,2494104.7666666666,4632421.195532476,355788.3378008576,175275.06666666668,417766.6855221153,-67216.55218878196,3388397.7,6480217.185460917,296578.21453908365,175268.21666666667,417757.2119069221,-67220.77857358876
750,3016617.4,5918002.855258863,115231.9447411364,2233073.4833333334,4133524.4993822505,332622.4672844163,2160037.1166666667,4224862.89990972,95211.33342361357,197022.43333333332,474464.45177213347,-80419.5851054668,3016617.4,5918002.855258863,115231.9447411364,196983.31666666668,474424.1146291265,-80457.48129579317
751,3897962.4,7992674.417748032,-196749.6177480328,2688171.6,5112686.230147677,263656.96985232364,2751655.85,5467471.794931133,35839.90506886691,210146.9,475289.583428891,-54995.78342889107,3897962.4,7992674.417748032,-196749.6177480328,210124.35,475260.8043816426,-55012.104381642625
752,3804152.3333333335,7880860.159153484,-272555.49248681637,2590988.8333333335,4967912.736003544,214064.9306631228,2676615.0833333335,5351486.566596355,1743.6000703121535,229800.0,528495.136711915,-68895.13671191508,3804152.3333333335,7880860.159153484,-272555.49248681637,229801.78333333333,528498.3054616088,-68894.73879494215
753,4266159.733333333,8491972.770475717,40346.69619094953,3052367.183333333,5694632.779175175,410101.5874914909,3106835.1166666667,5867938.842969496,345731.3903638371,218792.23333333334,493520.66529531626,-55936.19862864958,4266159.733333333,8491972.770475717,40346.69619094953,218795.88333333333,493525.83398027986,-55934.067313613166
754,4219196.733333333,8429573.603904754,8819.862761912867,2975220.433333333,5588708.20965139,361732.6570152766,3033837.0,5702658.093530709,365015.9064692911,223548.93333333332,513336.8114129313,-66238.94474626463,4219196.733333333,8429573.603904754,8819.862761912867,223535.55,513317.20088723424,-66246.10088723426
755,4216702.666666667,8417586.513184682,15818.82014865335,2960178.45,5546482.836555686,373874.063444315,2881350.3833333333,5426369.49456593,336331.27210073685,211798.03333333333,481187.55501680024,-57591.488350133586,4216702.666666667,8417586.513184682,15818.82014865335,211825.91666666666,481207.03699585726,-57555.20366252397
756,4261488.333333333,8481782.439584069,41194.22708259802,3016386.433333333,5641353.6270734,391419.239593267,3002116.5166666666,5614178.6278981175,390054.4054352152,202592.5,453808.92517916445,-48623.92517916445,4261488.333333333,8481782.439584069,41194.22708259802,202613.71666666667,453822.392852004,-48594.95951867063
757,4291338.266666667,8521243.703344764,61432.82998856902,3070004.9,5765168.359286372,374841.44071362866,3235287.1,5946870.737605608,523703.4623943921,198288.76666666666,422349.9517056254,-25772.41837229207,4291338.266666667,8521243.703344764,61432.82998856902,204877.63333333333,430084.3696629536,-20329.102996286936
758,4393209.966666667,8661836.325777285,124583.60755604878,3212039.6166666667,6023644.124914981,400435.10841835197,3506346.4166666665,6436014.274839126,576678.5584942074,208078.53333333333,470419.60419065144,-54262.53752398479,4393209.966666667,8661836.325777285,124583.60755604878,208076.88333333333,470419.95095611224,-54266.18428944555
759,4450444.2,8687083.518498577,213804.88150142413,3287268.2666666666,6154423.4290866265,420113.1042467067,3693475.9,6763487.454694311,623464.3453056887,216165.83333333334,491416.7421093583,-59085.075442691654,4450444.2,8687083.518498577,213804.88150142413,216175.6,491418.26063332614,-59067.06063332615
760,4508361.566666666,8769476.467339246,247246.66599408723,3366986.966666667,6339262.268359698,394711.66497363476,3851545.433333333,7089775.60361301,613315.263053657,222153.5,510599.6625903449,-66292.6625903449,4508361.566666666,8769476.467339246,247246.66599408723,222168.76666666666,510614.9680327866,-66277.4346994533
761,4627406.2,9006777.674859077,248034.72514092363,3429777.533333333,6452823.675349366,406731.39131730003,3742955.6666666665,6907536.939086402,578374.3942469307,221269.16666666666,565643.2194312671,-123104.88609793384,4627406.2,9006777.674859077,248034.72514092363,221263.78333333333,565639.5513534662,-123111.98468679964
762,4559639.833333333,8868347.624615893,250932.04205077235,3370869.3333333335,6290319.177488061,451419.48917860584,3793814.6,6956610.794923788,631018.4050762127,260115.9,645708.8521166691,-125477.05211666905,4559639.833333333,8868347.624615893,250932.04205077235,260131.63333333333,645724.1336608069,-125460.86699414023
763,4555547.2,8782380.312557906,328714.0874420954,3335790.2333333334,6226290.81734987,445289.64931679703,3768046.2,6928593.780096147,607498.6199038532,258051.9,670056.3033478741,-153952.50334787407,4555547.2,8782380.312557906,328714.0874420954,258062.28333333333,670066.7392434792,-153942.1725768125
764,4603537.733333333,8871423.962431805,335651.5042348616,3377577.95,6309291.279302458,445864.6206975421,3834389.5833333335,7057812.22958591,610966.9370807572,260748.13333333333,675575.0675932509,-154078.80092658426,4603537.733333333,8871423.962431805,335651.5042348616,260753.63333333333,675581.0935196733,-154073.8268530067
765,4361850.366666666,8344366.849699041,379333.88363429205,3203954.2333333334,5870243.9129892085,537664.5536774583,3405012.5166666666,6258258.8319601985,551766.2013731347,224142.36666666667,569095.1795236117,-120810.44619027831,4361850.366666666,8344366.849699041,379333.88363429205,224145.56666666668,569099.0354724082,-120807.90213907484
766,4492097.266666667,8563815.247420425,420379.2859129086,3351130.8,6184756.125319389,517505.47468061093,3500179.533333333,6515906.419252867,484452.6474138,264841.8333333333,688578.3085535348,-158894.64188686822,4492097.266666667,8563815.247420425,420379.2859129086,264841.9666666667,688578.323908306,-158894.3905749726
767,4321772.733333333,8254934.170380818,388611.29628584906,3156771.9,5774269.359366452,539274.4406335475,3244025.9,6023551.731452052,464500.06854794873,297045.9666666667,784320.8443597383,-190228.911026405,4321772.733333333,8254934.170380818,388611.29628584906,297118.9166666667,784388.1372318714,-190150.303898538
768,4635846.933333334,8792271.014432013,479422.8522346541,3423000.066666667,6328953.875047449,517046.2582858852,3581337.6666666665,6608779.611691261,553895.7216420723,308775.3,817921.3383265838,-200370.7383265838,4635846.933333334,8792271.014432013,479422.8522346541,308778.36666666664,817924.1854377468,-200367.45210441347
769,4412955.066666666,8327256.033425674,498654.0999076585,3216313.183333333,5854067.553272176,578558.8133944906,3452290.3333333335,6306829.497590004,597751.1690766634,274481.0333333333,710658.7946652947,-161696.727998628,4412955.066666666,8327256.033425674,498654.0999076585,276112.6666666667,712215.122494346,-159989.78916101257
770,4591434.933333334,8655814.01778638,527055.8488802882,3400021.2333333334,6278249.404360315,521793.06230635196,3730528.8666666667,6842346.287925217,618711.4454081166,278173.4666666667,726213.2735193537,-169866.34018602042,4591434.933333334,8655814.01778638,527055.8488802882,278205.0333333333,726242.508255559,-169832.44158889237
771,5373569.3,9561464.526389034,1185674.0736109647,3945412.95,6873978.276217513,1016847.623782488,3942016.8833333333,6909396.487720058,974637.2789466083,358495.93333333335,842436.9484352438,-125445.0817685771,5373569.3,9561464.526389034,1185674.0736109647,358505.06666666665,842445.2605559883,-125435.12722265499
772,4916517.033333333,8971280.805980187,861753.2606864795,3500964.566666667,6134324.845055767,867604.2882775664,3634253.316666667,6249560.2895693015,1018946.3437640327,350093.63333333336,800926.8140521415,-100739.54738547478,4916517.033333333,8971280.805980187,861753.2606864795,350770.51666666666,801544.2827629973,-100003.24942966405
773,5053763.3,9236268.78209392,871257.8179060789,3679620.95,6577375.113444129,781866.7865558718,3649677.55,6428589.19035266,870765.90964734,345732.5333333333,862224.0795188714,-170759.0128522048,5053763.3,9236268.78209392,871257.8179060789,345819.5833333333,862304.3508484927,-170665.18418182613
774,5140962.766666667,9553532.232815638,728393.300517696,3745317.433333333,6875946.274139438,614688.5925272289,3537896.3,6499028.806604799,576763.7933952003,401801.4,1014094.4459437781,-210491.6459437781,5140962.766666667,9553532.232815638,728393.300517696,402238.1,1014496.8381206027,-210020.6381206027
775,5162651.133333334,9548155.471650174,777146.7950164936,3790224.8333333335,6940697.046597189,639752.6200694777,3407850.433333333,6346441.38941117,469259.47725549666,465180.36666666664,1151820.8528543771,-221460.1195210438,5162651.133333334,9548155.471650174,777146.7950164936,465292.35,1151923.5378672858,-221338.8378672857
776,5126145.033333333,9464982.619523648,787307.4471430192,3778064.1333333333,6888399.139776022,667729.1268906444,3448852.216666667,6346778.8290325105,550925.6043008231,381084.0333333333,962673.5016626831,-200505.43499601644,5126145.033333333,9464982.619523648,787307.4471430192,381092.13333333336,962681.6472444055,-200497.3805777387
777,5046298.366666666,9287286.399550244,805310.3337830883,3663408.5166666666,6644924.647767168,681892.3855661652,3350418.8333333335,6155442.443149754,545395.2235169131,325021.13333333336,843270.6879484933,-193228.42128182662,5046298.366666666,9287286.399550244,805310.3337830883,327433.8333333333,845594.444854251,-190726.77818758436
778,4353780.533333333,8418564.870426293,288996.19624037296,3182750.433333333,6076027.431423558,289473.4352431088,2959785.0,5760589.521705643,158980.47829435673,340901.8333333333,947007.4198514477,-265203.753184781,4353780.533333333,8418564.870426293,288996.19624037296,342045.3,948087.563687952,-263996.96368795197
779,5125412.0,9349601.48590968,901222.5140903201,3784225.95,6856610.189749727,711841.7102502738,3560631.6166666667,6568650.6432881765,552612.5900451574,432363.3333333333,1104619.4703427984,-239892.8036761317,5125412.0,9349601.48590968,901222.5140903201,432379.3333333333,1104634.8222483566,-239876.15558169008
780,4582233.566666666,8873993.220496917,290473.9128364157,3424312.5833333335,6621373.203878065,227251.96278860234,3088062.75,6118233.935731972,57891.56426802883,376854.7,1012775.1085183662,-259065.70851836615,4582233.566666666,8873993.220496917,290473.9128364157,376866.38333333336,1012786.6363168429,-259053.8696501762
781,5431545.766666667,10042823.693542223,820267.8397911107,4091734.9833333334,7702957.165291598,480512.8013750687,3817982.716666667,7314475.584318154,321489.84901517956,508437.0333333333,1295510.5989231295,-278636.53225646296,5431545.766666667,10042823.693542223,820267.8397911107,515159.5333333333,1302222.8801237117,-271903.813457045
782,4782500.933333334,9313590.973414429,251410.89325223863,3615147.75,7176088.970741543,54206.52925845701,3282890.2333333334,6695187.826311642,-129407.35964497598,513154.63333333336,1379579.3001106016,-353270.0334439349,4782500.933333334,9313590.973414429,251410.89325223863,513172.2833333333,1379596.3993854541,-353251.83271878737
783,4791923.366666666,9343535.44332906,240311.290004272,3611252.65,7159467.813542299,63037.48645770084,3306020.033333333,6695063.390132552,-83023.32346588513,544213.7333333333,1462754.9973242085,-374327.53065754194,4791923.366666666,9343535.44332906,240311.290004272,544224.3333333334,1462765.4322837172,-374316.76561705046
784,4798104.666666667,9331343.222235795,264866.11109753884,3593254.5833333335,7099891.899356351,86617.26731031574,3303471.35,6649398.566103745,-42455.8661037446,521383.3,1390561.6228135782,-347795.0228135783,4798104.666666667,9331343.222235795,264866.11109753884,521399.7,1390578.1584936678,-347778.75849366776
785,5300146.933333334,9757532.133107744,842761.7335589239,3944906.7,7300970.941929553,588842.4580704481,3600142.183333333,6766040.492588946,434243.87407772057,600905.7333333333,1509973.8116052323,-308162.34493856586,5300146.933333334,9757532.133107744,842761.7335589239,600907.3166666667,1509975.5735273724,-308160.94019403914
786,5283715.7,9729128.110151518,838303.2898484813,3940990.6333333333,7312121.202810384,569860.0638562823,3721789.9166666665,6970939.218800403,472640.6145329303,503330.86666666664,1255447.9414706987,-248786.20813736547,5283715.7,9729128.110151518,838303.2898484813,503327.9,1255446.3560226434,-248790.55602264334
787,5232207.933333334,9634871.619051874,829544.2476147925,3874507.15,7168640.02092614,580374.27907386,3551630.6333333333,6657046.499970274,446214.766696393,599535.0666666667,1522512.652206167,-323442.5188728337,5232207.933333334,9634871.619051874,829544.2476147925,599536.2833333333,1522514.1386058026,-323441.5719391359
788,4578036.766666667,8276580.144220222,879493.389113111,3505770.25,6599070.050030755,412470.4499692456,3509874.3333333335,6661004.947741456,358743.71892521065,618287.5666666667,1609918.9391845996,-373343.80585126637,4578036.766666667,8276580.144220222,879493.389113111,618290.2166666667,1609921.800631261,-373341.3672979276
789,4562392.333333333,8215214.55985023,909570.1068164362,3503147.9166666665,6556906.41437203,449389.4189613033,3569036.25,6703305.387832553,434767.1121674469,520684.93333333335,1325667.673679845,-284297.8070131781,4562392.333333333,8215214.55985023,909570.1068164362,520688.63333333336,1325671.9326826534,-284294.66601598676
790,4595389.133333334,8339475.825285426,851302.4413812412,3534886.4166666665,6697265.568173662,372507.26515967166,3558039.6666666665,6789645.759891469,326433.5734418635,620709.0,1611288.3619487998,-369870.3619487999,4595389.133333334,8339475.825285426,851302.4413812412,620711.9333333333,1611291.7012217124,-369867.8345550456
791,4294960.3,7659590.884559754,930329.7154402458,3206281.5166666666,5857924.556483093,554638.4768502405,3243862.966666667,5947531.219673365,540194.7136599687,714889.7333333333,1844310.7702272735,-414531.3035606068,4294960.3,7659590.884559754,930329.7154402458,714947.0,1844363.8754830842,-414469.87548308424
792,4239632.266666667,7497935.376929674,981329.1564036589,3155912.0166666666,5672014.871112468,639809.162220866,3086435.2,5601256.297592304,571614.1024076967,791731.8333333334,2096365.7735423264,-512902.10687565955,4239632.266666667,7497935.376929674,981329.1564036589,791653.35,2096294.2319832412,-512987.5319832411
793,4332013.633333334,7641532.19246584,1022495.0742008276,3246424.0,5831658.134372313,661189.8656276879,3199314.0833333335,5833322.272827644,565305.8938390235,783128.7333333333,2087173.2056684494,-520915.7390017827,4332013.633333334,7641532.19246584,1022495.0742008276,783127.3,2087172.4818968116,-520917.88189681154
794,3917133.3333333335,7355040.806610693,479225.86005597375,3075165.3833333333,5971902.311378282,178428.45528838458,2946521.8,5814418.41840148,78625.18159852037,651560.7,1742335.870984852,-439214.4709848522,3917133.3333333335,7355040.806610693,479225.86005597375,651477.8833333333,1742259.9889423824,-439304.2222757158
795,3531114.1,6419448.279319484,642779.9206805159,2695595.2,4917924.434200387,473265.9657996129,2562275.8833333333,4727121.953911329,397429.8127553379,602471.6666666666,1589076.853196389,-384133.51986305567,3531114.1,6419448.279319484,642779.9206805159,602527.5,1589128.6251593316,-384073.6251593317
796,3513803.6333333333,6405214.481642261,622392.785024405,2691045.1,4945941.355646346,436148.84435365396,2598204.35,4826596.303657391,369812.3963426091,516367.8333333333,1296308.214421531,-263572.54775486427,3513803.6333333333,6405214.481642261,622392.785024405,516380.6,1296320.7508447254,-263559.55084472545
797,4227468.3,7378986.719818212,1075949.8801817875,3163527.1666666665,5585878.575805492,741175.7575278413,3129254.8833333333,5579613.747309024,678896.0193576422,394677.3333333333,909531.9640493075,-120177.29738264089,4227468.3,7378986.719818212,1075949.8801817875,394683.56666666665,909539.3450262838,-120172.2116929504
798,4214908.8,7459195.525409028,970622.0745909717,3221357.466666667,5779150.255070882,663564.6782624521,3222894.2333333334,5818094.083198002,627694.3834686647,315761.2,731386.605539452,-99864.20553945203,4214908.8,7459195.525409028,970622.0745909717,315767.23333333334,731394.1429231807,-99859.6762565141
799,4768354.666666667,8641139.400322383,895569.9330109502,3724304.933333333,7044219.139355764,404390.727310902,3786569.566666667,7174256.10079254,398883.032540794,301109.13333333336,633766.7738003277,-31548.507133660954,4768354.666666667,8641139.400322383,895569.9330109502,301116.51666666666,633776.4537485975,-31543.420415264147
800,4678429.066666666,8386867.289709722,969990.8436236111,3622703.783333333,6751605.558798008,493802.00786865875,3724229.8,6941335.444517087,507124.1554829129,315044.9,655759.6524027134,-25669.85240271344,4678429.066666666,8386867.289709722,969990.8436236111,315227.7,655924.0609487141,-25468.660948714125
801,4789466.6,8584042.880852703,994890.3191472967,3728423.0166666666,6950347.461785311,506498.57154802186,3726845.283333333,6998031.660634419,455658.906032247,336813.86666666664,698291.6300929016,-24663.896759568423,4789466.6,8584042.880852703,994890.3191472967,336743.9666666667,698232.922295918,-24744.98896258464
802,3854056.533333333,7164923.033704074,543190.0329625919,2984823.533333333,5711247.208757937,258399.85790872946,2822386.15,5497146.084216634,147626.215783366,356052.06666666665,815404.1181696926,-103299.98483635922,3854056.533333333,7164923.033704074,543190.0329625919,356071.3,815423.8790188113,-103281.27901881136
803,3714626.3666666667,6894358.97349613,534893.7598372032,2840772.8,5392833.870640665,288711.72935933433,2616731.816666667,5079491.318287192,153972.3150461414,397853.8,952454.7468818196,-156747.14688181953,3714626.3666666667,6894358.97349613,534893.7598372032,397868.56666666665,952470.1393231252,-156733.00598979194
804,3016744.9,5920362.539999478,113127.26000052225,2418327.0,4830476.5034604,6177.4965396001935,2144452.2,4480207.820729079,-191303.42072907835,380682.8,827294.178511194,-65928.57851119392,3016744.9,5920362.539999478,113127.26000052225,380693.11666666664,827310.4888616516,-65924.25552831835
805,2229321.033333333,4378630.68217355,80011.38449311676,1886307.45,3906962.66657487,-134347.76657486986,1592291.4166666667,3474805.9791008634,-290223.14576752996,359174.4666666667,809639.6247573424,-91290.69142400904,2229321.033333333,4378630.68217355,80011.38449311676,359172.4166666667,809635.4092669945,-91290.57593366108
806,2269620.2,4491165.636139962,48074.76386003848,1919583.7666666666,3988472.3568298547,-149304.82349652168,1569037.1666666667,3451858.5510558253,-313784.2177224916,290213.43333333335,644659.8941972249,-64233.02753055823,2269620.2,4491165.636139962,48074.76386003848,290215.63333333336,644661.4258601503,-64230.15919348353
807,2270524.8333333335,4469367.222369921,71682.44429674558,1910764.5,3937698.751244521,-116169.751244521,1523477.7166666666,3355486.2422812553,-308530.8089479222,275821.9,588629.530994436,-36985.73099443602,2270524.8333333335,4469367.222369921,71682.44429674558,275821.9,588629.5453159099,-36985.74531590979
808,2263325.8,4496905.210346009,29746.389653990977,1923522.3166666667,3997458.3964218376,-150413.76308850432,1537648.25,3429950.8427898074,-354654.3427898076,289149.1666666667,613850.9477827342,-35552.614449400804,2263325.8,4496905.210346009,29746.389653990977,289114.61666666664,613819.3728096089,-35590.13947627565
809,2164264.3333333335,4190057.011003486,138471.65566318133,1825942.6833333333,3674720.030952609,-22834.66428594268,1435885.4166666667,3081783.7853216827,-210012.95198834897,257245.46666666667,542032.2926811615,-27541.3593478282,2164264.3333333335,4190057.011003486,138471.65566318133,257246.7,542034.0880275724,-27540.688027572352
810,2163105.7,4140379.069735942,185832.33026405843,1834477.7,3645611.75125856,23343.648741439916,1463789.0666666667,3097946.460553156,-170368.32721982268,263525.4,572964.8922015242,-45914.09220152412,2163105.7,4140379.069735942,185832.33026405843,263530.4166666667,572971.3617044392,-45910.528371105785
811,2101498.7333333334,3990048.708016179,212948.75865048775,1778885.55,3496505.2177898567,61265.882210143376,1559547.2333333334,3094520.287370378,24574.17929628864,251036.66666666666,540766.2105582459,-38692.877224912605,2101498.7333333334,3990048.708016179,212948.75865048775,251040.4,540772.7219546514,-38691.92195465139
812,2053147.1,3863278.671845434,243015.52815456642,1738541.1833333333,3375131.470197172,101950.8964694948,1451062.95,2882394.45853003,19731.441469969694,268216.86666666664,555434.5174351006,-19000.78410176729,2053147.1,3863278.671845434,243015.52815456642,268222.4666666667,555442.7336875089,-18997.800354175444
813,2018538.1666666667,3845536.0535112736,191540.2798220599,1702967.6333333333,3358529.925622211,47405.34104445577,1423015.7333333334,2872538.065640202,-26506.598973535,238994.33333333334,509927.2457375986,-31938.57907093197,2018538.1666666667,3845536.0535112736,191540.2798220599,239031.7,510024.0498819275,-31960.64988192747
814,2015655.3666666667,3858963.5995854717,172347.13374786172,1706621.0333333334,3390660.775174424,22581.291492243065,1422343.7833333334,2919709.266691472,-75021.70002480503,252825.03333333333,547695.9880490052,-42045.92138233851,2015655.3666666667,3858963.5995854717,172347.13374786172,252925.01666666666,547963.1874286383,-42113.154095304955
815,1956820.3,3740015.34982426,173625.25017573987,1646350.7166666666,3272883.540108309,19817.893225023756,1370246.1333333333,2800064.485741983,-59572.219075316796,270685.76666666666,631857.2944741655,-90485.76114083221,1956820.3,3740015.34982426,173625.25017573987,270829.73333333334,632258.5256291097,-90599.05896244297
816,1919419.5,3623770.720321623,215068.27967837686,1611507.05,3159552.6965081305,63461.40349186957,1308271.8166666667,2667934.547196,-51390.91386266658,336628.8333333333,766390.2704501429,-93132.60378347634,1919419.5,3623770.720321623,215068.27967837686,336719.6,766636.4327606548,-93197.23276065488
817,1775483.8333333333,3300260.902257392,250706.7644092741,1462048.6833333333,2799823.3625220275,124274.00414463901,1157802.5833333333,2248194.0916943583,67411.07497230824,357413.7,846703.8081398484,-131876.40813984838,1775483.8333333333,3300260.902257392,250706.7644092741,357430.3333333333,846739.8508288605,-131879.1841621939
818,1803399.7333333334,3434032.934778625,172766.5318880414,1477121.0166666666,2922516.7700638697,31725.263269463554,1164497.0,2363761.9946161937,-34767.994616193464,430991.3,990726.4413575565,-128743.84135755646,1803399.7333333334,3434032.934778625,172766.5318880414,431000.8,990743.2588143549,-128741.65881435497
819,1821287.3666666667,3481535.9139696094,161038.81936372397,1477877.9,2944906.5183452964,10849.281654703198,1171786.3833333333,2394485.649908797,-50912.88324213028,345002.43333333335,784306.3969560092,-94301.53028934251,1821287.3666666667,3481535.9139696094,161038.81936372397,345010.8,784315.739450078,-94294.13945007802
820,1949216.2333333334,3703981.217326938,194451.24933972885,1569541.8,3104306.0340248663,34777.565975133795,1186554.35,2439964.1076732455,-66855.40767324553,364600.93333333335,816083.6528328038,-86881.78616613714,1949216.2333333334,3703981.217326938,194451.24933972885,364599.4,816081.3978062321,-86882.59780623199
821,2131408.8666666667,4036825.8339158087,225991.8994175247,1721746.3,3377324.439844818,66168.16015518224,1262550.9833333334,2589313.8153109346,-64211.84864426777,319115.13333333336,693216.2699693468,-54986.003302680096,2131408.8666666667,4036825.8339158087,225991.8994175247,319114.3333333333,693214.6932563315,-54986.02658966486
822,2187189.0,4152093.3614772875,222284.63852271228,1783958.6333333333,3485323.753975574,82593.51269109244,1297918.4833333334,2654582.519596696,-58745.552930028876,300846.7,637502.6689421225,-35809.268942122464,2187189.0,4152093.3614772875,222284.63852271228,300846.5333333333,637501.9507541512,-35808.88408748462
823,2141247.033333333,4187849.657919028,94644.40874763858,1754866.2833333334,3549208.2874387475,-39475.720772080356,1240998.3,2713865.9465280278,-231869.34652802767,306611.06666666665,633760.7170398657,-20538.58370653243,2141247.033333333,4187849.657919028,94644.40874763858,306608.76666666666,633754.8746894437,-20537.341356110468
824,2220759.6,4315250.405097384,126268.79490261571,1816433.75,3647760.459287348,-14892.95928734797,1222073.4,2760722.306487562,-316575.5064875621,345385.86666666664,694805.2134083053,-4033.480074972089,2220759.6,4315250.405097384,126268.79490261571,345384.5,694801.537547229,-4032.5375472289743
825,2238194.3,4369315.423794383,107073.17620561598,1824561.7833333334,3664002.0978059876,-14878.531139320694,1288980.3166666667,2819570.2394499043,-241609.60611657077,350218.7,704055.9403849716,-3618.5403849715367,2238194.3,4369315.423794383,107073.17620561598,350222.23333333334,704063.3025914081,-3618.835924741521
826,2578465.033333333,5075467.119804129,81462.94686253788,2138514.3333333335,4373880.693175724,-96852.0265090568,1534450.8333333333,3524360.8425644897,-455459.1758978232,359538.56666666665,724658.3210603264,-5581.187726993114,2578465.033333333,5075467.119804129,81462.94686253788,359535.48333333334,724649.5581070695,-5578.591440402728
827,2646447.2666666666,5042503.373401374,250391.15993195912,2153328.5,4225599.043052121,81057.95694787917,1487650.4,3276222.7803649353,-300921.98036493524,378787.43333333335,759985.7630492516,-2410.896382584877,2646447.2666666666,5042503.373401374,250391.15993195912,378786.68333333335,759982.6958823795,-2409.329215712787
828,2629762.9,5018998.975157826,240526.8248421736,2154076.3833333333,4236743.708497751,71409.05816891603,1540322.4,3327250.236782104,-246605.4367821042,379709.1,786977.181074363,-27558.981074362993,2629762.9,5018998.975157826,240526.8248421736,379710.1666666667,786977.3046839592,-27556.971350625856
829,2692375.433333333,5205850.962597503,178899.9040691629,2214189.3333333335,4404323.049565192,24055.6171014742,1592235.45,3505697.058903705,-321226.15890370496,399631.86666666664,821094.151822019,-21830.41848868574,2692375.433333333,5205850.962597503,178899.9040691629,399640.36666666664,821113.030056004,-21832.296722670726
830,2740939.8,5337568.987351876,144310.61264812388,2231556.566666667,4421104.433313454,42008.7000198802,1570928.7666666666,3435981.7520360406,-294124.2187027072,422036.56666666665,859216.7383155745,-15143.604982241173,2740939.8,5337568.987351876,144310.61264812388,422041.51666666666,859226.1270312936,-15143.093697960256
831,3472474.3,7043995.854678267,-99047.25467826705,2679079.183333333,5301998.8083351515,56159.558331515174,1976017.4666666666,4102502.956697355,-150468.02336402168,422007.56666666665,881346.5417638561,-37331.40843052283,3472474.3,7043995.854678267,-99047.25467826705,422005.81666666665,881347.7367905908,-37336.1034572575
832,3532787.7666666666,7085371.45196894,-19795.91863560723,2776161.316666667,5490434.660042873,61887.97329046065,2097371.5833333335,4403594.679585859,-208851.5129191922,491488.26666666666,1065762.8471749767,-82786.31384164334,3532787.7666666666,7085371.45196894,-19795.91863560723,491520.3,1065792.663466805,-82752.06346680498
833,3418452.3666666667,6784029.038730824,52875.69460250856,2693774.4833333334,5278520.0952961035,109028.87137056375,1913131.05,4070242.361286192,-243980.26128619188,443473.63333333336,945403.4950925016,-58456.22842583491,3418452.3666666667,6784029.038730824,52875.69460250856,443488.5333333333,945423.1876938762,-58446.121027209505
834,3923145.8666666667,7361556.769685224,484734.9636481097,3178522.85,5885606.638500739,471439.06149926083,2211338.2,4285827.793140084,136848.60685991636,415810.9666666667,868066.4398895634,-36444.506556230015,3923145.8666666667,7361556.769685224,484734.9636481097,415827.31666666665,868087.2938791364,-36432.66054580308
835,3549046.7666666666,6520685.617952863,577407.9153804709,2918649.1166666667,5342180.818082362,495117.4152509705,2118718.216666667,3990825.793614988,246610.63971834537,488043.7,1015611.0936201329,-39523.69362013292,3549046.7666666666,6520685.617952863,577407.9153804709,488052.7833333333,1015625.9185301283,-39520.35186346166
836,4236187.933333334,7505829.239330632,966546.6273360355,3400992.1666666665,5921091.659278104,880892.6740552289,2076034.15,3848270.2757969145,303798.0242030851,474802.43333333335,1008524.0683478102,-58919.20168114349,4236187.933333334,7505829.239330632,966546.6273360355,474810.68333333335,1008537.3242924577,-58915.957625790965
837,4256332.466666667,7534091.14617716,978573.7871561744,3406753.6333333333,5936890.592413185,876616.6742534814,2296120.033333333,4073733.59874074,518506.4679259262,538884.2666666667,1143482.2822544877,-65713.74892115442,4256332.466666667,7534091.14617716,978573.7871561744,538841.4,1143457.5506467472,-65774.75064674718
838,4260020.566666666,7581793.951332623,938247.1820007092,3330213.316666667,5800693.009647532,859733.6236858014,2370595.9166666665,4105064.1678487603,636127.6654845728,625454.0333333333,1375559.2615531753,-124651.19488650875,4260020.566666666,7581793.951332623,938247.1820007092,625458.25,1375574.174476725,-124657.67447672493
839,3691282.066666667,6987729.023350136,394835.1099831974,2850349.433333333,5297412.556063393,403286.31060327357,2365132.55,4195387.479956784,534877.6200432153,609286.3666666667,1308592.6268702636,-90019.8935369302,3691282.066666667,6987729.023350136,394835.1099831974,609305.5,1308624.594568891,-90013.59456889099
840,4179087.9,8158168.897373235,200006.9026267645,3143957.933333333,5919902.2604011465,368013.60626551975,2327014.8,4162818.850424658,491210.7495753416,639235.0666666667,1359387.7738650828,-80917.64053174946,4179087.9,8158168.897373235,200006.9026267645,639251.4833333333,1359425.4201228314,-80922.4534561648
841,4356547.366666666,8501193.902890166,211900.83044316573,3233440.3666666667,6075011.396158393,391869.33717494085,2253896.8833333333,3924960.316972269,582833.4496943974,592296.6666666666,1225894.4917819847,-41301.15844865143,4356547.366666666,8501193.902890166,211900.83044316573,592321.1166666667,1225951.5757900868,-41309.342456753366
842,4503373.933333334,8808237.753395904,198510.11327076424,3335127.4,6296218.201713669,374036.5982863307,2230999.183333333,3953749.1240411336,508249.2426255329,609126.2333333333,1275827.5387653178,-57575.072098651086,4503373.933333334,8808237.753395904,198510.11327076424,609169.0166666667,1275932.711117968,-57594.67778463464
843,4258482.3,8197865.637988496,319098.962011504,3191365.55,5965478.444366337,417252.6556336628,2228268.05,3938734.5937311826,517801.50626881677,553111.0,1142708.448079225,-36486.44807922491,4258482.3,8197865.637988496,319098.962011504,553155.5833333334,1142809.7339197767,-36498.56725311
844,4224880.233333333,7972593.516643075,477166.9500235915,3206013.8,5913258.353525798,498769.2464742018,2277612.183333333,3927900.5849668505,627323.7816998158,1213254.8666666667,2604718.0882936777,-178208.35496034427,4224880.233333333,7972593.516643075,477166.9500235915,1213292.6833333333,2604768.493234791,-178183.1265681244
845,5013566.766666667,8982199.49030703,1044934.0430263039,3774330.1166666667,6618249.760645085,930410.4726882484,2949544.1166666667,4872029.024664495,1027059.208668838,1399407.5,3015758.965210337,-216943.9652103372,5013566.766666667,8982199.49030703,1044934.0430263039,1399462.9,3015834.653818793,-216908.85381879332
846,5284425.733333333,9418252.27086531,1150599.1958013563,3965493.4166666665,6933323.930642414,997662.9026909191,3374639.05,5640164.8939881455,1109113.2060118546,1199492.3666666667,2736012.3268903093,-337027.59355697595,5284425.733333333,9418252.27086531,1150599.1958013563,1199510.4666666666,2736033.1102287285,-337012.17689539515
847,5254097.133333334,9280100.338591069,1228093.928075599,3921881.2666666666,6818903.448876016,1024859.0844573178,3502461.216666667,5801040.639468232,1203881.7938651014,1245239.7333333334,2779236.024038013,-288756.5573713463,5254097.133333334,9280100.338591069,1228093.928075599,1245265.35,2779264.753752927,-288734.05375292664
848,5323162.466666667,9408137.782334382,1238187.1509989523,3915184.25,6768432.870479764,1061935.629520236,3763812.216666667,6226248.56625049,1301375.867082843,1335244.3,2932761.979893336,-262273.3798933362,5323162.466666667,9408137.782334382,1238187.1509989523,1335210.7333333334,2932717.8276823848,-262296.36101571796
849,5112680.3,8996678.044727074,1228682.5552729256,3852402.5833333335,6642424.576645302,1062380.5900213653,3549038.183333333,5969986.739315707,1128089.627350959,1332061.8,2923269.055963186,-259145.455963186,5112680.3,8996678.044727074,1228682.5552729256,1332004.0833333333,2923193.8611761313,-259185.69450946501
850,4502867.033333333,8122677.371662432,883056.6950042336,3394113.6166666667,5950103.451099368,838123.782233966,3002021.7666666666,5176025.913565068,828017.6197682656,1406465.8666666667,2877756.2779770466,-64824.54464371316,4502867.033333333,8122677.371662432,883056.6950042336,1406470.6166666667,2877760.399610189,-64819.16627685516
851,4590459.566666666,8211584.907214319,969334.226119014,3489587.183333333,6065279.143865876,913895.2228007908,3187195.0833333335,5566655.502644008,807734.664022659,1440547.8333333333,2938085.2441756967,-56989.57750903,4590459.566666666,8211584.907214319,969334.226119014,1440489.4,2938017.717340094,-57038.91734009446
852,4602731.366666666,8193001.797404837,1012460.9359284951,3582146.5,6216144.241640247,948148.7583597521,3175632.2,5501625.423204428,849638.9767955723,1421712.1,2888015.4100290863,-44591.2100290861,4602731.366666666,8193001.797404837,1012460.9359284951,1421669.7333333334,2887934.9176872503,-44595.45102058374
853,5444457.566666666,9337739.77670946,1551175.3566238726,4269669.233333333,7177579.452264388,1361759.0144022787,3914906.35,6708243.998416789,1121568.7015832118,1691629.4333333333,3558082.0628167433,-174823.19615007658,5444457.566666666,9337739.77670946,1551175.3566238726,1691611.2833333334,3558054.766018655,-174832.19935198803
854,5567157.6,9513313.5437652,1621001.6562347994,4321225.133333334,7248812.220973374,1393638.0456932927,4267139.783333333,7320281.879440044,1213997.6872266224,1521373.3666666667,3217658.182344281,-174911.4490109475,5567157.6,9513313.5437652,1621001.6562347994,1519318.9333333333,3215820.2216051035,-177182.354938437
855,5404006.366666666,9203071.074678298,1604941.6586550344,4238692.633333334,7117809.079405267,1359576.1872614012,4130935.4166666665,7023455.810638614,1238415.0226947195,1544154.1333333333,3227258.305517161,-138950.0388504942,5404006.366666666,9203071.074678298,1604941.6586550344,1544165.7833333334,3227251.2543448214,-138919.68767815456
856,4590579.366666666,7934929.660533063,1246229.072800269,3736565.9166666665,6355251.647530705,1117880.1858026283,3180339.033333333,5430845.461135237,929832.6055314294,1472196.8333333333,2951943.241707555,-7549.575040888274,4590579.366666666,7934929.660533063,1246229.072800269,1472127.65,2951882.955259264,-7627.655259264167
857,5139004.033333333,8682092.219020206,1595915.84764646,4121612.6,6882866.20796217,1360358.9920378295,3636358.533333333,6084305.721072713,1188411.345593954,1606847.3666666667,3328362.2104505375,-114667.47711720387,5139004.033333333,8682092.219020206,1595915.84764646,1606744.4,3328229.490787385,-114740.69078738499
858,5214866.066666666,8875048.27511971,1554683.8582136221,4176019.7666666666,7027810.161809423,1324229.3715239102,3527338.9166666665,5876146.399642743,1178531.4336905903,1548819.9,3199954.8411897747,-102315.04118977464,5214866.066666666,8875048.27511971,1554683.8582136221,1548706.95,3199725.3792717904,-102311.47927179071
859,5350766.366666666,9069932.48101938,1631600.252313953,4319011.933333334,7204808.131269157,1433215.7353975102,3656044.2333333334,6063347.66670429,1248740.7999623776,1593916.6333333333,3248992.4198061335,-61159.153139466885,5350766.366666666,9069932.48101938,1631600.252313953,1593719.4833333334,3248643.711601564,-61204.744934897404
860,4773839.666666667,8108977.651318845,1438701.6820144886,3941090.4166666665,6608652.151999773,1273528.68133356,3114188.1166666667,5197014.3071544375,1031361.9261788959,1478203.8,2968584.266417888,-12176.6664178879,4773839.666666667,8108977.651318845,1438701.6820144886,1478122.9333333333,2968461.304783611,-12215.438116944395
861,4652620.733333333,7894806.659347483,1410434.8073191838,3847030.8333333335,6507395.264244773,1186666.4024218936,3180496.566666667,5405784.572793605,955208.560539729,1388049.0,2876538.7209275886,-100440.72092758864,4652620.733333333,7894806.659347483,1410434.8073191838,1387996.25,2876455.270254627,-100462.77025462687
862,5489322.633333334,9149787.810441904,1828857.4562247642,4546435.4,7529590.446404916,1563280.3535950845,4070980.9833333334,6875500.878486732,1266461.0881799348,1538544.7,3223467.166975296,-146377.76697529596,5489322.633333334,9149787.810441904,1828857.4562247642,1538514.85,3223426.5214136727,-146396.82141367276
863,4987100.366666666,8498576.542336648,1475624.1909966837,4235771.233333333,7193432.923343309,1278109.5433233576,3388286.25,5965258.617332816,811313.8826671843,1617362.3,3283439.345114056,-48714.745114055695,4987100.366666666,8498576.542336648,1475624.1909966837,1617390.1166666667,3283503.3508135346,-48723.11748020118
864,6461336.366666666,10396023.028393734,2526649.7049395973,5412974.016666667,8641753.50076951,2184194.5325638233,4102994.05,6881774.048068458,1324214.0519315419,1725097.3333333333,3523011.0068997936,-72816.34023312689,6461336.366666666,10396023.028393734,2526649.7049395973,1724977.8333333333,3522807.4068348873,-72851.74016822106
865,6717442.4,10841443.772327673,2593441.027672329,5633422.916666667,9023789.115438297,2243056.717895036,4277913.366666666,7156025.13439074,1399801.5989425923,1769884.7333333334,3674356.7935507763,-134587.32688410976,6717442.4,10841443.772327673,2593441.027672329,1769766.4,3674130.157544502,-134597.35754450224
866,6330460.3,10170985.02272436,2489935.57727564,5379685.766666667,8638583.653227625,2120787.880105708,3757254.05,6296684.189274337,1217823.910725662,1868361.0666666667,3749903.9779912885,-13181.844657954993,6330460.3,10170985.02272436,2489935.57727564,1868163.7333333334,3749441.4313897323,-13113.964723065728
867,6131926.666666667,9863820.040121824,2400033.2932115113,5195745.75,8365653.033413112,2025838.4665868878,3907997.6,6458156.515465908,1357838.684534093,2145565.1333333333,4247864.9151562685,43265.35151039809,6131926.666666667,9863820.040121824,2400033.2932115113,2145609.2,4247930.7826281525,43287.61737184785
868,6517073.033333333,10716927.237566866,2317218.8290998014,5366540.183333334,8756768.625687111,1976311.7409795555,4337929.183333334,7232033.564929524,1443824.8017371427,2390483.6666666665,4774217.3933081385,6749.940025194082,6517073.033333333,10716927.237566866,2317218.8290998014,2390434.15,4774134.275237033,6734.024762966204
869,5858818.733333333,9512992.116168031,2204645.350498636,4896095.4,7973606.907824915,1818583.8921750863,3437453.8833333333,5724762.999226064,1150144.7674406022,2117155.933333333,4192291.650043465,42020.21662320127,5858818.733333333,9512992.116168031,2204645.350498636,2117067.1666666665,4192125.6628421284,42008.670491204364
870,5669084.333333333,9257237.96949718,2080930.6971694864,4701817.083333333,7688150.963993671,1715483.2026729947,3476900.716666667,5823582.369318498,1130219.0640148357,2176420.966666667,4314030.865702232,38811.067631101236,5669084.333333333,9257237.96949718,2080930.6971694864,2176255.75,4313708.323069888,38803.17693011183
871,5539416.266666667,9041332.71554807,2037499.8177852635,4695970.216666667,7687207.943916593,1704732.4894167408,3398281.216666667,5676355.629401635,1120206.8039316987,2160335.966666667,4291086.074578201,29585.858755131718,5539416.266666667,9041332.71554807,2037499.8177852635,2160222.15,4290911.754995729,29532.54500427097
872,5585754.166666667,9122234.459631894,2049273.8737014406,4685937.766666667,7686405.950565347,1685469.5827679862,3571122.0,5959321.409171529,1182922.5908284714,2006131.6333333333,4128641.208146147,-116377.94147948036,5585754.166666667,9122234.459631894,2049273.8737014406,2006054.8666666667,4128492.241569736,-116382.50823640265
873,6069823.466666667,9949241.74958247,2190405.183750865,5157249.7,8420130.52658033,1894368.8734196713,4159963.316666667,6871709.680676911,1448216.9526564227,2077749.6666666667,4326788.358411345,-171289.02507801098,6069823.466666667,9949241.74958247,2190405.183750865,2077685.4833333334,4326683.485446952,-171312.5187802855
874,5400790.066666666,8891510.041002944,1910070.0923303883,4674337.866666666,7705888.6445095595,1642787.0888237734,3402971.783333333,5686962.2880873075,1118981.278579359,1865342.3,3863105.2451146664,-132420.64511466655,5400790.066666666,8891510.041002944,1910070.0923303883,1865301.6666666667,3863033.823437034,-132430.49010370043
875,5104649.266666667,8538373.137257125,1670925.3960762084,4461241.683333334,7456380.76637058,1466102.600296087,3322060.1666666665,5576247.052237585,1067873.2810957474,1821923.3333333333,3773060.9364131796,-129214.2697465131,5104649.266666667,8538373.137257125,1670925.3960762084,1821892.1833333333,3773008.997045085,-129224.6303784179
876,5177392.633333334,8473789.87552191,1880995.3911447572,4492134.8,7334848.105886506,1649421.4941134937,4347461.216666667,7206839.404117897,1488083.029215437,2069290.8666666667,4372455.769982584,-233874.0366492509,5177392.633333334,8473789.87552191,1880995.3911447572,2069250.9,4372390.984819448,-233889.1848194478
877,4542329.933333334,7387938.801945096,1696721.0647215717,3927158.3833333333,6436525.55721002,1417791.2094566468,3468348.683333333,5889068.17865319,1047629.1880134768,1817362.4,3784043.2428001957,-149318.44280019565,4542329.933333334,7387938.801945096,1696721.0647215717,1817312.4666666666,3783966.2768031675,-149341.34346983465
878,5013395.5,8354781.8557180185,1672009.144281982,4288069.25,7100695.142434044,1475443.3575659567,4355118.216666667,7387510.471046133,1322725.9622872006,1987286.7,4219610.342957773,-245036.9429577731,5013395.5,8354781.8557180185,1672009.144281982,1987258.3333333333,4219561.560591333,-245044.89392466634
879,4153306.5,6784739.899675921,1521873.1003240794,3641259.8666666667,6000838.582423068,1281681.1509102657,3621432.65,6199213.929250078,1043651.370749922,1854777.3333333333,3837815.9149214006,-128261.24825473409,4153306.5,6784739.899675921,1521873.1003240794,1854739.4833333334,3837751.2036057403,-128272.23693907331
880,4847966.266666667,8144451.875034022,1551480.658299311,4115945.8333333335,6852817.235918647,1379074.4307480208,4071038.2,7030217.875699904,1111858.524300096,2074981.3666666667,4362630.086185614,-212667.3528522798,4847966.266666667,8144451.875034022,1551480.658299311,2074972.4166666667,4362598.013104478,-212653.17977114464
881,4947913.5,8397981.406950008,1497845.5930499923,4156934.7333333334,6972283.733230664,1341585.7334360024,4181416.3,7219598.615629412,1143233.9843705879,2045018.9333333333,4346577.316791832,-256539.45012516552,4947913.5,8397981.406950008,1497845.5930499923,2044988.1833333333,4346532.0148659125,-256555.64819924603
882,4285281.1,7013812.291631676,1556749.908368323,3735558.683333333,6166237.9988996405,1304879.3677670257,3460775.95,5967371.169608228,954180.730391772,1768249.3666666667,3696174.8604490384,-159676.12711570528,4285281.1,7013812.291631676,1556749.908368323,1768227.6833333333,3696142.232293115,-159686.8656264483
883,3679429.933333333,6296372.449877344,1062487.4167893217,3259329.45,5648502.751028977,870156.1489710235,3235973.35,5759100.841643382,712845.8583566183,1134350.8666666667,2595784.942856051,-327083.20952271787,3679429.933333333,6296372.449877344,1062487.4167893217,1134318.0833333333,2595732.640922082,-327096.4742554156
884,3669615.4,6317518.480784103,1021712.3192158965,3281907.4166666665,5718782.72834238,845032.1049909531,3110907.566666667,5538298.331839586,683516.8014937486,1100494.1333333333,2540000.2938154354,-339012.0271487688,3669615.4,6317518.480784103,1021712.3192158965,1100468.4833333334,2539958.778106599,-339021.8114399321
885,3550770.033333333,6087642.211459604,1013897.8552070623,3149714.35,5467752.847874346,831675.852125654,3004651.933333333,5285593.574524041,723710.2921426245,1088276.4666666666,2530391.0568844182,-353838.1235510851,3550770.033333333,6087642.211459604,1013897.8552070623,1088259.5333333334,2530360.7733999444,-353841.70673327753
886,3561214.7333333334,6102813.303224796,1019616.1634418704,3158782.7333333334,5480715.853202537,836849.6134641306,2867427.7666666666,5059467.196083225,675388.3372501074,1160250.7,2649445.842249196,-328944.4422491959,3561214.7333333334,6102813.303224796,1019616.1634418704,1160230.6666666667,2649407.703062284,-328946.3697289503
887,3708721.3666666667,6272539.477567844,1144903.2557654898,3334339.2666666666,5702618.634405425,966059.8989279084,2743925.216666667,4824839.646126977,663010.7872063562,1203382.3333333333,2730999.9774174145,-324235.31075074803,3708721.3666666667,6272539.477567844,1144903.2557654898,1203355.8166666667,2730948.2627896387,-324236.6294563052
888,3621351.0,6224201.820831986,1018500.1791680139,3252745.7,5669347.725199318,836143.6748006828,2758612.2,4869772.833685037,647451.5663149636,1292450.5666666667,2821873.1566835516,-236972.0233502183,3621351.0,6224201.820831986,1018500.1791680139,1292428.9,2821830.7801274844,-236972.98012748477
889,3749045.4,6461370.575598809,1036720.2244011909,3364106.35,5880059.810480857,848152.8895191425,2807801.75,5009819.356366935,605784.1436330648,1310160.6333333333,2852697.8746187575,-232376.6079520909,3749045.4,6461370.575598809,1036720.2244011909,1310101.65,2852613.0339924376,-232409.73399243783
890,3734282.2333333334,6442756.746437788,1025807.7202288783,3375500.6333333333,5900657.053602122,850344.2130645453,3117856.5,5379451.814331301,856261.185668699,1307062.4666666666,2842454.2751491982,-228329.3418158649,3734282.2333333334,6442756.746437788,1025807.7202288783,1307025.5833333333,2842397.141383765,-228345.9747170983
891,3758268.6333333333,6454964.49462799,1061572.7720386772,3337361.533333333,5799996.028430368,874727.0382362986,3143344.5166666666,5390730.096091239,895958.937242094,1318434.9666666666,2844321.8816315513,-207451.94829821796,3758268.6333333333,6454964.49462799,1061572.7720386772,1318472.15,2844429.6704224106,-207485.370422411
892,3933033.1333333333,6677997.781283412,1188068.4853832545,3432342.3833333333,5904278.474185431,960406.2924812352,3218696.0833333335,5499558.777268894,937833.3893977725,1386644.6666666667,3009244.248869276,-235954.91553594265,3933033.1333333333,6677997.781283412,1188068.4853832545,1386750.4,3009479.863779762,-235979.06377976201
893,4603655.4,8069005.88443898,1138304.9155610208,4056208.783333333,7129925.998346014,982491.5683206529,3177822.4833333334,5421319.169936646,934325.7967300215,1272844.4,2766187.1389224976,-220498.33892249758,4603655.4,8069005.88443898,1138304.9155610208,1272865.45,2766265.6290279413,-220534.7290279416
894,3313962.3666666667,5746239.535162829,881685.1981705045,2826804.8833333333,4957008.364770567,696601.4018960991,2794082.5833333335,4922195.331228986,665969.8354376801,1168855.4666666666,2591955.5267969184,-254244.593463585,3313962.3666666667,5746239.535162829,881685.1981705045,1168874.9333333333,2592009.1598792775,-254259.29321261053
895,3256429.9,5670015.390575634,842844.409424366,2879450.7333333334,5077180.518460335,681720.9482063316,2714760.9,4799231.119186468,630290.6808135309,1142596.2666666666,2551441.649738867,-266249.1164055336,3256429.9,5670015.390575634,842844.409424366,1142634.3833333333,2551515.795754856,-266247.02908818936
896,3159087.7,5504281.797053105,813893.6029468952,2806708.2333333334,4939794.322781485,673622.1438851818,2671818.066666667,4669136.13815707,674499.9951762639,1058216.4333333333,2464592.7194201965,-348159.85275353,3159087.7,5504281.797053105,813893.6029468952,1058222.0,2464615.5118747377,-348171.5118747377
897,3168559.8,5568470.591380107,768649.0086198924,2771439.1666666665,4911787.353096496,631090.9802368362,2497649.7333333334,4427731.560472468,567567.9061941989,1067046.2,2458714.463989311,-324622.0639893112,3168559.8,5568470.591380107,768649.0086198924,1067068.7333333334,2458762.235824681,-324624.76915801433
898,3834974.3666666667,6448978.584467517,1220970.1488658157,3285274.35,5538019.792105541,1032528.9078944596,3045141.4833333334,5237659.017763628,852623.9489030386,1757871.2666666666,3684267.123008401,-168524.58967506792,3834974.3666666667,6448978.584467517,1220970.1488658157,1757905.05,3684315.7475141548,-168505.6475141549
899,3956172.3666666667,6601328.7991529945,1311015.9341803389,3410167.1666666665,5709312.762128547,1111021.5712047857,3051347.3833333333,5201602.45052827,901092.316138397,1796184.8333333333,3736471.916468012,-144102.24980134587,3956172.3666666667,6601328.7991529945,1311015.9341803389,1796233.0,3736545.0804668684,-144079.08046686836
900,4473115.033333333,7960947.8613766525,985282.2052900139,3761363.4833333334,6715019.859508223,807707.1071584439,2916940.65,5009354.360018833,824526.939981167,1759289.3666666667,3689225.8509585103,-170647.11762517714,4473115.033333333,7960947.8613766525,985282.2052900139,1759326.35,3689279.3563995664,-170626.6563995662
901,4707983.266666667,8452803.487881115,963163.045452218,3976640.216666667,7148127.622211136,805152.8111221977,2947682.7333333334,5043687.289892594,851678.1767740722,1802053.6,3749809.4804344154,-145702.2804344152,4707983.266666667,8452803.487881115,963163.045452218,1802105.9666666666,3749889.1701800115,-145677.23684667866
902,5554362.4,9930436.150835669,1178288.649164332,4665383.666666667,8359443.1593214385,971324.1740118959,3047418.0833333335,5167639.210624864,927196.9560418022,1804131.8333333333,3752041.9430057723,-143778.2763391058,5554362.4,9930436.150835669,1178288.649164332,1804472.8833333333,3752368.0100184744,-143422.24335180758
903,5352846.7,9196893.92030688,1508799.4796931203,4632039.5,7992479.275164193,1271599.724835808,2992615.683333333,5059280.798219658,925950.5684470073,1768008.3333333333,3696676.318971768,-160659.65230510174,5352846.7,9196893.92030688,1508799.4796931203,1768022.45,3696704.9507233556,-160660.0507233555
904,5327313.033333333,9310318.831367517,1344307.23529915,4564679.866666666,8013783.836688355,1115575.8966449783,3020611.283333333,5101873.298904809,939349.2677618575,1685510.7,3593466.764435514,-222445.3644355142,5327313.033333333,9310318.831367517,1344307.23529915,1685574.15,3593534.297769885,-222385.99776988523
905,5124674.533333333,8808406.993660294,1440942.073006372,4352803.683333334,7530332.684128093,1175274.682538574,2970528.0833333335,5049465.555426037,891590.6112406296,1742052.8666666667,3672592.3259548764,-188486.59262154298,5124674.533333333,8808406.993660294,1440942.073006372,1742109.3333333333,3672635.5176592246,-188416.8509925583
906,4949427.266666667,8540181.078147978,1358673.455185356,4216740.433333334,7309489.675534176,1123991.191132491,2992430.05,5081917.16975713,902942.9302428705,1794021.2,3754312.394497646,-166269.99449764634,4949427.266666667,8540181.078147978,1358673.455185356,1793978.5666666667,3754264.366336629,-166307.23300329573
907,5234495.066666666,9102423.066369068,1366567.0669642645,4447004.6,7759317.633867007,1134691.5661329925,2978154.3666666667,5077204.7094870545,879104.0238462794,1868923.3,3850444.064397946,-112597.46439794567,5234495.066666666,9102423.066369068,1366567.0669642645,1869013.9833333334,3850513.253380797,-112485.28671413008
908,5816395.4,10457863.582134064,1174927.2178659355,4850713.35,8671606.812534733,1029819.8874652665,2932116.55,5001868.275263433,862364.8247365665,1869352.5666666667,3824720.43597642,-86015.30264308676,5816395.4,10457863.582134064,1174927.2178659355,1869310.5833333333,3824675.780901231,-86054.6142345646
909,5096471.966666667,8742457.740300186,1450486.1930331476,4334456.5,7478599.281532608,1190313.718467392,3052721.433333333,5156575.249817734,948867.6168489326,1813513.4333333333,3746734.8274330506,-119707.96076638368,5096471.966666667,8742457.740300186,1450486.1930331476,1813533.85,3746746.7168356813,-119679.0168356814
910,5493246.6,9714821.975967959,1271671.2240320398,4654965.633333334,8215861.238138464,1094070.0285282033,3082281.5,5247080.116214647,917482.883785353,1589109.7,3315020.7806822713,-136801.3806822712,5493246.6,9714821.975967959,1271671.2240320398,1589077.5666666667,3314975.859103184,-136820.72576985066
911,5664708.1,10279279.839245206,1050136.3607547935,4806752.85,8648986.435176931,964519.264823067,3057616.35,5168255.818657663,946976.881342337,1437736.8333333333,3005439.8901409367,-129966.2234742702,5664708.1,10279279.839245206,1050136.3607547935,1437759.8666666667,3005449.9224528093,-129930.18911947566
912,5481314.3,10089005.118006025,873623.4819939742,4674563.283333333,8561584.377113853,787542.1895528128,2885569.566666667,4953056.215291804,818082.9180415296,1431575.5,2983595.73056507,-120444.73056506994,5481314.3,10089005.118006025,873623.4819939742,1431573.8666666667,2983586.1899144184,-120438.45658108476
913,5363980.066666666,9742791.82588521,985168.3074481227,4613467.016666667,8351814.438050654,875119.5952826799,2928697.0833333335,5007163.773235551,850230.3934311159,1291425.4666666666,2748760.330032791,-165909.39669945766,5363980.066666666,9742791.82588521,985168.3074481227,1291431.8,2748759.2978754817,-165895.6978754818
914,4007829.6666666665,7854506.4294847315,161152.9038486015,3608243.816666667,7005670.786262864,210816.84707047,1984189.2666666666,3646225.768013197,322152.765320136,1062806.4666666666,2460552.3572697844,-334939.4239364513,4007829.6666666665,7854506.4294847315,161152.9038486015,1062820.95,2460558.383144472,-334916.48314447165
915,3912356.6666666665,7925975.936834845,-101262.60350151174,3460490.15,6906506.198399643,14474.1016003564,2000543.5,3727168.480498352,273918.5195016477,1082468.7333333334,2493736.5125350915,-328799.04586842493,3912356.6666666665,7925975.936834845,-101262.60350151174,1082464.9166666667,2493726.202992827,-328796.3696594937
916,3797284.8333333335,7874708.743285909,-280139.0766192428,3350978.0833333335,6833932.623191051,-131976.45652438374,2142958.85,4001310.8823848073,284606.81761519285,1106053.9,2536443.103507865,-324335.30350786564,3797284.8333333335,7874708.743285909,-280139.0766192428,1106080.8333333333,2536524.5704432544,-324362.9037765879
917,4708832.766666667,8972487.319907216,445178.21342611685,4015802.05,7556782.9474445395,474821.15255545964,2940477.966666667,5189029.292527338,691926.640805996,1384617.9,2897773.564884615,-128537.76488461555,4708832.766666667,8972487.319907216,445178.21342611685,1384609.7,2897756.277057006,-128536.87705700612
918,3788545.8333333335,7902143.132267047,-325051.4656003802,3392978.316666667,6972196.961681118,-186240.32834778447,2256217.3833333333,4207741.292336699,304693.4743299675,1044947.0,2433103.363711079,-343209.3637110791,3788545.8333333335,7902143.132267047,-325051.4656003802,1045005.0833333334,2433157.872759937,-343147.70609327
919,3663648.5,6684126.293919706,643170.7060802942,3231406.0833333335,5930199.018273054,532613.1483936133,2830436.683333333,5023173.636410271,637699.7302563954,1639240.0333333334,3416408.500145736,-137928.4334790695,3663648.5,6684126.293919706,643170.7060802942,1639300.2333333334,3416452.72471987,-137852.25805320288
920,3460348.8,6416515.921394577,504181.67860542284,3039016.8833333333,5669104.814074203,408928.9525924637,2775099.8833333333,4992117.576204758,558082.1904619085,1713326.6,3613729.9111545174,-187076.71115451725,3460348.8,6416515.921394577,504181.67860542284,1713333.4833333334,3613729.4860455156,-187062.51937884884
921,4156701.1,8340922.313609881,-27520.113609880675,3529478.533333333,7061691.159151274,-2734.0924846073613,2768854.45,4880212.412309361,657496.4876906397,1709033.9666666666,3602922.4683350697,-184854.53500173637,4156701.1,8340922.313609881,-27520.113609880675,1709025.2,3602908.260707667,-184857.86070766696
922,3487958.066666667,6534396.79569564,441519.3376376936,2883317.4,5380755.105611899,385879.6943881009,2473214.9166666665,4549851.573711847,396578.25962148583,1543071.2,3207699.196275895,-121556.79627589509,3487958.066666667,6534396.79569564,441519.3376376936,1543051.6,3207664.3568181507,-121561.15681815078
923,2757939.6333333333,5513626.635302993,2252.6313636736013,2368680.15,4663875.095529515,73485.20447048498,1701017.2,3247250.0723353648,154784.32766463514,1130346.5333333334,2615865.482697142,-355172.41603047494,2757939.6333333333,5513626.635302993,2252.6313636736013,1130329.1333333333,2615832.4665429536,-355174.199876287
924,4330732.733333333,7631312.676387933,1030152.7902787337,3466478.4166666665,6134865.618066398,798091.2152669341,2687734.2,4915240.358180209,460228.0418197913,1570270.5666666667,3239736.000749017,-99194.86741568404,4330732.733333333,7631312.676387933,1030152.7902787337,1570250.8166666667,3239699.9899243517,-99198.35659101838
925,4428677.233333333,7748236.9946762845,1109117.4719903818,3552789.7,6244265.494689582,861313.9053104185,2755210.2333333334,5008948.106785664,501472.3598810029,1665943.4,3394316.1003597043,-62429.30035970453,4428677.233333333,7748236.9946762845,1109117.4719903818,1665913.3,3394262.4873396596,-62435.88733965927
926,3964750.3,7069255.436603051,860245.1633969494,3070038.55,5451513.294830484,688563.8051695148,2350135.3333333335,4190757.58990884,509513.0767578271,1501769.5,3110461.783719998,-106922.78371999809,3964750.3,7069255.436603051,860245.1633969494,1501884.0833333333,3110678.784404168,-106910.6177375014
927,4087175.9,7221402.183769149,952949.616230851,3224830.7333333334,5686082.178584863,763579.2880818034,2468451.4,4409612.970629923,527289.8293700765,1668324.3333333333,3401984.2017195607,-65335.535052893916,4087175.9,7221402.183769149,952949.616230851,1668292.2333333334,3401921.158703545,-65336.692036878085
928,3481019.2333333334,6436777.068015211,525261.3986514555,2818354.65,5193415.7283871025,443293.5716128978,1901063.45,3450712.538645181,351414.36135481927,1327972.3333333333,2968444.7407752285,-312500.0741085622,3481019.2333333334,6436777.068015211,525261.3986514555,1327946.2166666666,2968387.8562779683,-312495.42294463515
929,3526116.1666666665,6510903.605788514,541328.7275448185,2882329.55,5314139.286398822,450519.8136011767,1971508.1666666667,3617680.9753219816,325335.3580113519,1276039.5333333334,2853589.2826097333,-301510.2159430664,3526116.1666666665,6510903.605788514,541328.7275448185,1276014.7166666666,2853532.4506325317,-301503.01729919855
930,3175797.033333333,6072404.314225432,279189.75244123396,2572777.8,4902402.283140337,243153.316859663,1686228.0,3125172.922704139,247283.07729586144,1341251.5333333334,3024634.205816335,-342131.1391496679,3175797.033333333,6072404.314225432,279189.75244123396,1341217.0,3024556.2510900297,-342122.2510900297
931,4236256.7,7478842.318293335,993671.0817066659,3454125.066666667,6112684.020757915,795566.1125754179,2711307.966666667,4842747.565696286,579868.3676370471,2066699.4,4213480.876452314,-80082.07645231346,4236256.7,7478842.318293335,993671.0817066659,2066653.5,4213388.273497945,-80081.27349794423
932,4022879.9,7254004.527628457,791755.2723715426,3226402.45,5835147.88895729,617657.0110427109,2557863.3,4661599.129169636,454127.4708303632,1802719.3333333333,3681714.436616183,-76275.76994951628,4022879.9,7254004.527628457,791755.2723715426,1802714.9833333334,3681655.3683562037,-76225.40168953687
933,4142730.7,7366117.9030005485,919343.4969994524,3348253.316666667,5948152.9723312855,748353.6610020483,2821985.466666667,4935604.960067379,708365.9732659543,1744951.1333333333,3573727.677218601,-83825.4105519345,4142730.7,7366117.9030005485,919343.4969994524,1744966.8833333333,3573681.5449853544,-83747.77831868781
934,4035695.8666666667,7287989.650424112,783402.0829092213,3269595.35,5897923.69881361,641267.0011863899,2768522.5,4899424.442332329,637620.5576676712,1651902.0,3440571.9927327167,-136767.99273271672,4035695.8666666667,7287989.650424112,783402.0829092213,1651906.45,3440521.1558692297,-136708.25586922956
935,3924418.533333333,7084745.326403489,764091.7402631766,3160396.45,5688277.713407746,632515.1865922548,2752145.7666666666,4773135.966024956,731155.5673083772,1477138.7,3128944.8142900993,-174667.4142900994,3924418.533333333,7084745.326403489,764091.7402631766,1477142.0833333333,3128908.3337801006,-174624.16711343406
936,3896315.0,7053685.7053701375,738944.2946298621,3103813.716666667,5591930.50026173,615696.933071604,2581350.8666666667,4569506.21613138,593195.5172019536,1437973.6,3067996.891769708,-192049.69176970772,3896315.0,7053685.7053701375,738944.2946298621,1437981.7333333334,3067971.102557197,-192007.6358905302
937,3870088.8333333335,7014144.713392418,726032.9532742496,3087437.3,5552247.477434056,622627.1225659442,2671071.683333333,4658708.644556299,683434.7221103676,1375167.4666666666,2954376.423814317,-204041.4904809841,3870088.8333333335,7014144.713392418,726032.9532742496,1375151.2166666666,2954327.7388585247,-204025.30552519183
938,4442079.166666667,7915640.690213766,968517.6431195675,3664522.5166666666,6561577.1255150465,767467.9078182867,3029771.4166666665,5524443.495803451,535099.3375298819,1321021.5333333334,2847568.562248018,-205525.49558135122,4442079.166666667,7915640.690213766,968517.6431195675,1320993.9666666666,2847517.6522310153,-205529.71889768215
939,4115945.4,7312284.561095618,919606.2389043826,3300184.0166666666,5844388.003417559,755980.0299157738,2673465.216666667,4747396.898143543,599533.5351897902,1366280.4,2951204.0350071555,-218643.23500715545,4115945.4,7312284.561095618,919606.2389043826,1366244.9333333333,2951131.700246587,-218641.83357992023
940,3360756.8333333335,6340980.954704735,380532.71196193155,2750971.066666667,5138139.877087709,363802.25624562474,1844871.6833333333,3453052.3198298104,236691.04683685652,1148650.2666666666,2650824.051207036,-353523.51787370257,3360756.8333333335,6340980.954704735,380532.71196193155,1148818.7333333334,2651156.3323516585,-353518.86568499194
941,3205524.8,6185686.120669041,225363.47933095833,2619650.6333333333,5036986.119894605,202315.146772061,1844555.45,3482580.372180936,206530.52781906375,1132787.3,2633941.7721182904,-368367.1721182903,3205524.8,6185686.120669041,225363.47933095833,1132964.1333333333,2634291.019978145,-368362.7533114783
942,3111818.5,6035121.880776772,188515.1192232282,2517863.3,4817613.145669127,218113.4543308732,1694417.6333333333,3242659.8006994873,146175.46596717928,1013231.0333333333,2415833.8008791734,-389371.7342125069,3111818.5,6035121.880776772,188515.1192232282,1013343.1666666666,2416030.966963757,-389344.6336304237
943,3720828.533333333,7128713.341081407,312943.72558525903,3158493.533333333,6134344.072013775,182642.99465289153,2370261.066666667,4812228.0940878475,-71705.96075451374,1100384.2666666666,2566311.2709608977,-365542.73762756446,3720828.533333333,7128713.341081407,312943.72558525903,1100519.9,2566583.9900325006,-365544.19003250054
944,3588547.3,6865750.246533478,311344.3534665215,3092494.716666667,5932814.94940088,252174.4839324532,2296693.2,4588526.494007347,4859.905992653221,1128701.0333333334,2616677.870768318,-359275.8041016513,3588547.3,6865750.246533478,311344.3534665215,1128663.0833333333,2616624.2887856793,-359298.1221190125
945,3535278.4,6744121.28711557,326435.5128844292,3056011.2,5813647.502877165,298374.89712283574,2225896.85,4422674.300704071,29119.399295929354,1076171.0666666667,2515665.773643938,-363323.6403106046,3535278.4,6744121.28711557,326435.5128844292,1076257.0333333334,2515859.243593514,-363345.17692684685
946,3623724.7,6817476.508107813,429972.89189218683,3176035.3333333335,5956474.8823944125,395595.7842722549,2251156.35,4418375.411441007,83937.28855899349,1081861.9333333333,2490443.7440482145,-326719.87738154805,3623724.7,6817476.508107813,429972.89189218683,1086878.7333333334,2495211.606090011,-321454.13942334405
947,3468070.5,6565911.754498856,370229.24550114386,2927721.6333333333,5478225.1076030545,377218.1590636121,2135058.033333333,4132205.751067659,137910.31559900753,1069877.6333333333,2473981.9317401666,-334226.66507350025,3468070.5,6565911.754498856,370229.24550114386,1070211.2666666666,2474371.131502156,-333948.5981688227
948,3417039.033333333,6439614.041884844,394464.0247818222,2926446.7,5423091.968196307,429801.43180369306,1993381.5166666666,3876506.8025924494,110256.23074088385,1155881.6666666667,2631597.742827357,-319834.4094940231,3417039.033333333,6439614.041884844,394464.0247818222,1155932.9833333334,2631619.498085541,-319753.5314188744
949,3403345.7,6407368.516927399,399322.88307260117,2934710.5166666666,5452168.975542048,417252.05779128475,1948502.4833333334,3784900.151799231,112104.81486743595,1068584.7,2493994.445533818,-356825.0455338182,3403345.7,6407368.516927399,399322.88307260117,1068735.5333333334,2494216.900662313,-356745.83399564656
950,3525655.433333333,6514510.771204036,536800.0954626305,3031477.933333333,5552544.230014736,510411.6366519304,2029287.8333333333,3814654.27665841,243921.39000825654,1034081.3,2416841.3084455673,-348678.70844556694,3525655.433333333,6514510.771204036,536800.0954626305,1034204.1166666667,2417024.1224064175,-348615.8890730839
951,3502872.2,6505711.545706814,500032.85429318575,3005306.1333333333,5520245.515850901,490366.75081576593,2003019.2666666666,3811684.3808681946,194354.15246513835,971761.7666666667,2320562.8638427528,-377039.33050941944,3502872.2,6505711.545706814,500032.85429318575,971824.6666666666,2320660.7560715354,-377011.42273820203
952,3664742.3333333335,6746150.352881493,583334.3137851744,3155863.8,5763113.388868487,548614.2111315122,1919617.6833333333,3670624.566117593,168610.80054907384,944004.3666666667,2276731.870516315,-388723.13718298194,3664742.3333333335,6746150.352881493,583334.3137851744,944057.1333333333,2276806.5731908763,-388692.30652420945
953,4309666.666666667,7597137.926675364,1022195.4066579691,3569522.0,6249913.991421023,889130.0085789766,2785590.5166666666,4999132.92762882,572048.1057045134,1572841.0,3446838.961736559,-301156.96173655917,4309666.666666667,7597137.926675364,1022195.4066579691,1572885.6,3446892.862554985,-301121.6625549849
954,4338272.366666666,7664528.520969327,1012016.2123640059,3643773.816666667,6455444.537761428,832103.0955719054,2817427.0166666666,5008683.530967382,626170.5023659514,1635031.2666666666,3534993.913466327,-264931.3801329939,4338272.366666666,7664528.520969327,1012016.2123640059,1635107.55,3535093.170797099,-264878.0707970988
955,4530997.566666666,7876391.091072196,1185604.0422611362,3858248.433333333,6689466.833058961,1027030.033607706,2744162.4,4880463.578740132,607861.2212598678,1610543.8666666667,3499862.373470976,-278774.6401376424,4530997.566666666,7876391.091072196,1185604.0422611362,1610604.1833333333,3499934.0475191763,-278725.68085250934
956,4594264.4,7979617.682560345,1208911.1174396551,3862529.066666667,6715652.021594718,1009406.1117386161,2736714.25,4853261.92931919,620166.5706808106,1635583.4666666666,3542587.2573248865,-271420.3239915534,4594264.4,7979617.682560345,1208911.1174396551,1635665.8333333333,3542686.7435704377,-271355.07690377114
957,4489908.666666667,7797145.935179999,1182671.3981533349,3852463.2666666666,6686822.8515596595,1018103.6817736737,2796139.45,4998558.379100002,593720.5208999985,1698830.2333333334,3616120.6846411275,-218460.21797446068,4489908.666666667,7797145.935179999,1182671.3981533349,1698948.85,3616278.312121615,-218380.6121216144
958,4740894.466666667,8191298.49840544,1290490.4349278943,4117579.4833333334,7122694.455643267,1112464.5110233994,2944099.7666666666,5257240.4293073155,630959.1040260177,1636896.2666666666,3527716.492753976,-253923.95942064282,4740894.466666667,8191298.49840544,1290490.4349278943,1637217.85,3528031.9492479735,-253596.24924797332
959,5021705.766666667,9022768.351811592,1020643.1815217426,4317171.716666667,7766073.831334097,868269.6019992367,3280406.783333333,5682186.172527708,878627.3941389588,1589395.9,3471691.2165270625,-292899.4165270624,5021705.766666667,9022768.351811592,1020643.1815217426,1589619.8333333333,3471905.946564546,-292666.2798978791
960,4223098.333333333,8072079.40886532,374117.257801346,3735827.05,7111851.848077189,359802.25192281,2717660.15,4854504.127385894,580816.1726141064,931866.6666666666,2254876.4948734804,-391143.16154014727,4223098.333333333,8072079.40886532,374117.257801346,932102.95,2255115.598828865,-390909.6988288651
961,4755576.5,8578338.79243733,932814.2075626701,4116990.1333333333,7438361.5252616,795618.7414050675,3347857.7666666666,5714011.422584001,981704.1107493322,1514299.2,3349633.4114241516,-321035.01142415195,4755576.5,8578338.79243733,932814.2075626701,1514387.3333333333,3349722.683971802,-320948.017305135
962,3960646.2,7612756.146586677,308536.2534133233,3522450.566666667,6759510.14029924,285390.9930340941,3026310.45,5225933.539101299,826687.3608987019,827185.9,2136375.5576889864,-482003.75768898625,3960646.2,7612756.146586677,308536.2534133233,827267.5666666667,2136462.693644547,-481927.56031121337
963,4599114.7,8179105.205492532,1019124.194507469,3942765.4166666665,7028712.720397567,856818.1129357652,3727093.1,6159012.842245856,1295173.3577541444,1476550.0666666667,3306215.483945497,-353115.35061216354,4599114.7,8179105.205492532,1019124.194507469,1476633.1,3306298.040899317,-353031.84089931636
964,4101518.1,7630954.080970801,572082.1190291992,3650908.7,6787665.373787124,514152.0262128762,2949301.816666667,5171195.63681039,727407.996522943,819644.5666666667,2126851.586248181,-487562.4529148473,4101518.1,7630954.080970801,572082.1190291992,819752.6333333333,2126959.160397251,-487453.8937305843
965,4557815.033333333,7991438.551535764,1124191.5151309026,3913048.2333333334,6923619.486751727,902476.97991494,3820367.5166666666,6385118.920698982,1255616.1126343515,1477208.3333333333,3326817.9577501873,-372401.2910835205,4557815.033333333,7991438.551535764,1124191.5151309026,1477257.3,3326867.0013465146,-372352.4013465147
966,3892554.8333333335,7324144.262326142,460965.4043405247,3399768.0833333335,6412790.195611098,386745.9710555691,3187460.15,5540659.440270735,834260.8597292649,813975.1666666666,2120553.8452776936,-492603.51194436045,3892554.8333333335,7324144.262326142,460965.4043405247,814645.2166666667,2121175.5981111173,-491885.164777784
967,4681100.666666667,8467808.5571607,894392.7761726347,4113418.783333333,7471156.423553133,755681.143113533,4125961.1,6726544.986443456,1525377.213556544,1485356.5333333334,3311256.200697715,-340543.13403104804,4681100.666666667,8467808.5571607,894392.7761726347,1480429.0166666666,3306721.150183159,-345863.1168498255
968,4860726.5,8871525.372352073,849927.627647927,4310220.4,7907947.83797339,712492.9620266105,4210079.183333334,6814900.353915926,1605258.012750741,1499722.2666666666,3334843.791676406,-335399.2583430724,4860726.5,8871525.372352073,849927.627647927,1499804.85,3334925.1264369152,-335315.42643691506
969,4257481.1,8208919.986624118,306042.2133758813,3892160.55,7490949.9910731455,293371.1089268541,3579267.8666666667,5929585.352926694,1228950.3804066395,878736.2666666667,2202113.4261917863,-444640.89285845275,4257481.1,8208919.986624118,306042.2133758813,878913.6833333333,2202297.8510436127,-444470.48437694623
970,5217620.466666667,9099498.44557954,1335742.4877537936,4318924.35,7632719.6716421805,1005129.0283578192,4166128.466666667,6665491.425283774,1666765.5080495598,2149990.1666666665,4971668.439315088,-671688.1059817555,5217620.466666667,9099498.44557954,1335742.4877537936,2149876.183333333,4971085.2190670185,-671332.8524003518
971,5902822.633333334,10077878.141256487,1727767.125410181,5019019.683333334,8676501.70089891,1361537.6657677577,4364072.083333333,6982364.647038763,1745779.5196279031,2021326.3,4598569.652119204,-555917.0521192041,5902822.633333334,10077878.141256487,1727767.125410181,2021154.2833333334,4598027.007412051,-555718.4407453837
972,5579309.433333334,10075403.551017668,1083215.315649,4992274.15,9033061.466030331,951486.8339696694,4081899.716666667,6569816.2038191175,1593983.229514216,1513851.5666666667,3349956.4986136695,-322253.36528033623,5579309.433333334,10075403.551017668,1083215.315649,1513931.6666666667,3350040.560578146,-322177.2272448123
973,5734086.5,10170328.776535703,1297844.2234642971,5068314.283333333,9017929.239593446,1118699.3270732206,3727523.6666666665,6043024.59366045,1412022.739672883,1516293.5,3349900.9517006837,-317313.9517006837,5734086.5,10170328.776535703,1297844.2234642971,1506937.6166666667,3341285.444785841,-327410.2114525072
974,5666120.966666667,10129959.135983597,1202282.797349736,4953608.0,8857336.088699829,1049879.911300172,3654656.3833333333,5960783.032099407,1348529.7345672594,1478521.3333333333,3321637.041334803,-364594.3746681365,5666120.966666667,10129959.135983597,1202282.797349736,1479026.45,3322098.2485999605,-364045.3485999603
975,5984552.4,10464463.358516464,1504641.4414835367,5280527.966666667,9339368.783370998,1221687.1499623358,3712969.533333333,6013101.998359455,1412837.0683072116,1624335.9,3517013.2870503385,-268341.4870503389,5984552.4,10464463.358516464,1504641.4414835367,1624390.0666666667,3517075.895154137,-268295.76182080363
976,5499007.433333334,9995737.944680542,1002276.9219861245,4897418.583333333,8940001.769074524,854835.3975921422,3387239.05,5613063.461472014,1161414.6385279861,969953.4666666667,2365053.1677913307,-425146.2344579975,5499007.433333334,9995737.944680542,1002276.9219861245,970011.6666666666,2365133.358456071,-425110.0251227376
977,5749069.566666666,10264147.966226256,1233991.1671070773,5172290.95,9295689.372769706,1048892.527230295,3343368.1333333333,5520510.673927413,1166225.5927392538,979681.2666666667,2382259.208614702,-422896.6752813683,5749069.566666666,10264147.966226256,1233991.1671070773,979701.1166666667,2382303.708368624,-422901.4750352907
978,5559900.233333333,9962237.25474044,1157563.2119262265,5012776.116666666,9033340.203673128,992212.029660204,3381724.8333333335,5635545.567867531,1127904.0987991355,994747.9,2408700.0630141664,-419204.2630141665,5559900.233333333,9962237.25474044,1157563.2119262265,994958.5333333333,2408930.468558283,-419013.4018916163
979,5155524.7,9534939.170357954,776110.2296420475,4821461.216666667,8960020.545143522,682901.8881898122,3577941.033333333,5894184.566929385,1261697.4997372818,844522.4333333333,2193468.2665804084,-504423.3999137415,5155524.7,9534939.170357954,776110.2296420475,844555.1333333333,2193520.9882132527,-504410.72154658614
980,5796771.833333333,10134697.554753574,1458846.1119130924,4987953.366666666,8870415.528256014,1105491.205077318,3441477.966666667,5617346.694881305,1265609.238452029,1122573.3333333333,2805802.1394143915,-560655.4727477252,5796771.833333333,10134697.554753574,1458846.1119130924,1122577.7666666666,2805680.7435305994,-560525.2101972662
981,6509117.333333333,11017135.341531612,2001099.325135055,5552162.416666667,9593993.585956216,1510331.2473771186,3954887.433333333,6232615.674856905,1677159.1918097613,1872268.9333333333,4084940.132098399,-340402.26543173264,6509117.333333333,11017135.341531612,2001099.325135055,1872204.2,4084716.521427105,-340308.12142710504
982,4729427.733333333,8670197.595055044,788657.8716116236,4063976.8833333333,7534800.799570629,593152.9670960368,2884483.683333333,4803277.670500765,965689.6961659016,1175148.2333333334,3125652.11429751,-775355.6476308431,4729427.733333333,8670197.595055044,788657.8716116236,1175921.8166666667,3126052.081091107,-774208.4477577736
983,4667543.133333334,8476852.27992955,858233.9867371176,4128388.566666667,7588814.565225011,667962.568108323,3254251.716666667,5446763.910802394,1061739.52253094,1666806.1333333333,3633849.535218958,-300237.26855229144,4667543.133333334,8476852.27992955,858233.9867371176,1667185.35,3634208.3952213936,-299837.69522139314
984,4571912.533333333,8618683.71369974,525141.3529669279,3798857.466666667,7360869.760106834,236845.17322649946,2759732.716666667,4703403.096084092,816062.3372492418,1215269.1666666667,3211855.2263078997,-781316.8929745662,4571912.533333333,8618683.71369974,525141.3529669279,1215266.1166666667,3211538.863537512,-781006.6302041784
985,3860288.033333333,7647610.08019457,72965.98647209583,3463201.1,6950775.097289113,-24372.897289113607,2475845.4166666665,4241635.014766533,710055.8185668001,943075.8666666667,2418148.2577057425,-531996.5243724091,3860288.033333333,7647610.08019457,72965.98647209583,943138.3833333333,2418198.3117024284,-531921.545035762
986,3609127.466666667,7089727.8807351235,128527.05259820959,3266387.1166666667,6466319.532468723,66454.70086461073,2631284.5833333335,4533956.509488447,728612.6571782206,938400.4333333333,2413156.3373247283,-536355.4706580618,3609127.466666667,7089727.8807351235,128527.05259820959,938420.9166666666,2413168.4083122867,-536326.5749789533
987,3400943.0,6492241.941469246,309644.0585307544,3077865.1166666667,5930783.560187493,224946.67314583994,2503028.466666667,4159005.0547050927,847051.8786282409,958126.6,2480540.402957388,-564287.2029573884,3400943.0,6492241.941469246,309644.0585307544,958170.0166666667,2480580.1100714873,-564240.0767381537
988,3873306.5,7028990.568439739,717622.4315602607,3239598.466666667,5955626.382336622,523570.5509967115,2289276.683333333,3774005.9189671036,804547.4476995624,1204974.1333333333,3230009.905098642,-820061.6384319754,3873306.5,7028990.568439739,717622.4315602607,1204975.1333333333,3229996.0046591866,-820045.73799252
989,4367563.833333333,7636595.367294738,1098532.2993719275,3720593.6,6577124.585659453,864062.6143405475,2542520.3333333335,4026188.547793382,1058852.1188732851,936390.8,2460563.620277832,-587782.0202778317,4367563.833333333,7636595.367294738,1098532.2993719275,936388.2833333333,2460564.473353944,-587787.906687277
990,3449206.066666667,6475194.148437828,423217.9848955055,3213115.8,5997596.757672124,428634.84232787555,2430741.4166666665,3906616.090845395,954866.7424879379,843489.5333333333,2361212.2257942627,-674233.159127596,3449206.066666667,6475194.148437828,423217.9848955055,843494.25,2361224.895673912,-674236.3956739118
991,3550652.7,6581718.3489548145,519587.0510451859,3300476.5166666666,6104533.29007465,496419.74325868255,2344275.816666667,3778094.7239245186,910456.9094088152,859669.8333333334,2385945.606461588,-666605.9397949212,3550652.7,6581718.3489548145,519587.0510451859,859738.9333333333,2386023.052645569,-666545.1859789025
992,4401144.966666667,7805186.008882666,997103.9244506671,3792837.283333333,6765968.449787038,819706.116879628,2572624.2666666666,4075862.6131728077,1069385.9201605255,877265.3666666667,2396969.1865939572,-642438.4532606238,4401144.966666667,7805186.008882666,997103.9244506671,877256.5666666667,2396971.1379465624,-642458.0046132291
993,3612722.3666666667,6667418.44356088,558026.2897724533,3289699.066666667,6071402.5079108775,507995.6254224563,2396396.1166666667,3882392.547122212,910399.686211121,926390.1666666666,2413640.23696422,-560859.903630887,3612722.3666666667,6667418.44356088,558026.2897724533,926423.0833333334,2413680.1187311974,-560833.9520645308
994,3668281.5,6796999.724412761,539563.2755872393,3398256.466666667,6284972.343438938,511540.5898943953,2314036.066666667,3728897.8350993907,899174.2982339428,861164.4,2354246.430557386,-631917.6305573861,3668281.5,6796999.724412761,539563.2755872393,861160.7166666667,2354252.4875216237,-631931.0541882903
995,4332994.633333334,7683750.884059058,982238.38260761,3961154.4833333334,7038969.17277655,883339.7938901163,2711288.316666667,4376483.306786107,1046093.3265472269,827103.0333333333,2316190.000374046,-661983.9337073794,4332994.633333334,7683750.884059058,982238.38260761,827114.7166666667,2316199.2550917687,-661969.8217584355
996,4478940.966666667,7874173.426608359,1083708.5067249746,4095722.3833333333,7227980.678078407,963464.0885882596,2749298.85,4453595.161944122,1045002.5380558781,922957.1,2425885.4624474267,-579971.2624474269,4478940.966666667,7874173.426608359,1083708.5067249746,923193.05,2426101.9950024798,-579715.8950024797
997,4413386.5,7764474.483403832,1062298.5165961687,4031924.1166666667,7120395.515317238,943452.7180160955,2784750.1166666667,4502543.580896139,1066956.6524371945,901187.4666666667,2405119.248668511,-602744.3153351777,4413386.5,7764474.483403832,1062298.5165961687,901536.6166666667,2405441.289970413,-602368.0566370795
998,4673042.4,8087872.0385554265,1258212.7614445742,4108153.216666667,7181775.443655478,1034530.9896778562,3204876.183333333,5170932.043946854,1238820.3227198126,1027827.1,2905543.0261222743,-849888.8261222745,4673042.4,8087872.0385554265,1258212.7614445742,1028020.8833333333,2905734.5850261254,-849692.8183594588
999,4404234.633333334,7860910.279022643,947558.9876440237,4023315.033333333,7160153.602041969,886476.4646246969,2574269.316666667,4078499.1316007106,1070039.5017326232,855116.6,2394332.682773339,-684099.482773339,4404234.633333334,7860910.279022643,947558.9876440237,855136.3166666667,2394367.3589632586,-684094.725629925
1000,4200016.6,7432253.946445479,967779.2535545202,3835271.216666667,6775786.356372923,894756.0769604105,2661992.466666667,4162408.961892239,1161575.9714410948,842571.4666666667,2369841.9210218135,-684698.9876884803,4200016.6,7432253.946445479,967779.2535545202,842567.6333333333,2369829.182572798,-684693.9159061313
