x,meanNoByzantine,upNoByzantine,lowNoByzantine,meanGreyhole,upGreyhole,lowGreyhole,meanSinkhole,upSinkhole,lowSinkhole,meanSelectiveJam,upSelectiveJam,lowSelectiveJam,meanPosSpoofing,upPosSpoofing,lowPosSpoofing,meanAllAttacks,upAllAttacks,lowAllAttacks
1,549314.3,1315041.5967502855,-216412.99675028538,540425.7833333333,1306375.8389178158,-225524.27225114917,546229.0166666667,1311988.732446298,-219530.69911296444,490372.4,1256183.0800385228,-275438.2800385229,549314.3,1315041.5967502855,-216412.99675028538,490372.4,1256183.0800385228,-275438.2800385229
2,513357.06666666665,1232981.6173642068,-206267.48403087363,503314.3333333333,1223043.1651119739,-216414.4984453072,520271.93333333335,1240008.261153006,-199464.39448633918,493487.86666666664,1214212.1373251195,-227236.40399178624,513357.06666666665,1232981.6173642068,-206267.48403087363,493487.86666666664,1214212.1373251195,-227236.40399178624
3,562290.8666666667,1458004.4608725545,-333422.72753922106,550187.9333333333,1445922.3037113363,-345546.43704466964,571480.4166666666,1467258.6397123712,-324297.8063790379,538562.9,1435779.9007093678,-358654.1007093679,562290.8666666667,1458004.4608725545,-333422.72753922106,538562.9,1435779.9007093678,-358654.1007093679
4,887832.7333333333,1956862.5592766372,-181197.0926099707,872814.2333333333,1942224.553233603,-196596.08656693657,900067.2666666667,1969175.7053037058,-169041.1719703722,858362.9,1929758.0341316178,-213032.23413161782,887832.7333333333,1956862.5592766372,-181197.0926099707,858362.9,1929758.0341316178,-213032.23413161782
5,819623.0666666667,1855701.7834849744,-216455.650151641,808598.9833333333,1845125.8614295106,-227927.89476284396,828265.0666666667,1863964.4636293084,-207434.3302959751,798512.2,1837193.6443869162,-240169.24438691628,819623.0666666667,1855701.7834849744,-216455.650151641,798512.2,1837193.6443869162,-240169.24438691628
6,753718.0666666667,1698460.9734576219,-191024.8401242887,739996.5666666667,1684988.3849704457,-204995.25163711247,763986.5,1708437.2643734724,-180464.2643734723,727334.4,1674805.345295021,-220136.54529502103,753718.0666666667,1698460.9734576219,-191024.8401242887,727334.4,1674805.345295021,-220136.54529502103
7,722415.3666666667,1573407.874511679,-128577.14117834554,705284.1,1556124.438322698,-145556.23832269805,734181.5,1585587.9742046513,-117224.97420465131,688535.9,1541420.7146485653,-164348.9146485651,722415.3666666667,1573407.874511679,-128577.14117834554,688535.9,1541420.7146485653,-164348.9146485651
8,662382.6,1434090.4271390804,-109325.22713908041,644646.1,1415913.4676705766,-126621.2676705767,674068.5666666667,1446439.9809939188,-98302.84766058554,627293.4666666667,1400574.6680874694,-145987.73475413607,662382.6,1434090.4271390804,-109325.22713908041,627293.4666666667,1400574.6680874694,-145987.73475413607
9,789485.5,1727098.9299691035,-148127.92996910354,769126.2333333333,1706345.9103807206,-168093.44371405395,801635.0333333333,1739708.3373438274,-136438.27067716082,749146.7666666667,1688643.1734410683,-190349.64010773483,789485.5,1727098.9299691035,-148127.92996910354,749146.7666666667,1688643.1734410683,-190349.64010773483
10,734038.4,1555025.0301924066,-86948.23019240657,697276.0,1512675.7908308133,-118123.79083081346,755931.8333333334,1583026.7134514912,-71163.04678482446,660619.5,1477381.682657782,-156142.6826577821,734038.4,1555025.0301924066,-86948.23019240657,660619.5,1477381.682657782,-156142.6826577821
11,468809.23333333334,1147541.529187856,-209923.06252118928,454750.93333333335,1133014.311373168,-223512.4447065012,474856.4666666667,1153398.0585605004,-203685.12522716704,440274.0,1119567.6794237029,-239019.679423703,468809.23333333334,1147541.529187856,-209923.06252118928,440274.0,1119567.6794237029,-239019.679423703
12,548663.3666666667,1340479.0506799342,-243152.31734660093,534328.8666666667,1325896.1701270193,-257238.43679368577,554138.25,1345243.6734470301,-236967.17344703025,519925.43333333335,1312943.0577726206,-273092.191105954,548663.3666666667,1340479.0506799342,-243152.31734660093,519925.43333333335,1312943.0577726206,-273092.191105954
13,175715.0,359452.3884313819,-8022.388431381929,160110.05,337734.3897731651,-17514.289773165132,180234.3,363348.773359786,-2880.173359786044,143348.66666666666,317789.225456034,-31091.892122700694,175715.0,359452.3884313819,-8022.388431381929,143348.66666666666,317789.225456034,-31091.892122700694
14,207464.63333333333,426508.8352065368,-11579.568539870146,193014.51666666666,408090.1534983548,-22061.12016502145,211953.91666666666,428892.1751178778,-4984.341784544493,177489.86666666667,389876.4790452515,-34896.74571191819,207464.63333333333,426508.8352065368,-11579.568539870146,177489.86666666667,389876.4790452515,-34896.74571191819
15,97129.3,204756.29029037012,-10497.690290370112,81568.0,176777.88901812755,-13641.88901812755,104859.4,221031.7259109561,-11312.92591095611,67044.26666666666,159867.40439157005,-25778.87105823672,97129.3,204756.29029037012,-10497.690290370112,67044.26666666666,159867.40439157005,-25778.87105823672
16,82971.66666666667,174126.33691592215,-8183.003582588804,67083.05,142018.1046430251,-7852.00464302508,90603.7,191913.59309084126,-10706.193090841261,52204.3,123300.58841315698,-18891.98841315697,82971.66666666667,174126.33691592215,-8183.003582588804,52204.3,123300.58841315698,-18891.98841315697
17,81434.06666666667,172688.57432654948,-9820.44099321615,63671.9,133724.87083867672,-6381.070838676715,89587.8,192870.01501246088,-13694.415012460871,46790.1,110511.84935843987,-16931.64935843987,81434.06666666667,172688.57432654948,-9820.44099321615,46790.1,110511.84935843987,-16931.64935843987
18,102767.56666666667,223467.37062880863,-17932.23729547531,76633.58333333333,160578.97937331704,-7311.812706650366,114353.4,253972.83313712588,-25266.033137125894,51444.5,121710.88031310822,-18821.880313108224,102767.56666666667,223467.37062880863,-17932.23729547531,51444.5,121710.88031310822,-18821.880313108224
19,89082.76666666666,189093.42589367199,-10927.892560338674,70156.3,148455.11195993374,-8142.511959933734,97384.26666666666,209257.96941047476,-14489.436077141421,52126.333333333336,123951.13330756521,-19698.46664089853,89082.76666666666,189093.42589367199,-10927.892560338674,52126.333333333336,123951.13330756521,-19698.46664089853
20,110276.76666666666,239165.97192101256,-18612.43858767925,91887.03333333334,206224.39788417346,-22450.331217506784,118147.13333333333,255468.35907052472,-19174.092403858056,74440.9,185370.5420279167,-36488.74202791673,110276.76666666666,239165.97192101256,-18612.43858767925,74440.9,185370.5420279167,-36488.74202791673
21,132073.5,286947.37399850774,-22800.37399850774,102453.5,222646.07961538908,-17739.079615389084,145108.3,318893.73972108227,-28677.13972108226,73822.9,182597.6341312404,-34951.83413124041,132073.5,286947.37399850774,-22800.37399850774,73822.9,182597.6341312404,-34951.83413124041
22,106786.9,228165.28127685183,-14591.481276851846,85528.25,184958.05930069578,-13901.559300695779,116430.76666666666,250587.41899177447,-17725.88565844114,65229.166666666664,158401.67524297017,-27943.341909636853,106786.9,228165.28127685183,-14591.481276851846,65229.166666666664,158401.67524297017,-27943.341909636853
23,43773.666666666664,103760.47342728323,-16213.140093949907,43773.666666666664,103760.47342728323,-16213.140093949907,44034.23333333333,104320.44745666403,-16251.980789997375,44529.666666666664,105442.61129291319,-16383.277959579864,43773.666666666664,103760.47342728323,-16213.140093949907,44529.666666666664,105442.61129291319,-16383.277959579864
24,146652.9,309478.1822951145,-16172.382295114512,125676.23333333334,274077.0189148593,-22724.552248192573,159777.95,335968.52220237063,-16412.622202370607,65505.333333333336,160026.46293069355,-29015.79626402689,146652.9,309478.1822951145,-16172.382295114512,65505.333333333336,160026.46293069355,-29015.79626402689
25,599328.1666666666,1576963.060545715,-378306.7272123819,576424.5666666667,1552684.3416045664,-399835.20827123313,617378.6333333333,1596516.3085628941,-361759.0418962275,516770.26666666666,1490623.634500544,-457083.1011672108,599328.1666666666,1576963.060545715,-378306.7272123819,516770.26666666666,1490623.634500544,-457083.1011672108
26,652806.7666666667,1745121.3249438275,-439507.7916104939,633573.0166666667,1725368.859285473,-458222.82595213957,671726.3166666667,1764523.253148607,-421070.6198152737,615618.7333333333,1708074.4376617596,-476836.9709950931,652806.7666666667,1745121.3249438275,-439507.7916104939,615618.7333333333,1708074.4376617596,-476836.9709950931
27,559483.1333333333,1465999.6579430448,-347033.39127637807,542180.7833333333,1448121.2246492044,-363759.65798253764,579958.6166666667,1487553.2639732703,-327636.0306399369,525968.1666666666,1432411.5457247347,-380475.2123914015,559483.1333333333,1465999.6579430448,-347033.39127637807,525968.1666666666,1432411.5457247347,-380475.2123914015
28,724359.1666666666,1929428.7661948665,-480710.43286153337,706379.6,1911263.9719169573,-498504.77191695746,749713.7833333333,1955210.6693822378,-455783.1027155713,689295.0,1894946.1876065878,-516356.1876065878,724359.1666666666,1929428.7661948665,-480710.43286153337,689295.0,1894946.1876065878,-516356.1876065878
29,725275.2,1866809.7741011842,-416259.3741011843,699010.7,1840775.7022790306,-442754.3022790307,741141.2666666667,1883760.0746108321,-401477.5412774988,656412.1666666666,1797999.1388058462,-485174.80547251285,724154.6,1865711.595039275,-417402.3950392752,656412.1666666666,1797999.1388058462,-485174.80547251285
30,694608.2,1865308.9937056112,-476092.5937056113,686149.7333333333,1857146.951036368,-484847.48436970136,702503.05,1871816.4627198563,-466810.3627198562,655301.1333333333,1827033.5688457072,-516431.3021790406,694339.7333333333,1865046.3290012246,-476366.8623345579,655301.1333333333,1827033.5688457072,-516431.3021790406
31,751203.8333333334,1902550.2284889529,-400142.5618222862,731655.1333333333,1881800.3633696777,-418490.0967030111,753611.6833333333,1901519.8548252373,-394296.4881585706,651028.1666666666,1798115.1944986647,-496058.86116533156,745520.4666666667,1896997.7277565338,-405956.79442320054,651028.1666666666,1798115.1944986647,-496058.86116533156
32,927431.0,2253698.1713038045,-398836.1713038045,906313.8166666667,2228763.89992543,-416136.26659209654,928963.8166666667,2248673.342561149,-390745.70922781574,743274.8333333334,2042965.7861139844,-556416.1194473178,921138.2666666667,2247672.138643563,-405395.60531022924,743274.8333333334,2042965.7861139844,-556416.1194473178
33,901657.6,2188125.92126999,-384810.72126998997,861573.6333333333,2146766.77263218,-423619.5059655132,898378.1,2183360.897602594,-386604.6976025939,758979.7666666667,2042531.137361451,-524571.6040281177,895463.6,2182191.6647549206,-391264.46475492057,758979.7666666667,2042531.137361451,-524571.6040281177
34,1288403.2333333334,2597819.03767949,-21012.571012823377,1121527.8833333333,2372338.6425076937,-129282.87584102736,1148314.1833333333,2399164.824366303,-102536.4576996367,795548.1666666666,2013664.3495209021,-422568.016187569,1278095.6333333333,2587990.35641471,-31799.089748043334,795548.1666666666,2013664.3495209021,-422568.016187569
35,1438895.2666666666,2851517.021523094,26273.51181023917,1243194.4833333334,2613444.3023423203,-127055.33567565354,1323831.5833333333,2702007.406965827,-54344.24029916059,892557.2666666667,2245437.915394888,-460323.38206155424,1435360.4333333333,2848301.818099154,22419.048567512305,892557.2666666667,2245437.915394888,-460323.38206155424
36,1441928.8,2767981.8195801005,115875.78041989962,1181404.75,2389634.3041955396,-26824.80419553956,1269542.6666666667,2496381.6030788994,42703.73025443405,770675.0333333333,1936759.581729432,-395409.51506276533,1427365.2333333334,2753069.417542153,101661.04912451399,770675.0333333333,1936759.581729432,-395409.51506276533
37,1531055.4333333333,2951479.972420987,110630.89424567949,1276345.2833333334,2584688.7724559307,-31998.20578926406,1365793.1666666667,2690527.1169377444,41059.216395588825,907896.0666666667,2171046.42036221,-355254.28702887637,1515591.0333333334,2932132.7742144177,99049.29245224898,907896.0666666667,2171046.42036221,-355254.28702887637
38,2254752.8,4746044.9241526835,-236539.32415268337,1991804.3333333333,4442519.02550527,-458910.3588386036,2232071.6,4723758.551010741,-259615.3510107412,1476534.1,3764927.132952969,-811858.9329529689,2237776.4,4727968.416166934,-252415.61616693437,1476534.1,3764927.132952969,-811858.9329529689
39,2584328.0,5992899.672860101,-824243.6728601004,2323242.0,5709233.838337918,-1062749.8383379178,2540201.4166666665,5944908.974966198,-864506.1416328652,1876089.4333333333,5295319.367492654,-1543140.5008259874,2567854.566666667,5976037.44625218,-840328.312918847,1876089.4333333333,5295319.367492654,-1543140.5008259874
40,2746244.9,6498663.596341381,-1006173.796341381,2506600.5833333335,6235035.740117614,-1221834.5734509472,2709319.1166666667,6453525.8983626515,-1034887.6650293176,2037945.9333333333,5773975.497485823,-1698083.630819156,2739883.466666667,6491138.413060823,-1011371.4797274903,2037945.9333333333,5773975.497485823,-1698083.630819156
41,3027097.8666666667,7089297.708027981,-1035101.9746946478,2786860.5833333335,6828896.789541784,-1255175.6228751168,2995382.5,7044746.918323685,-1053981.9183236854,2292289.966666667,6342265.468014725,-1757685.5346813905,3020491.433333333,7081823.985845771,-1040841.119179104,2292289.966666667,6342265.468014725,-1757685.5346813905
42,3221289.533333333,7492349.275850356,-1049770.2091836892,2980929.05,7234051.836147813,-1272193.7361478135,3194472.533333333,7444762.8408164,-1055817.7741497336,2476380.6,6742278.4465399645,-1789517.2465399639,3215142.1,7485738.388123339,-1055454.1881233393,2476380.6,6742278.4465399645,-1789517.2465399639
43,3632094.3,8082871.468139334,-818682.868139334,3391104.05,7823799.968006031,-1041591.868006031,3629437.1333333333,8059130.564825106,-800256.2981584403,2908301.8,7351665.595790713,-1535061.9957907135,3624428.0,8074896.508073703,-826040.5080737034,2908301.8333333335,7351665.631581714,-1535061.964915047
44,4093387.566666667,8589181.519361502,-402406.3860281673,3795193.5166666666,8261639.9665934015,-671252.9332600683,3936627.3833333333,8397044.858020155,-523790.0913534877,3299578.466666667,7779498.91383671,-1180341.9805033766,4084754.566666667,8580374.008077607,-410864.8747442723,3299578.433333333,7779498.877226794,-1180342.0105601274
45,4244895.8,8854259.627986984,-364468.0279869847,3931676.7,8511192.65642111,-647839.2564211097,4005949.4,8579245.464531798,-567346.6645317986,3402293.6333333333,7994263.423272103,-1189676.156605436,4236518.1,8845857.586431392,-372821.38643139135,3402293.6,7994263.386059407,-1189676.1860594074
46,4462216.166666667,9289824.090380682,-365391.7570473477,4118671.216666667,8910955.27394602,-673612.8406126872,4205992.733333333,9003638.209804788,-591652.7431381224,3524437.3666666667,8326605.962602537,-1277731.2292692042,4442827.366666666,9267627.180973172,-381972.4476398397,3524437.3333333335,8326605.926304994,-1277731.2596383276
47,4986967.8,10389850.394061394,-415914.79406139534,4647070.233333333,10016235.437614111,-722094.9709474444,4660804.116666666,10052902.248069916,-731294.0147365844,3892183.6333333333,9263825.894887378,-1479458.6282207123,4949273.333333333,10345261.034359753,-446714.367693088,3892183.6333333333,9263825.894887378,-1479458.6282207123
48,5297805.633333334,11133563.599619107,-537952.3329524398,4968913.983333333,10780959.482913882,-843131.5162472138,4976596.416666667,10808208.643640876,-855015.8103075409,4195400.7,10016899.204367511,-1626097.8043675106,5253459.2,11083587.959593628,-576669.5595936282,4195400.666666667,10016899.169606764,-1626097.836273429
49,5304466.766666667,11223936.675490811,-615003.1421574792,4885167.483333333,10755319.90768551,-984984.9410188431,4945800.1,10840677.208939165,-949077.0089391666,4044266.033333333,9916608.549326088,-1828076.4826594219,5211663.533333333,11116240.759853143,-692913.6931864759,4044266.033333333,9916608.549326088,-1828076.4826594219
50,5488842.333333333,11885564.71087024,-907880.0442035748,5049428.283333333,11400506.955390515,-1301650.3887238484,5202472.9,11582518.344637748,-1177572.5446377462,4263543.7,10612065.481247917,-2084978.0812479155,5359535.9,11739838.600834176,-1020766.8008341752,4263543.666666667,10612065.447208896,-2084978.1138755633
51,6255367.466666667,13751440.745987628,-1240705.812654294,5790605.6,13254228.970172735,-1673017.7701727357,5906781.983333333,13396327.531626813,-1582763.5649601473,5032527.5,12504931.817163821,-2439876.8171638213,6128630.633333334,13613495.119085351,-1356233.8524186835,5032527.366666666,12504931.67454903,-2439876.9412156977
52,6358573.533333333,14450901.129792726,-1733754.0631260592,5859872.733333333,13913748.689910311,-2194003.2232436445,6040168.7,14132945.548928738,-2052608.1489287382,5039526.0,13086843.909947664,-3007791.9099476635,6233155.266666667,14313728.97520788,-1847418.441874546,5039524.633333334,13086842.46187647,-3007793.195209804
53,5413219.333333333,12318055.033259723,-1491616.3665930573,4920801.566666666,11772129.748448659,-1930526.6151153268,5061715.483333333,11938536.170326699,-1815105.2036600318,4107968.8333333335,10968293.968969874,-2752356.3023032066,5290468.933333334,12179282.118137483,-1598344.2514708154,4105361.0,10965304.483764682,-2754582.483764681
54,5159135.966666667,11944586.835987125,-1626314.90265379,4722123.4,11462985.460638525,-2018738.6606385242,4923142.366666666,11693812.766293265,-1847528.0329599334,3922948.0,10669359.241160633,-2823463.241160633,5038033.3,11808774.162988227,-1732707.5629882263,3921152.0,10667393.433080185,-2825089.433080186
55,6460198.533333333,14544832.211298507,-1624435.1446318412,6009848.8,14064554.13802998,-2044856.53802998,6227029.416666667,14303442.354942163,-1849383.5216088295,5218357.766666667,13294345.21867618,-2857629.6853428474,6336055.6,14410912.600175712,-1738801.400175714,5216584.9,13292457.834788226,-2859288.034788226
56,5330400.0,12098125.999205329,-1437325.9992053295,4811270.416666667,11507627.023927093,-1885086.1905937595,4988088.583333333,11725974.057505537,-1749796.8908388708,3919306.1333333333,10604598.881620152,-2765986.614953486,5204179.5,11953181.032494549,-1544822.0324945496,3918102.3333333335,10603325.43255605,-2767120.7658893825
57,6429472.766666667,13294214.473381696,-435268.94004836306,5943255.133333334,12752321.914459765,-865811.6477930984,6095135.25,12938419.586708387,-748149.0867083874,5165043.733333333,11984436.15938316,-1654348.6927164914,6310973.6,13161673.08338923,-539725.8833892299,5165675.866666666,11985128.698946882,-1653776.9656135496
58,5670077.9,12450438.798531823,-1110282.9985318212,5189792.166666667,11897813.18813989,-1518228.8548065564,5347075.016666667,12093273.705176055,-1399123.6718427213,4389767.1,11093395.584790431,-2313861.3847904317,5559706.5,12321977.683695327,-1202564.6836953275,4387953.166666667,11091358.680446798,-2315452.347113464
59,5660048.9,12382476.025975917,-1062378.2259759149,5221781.4,11878711.721908286,-1435148.9219082855,5387191.75,12066992.380267877,-1292608.8802678762,4481785.833333333,11147133.641281899,-2183561.974615234,5551491.066666666,12259287.384865448,-1156305.251532116,4482542.866666666,11148022.619217979,-2182936.8858846463
60,6316387.1,13121637.672654498,-488863.4726544982,5884684.883333334,12617112.772736358,-847743.00606969,6111113.666666667,12860690.341183031,-638463.007849697,5063092.8,11795471.217250694,-1669285.617250695,6222328.533333333,13010445.463475266,-565788.3968086,5063874.966666667,11796367.866040481,-1668617.9327071477
61,5811048.966666667,12617611.857913133,-995513.9245797982,5263536.55,11945007.158851702,-1417934.058851703,5622843.766666667,12358492.77818793,-1112805.2448545983,4385031.666666667,11034861.517234124,-2264798.1839007903,5692940.4,12466583.32211471,-1080702.52211471,4385645.433333334,11035552.52301078,-2264261.656344113
62,5699125.766666667,12505141.859520229,-1106890.3261868954,5146013.4,11818267.202313459,-1526240.4023134578,5518737.75,12247261.334260292,-1209785.8342602924,4387206.2,11029884.3531528,-2255471.953152799,5572719.833333333,12343623.959380273,-1198184.2927136077,4385850.666666667,11028378.85367331,-2256677.520339975
63,5651540.1,12390334.350434158,-1087254.1504341578,5316307.75,12030127.363757795,-1397511.8637577947,5754603.083333333,12489539.745397445,-980333.5787307778,4935484.2,11660379.280118784,-1789410.8801187836,5531424.3,12257645.324983716,-1194796.7249837164,4934648.6,11659508.931408051,-1790211.731408053
64,6180355.633333334,13027308.487364039,-666597.2206973713,5666139.383333334,12402594.159238506,-1070315.3925718386,5999554.166666667,12782684.899839863,-783576.5665065302,4915365.933333334,11630880.887149494,-1800149.020482828,6062345.366666666,12879823.938149307,-755133.2048159754,4914594.933333334,11630084.420748137,-1800894.5540814688
65,5472065.133333334,12231487.595222652,-1287357.3285559844,4980286.033333333,11632799.963081308,-1672227.8964146404,5286627.933333334,11982504.89687495,-1409249.0302082822,4246329.066666666,10873598.506428428,-2380940.373095096,5357495.666666667,12088242.68156458,-1373251.3482312458,4245608.633333334,10872843.563205834,-2381626.296539166
66,4536433.1,11168249.197224468,-2095382.9972244687,4295626.55,10919548.673996473,-2328295.573996473,4566744.883333334,11196500.242025804,-2063010.4753591362,4064081.3666666667,10701498.541064342,-2573335.8077310096,4454029.4,11081171.69237883,-2173112.8923788285,4063658.6333333333,10701073.607615627,-2573756.340948961
67,5113206.233333333,11853534.619777,-1627122.1531103328,4703545.683333334,11359339.103237316,-1952247.736570648,4942544.05,11624474.92717306,-1739386.8271730598,4130713.3666666667,10767234.367912471,-2505807.6345791384,5028828.4,11748260.94840081,-1690604.1484008087,4130274.2666666666,10766788.3457917,-2506239.812458366
68,4818486.866666666,11466054.716075877,-1829080.9827425443,4599133.15,11221804.009745937,-2023537.709745937,4651660.733333333,11269143.655476913,-1965822.1888102451,4243195.666666667,10871110.011869514,-2384718.6785361804,4802389.933333334,11449948.863518488,-1845168.9968518214,4242862.233333333,10870775.339536063,-2385050.8728693957
69,5454457.933333334,12204128.198193915,-1295212.331527248,5237202.6,11966278.587545175,-1491873.387545175,5290035.516666667,12013267.858880365,-1433196.825547032,4917548.166666667,11656831.546927426,-1821735.213594093,5438777.4,12188731.56739818,-1311176.7673981795,4917104.5,11656382.84605955,-1822173.8460595505
70,5938294.0,12776856.985079415,-900268.9850794142,5538005.483333333,12306556.87890615,-1230545.9122394826,5774508.716666667,12558606.514024219,-1009589.080690885,5021310.5,11786858.873831002,-1744237.873831002,5851129.466666667,12671512.648605991,-969253.7152726576,5020902.75,11786445.271283027,-1744639.7712830277
71,5552760.966666667,12129749.973061178,-1024228.0397278443,5281982.266666667,11832405.00442886,-1268440.4710955257,5408091.15,11954823.629763488,-1138641.329763487,4921244.266666667,11488505.430413637,-1646016.8970803032,5520368.866666666,12095688.02897856,-1054950.2956452286,4920698.766666667,11487931.62471854,-1646534.0913852062
72,6050778.066666666,12867862.144058509,-766306.010725176,5753376.116666666,12543376.748776063,-1036624.5154427299,5831725.0,12618453.849734506,-955003.8497345056,5271635.633333334,12082273.307700112,-1539002.041033444,6006443.0,12822429.45969378,-809543.4596937802,5271009.9,12081610.228604954,-1539590.428604954
73,4875533.4,11450807.60245653,-1699740.8024565298,4764730.1,11334973.81558548,-1805513.6155854808,4644897.266666667,11221873.966379467,-1932079.4330461351,4419065.266666667,11012294.499597194,-2174163.9662638605,4834067.933333334,11406575.70020838,-1738439.8335417146,4418579.6,11011781.577462345,-2174622.377462347
74,5259822.933333334,11760305.604781086,-1240659.7381144185,5206662.283333333,11709064.259937245,-1295739.693270578,5060247.416666667,11567902.980986644,-1447408.1476533106,4957591.866666666,11486231.17388656,-1571047.4405532284,5235518.733333333,11736406.69257323,-1265369.225906564,4957004.866666666,11485616.727783239,-1571606.994449906
75,4673500.5,11263592.745962266,-1916591.7459622659,4629581.216666667,11220346.9907041,-1961184.557370766,4499916.366666666,11096816.975995619,-2096984.2426622873,4343962.633333334,10956123.847391268,-2268198.5807246007,4654088.4,11243974.805749647,-1935798.0057496466,4343526.766666667,10955670.3953342,-2268616.862000865
76,5288442.866666666,11998247.95128833,-1421362.217954997,5233449.0,11945278.081394106,-1478380.081394107,5166189.1,11885030.237557948,-1552652.0375579474,5030148.1,11773250.59930357,-1712954.3993035695,5261191.5,11971599.908771507,-1449216.9087715074,5029395.483333333,11772456.49687052,-1713665.5302038528
77,5550844.6,12303511.364002913,-1201822.164002915,5502167.8,12255730.386144286,-1251394.7861442864,5339771.683333334,12098883.094408633,-1419339.727741966,5244585.966666667,12035625.903449263,-1546453.970115929,5527876.4,12280385.287684608,-1224632.4876846075,5243377.033333333,12034273.754515402,-1547519.6878487347
78,4824247.666666667,11451927.01236936,-1803431.679036026,4770291.65,11399117.614561204,-1858534.3145612022,4744682.216666667,11362309.496900018,-1872945.0635666857,4702223.866666666,11382032.554384507,-1977584.8210511757,4797564.466666667,11425354.90658678,-1830225.9732534457,4702854.5,11382794.881924655,-1977085.8819246553
79,5178731.333333333,12123658.030569956,-1766195.3639032887,5120283.1,12066878.481537811,-1826312.2815378122,4956784.783333333,11902560.619606812,-1988991.0529401451,4769207.4,11421922.508517768,-1883507.7085177675,5149357.833333333,12094664.0798009,-1795948.413134233,4769739.7,11422571.308424877,-1883091.9084248766
80,5687073.566666666,13571310.15513855,-2197163.0218052175,5618447.916666667,13504818.22064894,-2267922.3873156076,5457286.883333334,13345912.812090732,-2431339.0454240646,5425540.1,13361348.352593454,-2510268.1525934543,5650810.066666666,13535747.150477134,-2234127.0171438,5426111.8,13362010.020395577,-2509786.4203955783
81,5614482.266666667,12597426.576628603,-1368462.0432952698,5495181.766666667,12471259.696077127,-1480896.1627437929,5520174.616666666,12502683.978677291,-1462334.745343958,5163975.0,11851364.737562712,-1523414.7375627123,5546318.033333333,12524098.22089738,-1431462.1542307148,5164494.166666667,11851987.676230848,-1522999.342897513
82,6034953.6,13668259.949219279,-1598352.7492192788,5905182.8,13531454.229490388,-1721088.6294903895,5904943.466666667,13539669.750833387,-1729782.817500053,5496245.5,13138803.926489845,-2146312.926489844,5960448.866666666,13588387.905206474,-1667490.171873141,5496522.2,13139110.032287365,-2146065.6322873645
83,4583065.6,11009509.591716092,-1843378.3917160938,4466485.95,10881841.46649617,-1948869.5664961701,4711452.116666666,11133704.858241651,-1710800.6249083178,4164341.933333333,10261623.539897041,-1932939.6732303756,4517470.366666666,10936015.646907622,-1901074.9135742895,4164568.1,10261882.948284276,-1932746.748284276
84,5462192.766666667,12909651.045573559,-1985265.5122402254,5343324.95,12782221.37401821,-2095571.4740182105,5282385.683333334,12726012.542062197,-2161241.1753955297,4901611.7,12347320.935547136,-2544097.5355471345,5394421.5,12835556.879918758,-2046713.879918757,4901880.866666666,12347621.642474402,-2543859.9091410683
85,6221708.066666666,15287641.364035979,-2844225.230702646,6116457.466666667,15176337.587689374,-2943422.65435604,6313904.05,15375332.072961628,-2747523.972961628,5822600.233333333,14881351.24042844,-3236150.7737617744,6168391.766666667,15229277.540670644,-2892494.0073373104,5822759.816666666,14881518.673055258,-3235999.039721925
86,6960347.366666666,16377513.887493365,-2456819.154160033,6844393.966666667,16253968.01803191,-2565180.0846985765,6998096.216666667,16410315.677077608,-2414123.2437442746,6769493.433333334,16199826.344876038,-2660839.4782093707,6894624.1,16306027.366928611,-2516779.1669286117,6769209.466666667,16199502.51770837,-2661083.584375037
87,7022630.766666667,16389297.743901834,-2344036.2105685016,6903440.816666666,16261501.249093521,-2454619.6157601885,7016791.733333333,16374949.079402857,-2341365.6127361907,6782220.933333334,16160623.507971123,-2596181.6413044557,6953879.9,16314138.881273089,-2406379.081273088,6782006.833333333,16160378.14051437,-2596364.473847705
88,5958465.1,14215793.524475072,-2298863.3244750733,5829085.016666667,14074003.511803513,-2415833.47847018,5856840.733333333,14095464.347381627,-2381782.8807149604,5419250.133333334,13364658.072183771,-2526157.8055171035,5889824.866666666,14137821.821558697,-2358172.0882253647,5419337.466666667,13364765.254957136,-2526090.321623802
89,6001296.366666666,14253135.694158358,-2250542.960825026,5857294.066666666,14093318.630596224,-2378730.4972628923,5939778.233333333,14171011.771166028,-2291455.3044993617,5133490.366666666,13047091.835586097,-2780111.1022527646,5921543.833333333,14161875.716448035,-2318788.049781368,5133471.683333334,13047072.715278262,-2780129.348611595
90,7031891.4,16316088.073776685,-2252305.273776684,6873101.733333333,16142211.01068291,-2396007.544016245,6948881.716666667,16215551.30181502,-2317787.8684816863,6142142.666666667,15393570.252708573,-3109284.91937524,6943100.2,16216033.900845569,-2329833.500845569,6142132.666666667,15393560.303025175,-3109294.969691842
91,6266562.166666667,14663653.128264703,-2130528.794931368,6105014.466666667,14479581.582669262,-2269552.6493359273,6172434.7,14551071.690380681,-2206202.29038068,5235790.466666667,13216882.293420363,-2745301.3600870296,6175768.333333333,14556636.775800321,-2205100.109133655,5235784.233333333,13216876.23580328,-2745307.7691366132
92,6410446.766666667,15669494.70070846,-2848601.167375126,6346156.816666666,15606432.114785932,-2914118.481452599,6461915.516666667,15707847.954704147,-2784016.9213708127,6077991.366666666,15345092.83132597,-3189110.097992637,6375211.633333334,15634455.968367986,-2884032.70170132,6077985.133333334,15345086.952040207,-3189116.68537354
93,7605931.7,17200959.116652545,-1989095.7166525451,7424328.633333334,17007052.41511668,-2158395.1484500123,7486743.85,17070213.639815867,-2096725.9398158677,6622022.133333334,16201541.66736012,-2957497.400693453,7506133.366666666,17091193.233237967,-2078926.4999046335,6621985.5,16201508.101902349,-2957537.101902349
94,6926393.2,14272238.287687639,-419451.8876876384,6720363.6,14044946.933471754,-604219.7334717549,6638934.633333334,13981824.69818858,-703955.431521914,5458279.1,12478692.449011799,-1562134.2490117988,6809855.466666667,14139876.935050778,-520166.0017174436,5458198.233333333,12478619.396834448,-1562222.9301677821
95,7741045.533333333,15598101.136577213,-116010.06991054676,7477702.466666667,15310944.177444376,-355539.24411104247,7453121.916666667,15301391.411118586,-395147.57778525073,6242100.5,13790656.096511588,-1306455.0965115866,7599143.866666666,15438313.410269517,-240025.67693618592,6242088.066666666,13790644.618633144,-1306468.4852998117
96,7174890.833333333,15010092.832074199,-660311.1654075319,7027698.983333333,14861642.353207208,-806244.3865405424,7182820.733333333,15001567.544974089,-635926.0783074228,6354396.033333333,13909247.379242625,-1200455.3125759596,7096862.166666667,14929007.245795906,-735282.9124625716,6354377.566666666,13909230.56500011,-1200475.4316667765
97,6937581.4,15459267.375056256,-1584104.5750562549,6849077.05,15374578.010650098,-1676423.9106500978,6964142.383333334,15473243.211431585,-1544958.4447649186,6405289.3,14643568.628052603,-1832990.028052603,6910290.3,15432042.00852213,-1611461.40852213,6405280.15,14643560.255802123,-1832999.9558021221
98,7178399.533333333,16642037.889871027,-2285238.823204361,7091176.1,16558660.582253644,-2376308.382253645,7184417.266666667,16640570.180201605,-2271735.6468682727,6925821.066666666,16402764.953261705,-2551122.8199283723,7151685.066666666,16615583.925762136,-2312213.7924288027,6925818.45,16402762.384655584,-2551125.484655584
99,8198446.366666666,18076765.25439665,-1679872.5210633194,8026596.016666667,17894622.925405055,-1841430.8920717211,8234589.8,18104983.225771703,-1635803.6257717023,7534840.2,17409813.78606743,-2340133.3860674286,8117387.033333333,17985950.481364436,-1751176.41469777,7534805.633333334,17409782.49475046,-2340171.228083792
100,6860470.633333334,16331855.805788096,-2610914.5391214276,6766130.366666666,16241242.215774,-2708981.482440668,6912564.1,16376169.385581134,-2551041.1855811346,6616105.033333333,16100604.700941503,-2868394.6342748366,6830637.9,16302276.520715028,-2641000.7207150273,6616099.116666666,16100598.988748252,-2868400.755414919
101,7676950.3,17378056.210817765,-2024155.610817765,7575564.7,17281090.131125472,-2129960.731125473,7566478.933333334,17269013.777271856,-2136055.9106051885,7193904.933333334,16924622.112138577,-2536812.245471908,7643727.4,17345174.46542404,-2057719.6654240396,7193899.383333334,16924616.874836463,-2536818.108169797
102,8044718.466666667,17674721.500461806,-1585284.567128472,7950017.283333333,17585276.534492407,-1685241.9678257406,8169091.933333334,17792918.645090334,-1454734.7784236688,7122924.3,15572247.59131337,-1326398.9913133709,8015495.366666666,17646264.227673665,-1615273.4943403313,7122845.25,15572177.243275875,-1326486.7432758752
103,7936844.966666667,17512909.346087802,-1639219.4127544686,7846746.183333334,17428212.595559947,-1734720.228893282,8066863.033333333,17634032.89744588,-1500306.8307792135,4893360.333333333,9973902.088302778,-187181.42163611203,7911181.433333334,17488125.25924577,-1665762.392579103,4893350.8,9973894.049859326,-187192.44985932577
104,7458057.233333333,16966766.302143373,-2050651.8354767067,7370892.533333333,16883674.903020613,-2141889.8363539446,7550349.033333333,17054142.562041737,-1953444.4953750689,3499594.2,6939832.902215555,59355.49778444506,7429337.866666666,16938619.686742514,-2079943.9534091828,3499580.933333333,6939821.549939239,59340.316727426834
105,8220964.866666666,17781635.020783413,-1339705.2874500817,7885234.35,17396881.52047722,-1626412.820477223,8032674.233333333,17540624.149940766,-1475275.6832740987,3591779.8,6970554.289427754,213005.31057224656,8195716.666666667,17750374.57396506,-1358941.2406317284,3591777.85,6970553.284782859,213002.4152171421
106,8837247.566666666,17718028.003949024,-43532.87061569281,8384341.133333334,17080832.152650405,-312149.88598373625,8398664.65,17074495.751877546,-277166.4518775437,3508594.6666666665,7620574.541629306,-603385.208295973,8811335.966666667,17677949.982574802,-55278.04924146831,3508584.65,7620566.031977568,-603396.731977568
107,8662359.8,17274899.154030398,49820.445969603956,8209914.316666666,16623415.316224216,-203586.68289088272,8180858.466666667,16571335.774599126,-209618.84126579203,3051120.933333333,6961944.283511894,-859702.4168452271,8633774.833333334,17229877.841049425,37671.825617242604,3051116.966666667,6961941.386645714,-859707.4533123807
108,8684669.933333334,17354855.866831146,14483.999835520983,8207213.55,16676354.56105974,-261927.46105973888,8159153.916666667,16608666.32062022,-290358.48728688713,3137098.466666667,7247778.378150114,-973581.4448167803,8657911.533333333,17312937.96909219,2885.0975744780153,3137086.566666667,7247767.308634823,-973594.1753014894
109,8148839.9,16469658.470661815,-171978.67066181358,7676599.266666667,15781812.906292297,-428614.37295896374,7600892.15,15685026.75337812,-483242.4533781186,2479227.3333333335,5412405.494304536,-453950.82763786847,8123262.166666667,16428735.262282055,-182210.92894872185,2479223.216666667,5412402.176531501,-453955.74319816707
110,8894049.933333334,17058267.73695252,729832.1297141472,8454607.15,16424688.255726907,484526.0442730924,8455418.916666666,16412155.122179184,498682.711154148,2557938.8,5508806.768015255,-392929.1680152556,8866500.766666668,17013898.58191952,719102.9514138149,2557935.3666666667,5508804.341134798,-392933.6078014644
111,8459243.333333334,15423352.23461996,1495134.4320467068,8129633.55,14958749.74324559,1300517.35675441,8076233.9,14879163.135358937,1273304.6646410627,3509608.8333333335,7696923.908522716,-677706.2418560483,8459243.333333334,15423352.23461996,1495134.4320467068,3509608.1166666667,7696923.878271887,-677707.6449385532
112,7939263.8,14754430.389319224,1124097.2106807753,7635337.033333333,14321896.220766779,948777.8458998883,7663195.0,14325230.448303822,1001159.5516961785,2721879.966666667,5484895.106607128,-41135.17327379435,7939263.8,14754430.389319224,1124097.2106807753,2721879.5,5484895.046936012,-41136.04693601187
113,8617026.6,15938364.308312375,1295688.891687625,8323006.833333333,15526374.305894203,1119639.3607724635,8339013.333333333,15516866.624154957,1161160.042511709,3428170.7333333334,7391731.150281215,-535389.6836145483,8615149.1,15935421.556124244,1294876.6438757554,3428169.2666666666,7391730.018867207,-535391.4855338736
114,8071164.733333333,15090854.544776581,1051474.9218900856,7768115.9,14652858.862294272,883372.9377057282,7827959.5,14700947.553018246,954971.4469817532,2734883.3,5715921.970660118,-246155.3706601183,8071164.733333333,15090854.544776581,1051474.9218900856,2734881.9833333334,5715921.809617499,-246157.8429508321
115,7629379.633333334,14075279.277101781,1183479.9895648863,7306039.65,13576165.606133223,1035913.6938667782,7392950.75,13664936.949759625,1120964.550240376,2889911.0,5743349.133328254,36472.866671745665,7627973.866666666,14071646.481148861,1184301.252184472,2889908.783333333,5743347.821314309,36469.745352357626
116,7476583.733333333,13884671.557282679,1068495.909383987,7160704.083333333,13379042.940547394,942365.2261192724,7217153.6,13458532.308191516,975774.8918084828,2481718.6333333333,5010359.9532955075,-46922.686628840864,7474838.566666666,13880153.076500336,1069524.0568329971,2481712.966666667,5010355.077873718,-46929.144540383946
117,8061675.1,14901647.552868683,1221702.6471313154,7739815.75,14419081.23779428,1060550.262205719,7638042.583333333,14294767.184570612,981317.9820960537,3327145.4,6992302.483775144,-338011.6837751451,8055229.3,14889324.95129016,1221133.6487098401,3327140.066666667,6992297.829328084,-338017.69599475106
118,6628851.933333334,13000853.06866735,256850.79799931683,6339018.833333333,12542832.333952812,135205.33271385357,6278979.6,12472994.939686693,84964.26031330694,1754227.6,3459239.5427583777,49215.65724162245,6626171.0,12993550.908744706,258791.09125529416,1754209.4666666666,3459224.018691517,49194.91464181617
119,7221559.8,13429335.716898251,1013783.8831017474,6947780.833333333,13004203.034636311,891358.6320303539,6899941.2,12970526.280088443,829356.1199115571,2386309.6333333333,4675013.77343303,97605.49323363649,7203957.766666667,13397014.664573956,1010900.8687593769,2386305.9,4675010.611783639,97601.18821636075
120,9028673.633333333,16362476.041835494,1694871.2248311723,8740958.083333334,15954682.734928565,1527233.4317381028,8076217.383333334,15299258.47557982,853176.2910868479,2982594.566666667,6490786.976268128,-525597.8429347943,8993227.366666667,16305006.72956139,1681448.003771944,2982590.4,6490783.29233944,-525602.4923394411
121,8205843.2,15100079.643118802,1311606.756881198,7927122.933333334,14677710.029877122,1176535.8367895456,7390824.75,14160587.509649204,621061.9903507959,2277263.7333333334,4654306.675946156,-99779.20927948877,8174136.033333333,15043827.0061283,1304445.0605383674,2277256.0833333335,4654300.025820669,-99787.85915400228
122,7841798.6,14993189.60927061,690407.5907293893,7724639.466666667,14823583.446100801,625695.4872325324,7219305.533333333,14341790.198434575,96820.86823209189,2246067.7666666666,4621462.60049233,-129327.06715899752,7833460.6,14969890.464445077,697030.7355549224,2246061.316666667,4621456.991229897,-129334.35789656313
123,7903508.933333334,15218239.782036752,588778.0846299147,7785525.4,15044112.437492032,526938.3625079701,7143761.65,14431086.571721155,-143563.27172115538,2228092.7666666666,4576440.836945894,-120255.30361256097,7894468.066666666,15192875.882100208,596060.2512331251,2228085.8333333335,4576434.795071216,-120263.12840454886
124,8236773.7,15671682.200531282,801865.1994687188,8113891.583333333,15487307.010645678,740476.1560209878,7617875.733333333,15042241.718464183,193509.7482024841,2537134.2666666666,5363754.6084319595,-289486.0750986263,8226163.033333333,15642393.489522139,809932.5771445278,2537122.8666666667,5363744.574491122,-289498.8411577884
125,9273419.366666667,17471232.226548385,1075606.5067849495,8944789.516666668,17072107.735481944,817471.2978513902,8397213.466666667,16489547.393664388,304879.5396689456,2488449.6333333333,4910722.472465264,66176.79420140292,9273419.366666667,17471232.226548385,1075606.5067849495,2488445.1666666665,4910718.643809015,66171.68952431809
126,8420447.0,14788194.58172025,2052699.4182797503,8128399.233333333,14375457.033881908,1881341.4327847585,7341300.366666666,13580283.473019604,1102317.260313728,2699399.0,5573299.425352931,-174501.4253529315,8400857.4,14746771.966111729,2054942.8338882718,2699389.0833333335,5573290.777590649,-174512.6109239827
127,9024782.033333333,15818051.924936714,2231512.141729953,8785527.416666666,15474843.4509315,2096211.3824018305,7873983.116666666,14548922.534182597,1199043.6991507364,3331362.033333333,7330744.031000774,-668019.9643341075,9000622.166666666,15769655.30475821,2231589.0285751214,3331358.533333333,7330740.930270784,-668023.8636041172
128,9154644.5,16664086.222567853,1645202.7774321474,8887802.0,16275679.478299689,1499924.5217003115,7990156.433333334,15413121.991023416,567190.8756432515,2855108.8333333335,6409141.311621515,-698923.6449548486,9124737.9,16600352.566775218,1649123.2332247822,2855106.933333333,6409139.631267208,-698925.7646005414
129,8481881.433333334,17028554.935132198,-64792.068465532735,8224086.166666667,16649881.62879398,-201709.29546064604,7501755.55,16002312.56273989,-998801.4627398914,2105835.6,4400124.898529552,-188453.6985295522,8450936.7,16959178.294227764,-57304.8942277655,2105829.2666666666,4400119.3590147495,-188460.82568141632
130,8323599.2,16739331.681093965,-92133.28109396528,8074145.683333334,16373672.003632508,-225380.636965842,7515874.95,15863022.942724533,-831273.042724533,2142048.5,4496944.962150982,-212847.96215098165,8291540.8,16669339.834216578,-86258.2342165783,2142043.5166666666,4496940.596336609,-212853.563003276
131,7606916.1,16024437.899577312,-810605.6995773129,7392108.166666667,15694186.688024614,-909970.3546912791,6913837.233333333,15277883.033021908,-1450208.5663552424,1505437.8666666667,2988028.543372118,22847.189961215714,7572476.333333333,15948069.478014762,-803116.8113480955,1505426.5166666666,2988018.7236384368,22834.309694896452
132,8267375.966666667,16830848.078343906,-296096.1450105719,8043648.016666667,16472288.335748654,-384992.3024153216,7516993.95,16029721.097815715,-995733.1978157135,2088616.0333333334,4179920.7921716347,-2688.7255049678497,8225621.533333333,16735820.245299421,-284577.17863275483,2088612.6333333333,4179917.849001401,-2692.5823347342666
133,8290349.366666666,16825423.735638514,-244725.00230518263,8049427.75,16433969.85337941,-335114.35337940976,7413754.916666667,15860208.83602874,-1032699.0026954068,2093799.9,4111976.225242744,75623.57475725585,8247874.7,16731171.174982246,-235421.7749822447,2093784.4333333333,4111962.876665446,75605.99000122072
134,8533982.666666666,16146859.533894217,921105.7994391154,8294847.633333334,15769198.353734303,820496.9129323633,7575947.616666666,15124919.939029329,26975.29430400394,2757336.3666666667,5841523.255807938,-326850.5224746051,8490758.966666667,16055174.020353964,926343.91297937,2757254.9,5841451.398758118,-326941.5987581182
135,8400117.6,16062539.10042323,737696.0995767694,8148110.75,15647951.0113291,648270.4886708995,7377105.45,14982519.921186265,-228309.02118626516,2660591.3333333335,5673866.10005744,-352683.43339077244,8349135.866666666,15949382.010835312,748889.7224980192,2660030.6666666665,5673370.270930322,-353308.93759698886
136,7580827.6,14960228.614171539,201426.58582846075,7321730.083333333,14527166.956239488,116293.210427179,6658311.966666667,13948406.52788033,-631782.5945469951,1919912.5333333334,3884844.84409232,-45019.7774256533,7531805.4,14845298.339671563,218312.46032843646,1919718.1166666667,3884675.3741789414,-45239.1408456082
137,7943035.6,16047643.627023196,-161572.4270231966,7713186.483333333,15735742.273586106,-309369.3069194397,6972573.05,14904633.16166193,-959487.0616619317,1947876.5666666667,3906761.4528824994,-11008.319549166132,7932081.533333333,16037252.28098156,-173089.21431489382,1947824.35,3906716.0576342037,-11067.357634203276
138,8661657.333333334,18036613.51644969,-713298.8497830238,8396139.6,17692262.070601523,-899982.8706015255,7600563.85,16824151.18523407,-1623023.4852340687,2035556.2,4082489.5333847795,-11377.133384779328,8651142.066666666,18026715.358128056,-724431.2247947212,2035394.6666666667,4082349.15297479,-11559.819641456474
139,9232212.633333333,18810631.820206344,-346206.5535396803,8734492.933333334,18096163.641715378,-627177.7750487123,7933364.783333333,17218492.54238429,-1351762.9757176228,2101602.8333333335,4152978.920994249,50226.74567241804,9222372.433333334,18801466.446043793,-356721.57937712595,2101472.4833333334,4152866.1469413624,50078.819725304376
140,9076523.366666667,17307073.321838208,845973.4114951286,8487506.433333334,16321525.720757872,653487.1459087962,7835734.833333333,15844081.380031839,-172611.71336517204,2871923.1666666665,6184439.945303271,-440593.61196993757,9007585.666666666,17140796.936618634,874374.3967146995,2871900.4,6184419.7511160765,-440618.95111607714
141,9165739.866666667,17433520.622961342,897959.1103719901,8625471.75,16495126.06127551,755817.4387244899,7933799.283333333,15888176.657588841,-20578.090922174975,2820475.1,6005267.187562328,-364316.98756232765,9080752.5,17227886.967591744,933618.0324082561,2820449.8333333335,6005244.866586933,-364345.1999202664
142,8957758.533333333,17119984.995200977,795532.0714656888,8436652.566666666,16185876.126966218,687429.0063671153,7739790.666666667,15618883.546072625,-139302.21273928974,2506505.3333333335,5580053.527353521,-567042.860686854,8815507.833333334,16844248.576257754,786767.0904089129,2506464.316666667,5580016.924316719,-567088.2909833859
143,8942983.933333334,17115988.503863946,769979.3628027197,8408906.5,16132826.319159996,684986.6808400033,7687473.65,15526864.871863296,-151917.5718632955,2526665.966666667,5604811.493790603,-551479.5604572697,8801556.933333334,16840521.193074875,762592.6735917935,2526607.533333333,5604759.404564309,-551544.3378976425
144,8268271.0,16267372.24865893,269169.7513410691,7727887.033333333,15208717.449551836,247056.61711482983,6988813.733333333,14504528.739413198,-526901.2727465304,1832950.9,3775329.1228121906,-109427.32281219075,8099394.833333333,15926543.396489434,272246.27017723303,1832658.9833333334,3775073.446879535,-109755.48021286819
145,8712325.466666667,16867028.7552542,557622.178079132,8151283.166666667,15748692.01460205,553874.3187312828,7511963.316666666,15193080.31425761,-169153.68092427868,2435815.533333333,5333364.356195353,-461733.28952868655,8581575.633333333,16582825.306806518,580325.9598601479,2435595.2333333334,5333168.503796633,-461978.0371299661
146,9119461.2,17725104.930829544,513817.4691704549,8582851.05,16687634.86128167,478067.23871833086,7878191.283333333,16127717.733126096,-371335.1664594291,3142306.8333333335,7338957.53107192,-1054343.8644052534,9000696.066666666,17471941.74054049,529450.3927928414,3142210.2333333334,7338870.507228397,-1054450.04056173
147,9113774.133333333,17734463.892697528,493084.3739691358,8494385.533333333,16542955.435531592,445815.6311350744,7765528.15,15949465.437244546,-418409.1372445449,3145521.033333333,7326506.035433648,-1035463.9687669817,8996059.966666667,17479345.049313597,512774.8840197362,3145368.1166666667,7326368.320358468,-1035632.0870251348
148,8353566.366666666,16482776.954718674,224355.77861465886,7728400.933333334,15230885.566899132,225916.29976753518,6869461.15,14456331.077800062,-717408.7778000617,2248456.7666666666,4837363.619809095,-340450.0864757616,8216078.4,16174568.194775946,257588.60522405338,2248367.4166666665,4837284.520139086,-340549.68680575304
149,8392425.866666667,16473055.08160485,311796.6517284848,7639145.666666667,14937061.453805622,341229.8795277132,6903872.566666666,14269930.252666786,-462185.1193334535,2103570.1333333333,4540134.636177496,-332994.36951082945,8232762.6,16123760.337320052,341764.86267994624,2103533.466666667,4540102.15408803,-333035.2207546956
150,9049422.466666667,17348905.052549116,749939.8807842173,8315246.933333334,15902772.756636577,727721.1100300904,7542416.866666666,15341485.903745078,-256652.17041174415,2784433.033333333,6429316.97088367,-860450.9042170038,8918909.6,17084598.64436809,753220.5556319095,2784232.816666667,6429136.964336228,-860671.3310028943
151,8670711.766666668,16404334.152721863,937089.3806114709,7774120.633333334,14487912.40614016,1060328.8605265087,7042586.6,14228170.475020943,-142997.27502094395,2784755.2666666666,6394556.2992182495,-825045.7658849163,8476657.233333332,15977689.166763276,975625.29990339,2784751.3,6394552.7455083225,-825050.1455083233
152,8202361.3,15620240.946085058,784481.6539149424,7258780.316666666,13559761.891893819,957798.7414395139,6433115.516666667,13087909.426975925,-221678.3936425913,2130772.7,4555004.178414436,-293458.7784144352,7987493.4,15143103.613501407,831883.1864985926,2130759.183333333,4554992.220687529,-293473.8540208624
153,9604026.433333334,18649903.29897289,558149.5676937774,8694803.666666666,16711134.448210424,678472.8851229083,7653280.75,15923210.66658151,-616649.1665815096,2739147.3333333335,6447741.61861902,-969446.9519523531,9382312.333333334,18158077.631605905,606547.0350607634,2739120.566666667,6447717.469648718,-969476.3363153841
154,8641394.5,16378272.219584424,904516.7804155769,7717500.816666666,14428322.255487323,1006679.37784601,6755410.883333334,13723437.11299293,-212615.34632626176,2645381.3,6185141.236879987,-894378.6368799871,8417997.533333333,15886718.381634785,949276.6850318816,2645370.1166666667,6185131.160383519,-894390.9270501854
155,9389401.6,18538444.270141892,240358.92985810898,8434672.433333334,16461901.469917927,407443.39674874116,7415455.1,15512934.603887387,-682024.4038873864,2652111.466666667,6168683.554351428,-864460.621018094,9141947.066666666,17984290.706010554,299603.42732277885,2652107.183333333,6168679.698927441,-864465.3322607744
156,9267211.066666666,18296143.14663706,238278.9866962731,8238917.4,16057254.38910145,420580.4108985504,7166273.85,15092796.508017804,-760248.8080178062,2680574.3,6221109.222416826,-859960.6224168255,9049079.1,17796934.30255493,301223.89744506776,2680557.966666667,6221094.527706603,-859978.5943732685
157,9781363.566666666,19235947.367940646,326779.7653926872,8775973.366666667,17044477.73545953,507468.99787380453,8085158.583333333,16687914.394685578,-517597.2280189125,2942975.1333333333,6965343.517541859,-1079393.2508751927,9518000.566666666,18678979.663790077,357021.469543254,2942941.1,6965312.793882739,-1079430.593882739
158,10084386.966666667,19795454.166264307,373319.7670690268,9025663.616666667,17553930.778236832,497396.45509650186,8093378.766666667,16564217.599666923,-377460.066333591,3208204.2666666666,7577373.780557536,-1160965.2472242024,9808906.933333334,19201572.200859413,416241.6658072565,3208192.8833333333,7577363.56753345,-1160977.8008667831
159,9134234.233333332,18177964.9045268,90503.56213986315,8181306.516666667,16082313.742364336,280299.29096899834,7372426.883333334,15255877.3281857,-511023.56151903234,2506226.3333333335,5603115.751621727,-590663.0849550604,8908881.966666667,17682215.307484612,135548.62584872358,2506224.8833333333,5603114.534420484,-590664.7677538171
160,9800629.366666667,19062370.213098474,538888.5202348586,8775589.216666667,16884963.762411762,666214.6709215716,8116512.166666667,16518166.832548238,-285142.49921490345,3131925.8666666667,7396293.126826584,-1132441.3934932505,9588927.266666668,18637825.336894084,540029.1964392513,3131886.3666666667,7396257.5126928,-1132484.779359466
161,10210184.533333333,20456010.27871929,-35641.212052626535,9224518.283333333,18277440.95670353,171595.60996313766,8512338.283333333,17696696.774985876,-672020.2083192095,3050868.933333333,7119576.920616093,-1017839.0539494269,10012419.8,20055224.89288081,-30385.292880807072,3050857.6,7119566.727077698,-1017851.5270776977
162,10187564.533333333,21391245.231387787,-1016116.1647211201,9316399.1,19440089.961299583,-807291.7612995859,8633757.85,19028290.301861197,-1760774.6018611975,2964249.5,6865487.787276573,-936988.7872765725,10002451.633333333,20978002.600916885,-973099.3342502173,2964242.75,6865481.726098219,-936996.2260982185
163,9916200.633333333,20783389.34341971,-950988.0767530408,8956193.7,18630303.79066228,-717916.3906622846,8284782.55,18436123.910626262,-1866558.8106262619,2841138.1666666665,6575320.771115243,-893044.4377819109,9755902.033333333,20439522.28651554,-927718.219848875,2841127.433333333,6575311.119460221,-893056.2527935547
164,9844380.2,20749875.97825624,-1061115.5782562438,8906735.983333332,18660866.731544003,-847394.7648773398,8088977.4,17886579.99430727,-1708625.1943072677,2724960.6,6212437.621075818,-762516.4210758181,9700385.366666667,20451142.783235617,-1050372.0499022808,2724924.25,6212405.034179877,-762556.5341798766
165,9076752.033333333,19681514.427072693,-1528010.3604060262,8148365.316666666,17560646.10219018,-1263915.4688568506,7360020.9,16820374.10957786,-2100332.30957786,2005078.8333333333,4233381.430532773,-223223.76386610628,8919974.066666666,19348906.296558812,-1508958.1632254794,2005049.5666666667,4233355.649791043,-223256.51645771018
166,9914457.466666667,20854166.89186085,-1025251.9585275166,8970076.016666668,18776165.325276054,-836013.2919427194,8267618.083333333,18251588.766939167,-1716352.6002725018,2733275.2666666666,6016537.467122323,-549986.9337889897,9776756.0,20583339.976348966,-1029827.9763489645,2733179.0833333335,6016451.865728186,-550093.6990615195
167,8908596.0,18443348.321080107,-626156.3210801072,7848204.183333334,16032165.646787394,-335757.28012072574,7241111.516666667,15670945.382712435,-1188722.3493791008,2061557.0666666667,4236948.796579446,-113834.66324611264,8751725.4,18149574.702884745,-646123.9028847441,2061402.35,4236813.442644196,-114008.74264419591
168,9197945.0,17928916.53950288,466973.46049711667,8299017.95,16126661.68724902,471374.2127509797,7716656.083333333,15677676.297051728,-244364.1303850608,2849738.7666666666,6287219.221201174,-587741.6878678408,8998232.533333333,17585642.350304693,410822.7163619716,2848586.716666667,6286186.36135392,-589012.9280205863
169,9137140.533333333,17896695.84530171,377585.2213649545,8216339.433333334,16014272.268448852,418406.59821781423,7735450.933333334,15769523.607355464,-298621.74068879616,3018392.7,6702319.883079598,-665534.4830795978,8964232.0,17596179.092182457,332284.9078175407,3018324.7666666666,6702259.318449864,-665609.7851165314
170,9339727.933333334,18228454.55192513,451001.31474153884,8300141.766666667,16071245.936802022,529037.596531311,7690018.35,15419459.17687289,-39422.47687289119,2634111.3333333335,5658515.926168689,-390293.2595020216,9226310.166666666,18043312.246431865,409308.08690146543,2634099.966666667,5658505.873202867,-390305.9398695333
171,9914942.8,19369222.1755924,460663.42440760136,8949800.25,17422753.99223914,476846.5077608619,8270335.15,16630493.354151081,-89823.05415108055,3395972.0,7795286.611885236,-1003342.6118852356,9825886.666666666,19211168.44923212,440604.884101212,3395959.5,7795275.394515997,-1003356.3945159968
172,9290511.866666667,18406696.1742286,174327.5591047313,8285807.866666666,16340402.897877034,231212.8354562996,7582997.816666666,15542128.284239117,-376132.65090578515,3176186.2666666666,7243381.842439164,-891009.3091058312,9127693.4,18091143.83851268,164242.96148731746,3176175.4,7243372.114595169,-891021.3145951694
173,9478121.933333334,18761134.126649972,195109.7400166951,8414340.883333333,16610137.836095687,218543.93057097867,7762438.3,15935523.373687979,-410646.77368798014,3241167.1666666665,7373799.26317969,-891464.9298463562,9319356.766666668,18451513.682816062,187199.85051727295,3241076.05,7373717.627984036,-891565.5279840366
174,8776901.6,17647556.693317726,-93753.49331772886,7846670.8,15767888.587130472,-74546.98713047337,7259073.1,15140511.700417876,-622365.500417877,2553039.033333333,5497179.290345751,-391101.22367908387,8561652.133333333,17228027.60545233,-104723.33878566511,2553018.0833333335,5497160.752250992,-391124.58558432525
175,9656912.6,19072209.391778164,241615.80822183564,8807593.3,17403876.36959618,211310.23040382192,8125329.783333333,16640241.674356641,-389582.10768997483,3578738.2666666666,8306024.362915641,-1148547.8295823075,9483576.8,18745586.156568564,221567.44343143515,3578509.1166666667,8305818.12053711,-1148799.8872037767
176,9804066.4,19365191.359282814,242941.44071718678,8925183.783333333,17630458.56269311,219909.00397355668,8211630.616666666,16787554.85270053,-364293.6193671981,3629006.9,8535811.65280221,-1277797.852802211,9625425.133333333,19032012.929829028,218837.33683763817,3628972.5833333335,8535780.695151258,-1277835.5284845908
177,8658361.333333334,16794206.740941048,522515.9257256221,7833899.6,15203365.855212223,464433.34478777554,7228876.833333333,14628780.194083646,-171026.52741697896,3312007.966666667,7547598.632738373,-923582.6994050397,8485772.233333332,16475033.76254743,496510.70411923435,3311918.3833333333,7547518.295127913,-923681.5284612463
178,8651708.4,16504060.495483696,799356.3045163052,7806520.533333333,14895484.592480104,717556.4741865611,7445916.916666667,14616967.170234762,274866.6630985709,3134581.0,7109935.361704478,-840773.3617044785,8463084.566666666,16180921.7870397,745247.3462936319,3134524.0833333335,7109884.383145668,-840836.2164790011
179,6882403.866666666,13210650.197685666,554157.5356476652,6236279.483333333,11949045.525029529,523513.44163713884,5777306.1,11634029.50635857,-79417.30635857023,2488708.2,5312838.956814433,-335422.5568144331,6736992.9,12935826.976979375,538158.8230206249,2488012.183333333,5312223.310810666,-336198.94414399937
180,6125734.3,12006092.30653235,245376.2934676502,5653658.4,11053616.07564849,253700.72435150947,5241695.733333333,10851189.290592011,-367797.82392534334,2311830.3666666667,4848535.018878733,-224874.2855453994,5979892.233333333,11720228.687830113,239555.77883655299,2311346.0833333335,4848108.267784517,-225416.10111785075
181,6185081.666666667,12105311.535864716,264851.79746861756,5672898.25,11063051.386128541,282745.1138714589,5321528.583333333,10937501.399709877,-294444.23304320965,2259822.1666666665,4728423.284794692,-208778.95146135893,6025051.3,11802987.004878074,247115.59512192663,2259631.1166666667,4728254.986553151,-208992.75321981777
182,7163069.333333333,13594135.60272567,732003.0639409954,6612237.866666666,12563715.523941979,660760.2093913537,6369717.683333334,12577483.36348756,161952.00317910686,3026054.8666666667,6604225.985189827,-552116.2518564942,6977790.8,13274294.857834283,681286.7421657164,3021901.3333333335,6600485.095538424,-556682.4288717574
183,6385154.0,12333940.872216865,436367.1277831355,5864963.766666667,11294843.894949473,435083.63838385977,5247954.233333333,10727111.288985863,-231202.82231919747,2340991.033333333,4840649.500004834,-158667.43333816668,6221741.933333334,12025131.264009219,418352.60265744757,2340953.433333333,4840615.385106,-158708.5184393339
184,6747094.6,12812295.190061793,681894.0099382075,6201860.533333333,11724148.01056943,679573.0560972355,5576305.616666666,11040522.80199061,112088.43134272285,2404776.433333333,4938262.321254836,-128709.45458817016,6564095.666666667,12470024.201381758,658167.1319515752,2404752.65,4938240.927319055,-128735.62731905514
185,7508820.566666666,14340407.915147573,677233.2181857601,6959886.5,13293118.87283767,626654.1271623289,6267207.766666667,12512300.960952915,22114.57238041889,3156004.8333333335,6990446.3881467935,-678436.7214801265,7315529.233333333,13983299.772065386,647758.6946012815,3155981.0166666666,6990424.967935247,-678462.9346019146
186,6834148.0,13566909.101548195,101386.89845180511,6319629.116666666,12611559.417299949,27698.8160333829,6028661.033333333,12232266.51764147,-174944.4509748025,2320261.6,5926407.037530683,-1285883.8375306828,6636534.4,13201940.01616275,71128.7838372523,2320248.683333333,5926394.864626097,-1285897.4979594299
187,6570503.5,13071573.748480104,69433.25151989609,6087866.916666667,12179125.136370718,-3391.3030373854563,5755438.45,11682782.548109446,-171905.64810944442,2128841.0,5489056.044833595,-1231374.044833595,6379752.866666666,12724903.344902085,34602.388431247324,2128827.533333333,5489043.537737371,-1231388.4710707045
188,6537326.766666667,12924909.373442348,149744.15989098419,6073002.166666667,12078934.50326035,67069.8300729841,5829284.833333333,11722269.558145382,-63699.891478716396,2153304.3333333335,5553231.226187924,-1246622.559521257,6356215.7,12604805.316910658,107626.08308934327,2153298.1166666667,5553225.464652853,-1246629.2313195202
189,5705377.966666667,11592243.798348203,-181487.86501486972,5266585.85,10735468.822782237,-202297.12278223783,4879124.65,10191693.238640908,-433443.9386409065,1564263.6,3806799.601168226,-678272.4011682258,5534149.2,11263262.479403298,-194964.0794032989,1564250.1666666667,3806787.2673128014,-678286.9339794677
190,6462365.8,12980369.628920846,-55638.02892084606,5979855.033333333,12052192.261250919,-92482.19458425231,5689127.75,11722723.309387293,-344467.8093872927,2313955.8333333335,5950339.926114235,-1322428.2594475686,6294180.366666666,12667048.352554917,-78687.6192215858,2313717.5,5950090.647458359,-1322655.6474583587
191,6709861.8,13348730.582230173,70993.01776982658,6208747.216666667,12399816.215642571,17678.217690762132,5838546.866666666,12006063.644474767,-328969.9111414347,2397281.7666666666,6113912.742121657,-1319349.2087883237,6529926.233333333,13019634.192400362,40218.27426630538,2397223.1166666667,6113853.022370337,-1319406.7890370027
192,6376419.3,12573907.734982625,178930.8650173759,5835835.5,11524844.309127513,146826.69087248668,5637832.083333333,11451365.222156182,-175701.05548951495,1827676.5666666667,4693316.601112828,-1037963.4677794941,6191760.633333334,12241936.798112178,141584.46855448931,1825026.6333333333,4690860.032287407,-1040806.7656207401
193,6517563.4,12828695.186717127,206431.61328287423,6064124.133333334,11996382.240328215,131866.02633845247,5806288.366666666,11786686.214530814,-174109.48119748104,1899839.6666666667,4964567.935241111,-1164888.601907777,6331393.466666667,12489928.350034721,172858.58329861145,1899785.0166666666,4964515.144161452,-1164945.1108281184
194,7855424.066666666,15731668.657041635,-20820.523708301596,7334259.75,14781331.124013895,-112811.62401389517,6877238.3,14138148.487989526,-383671.8879895257,2527846.6333333333,6861932.400886005,-1806239.1342193377,7676568.066666666,15423738.804045673,-70602.67071234062,2527769.05,6861860.556666951,-1806322.456666951
195,6800733.766666667,14018715.393226713,-417247.8598933788,6180113.466666667,12722066.321377177,-361839.3880438423,5734243.283333333,12292269.256357789,-823782.6896911217,1479358.2,4011935.27905004,-1053218.8790500404,6620757.333333333,13681632.235373836,-440117.5687071709,1479329.0666666667,4011908.398446805,-1053250.2651134718
196,7608072.0,15488776.944209134,-272632.9442091342,7048188.533333333,14409301.695290718,-312924.6286240518,6546552.7,13801835.415970445,-708730.0159704434,2412138.1666666665,6799383.81776889,-1975107.484435557,7438075.566666666,15184161.531575326,-308010.398241994,2411888.3,6799152.021021298,-1975375.4210212985
197,7584755.466666667,15382910.912216906,-213399.97888357192,6982757.266666667,14202749.40385304,-237234.8705197079,6594849.9,13805085.24704073,-615385.4470407292,2370944.7,6666627.830625256,-1924738.4306252552,7421904.0,15091244.185756862,-247436.18575686123,2370484.8,6666201.095114211,-1925231.495114211
198,7323892.466666667,14796850.996317677,-149066.06298434362,6713722.916666667,13584218.80510132,-156772.97176798712,6377247.833333333,13236925.742624508,-482430.0759578422,2066189.7,5788872.628164045,-1656493.228164045,7168856.4,14518923.111748578,-181210.31174857728,2066166.5166666666,5788851.148375774,-1656518.1150424401
199,6840851.633333334,13950725.006789858,-269021.74012319,6241812.1,12719340.855946448,-235716.65594644938,5950481.616666666,12411655.472520439,-510692.2391871065,1745553.8,4808939.135156696,-1317831.5351566954,6694041.5,13682991.937963689,-294908.93796368875,1745114.1,4808532.2016596235,-1318304.0016596238
200,3569376.466666667,6523354.569253979,615398.3640793543,3182265.4833333334,5798745.263224987,565785.70344168,3285767.066666667,6298577.577421948,272956.5559113859,1056243.5333333334,2773527.3782054572,-661040.3115387904,3491416.2333333334,6396682.436253991,586150.0304126763,1056218.2333333334,2773503.742262041,-661067.2755953742
201,3682745.1333333333,6713379.379500885,652110.8871657816,3335908.0833333335,6077774.487951957,594041.6787147098,3113639.4833333334,5948272.045839753,279006.9208269138,1102186.9,2981184.1091632335,-776810.3091632337,3626864.1666666665,6620253.542186949,633474.7911463832,1102168.9666666666,2981167.568436008,-776829.6351026748
202,4671343.433333334,8788583.174318785,554103.6923478823,4340276.7,8276696.667372916,403856.732627084,4166930.4,8098230.748988772,235630.05101122847,1821714.0,5110429.379345471,-1467001.3793454715,4586612.633333334,8664673.29462743,508551.9720392376,1821686.7666666666,5110404.143391762,-1467030.6100584287
203,3336287.1666666665,6167616.329348629,504958.00398470415,3011257.3833333333,5617408.155128561,405106.6115381052,2858513.933333333,5512175.364559484,204852.50210718252,1203003.6333333333,3297705.7244228553,-891698.4577561885,3275602.0,6070458.589650907,480745.41034909384,1202952.2,3297658.199893213,-891753.799893213
204,2917467.566666667,5379843.5384386,455091.5948947347,2684493.683333333,5023419.556515627,345567.81015103916,2742625.5833333335,5182765.770401172,302485.39626549464,1142609.6666666667,3119094.4456484644,-833875.1123151307,2871372.533333333,5321806.639096385,420938.42757028155,1142588.25,3119074.668027512,-833898.1680275118
205,2745619.7,5173098.061029868,318141.3389701317,2561382.4,4883302.016812795,239462.78318720497,2571681.783333333,4960462.066489337,182901.5001773294,1187843.8666666667,3198095.171919404,-822407.4385860707,2701568.2333333334,5117469.828285487,285666.6383811799,1187837.4166666667,3198089.2266596807,-822414.3933263475
206,2503119.8666666667,4791740.855246784,214498.87808654923,2342902.95,4539645.372199698,146160.52780030202,2224392.7,4408271.381952945,40514.018047054764,1142004.0333333334,3036886.5616036872,-752878.4949370204,2477613.9,4760418.929038118,194808.87096188217,1139722.05,3034758.7597539416,-755314.6597539412
207,2674612.7333333334,4984429.929753251,364795.5369134154,2492898.183333333,4702776.430322276,283019.93634439027,2661365.183333333,4994667.282513455,328063.0841532112,1169846.1333333333,3087759.7103870925,-748067.443720426,2649605.933333333,4954358.127545877,344853.7391207889,1169783.95,3087702.5360346027,-748134.636034603
208,3315696.8666666667,6577407.019201834,53986.714131499175,3112356.183333333,6298081.68678953,-73369.3201228641,3188822.1333333333,6445060.547821908,-67416.28115524165,1690764.6333333333,4688760.480659077,-1307231.2139924103,3290860.6333333333,6549352.575685828,32368.69098083861,1690683.5666666667,4688685.460470354,-1307318.3271370206
209,2775022.1,5569957.448198747,-19913.248198746704,2566729.4166666665,5160038.165294621,-26579.33196128765,2401314.4,4914131.806515092,-111503.00651509268,1135489.9666666666,3080567.7317498038,-809587.7984164706,2749331.5,5539990.95048086,-41327.95048085973,1135472.1833333333,3080551.322711265,-809606.9560445985
210,2891091.3,6037283.102940761,-255100.50294076046,2749813.9,5839195.485973975,-339567.68597397534,2971283.1,6221906.879499371,-279340.679499371,1575103.1,4516288.2692521885,-1366082.0692521883,2866919.6,6010407.123102993,-276567.9231029926,1575075.4166666667,4516261.705504438,-1366110.8721711047
211,3689121.2,7605656.7798406705,-227414.37984067062,3452595.216666667,7148970.191660075,-243779.75832674187,3416117.466666667,7006361.050404896,-174126.11707156245,1495282.4666666666,4354784.65823384,-1364219.7249005067,3660860.033333333,7574481.577334254,-252761.51066758763,1495169.6,4354678.989540712,-1364339.7895407118
212,2607408.8333333335,5113107.340904195,101710.32576247165,2299403.8333333335,4450653.15516809,148154.51149857696,2523561.966666667,4948064.185722966,99059.74761036737,856241.6,2414617.7276746286,-702134.5276746285,2583296.033333333,5085349.65726406,81242.40940260608,856173.85,2414548.5285324664,-702200.8285324663
213,2803434.033333333,5779717.362606279,-172849.2959396122,2677198.216666667,5606585.751772729,-252189.31843939517,2777306.6666666665,5823837.85998508,-269224.5266517461,1466518.3333333333,4206195.896435271,-1273159.2297686047,2779445.7333333334,5752765.1499558445,-193873.68328917772,1466468.4166666667,4206147.148963675,-1273210.3156303412
214,2753289.3,5569087.24835471,-62508.64835471008,2553165.6666666665,5159216.665284976,-52885.331951643806,2434424.8833333333,4927268.18941312,-58418.422746453434,817527.2666666667,2240011.221414724,-604956.6880813906,2679848.933333333,5416257.776476072,-56559.90980940545,817457.8,2239941.119229497,-605025.5192294968
215,3123381.8333333335,6374221.117956594,-127457.45128992712,2922511.5166666666,6035249.604472866,-190226.57113953354,2778961.283333333,5800740.873371793,-242818.30670512654,1557512.2333333334,4267005.44664811,-1151980.979981443,3047096.033333333,6244069.29696413,-149877.23029746395,1557495.7,4266987.556024233,-1151996.1560242332
216,2679195.0,5024079.625580539,334310.374419461,2455836.316666667,4603967.050987868,307705.58234546613,2562989.9833333334,4868202.004974343,257777.96169232437,922498.7666666667,2375070.7860592646,-530073.2527259312,2569963.1666666665,4818892.936564938,321033.39676839486,922492.85,2375065.619057898,-530079.9190578979
217,3135454.966666667,6114160.004597092,156749.928736242,2928982.433333333,5794386.805969797,63578.06069686869,3062910.25,6032047.45797205,93773.04202794982,1523133.6666666667,4085151.9034311334,-1038884.5700978001,3022106.8666666667,5936278.335602565,107935.39773076866,1523128.6,4085147.721571676,-1038890.5215716758
218,2113663.7333333334,3832762.45543376,394565.0112329067,1987644.7,3611600.89459842,363688.5054015801,1985112.5,3685907.396758183,284317.6032418173,1352393.6,3145461.7053969814,-440674.50539698126,2056138.0,3730160.3153386377,382115.6846613621,1352390.4833333334,3145458.9993362324,-440678.0326695654
219,3087292.9,5808869.435451547,365716.36454845313,2904597.5833333335,5528299.958706419,280895.207960248,2936452.75,5650456.01983235,222449.48016765015,1386746.9666666666,3725526.741655155,-952032.8083218222,2985487.7,5651539.128247163,319436.2717528371,1386742.9333333333,3725529.689260345,-952043.8225936785
220,2505040.533333333,4463623.206375055,546457.8602916116,2407513.05,4328929.4911905,486096.6088095,2202139.9833333334,4180123.8831727766,224156.08349389024,1409621.4,3272155.6959298346,-452912.89592983504,2484895.066666667,4436920.394951731,532869.7383816026,1409610.5833333333,3272149.295606346,-452928.12893967936
221,3500620.033333333,6292317.6064265855,708922.4602400814,3274164.4,5927725.685215667,620603.1147843325,3023016.6,5617763.9098921325,428269.29010786815,1768623.4,4156635.371512439,-619388.5715124393,3397657.033333333,6127109.760978553,668204.3056881125,1768582.55,4156607.4011012,-619442.3011012
222,2851805.7666666666,5063243.268484956,640368.264848378,2708294.4166666665,4820922.908754859,595665.9245784744,2438922.3333333335,4514409.247535159,363435.41913150786,1439879.0,3294944.8111298652,-415186.81112986524,2785768.8666666667,4945825.660940927,625712.072392406,1439868.6,3294941.1603179835,-415203.9603179833
223,3460373.9,6487984.821908226,432762.9780917736,3313909.7,6264131.5990696885,363687.80093031237,2660370.8833333333,5366044.752815833,-45302.986149167176,2060657.9,4850177.485926483,-728861.685926483,3394499.2666666666,6382416.576018376,406581.9573149574,2060647.9333333333,4850171.999698351,-728876.1330316842
224,4255242.833333333,8027782.1015942395,482703.56507242704,4003460.283333333,7527305.248940128,479615.3177265385,3685809.0,7124091.950823637,247526.0491763628,2117800.1333333333,4924112.6243354315,-688512.3576687649,4184381.8333333335,7889056.412102878,479707.2545637884,2117755.5,4924075.85819714,-688564.8581971391
225,3831761.933333333,7335664.062968151,327859.8036985155,3565791.966666667,6728614.686474392,402969.24685894186,3330056.3833333333,6700305.097418762,-40192.33075209521,1551142.5666666667,3459508.4383774395,-357223.3050441062,3811655.7,7312114.722735377,311196.6772646229,1551098.5833333333,3459474.688778344,-357277.52211167756
226,3792064.433333333,7818538.429723762,-234409.56305709574,3441442.05,6983457.2140510315,-100573.11405103188,3656147.9833333334,7321255.850209752,-8959.883543085773,1206237.2,2674620.926503992,-262146.52650399227,3695628.7333333334,7613561.437800609,-222303.97113394178,1206225.8166666667,2674607.0378425503,-262155.40450921725
227,4279647.133333334,8321822.323501675,237471.94316499215,3970351.45,7644110.316595006,296592.58340499457,4046276.35,7951354.99398732,141197.70601268066,2131996.2,4768170.503409611,-504178.1034096102,4237589.233333333,8265814.350041521,209364.116625146,2131999.3666666667,4768185.659016596,-504186.9256832623
228,3799450.3,7412768.112326726,186132.48767327378,3520644.4,6736984.0729609765,304304.7270390233,3633571.6166666667,7161374.340711342,105768.89262199076,1955136.9333333333,4446803.9681487605,-536530.101482094,3794327.6,7407961.163915325,180694.03608467523,1955147.9166666667,4446843.9560606,-536548.1227272658
229,4223492.733333333,7816100.045835341,630885.4208313255,4008019.7,7392450.756277354,623588.6437226455,4123768.4833333334,7673200.846089216,574336.1205774508,2133346.4,4817088.409937268,-550395.6099372678,4205743.333333333,7796798.389419541,614688.2772471248,2133374.95,4817157.141244037,-550407.2412440372
230,3377706.466666667,6208528.125249188,546884.8080841452,3240087.1166666667,5924302.475880688,555871.7574526458,3581348.8333333335,6661825.088746265,500872.57792040193,1601926.2666666666,3507287.026999087,-303434.4936657541,3377412.3,6208279.393186123,546545.2068138765,1601978.6,3507413.4661679734,-303456.26616797317
231,3877447.466666667,7369327.760652956,385567.1726803784,3637837.316666667,6837100.991810156,438573.6415231782,3712002.533333333,7075357.828935366,348647.23773130076,1810819.9,3965345.595775031,-343705.7957750312,3813465.2,7229190.635756839,397739.7642431613,1810810.1333333333,3965338.2993933274,-343718.03272666084
232,4644753.733333333,8979789.121764448,309718.34490221925,4396558.55,8431442.74541219,361674.3545878106,4208985.7,8235342.24873255,182629.15126745077,2044985.3333333333,4570998.446002092,-481027.77933542547,4576092.433333334,8833214.093616242,318970.7730504256,2044995.6833333333,4571026.621765667,-481035.2550989997
233,3884138.8,7791162.851384361,-22885.251384361647,3605376.3833333333,7150335.6016760785,60417.16499058809,3716671.8666666667,7294207.585421005,139136.14791232813,1241108.3,2803632.0715808617,-321415.4715808616,3816268.3666666667,7640397.959001584,-7861.225668250117,1241106.2,2803630.7647102326,-321418.3647102327
234,3364825.8666666667,6506353.803341178,223297.92999215517,3107413.783333333,5940838.225870185,273989.3407964823,3394529.7666666666,6364614.715277881,424444.81805545185,1216175.9333333333,2834474.7496038144,-402122.88293714775,3298864.9,6368607.57396259,229122.22603741055,1216173.6166666667,2834472.89670152,-402125.66336818645
235,3614901.3666666667,6379466.588027526,850336.1453058082,3398736.3666666667,6014257.546664359,783215.1866689743,3008948.65,5423848.706458834,594048.5935411658,1472552.9666666666,3280658.9456487056,-335553.0123153727,3546067.4,6259207.006627878,832927.7933721212,1472525.8666666667,3280608.118588398,-335556.3852550646
236,2668863.2666666666,4806843.046306528,530883.4870268046,2539189.9,4582762.4538961705,495617.34610382956,2649151.4166666665,4742478.759850876,555824.0734824568,1624736.8666666667,3600155.9491758943,-350682.21584256063,2629694.2,4733886.05013169,525502.3498683106,1624280.1833333333,3599113.5203004694,-350553.1536338029
237,3607564.033333333,6775773.428589788,439354.63807687815,3370499.6,6273510.202318909,467488.99768109154,3689835.683333333,7102533.142115451,277138.2245512153,1803061.1,4020367.9185599806,-414245.7185599804,3545101.1333333333,6653600.405926463,436601.8607402034,1803261.4333333333,4020793.1308622146,-414270.26419554814
238,3435677.4,7220136.879624293,-348782.0796242934,3117511.2333333334,6361647.26015142,-126624.79348475253,3240931.283333333,6448973.7845200095,32888.782146656886,1338352.7666666666,2921212.7888756027,-244507.25554226944,3396109.1333333333,7110542.669948222,-318324.403281556,1338471.1166666667,2921491.5752907135,-244549.34195737983
239,3843912.066666667,7236490.021267017,451334.1120663169,3602488.6666666665,6698515.812694796,506461.52063853666,3251661.2,6534124.919386063,-30802.519386062864,1737589.4,3784548.994611371,-309370.19461137103,3779465.533333333,7109600.817288151,449330.24937851494,1737573.6,3784573.4239188815,-309426.22391888127
240,3859033.0,7720410.110472683,-2344.110472683329,3515340.466666667,6875555.760919454,155125.17241388047,3054314.783333333,6116252.129173297,-7622.562506630551,1318638.6666666667,3002883.9509502165,-365606.61761688325,3791201.8,7576740.455867479,5663.1441325210035,1318568.8166666667,3002826.4140241146,-365688.7806907813
241,3602820.466666667,7362523.470910842,-156882.53757750802,3258814.033333333,6494473.782646035,23154.284020631574,3102078.4833333334,6234685.14916392,-30528.182497254107,1242453.8666666667,2801066.3815449,-316158.64821156673,3541046.3,7227089.931655705,-144997.33165570535,1242389.1666666667,2801002.824135117,-316224.49080178374
242,4133300.033333333,7687878.001156631,578722.0655100355,3862353.6,7046622.600274069,678084.5997259305,3486607.7,6506315.895646675,466899.5043533258,1625901.1666666667,3224137.515870423,27664.817462910432,4110179.533333333,7660517.290079011,559841.7765876558,1625873.1833333333,3224113.350960659,27633.0157060076
243,4698535.766666667,8600237.527214486,796834.0061188461,4309878.783333333,7696706.753164299,923050.8135023676,4072717.9833333334,7398743.092202762,746692.8744639051,2457203.3333333335,4767672.683211771,146733.98345489614,4640179.333333333,8485959.703357207,794398.9633094589,2457123.2333333334,4767533.9490174,146712.5176492664
244,3656820.1666666665,6613801.260531707,699839.0728016258,3361420.55,5972213.045702685,750628.0542973154,3357868.5,6075239.183516529,640497.8164834706,1865353.4333333333,3808161.351231466,-77454.48456479912,3633530.2666666666,6584844.599226734,682215.9341065995,1865293.2166666666,3808109.517691983,-77523.08435865003
245,4012753.3,7752254.122026345,273252.47797365533,3538251.3666666667,6583267.9365374325,493234.7967959009,3468859.066666667,6510520.085738238,427198.0475950963,1621352.6333333333,3472916.0347353416,-230210.76806867472,3972362.933333333,7682095.952902678,262629.9137639883,1621335.7833333334,3472901.41995577,-230229.85328910314
246,3664515.3666666667,7367547.315058149,-38516.581724815536,3392032.5166666666,6666702.893572971,117362.13976036245,3276140.1,6294293.745101828,257986.45489817252,1631343.0666666667,3539327.314596407,-276641.1812630736,3638102.433333333,7306526.475945813,-30321.609279146418,1631252.0166666666,3539216.4602620257,-276712.42692869226
247,3058334.433333333,6408572.96528267,-291904.098616004,2838086.9,5819447.058052927,-143273.25805292698,2629996.75,5492057.184734985,-232063.6847349857,874213.4333333333,1787931.823526265,-39504.9568595984,3050982.533333333,6401301.572278538,-299336.50561187137,874184.3,1787893.8606006019,-39525.260600601905
248,3386391.566666667,7166876.359484378,-394093.22615104495,3063186.1166666667,6290825.986831501,-164453.75349816727,2842980.4,5804241.446207875,-118280.64620787604,990095.0,2164170.6819105884,-183980.68191058817,3360071.3666666667,7104441.280826935,-384298.5474936012,990063.1666666666,2164141.0534941996,-184014.7201608665
249,3189650.566666667,6871396.968812191,-492095.83547885716,2919884.283333333,6138787.841344921,-299019.27467825497,2871310.7,6134771.521782657,-392150.12178265676,857299.9,1869844.4260105886,-155244.6260105886,3162541.7333333334,6805221.1929741725,-480137.7263075062,857285.15,1869830.6219167805,-155260.32191678043
250,3516909.2666666666,7382554.710244143,-348736.1769108097,3227134.6166666667,6607917.984725594,-153648.7513922602,3248843.75,6787607.687011246,-289920.1870112452,1149367.3,2536417.84432354,-237683.24432354025,3485563.033333333,7305162.179324871,-334036.11265820405,1149341.8333333333,2536390.990445499,-237707.32377883233
251,3831722.6666666665,7664703.90157027,-1258.5682369363494,3454609.5166666666,6780479.06309249,128739.97024084348,3368893.566666667,6843889.823256701,-106102.689923367,1382056.5333333334,2929717.5577918813,-165604.49112521415,3825085.2666666666,7658457.789677722,-8287.256344388705,1381931.1166666667,2929594.6032146765,-165732.3698813431
252,3797855.1666666665,7459368.417563805,136341.91576952813,3405366.6666666665,6554466.247191787,256267.08614154626,3404768.8666666667,6730170.204387575,79367.52894575754,1483961.6,3132969.6105989646,-165046.4105989642,3789501.066666667,7451326.4814604,127675.65187293431,1483943.8666666667,3132957.700348784,-165069.9670154506
253,3605233.8666666667,7256420.125020923,-45952.39168759016,3261837.966666667,6486287.94331407,37387.9900192637,2915174.35,5838403.829213783,-8055.129213782959,1061509.4666666666,2187541.0714647733,-64522.13813143992,3598661.7333333334,7250235.234449411,-52911.767782743555,1061353.3833333333,2187296.993199003,-64590.226532336324
254,3870607.1666666665,7619582.349913856,121631.98341947747,3442167.7666666666,6679051.164399764,205284.3689335701,3310007.25,6464893.733961991,155120.76603800897,1427888.6333333333,2985551.9925498655,-129774.7258831989,3834932.033333333,7581176.089856017,88687.97681064857,1427612.05,2985159.376036094,-129935.27603609394
255,4107604.7333333334,8441555.785952382,-226346.319285715,3848422.4,7778849.200259073,-82004.40025907289,3845990.933333333,7645162.157580944,46819.70908572199,1649723.1666666667,3664750.7870653924,-365304.4537320589,4099996.7,8434443.734716313,-234450.3347163126,1649512.7333333334,3664555.0133206993,-365529.54665403254
256,4785420.4,9951957.757561546,-381116.9575615451,4528808.583333333,9364014.639991824,-306397.4733251566,4553853.516666667,9324581.82520726,-216874.79187392537,2453029.533333333,6050519.920052675,-1144460.8533860082,4777006.866666666,9944169.64951162,-390155.91617828887,2452989.5833333335,6050485.8368353,-1144506.6701686326
257,4580912.6,8745554.612274935,416270.5877250633,4205783.233333333,8021912.106971196,389654.3596954709,3987987.0,7757752.449029887,218221.55097011244,1837778.1666666667,4185885.3123574294,-510328.97902409616,4554113.5,8715494.262138259,392732.7378617418,1837744.9333333333,4185851.9254605304,-510362.058793864
258,4492027.166666667,8652399.780193219,331654.5531401145,4148987.85,7992173.445823351,305802.25417664926,3847493.8,7547773.459607583,147214.14039241662,1769641.8333333333,4074662.6701540155,-535379.0034873488,4464955.466666667,8621389.90848758,308521.02484575333,1769621.6166666667,4074638.0017344733,-535394.7684011399
259,5306407.9,10279886.720578507,332929.0794214951,4908009.116666666,9545097.657860644,270920.5754726883,4531805.85,8968343.935834821,95267.76416517701,2517847.066666667,6006455.168512138,-970761.0351788038,5280750.3,10251971.145720132,309529.45427986793,2517350.716666667,6005843.330333866,-971141.8970005326
260,5083109.433333334,9529589.06650787,636629.8001587968,4780577.5,8872782.406582212,688372.5934177884,4148984.316666667,7846668.977729535,451299.6556037986,2534453.7333333334,5425235.262867471,-356327.7962008044,5058384.833333333,9501955.922818322,614813.7438483443,2534171.05,5424832.419980604,-356490.3199806041
261,5164180.733333333,9443615.382413026,884746.0842536418,4805635.766666667,8769422.419512592,841849.1138207405,4408762.216666667,8089383.147893509,728141.2854398252,2390290.6333333333,5190807.193098234,-410225.9264315674,5079338.933333334,9346097.036834847,812580.8298318209,2390229.8666666667,5190730.719085173,-410270.98575183935
262,5062170.8,9395744.145100944,728597.454899055,4632901.266666667,8519214.282763347,746588.2505699866,4219412.883333334,7951145.543967035,487680.22269963333,2323670.8333333335,5120439.794641984,-473098.1279753167,4977330.166666667,9297069.305065725,657591.028267608,2323321.6,5120139.533363108,-473496.33336310694
263,5344462.966666667,10012519.716502178,676406.2168311542,4993917.733333333,9344843.690368151,642991.7762985155,4316491.7,8232741.0214686375,400242.3785313624,2489417.8333333335,5369195.532193017,-390359.8655263502,5253548.866666666,9905227.596321251,601870.1370120812,2489400.5166666666,5369180.001372366,-390378.968039033
264,5337759.333333333,10466388.51452114,209130.1521455245,5012106.5,9801666.174711287,222546.82528871298,4291519.8,8941653.970571687,-358614.3705716878,2745267.033333333,6469575.904855756,-979041.8381890897,5304714.7,10428214.752054922,181214.64794507902,2745246.8833333333,6469557.720388711,-979063.9537220448
265,5356752.733333333,10304876.085791064,408629.38087560236,4870281.5,9299470.763150133,441092.2368498668,4345300.716666667,8792785.197189603,-102183.76385626849,2775966.7333333334,6394897.6729733385,-842964.2063066713,5323766.433333334,10267037.518099204,380495.3485674625,2775950.75,6394883.3118266715,-842981.8118266715
266,5447147.166666667,10778822.888970278,115471.44436305575,5030280.583333333,9869738.972468842,190822.1941978233,4628373.466666667,9434588.530112704,-177841.59677937068,2650356.933333333,6260192.564908454,-959478.6982417875,5419380.766666667,10748744.042390356,90017.49094297737,2649800.0833333335,6259689.350123014,-960089.1834563469
267,5988786.9,11289313.19134023,688260.6086597703,5338252.4,9894508.909754142,781995.8902458576,5121896.616666666,9659424.738016687,584368.4953166442,2622071.3333333335,5930500.649667058,-686357.9830003912,5903230.433333334,11188663.335813854,617797.5308528123,2621841.6,5930294.874595734,-686611.6745957341
268,5344244.533333333,10610303.854255522,78185.21241114475,4802957.433333334,9334612.41880289,271302.44786377624,4523924.933333334,9077321.69545202,-29471.82878535241,2407779.7666666666,5546779.556527751,-731220.0231944178,5283567.433333334,10486245.242226908,80889.62443975918,2407051.9833333334,5546124.655672161,-732020.6890054946
269,4659430.233333333,9490354.109138228,-171493.64247156028,4229058.016666667,8382076.592214344,76039.44111898867,3850577.65,7738395.303688688,-37240.003688688856,1660851.5333333334,3560671.740275058,-238968.67360839108,4631946.133333334,9444836.133683823,-180943.8670171555,1660320.6666666667,3560201.212419346,-239559.87908601272
270,4988617.833333333,9994132.753658038,-16897.08699137252,4423265.05,8598089.602452755,248440.49754724558,4258943.9,8221808.142245272,296079.6577547281,1610095.4,3453376.375878739,-233185.57587873912,4919981.366666666,9901127.663679697,-61164.930346363224,1609844.45,3453154.1197044956,-233465.21970449574
271,5094239.2,10290165.31249712,-101686.91249712091,4548484.966666667,8945368.012628827,151601.92070450727,4333103.333333333,8384871.007200404,281335.659466262,1571520.6666666667,3353705.0349915307,-210663.7016581972,5022051.9,10193723.86553422,-149620.0655342182,1571471.7833333334,3353661.8454164164,-210718.27874974976
272,5379145.8,11060150.714840911,-301859.11484091077,4715366.516666667,9379744.735562429,50988.29777090438,4514965.433333334,8657796.609416515,372134.2572501525,1682464.5333333334,3555627.4418366603,-190698.37516999338,5308192.1,10967060.566410933,-350676.3664109325,1682572.4333333333,3555927.402982283,-190782.53631561622
273,5266473.966666667,11018852.637416977,-485904.7040836448,4590747.083333333,9291873.21370595,-110379.04703928344,4712574.783333333,9468100.865930315,-42951.29926364962,1496149.3333333333,3214121.867569856,-221823.20090318937,5195459.5,10927349.789654152,-536430.7896541525,1496136.05,3214110.1085115075,-221838.00851150765
274,5690281.266666667,11385205.686081167,-4643.15274783317,5071910.133333334,10088441.166007772,55379.10065889638,4810662.983333333,9309365.821750809,311960.1449158592,1437919.9666666666,2981877.868441442,-106037.93510810868,5522027.0,11185021.825272206,-140967.82527220622,1437940.3833333333,2982099.767719837,-106219.00105317053
275,6191687.133333334,12513617.525729163,-130243.25906249508,5515705.4,11082229.58247226,-50818.782472258434,5519044.566666666,10908468.039549798,129621.09378353413,1574401.3,3366174.7562780753,-217372.15627807518,6040351.333333333,12333361.362747032,-252658.69608036708,1574145.9166666667,3365952.8999701273,-217661.066636794
276,5756155.866666666,11717772.81475316,-205461.08141982649,5178789.883333334,10548105.20350346,-190525.4368367931,5226627.15,10574386.586529687,-121132.2865296863,1241232.5333333334,2702675.0849219216,-220210.0182552545,5649057.033333333,11590572.979535636,-292458.91286896914,1241149.0333333334,2702600.938221818,-220302.87155515072
277,5503040.666666667,11283857.047124233,-277775.7137908982,4885983.516666667,9985549.398348447,-213582.36501511466,5107222.016666667,10325899.710809965,-111455.67747663241,1236206.0,2696267.6160991564,-223855.61609915667,5398774.566666666,11159919.431765538,-362370.29843220394,1236131.25,2696201.2062891126,-223938.70628911234
278,4558431.433333334,9822105.473901743,-705242.6072350759,4149316.1666666665,8949829.140900822,-651196.8075674898,4348120.583333333,8901146.53667861,-204905.37001194432,1279600.9,2794244.1864588866,-235042.3864588868,4452819.366666666,9687268.10449254,-781629.3711592071,1278993.95,2793702.766481793,-235714.8664817931
279,5085050.233333333,10971608.747868087,-801508.2812014194,4635794.383333334,9988977.785278946,-717389.0186122796,4792051.75,10026275.60335373,-442172.1033537295,1488317.8666666667,3021702.8008286813,-45067.06749534793,4975689.9,10831998.711878484,-880618.9118784834,1488147.7833333334,3021555.863153376,-45260.29648670927
280,6025003.466666667,12704265.596324045,-654258.6629907126,5591772.483333333,11800755.341762826,-617210.375096159,5392371.083333333,11130364.90218611,-345622.7355194455,2044411.2,4112517.9860891607,-23695.58608916076,5909621.2,12561900.206439145,-742657.8064391455,2044391.75,4112502.4326725733,-23718.932672573254
281,5477421.766666667,11580025.287500504,-625181.7541671721,4890952.833333333,10246029.496454164,-464123.8297874993,4896990.483333333,10093164.493082285,-299183.5264156172,1649909.2666666666,3264517.1062955144,35301.42703781882,5346484.033333333,11402776.75670727,-709808.6900406042,1649900.5833333333,3264511.29175553,35289.87491113623
282,7418991.133333334,14157202.365995176,680779.9006714914,6667226.633333334,12605231.196921358,729222.0697453097,6203089.133333334,11670528.605715642,735649.6609510258,3061586.1,6286658.032779435,-163485.83277943404,7253586.733333333,13961886.2049618,545287.2617048668,3061586.6166666667,6286659.5017148685,-163486.2683815346
283,7704130.9,15300223.173464935,108038.6265350664,7045792.783333333,14129877.100431064,-38291.533764397725,7109933.916666667,14017060.778313195,202807.05502013862,2383262.6666666665,5156324.035132883,-389798.7017995501,7534718.633333334,15084034.694849398,-14597.428182730451,2383262.7333333334,5156325.326571699,-389799.859905032
284,7069828.033333333,13958210.176632404,181445.89003426116,6515186.55,12888426.503067411,141946.59693258908,6600406.083333333,12825505.679813009,375306.4868536573,2830891.6666666665,5859722.209154837,-197938.87582150428,6974972.5,13833660.617507689,116284.38249231037,2830888.3333333335,5859720.399558581,-197943.73289191397
285,6881355.766666667,13737790.087855704,24921.44547762908,6341090.066666666,12723751.568383832,-41571.43505049776,6586161.733333333,13039996.168810513,132327.29785615392,2548793.0,5383498.966382809,-285912.96638280945,6779390.2,13604705.883329805,-45925.483329804614,2548776.216666667,5383484.761218037,-285932.3278847034
286,7779574.633333334,16161575.844460681,-602426.5777940145,7089156.216666667,14726761.103398638,-548448.6700653043,7292030.116666666,14994755.122749995,-410694.889416663,2413906.466666667,5186006.140337044,-358193.2070037103,7689000.566666666,16043496.362098385,-665495.2287650518,2413876.45,5185979.88862516,-358226.988625159
287,7495959.733333333,15493529.540283155,-501610.073616487,6621585.283333333,13506323.725629376,-263153.15896270983,6630091.5,13440444.602883961,-180261.60288396105,2410125.933333333,5227235.106633518,-406983.2399668521,7408459.9,15380064.02318397,-563144.223183969,2410112.066666667,5227223.271055909,-406999.1377225751
288,7204771.6,14333642.099180903,75901.10081909504,6389058.616666666,12571827.885236204,206289.34809712786,6315033.7,12234338.152659409,395729.2473405907,2380772.3,5148696.471849123,-387151.8718491229,7107907.233333333,14206751.212688368,9063.253978299908,2380149.65,5148144.566576891,-387845.2665768913
289,7806647.333333333,15990360.660084235,-377065.9934175685,6992535.116666666,14180433.009533392,-195362.7762000598,6944364.25,13860213.832340589,28514.667659411207,2527169.0,5331055.81850759,-276717.81850759033,7714770.2,15870296.941438485,-440756.54143848456,2526484.433333333,5330451.532704811,-277482.6660381444
290,7975066.066666666,16231528.83271985,-281396.6993865166,7267850.683333334,14747408.148196373,-211706.78152970597,7330002.616666666,14787888.829833299,-127883.59649996646,2607034.933333333,5426993.409397841,-212923.5427311752,7874587.633333334,16089955.633145526,-340780.3664788576,2606929.4,5426900.84355519,-213042.04355518986
291,8821261.133333333,17694046.055488482,-51523.78882181831,7886858.716666667,15761787.203440027,11930.22989330627,7932547.466666667,15696330.128599197,168764.80473413784,2504047.066666667,5282880.209117375,-274786.0757840411,8733615.233333332,17582126.870901216,-114896.4042345509,2504006.216666667,5282844.209483163,-274831.7761498294
292,9527273.966666667,18268203.194228277,786344.7391050551,8699598.483333332,16675389.298297377,723807.6683692876,8466697.383333333,16085136.446158804,848258.3205078607,2640477.3333333335,5458962.249358047,-178007.58269137936,9436938.366666667,18152684.65772049,721192.0756128412,2639028.7666666666,5457687.374878931,-179629.84154559765
293,8910874.2,17710349.088851552,111399.31114844605,8095547.9,16073910.490457386,117185.30954261404,7975720.45,15592986.459448181,358454.4405518202,2594473.566666667,5419114.234894102,-230167.10156076914,8823212.066666666,17598794.648828954,47629.48450437747,2594343.2,5418999.7243206985,-230313.32432069816
294,9448905.433333334,19025645.66112785,-127834.79446118325,8717292.533333333,17638860.503897555,-204275.43723088875,8621545.25,17166145.474317905,76945.02568209544,2682853.433333333,5496636.153066505,-130929.28639983898,9359805.866666667,18910547.947677653,-190936.21434431896,2682640.0,5496448.582547024,-131168.58254702436
295,10315296.833333334,19899709.4321874,730884.2344792653,9569284.066666666,18618333.370372273,520234.7629610617,9453266.833333334,18242274.014237985,664259.652428681,2819487.3666666667,5740272.315217774,-101297.5818844405,10227853.633333333,19786761.547111504,668945.7195551619,2819255.7666666666,5740070.198574606,-101558.66524127312
296,10150501.633333333,19739137.61544119,561865.6512254775,9424216.633333333,18430104.478179906,418328.7884867601,9513221.266666668,18404905.95280558,621536.5805277545,2688368.033333333,5581950.781304637,-205214.7146379701,10010155.333333334,19567704.668370597,452605.99829607084,2688346.25,5581931.637822579,-205239.13782257866
297,10317474.9,19902438.30706259,732511.4929374121,9591641.783333333,18632637.306243576,550646.2604230922,9553491.35,18317809.625451,789173.0745489988,2797212.966666667,5745793.0341816405,-151367.1008483069,10229906.433333334,19790887.454695635,668925.4119710326,2797192.3,5745774.742974477,-151390.14297447726
298,10082937.9,19463252.299795832,702623.5002041683,9357337.983333332,18180970.289723285,533705.6769433785,9394318.933333334,17954620.97082243,834016.895844236,2832275.533333333,5810331.060520717,-145779.99385405052,9950263.833333334,19319074.49007329,581453.1765933782,2832242.4,5810301.796770211,-145816.99677021103
299,8701552.233333332,17175216.91237156,227887.554295104,8034266.783333333,15952061.75904029,116471.80762637593,8152371.466666667,15786754.0158962,517988.9174371343,2493808.1333333333,4949862.436566979,37753.830099687446,8622791.1,17085601.554167986,159980.64583201148,2493804.4833333334,4949923.135218613,37685.831448053475
300,9343670.9,18279656.266953394,407685.53304660507,8596262.383333333,16902922.374187578,289602.3924790872,8627767.566666666,16573086.239212282,682448.8941210508,2563362.3333333335,5084574.278165944,42150.38850072352,9252851.166666666,18178721.427435007,326980.90589832515,2562922.3,5084203.014392989,41641.58560701087
301,8453713.466666667,15588806.433586098,1318620.4997472344,7779279.366666666,14435990.815402888,1122567.9179304447,8036709.183333334,14764954.999187406,1308463.36747926,2820071.7,5565394.892902754,74748.50709724613,8366617.766666667,15490209.374498839,1243026.1588344947,2814569.15,5560568.178281577,68570.12171842298
302,9106108.933333334,16941440.94283554,1270776.9238311285,8359631.85,15571475.788880613,1147787.9111193866,8535246.183333334,15639424.97886759,1431067.3877990777,3158496.8666666667,6349866.038332749,-32872.30499941576,9015167.266666668,16837499.629969694,1192834.9033636432,3157690.25,6349169.354439743,-33788.85443974333
303,8444877.333333334,15295143.274535822,1594611.3921308462,7712011.616666666,13978376.896652434,1445646.3366808994,7888664.133333334,13915229.217455115,1862099.0492115533,3113344.6333333333,6296265.8810344,-69576.61436773371,8350664.066666666,15189509.148320548,1511818.9850127855,3112073.2333333334,6295154.359963562,-71007.89329689508
304,9485343.7,17147119.67229491,1823567.7277050866,8699356.133333333,15706717.239702078,1691995.026964588,8958893.25,15825029.062334593,2092757.4376654066,3962686.3666666667,7914250.894482192,11121.838851142209,9396523.9,17047634.772477545,1745413.027522454,3962615.0,7914188.864554691,11041.135445308872
305,9669750.433333334,17837006.731039833,1502494.135626834,9044355.566666666,16765077.212170599,1323633.9211627338,9285757.333333334,16851557.490730762,1719957.1759359054,3424495.6,6894162.512489204,-45171.31248920411,9579796.6,17739618.899868708,1419974.300131292,3424449.85,6894108.897534009,-45209.19753400935
306,8824272.2,15827852.91696852,1820691.4830314768,8140767.883333334,14648537.440586545,1632998.326080123,8059853.183333334,14137514.931342829,1982191.4353238372,3706198.2,7735394.238049211,-322997.8380492106,8734618.8,15730364.893554762,1738872.7064452386,3706135.0833333335,7735329.148433866,-323058.98176719854
307,9073909.466666667,15664614.877844583,2483204.0554887513,8351634.033333333,14474450.814051721,2228817.252614946,8461789.516666668,14522411.377982218,2401167.655351118,3790210.3666666667,7989426.9429430645,-409006.20960973063,8990644.233333332,15575827.948411446,2405460.518255218,3790158.6,7989378.676567292,-409061.4765672912
308,9122473.0,15713812.355424095,2531133.644575904,8495825.15,14765921.346638612,2225728.9533613883,8467106.166666666,14448835.697988007,2485376.635345326,4297154.233333333,8852131.450746683,-257822.9840800166,9044319.633333333,15629313.772442691,2459325.4942239756,4297005.066666666,8852000.985108081,-257990.85177474748
309,9514630.5,16959979.89325136,2069281.1067486405,8898724.516666668,15957303.186914016,1840145.8464193204,8747383.883333333,15417940.626759274,2076827.1399073917,4831496.633333334,9625757.043690722,37236.22297594417,9429938.9,16870005.321535528,1989872.4784644712,4812973.866666666,9609276.594012383,16671.139320950024
310,10608534.433333334,19137717.105335273,2079351.7613313943,10019061.316666666,18201821.413175587,1836301.2201577453,10276174.116666667,18444345.026727606,2108003.206605728,5665274.566666666,11557824.321692787,-227275.18835945334,10522740.433333334,19049331.756546,1996149.1101206709,5665011.716666667,11557587.32573529,-227563.89240195602
311,10178999.7,17686158.699606683,2671840.7003933145,9616917.433333334,16854590.17772466,2379244.688942007,10550568.8,18871919.31663321,2229218.28336679,5574452.9,11026215.12381108,122690.67618892156,10088343.0,17590539.212848593,2586146.7871514065,5574348.45,11026125.028517488,122571.87148251198
312,12026609.466666667,21139148.79962405,2914070.1337092854,11455835.766666668,20333492.814907096,2578178.7184262406,11850717.283333333,20968391.047695555,2733043.5189711116,6669406.5,13599763.621776026,-260950.62177602574,11933097.6,21044221.16276382,2821974.03723618,6669267.983333333,13599643.500572171,-261107.53390550427
313,12517786.533333333,21301214.703865822,3734358.362800844,11897417.066666666,20497376.471511025,3297457.661822308,12456599.083333334,21782128.891879447,3131069.2747872192,6760096.2,14054741.14505689,-534548.74505689,12387166.933333334,21165883.23778816,3608450.6288785078,6760007.366666666,14054663.921390757,-534649.1880574236
314,11493184.333333334,19001273.228303123,3985095.4383635437,10824629.166666666,18130783.84655002,3518474.48678331,12105025.1,20744275.69382728,3465774.506172722,6143426.666666667,12470770.578990165,-183917.24565683026,11365287.7,18865755.241397396,3864820.158602602,6143341.516666667,12470695.93765472,-184012.9043213874
315,11077350.5,17887618.319496367,4267082.680503632,10403220.233333332,17005241.18805733,3801199.2786093354,11813709.966666667,20167438.24139625,3459981.691937086,5795391.766666667,11803574.445358291,-212790.91202495713,10961610.566666666,17762517.16498546,4160703.9683478745,5794836.05,11803089.072898377,-213416.97289837617
316,10378647.8,16633143.220360959,4124152.3796390425,9620561.2,15592779.901534785,3648342.498465214,11437507.4,19375972.00665474,3499042.7933452604,5289838.433333334,10595067.642610028,-15390.775943362154,10234390.4,16465780.266078606,4003000.5339213936,5289673.383333334,10594920.699851025,-15573.933184356429
317,10064758.7,16474345.939937528,3655171.4600624694,9362169.6,15451743.485988546,3272595.714011453,11161564.033333333,19194792.10190182,3128335.9647648437,5544407.133333334,10895484.44647478,193329.82019188814,9969993.133333333,16362160.056437362,3577826.2102293037,5544269.1,10895364.272404563,193173.9275954375
318,9773192.666666666,16017005.911255183,3529379.4220781494,9063055.766666668,14969919.785992559,3156191.747340776,11049731.383333333,19086073.249592714,3013389.5170739535,5439389.4,10675254.975125909,203523.82487409282,9685573.733333332,15920255.077107705,3450892.3895589598,5438709.8,10674667.665954467,202751.9340455318
319,10431228.133333333,17446917.004754364,3415539.261912301,9713684.566666666,16412620.091606949,3014749.0417263852,11633229.883333333,20163218.85325231,3103240.9134143554,6096397.6,12250085.01293525,-57289.81293524988,10342526.933333334,17351697.87465495,3333355.9920117185,6096015.133333334,12249752.562767245,-57722.29610057641
320,11386856.1,19166059.961183745,3607652.238816253,10603969.233333332,17990972.462862454,3216966.0038042087,12274896.066666666,21210652.664900713,3339139.4684326183,6747710.833333333,13566380.38589133,-70958.71922466438,11299618.466666667,19073417.254372682,3525819.678960652,6747623.2,13566304.95645753,-71058.55645752884
321,10611921.9,17864307.329667605,3359536.470332397,9949556.466666667,16854867.082084768,3044245.851248568,11484920.916666666,20058217.19226548,2911624.641067853,6060140.7,12200586.457810963,-80305.0578109622,10520539.633333333,17766639.023546543,3274440.2431201227,6059964.683333334,12200433.286130456,-80503.91946378909
322,11231339.3,18652022.386549067,3810656.2134509357,10521532.316666666,17584659.818021618,3458404.815311716,11284437.15,19009983.9366159,3558890.3633841015,6179487.266666667,12404772.852609266,-45798.319275931455,11105320.5,18515702.507847823,3694938.4921521787,6179352.983333333,12404656.52753792,-45950.56087125372
323,10521977.666666666,17617084.52676057,3426870.8065727614,9756105.9,16453035.54716156,3059176.2528384393,10743771.266666668,18430623.893724702,3056918.639608633,5319897.166666667,11023138.939878225,-383344.6065448914,10396831.066666666,17477756.50513333,3315905.6282,5319657.883333334,11022929.405860674,-383613.63919400703
324,9973804.133333333,16870555.48274408,3077052.7839225857,9224108.0,15741408.344681913,2706807.655318087,10355446.366666667,18101543.05253522,2609349.6807981115,4773918.766666667,10292122.135452667,-744284.602119334,9855394.433333334,16738458.717134511,2972330.149532156,4773678.316666666,10291911.461299218,-744554.8279658854
325,10203624.133333333,17380400.657568507,3026847.6090981597,9502277.666666666,16284780.35487831,2719774.978455023,10344593.683333334,18191164.125467967,2498023.241198699,5432290.633333334,11294555.102801442,-429973.8361347746,10123107.133333333,17288553.57627169,2957660.690394976,5431827.433333334,11294149.66648801,-430494.79982134234
326,9590132.133333333,16708013.067370107,2472251.1992965583,8910231.95,15603852.463510666,2216611.4364893315,9773276.733333332,17594801.34105794,1951752.1256087227,4933058.566666666,10499642.620482426,-633525.4871490933,9515385.2,16622974.04407812,2407796.3559218803,4901471.066666666,10470681.876058772,-667739.7427254394
327,9735890.366666667,16838198.03596918,2633582.697364156,9091232.033333333,15834159.253246695,2348304.8134199716,9918789.533333333,17722880.353164226,2114698.7135024387,4987065.533333333,10659322.162196377,-685191.0955297109,9655722.366666667,16746494.444347307,2564950.2889860272,4986748.183333334,10659041.815816555,-685545.4491498871
328,9393111.0,16362187.744692754,2424034.255307245,8742475.1,15353469.332137488,2131480.8678625105,9773941.4,17578065.094226465,1969817.7057735343,4973995.133333334,10566665.820703663,-618675.5540369963,9319686.166666666,16278983.46198405,2360388.8713492816,4971591.766666667,10564534.609757032,-621351.0764237
329,8772324.8,15420717.933808308,2123931.6661916943,8122442.85,14448321.068795191,1796564.6312048081,9438916.316666666,17283880.488352437,1593952.1449808953,4515043.533333333,9953295.886781987,-923208.8201153213,8692316.733333332,15329280.689201675,2055352.7774649905,4514973.4,9953232.926143138,-923286.126143137
330,9147604.166666666,16040826.214190107,2254382.119143226,8478199.133333333,15007068.434944525,1949329.8317221412,9680904.75,17695305.371087067,1666504.128912934,4586070.866666666,10030919.40958945,-858777.6762561183,9063760.033333333,15945887.715671498,2181632.350995169,4584983.583333333,10029951.062409867,-859983.8957432006
331,9350293.9,16268256.187213846,2432331.612786155,8614396.416666666,15128632.84044582,2100159.992887512,9936674.933333334,17886082.18404069,1987267.6826259764,4490297.7,9953705.124394735,-973109.724394735,9244431.933333334,16151881.321321579,2336982.5453450885,4490154.666666667,9953577.270836748,-973267.9375034152
332,9302831.333333334,16009291.13085539,2596371.535811277,8580255.633333333,14916258.576908547,2244252.6897581173,9916196.766666668,17764498.591773693,2067894.9415596435,4669895.433333334,10162198.824542737,-822407.9578760695,9197165.1,15893170.33414035,2501159.865859651,4669800.133333334,10162113.930090202,-822513.6634235345
333,9559902.4,16225956.765643869,2893848.034356132,8858454.416666666,15208576.56484966,2508332.268483673,10490910.2,18492715.980994567,2489104.4190054303,4968525.533333333,10591440.807178168,-654389.7405115012,9443869.833333334,16099109.855375925,2788629.811290743,4968497.583333333,10591415.724791978,-654420.5581253115
334,9313825.866666667,15888845.627474762,2738806.105858572,8629629.266666668,14891832.141370624,2367426.39196271,10383097.433333334,18379226.255056635,2386968.6116100326,4935871.966666667,10549314.79108223,-677570.8577488968,9220335.9,15791903.584541915,2648768.2154580858,4935786.316666666,10549238.619741332,-677665.9864079999
335,9677288.333333334,16512027.39927937,2842549.267387297,9012680.416666666,15499600.159387339,2525760.673945993,10356665.283333333,18230996.726740018,2482333.839926648,5006176.866666666,10641897.103208223,-629543.3698748909,9585457.933333334,16418019.657489365,2752896.209177302,5006146.35,10641869.665503254,-629576.9655032549
336,9978114.4,17245878.93351168,2710349.86648832,9306682.083333334,16166217.697362062,2447146.4693046072,10370326.066666666,18183751.966928877,2556900.166404457,5427558.3,11364437.45703164,-509320.85703163967,9915464.1,17181256.726276815,2649671.4737231825,5427315.2,11364223.452720197,-509593.05272019655
337,10544041.866666667,17474153.974168666,3613929.7591646677,9904352.633333333,16570860.91698077,3237844.349685897,11316802.766666668,19063442.2592549,3570163.274078436,5945518.3,12053131.214212105,-162094.61421210505,10444585.466666667,17373152.742384944,3516018.1909483895,5945344.516666667,12052979.615705634,-162290.58237230033
338,10788467.7,17918039.423203256,3658895.9767967416,10137625.2,17008130.46357995,3267119.9364200495,11760776.983333332,19900774.877150305,3620779.089516362,6095309.766666667,12411443.07014345,-220823.5368101159,10682976.533333333,17810330.745883413,3555622.320783253,6095141.033333333,12411295.828651998,-221013.76198533177
339,9798613.533333333,16586147.108024955,3011079.9586417116,9232732.883333333,15785992.453904158,2679473.312762508,10749829.216666667,18563954.155790392,2935704.2775429403,5832322.033333333,11976761.348453868,-312117.28178720176,9728601.333333334,16511476.381536271,2945726.2851303956,5832261.283333333,11976708.151812011,-312185.58514534496
340,9801523.633333333,16724712.827405177,2878334.4392614895,9186598.1,15804983.060584191,2568213.139415807,10357402.2,18052019.589860726,2662784.8101392724,5699443.033333333,11835896.296219993,-437010.22955332603,9732378.766666668,16652458.7314009,2812298.8019324355,5699347.9,11835793.14239404,-437097.34239403997
341,10628180.833333334,17841733.556040466,3414628.1106262,9937983.0,16850992.2475785,3024973.7524214983,11541844.45,19862855.654330354,3220833.2456696443,6385504.833333333,13175962.518731132,-404952.8520644661,10529198.066666666,17741968.691700555,3316427.4416327756,6384445.95,13175033.9109245,-406142.0109244995
342,11167823.866666667,19048735.626809776,3286912.1065235576,10385131.983333332,17811524.14809386,2958739.8185728053,12124882.616666667,21357707.815328054,2892057.418005282,6584688.766666667,13607171.825964164,-437794.29263082985,11079081.5,18960346.932109907,3197816.067890092,6583638.25,13606250.28637299,-438973.78637299035
343,11054511.566666666,18951467.771998715,3157555.361334619,10223318.366666667,17567471.48278328,2879165.250550056,11737354.65,20783169.733997315,2691539.5660026837,6678442.2,13875320.415311672,-518436.01531167235,10969938.266666668,18867327.060989693,3072549.4723436413,6678330.266666667,13875222.204044797,-518561.6707114624
344,11300910.0,19444683.262145676,3157136.7378543243,10496232.333333334,18110547.07346925,2881917.5931974147,12150106.95,21380501.006431818,2919712.8935681805,6638499.633333334,13789432.030956935,-512432.76429026853,11220385.266666668,19365246.20257069,3075524.3307626443,6638292.033333333,13789249.890328594,-512665.8236619262
345,12165767.6,21202561.022970535,3128974.1770294644,11306924.7,19716966.67158649,2896882.728413509,12108077.316666666,21316329.878911823,2899824.7544215117,6740073.133333334,14053551.637985751,-573405.3713190844,12080612.533333333,21118980.32810367,3042244.7385629974,6739991.3,14053479.759755887,-573497.1597558865
346,10923454.633333333,18593218.818552285,3253690.4481143784,10133646.683333334,17327704.938532412,2939588.428134256,11022280.516666668,19077135.536806542,2967425.4965267936,6220878.566666666,13382103.593472544,-940346.4601392122,10840757.133333333,18511535.27337999,3169978.9932866786,6220854.5,13382098.375653666,-940389.3756536655
347,10770611.266666668,18567645.3355718,2973577.1977615356,9891809.333333334,17053663.90757352,2729954.759093147,10780047.883333333,18748003.600892175,2812092.1657744907,5944202.066666666,12763033.272714823,-874629.1393814897,10687911.133333333,18486157.56511737,2889664.7015492953,5944148.3,12762993.999001008,-874697.3990010079
348,10777706.033333333,18295811.201154295,3259600.86551237,9992506.633333333,17079420.853260122,2905592.4134065434,11316251.9,19677345.485331763,2955158.314668239,5937727.733333333,12804755.455593342,-929299.9889266752,10696097.0,18216267.668049898,3175926.331950101,5937726.866666666,12804770.491805453,-929316.7584721213
349,11450737.433333334,19794368.512928378,3107106.3537382884,10538984.8,18268480.685745135,2809488.9142548684,11282252.983333332,19601269.61259129,2963236.354075374,5921342.033333333,12710466.240379136,-867782.1737124687,11363947.3,19709298.734987587,3018595.8650124166,5921320.683333334,12710447.356725834,-867805.9900591662
350,12031126.233333332,20839971.381063342,3222281.085603323,11158430.466666667,19418672.227264885,2898188.706068448,11518921.716666667,20036783.28732352,3001060.146009812,6511230.133333334,14002397.112685837,-979936.8460191693,11939687.9,20750954.71623884,3128421.0837611593,6511180.083333333,14002352.818680644,-979992.652013978
351,11419788.566666666,19600673.9075906,3238903.225742732,10629677.966666667,18447721.568091758,2811634.365241574,11291146.016666668,19455304.410189234,3126987.6231440995,6685346.1,14415517.933918294,-1044825.7339182934,11332579.433333334,19515638.284497984,3149520.5821686843,6685361.283333333,14415582.96917671,-1044860.4025100442
352,12513239.6,22058022.525312737,2968456.6746872626,11794604.3,21097366.647145055,2491841.9528549444,12488904.533333333,21987978.168375477,2989830.8982911874,8119189.166666667,17263308.580430087,-1024930.2470967518,12422705.266666668,21970478.1823231,2874932.3510102388,8118997.316666666,17263167.899784032,-1025173.2664506994
353,11866444.9,20779057.02376964,2953832.7762303613,11125702.483333332,19754233.156107586,2497171.810559079,12098951.133333333,21092391.58825133,3105510.6784153357,7214396.566666666,15182034.792309517,-753241.6589761842,11773861.266666668,20688278.88266086,2859443.650672475,7214347.233333333,15182056.925309923,-753362.4586432558
354,11833815.133333333,20485603.118611507,3182027.1480551586,11110743.733333332,19496448.50812576,2725038.958540906,12083089.75,20788772.966765575,3377406.533234423,7367128.266666667,15297403.23841814,-563146.7050848072,11736404.266666668,20389044.05435852,3083764.4789748155,7366556.216666667,15296828.86586268,-563716.432529347
355,12213164.933333334,21207570.031965993,3218759.8347006757,11562905.466666667,20344478.265333585,2781332.667999748,12100172.95,20792177.77953177,3408168.120468229,7587557.233333333,15695869.066573517,-520754.5999068506,12115356.7,21111579.188080437,3119134.211919563,7589667.8,15700894.713980872,-521559.1139808716
356,11091992.5,19157588.623640414,3026396.3763595857,10536624.483333332,18441769.6587348,2631479.3079318684,11643362.55,20126848.916395508,3159876.183604492,7826111.566666666,16185717.162612736,-533494.0292794025,11006152.933333334,19069087.46981791,2943218.396848757,7823828.733333333,16181930.987490427,-534273.52082376
357,11996304.3,20809459.951114353,3183148.6488856487,11451691.166666666,20150346.39094628,2753035.942387052,11587967.433333334,20032012.362841886,3143922.5038247816,8045402.533333333,16636810.043312956,-546004.9766462892,11901381.866666667,20711027.868423443,3091735.864909891,8044722.416666667,16635661.418598678,-546216.5852653449
358,11762864.3,20535207.17435212,2990521.425647881,11230602.633333333,19884406.73717881,2576798.529487854,12093718.483333332,21124803.834966224,3062633.1317004412,7646854.366666666,15940942.783892527,-647234.0505591938,11670795.733333332,20439006.799590807,2902584.6670758575,7647161.283333333,15941915.303319754,-647592.7366530877
359,12998187.566666666,22818097.428864125,3178277.7044692077,12424545.283333333,22068995.287150692,2780095.279515974,11988859.983333332,20973844.049227916,3003875.917438749,8307381.466666667,17280762.37658769,-665999.4432543553,12914699.033333333,22732939.240720995,3096458.82594567,8310387.55,17286863.787687764,-666088.687687763
360,12869356.233333332,22428238.923908144,3310473.5427585226,12242353.683333334,21615666.473991018,2869040.8926756494,12534106.166666666,21827879.572688673,3240332.7606446594,8352644.266666667,17352979.786819216,-647691.2534858836,12783364.8,22339110.78819669,3227618.811803313,8352071.016666667,17351872.578531783,-647730.5451984508
361,13657413.5,23805576.39331978,3509250.606680222,12944847.833333334,22883825.848854523,3005869.8178121448,12543323.75,22039430.65970034,3047216.8402996566,8311676.266666667,17806065.11376647,-1182712.5804331368,13559245.466666667,23703634.947236907,3414855.986096427,8311448.083333333,17805863.353780847,-1182967.187114182
362,12962333.166666666,22304468.280481495,3620198.052851837,12264042.733333332,21356223.362564005,3171862.104102658,11674491.833333334,20210939.527429357,3138044.139237309,7835232.2,16276040.51559969,-605576.1155996891,12863980.633333333,22202080.630240932,3525880.6364257354,7836987.8,16279939.528215982,-605963.9282159815
363,12314648.533333333,21738355.850861635,2890941.2158050314,11682877.683333334,20892190.949558116,2473564.417108549,11404525.083333334,20037860.615956888,2771189.5507097803,7752292.466666667,16628671.962375684,-1124087.0290423501,12214445.366666667,21633673.50073207,2795217.2326012608,7751918.75,16628038.121816419,-1124200.621816419
364,12480508.866666667,22311114.989302326,2649902.7440310083,11839470.233333332,21494136.405480213,2184804.0611864533,12170942.383333333,21626375.518876538,2715509.24779013,7899718.666666667,17067020.594658148,-1267583.2613248145,12382818.233333332,22209922.50907466,2555713.957592005,7902757.05,17072826.897404924,-1267312.7974049235
365,12334713.5,21889641.908470273,2779785.091529725,11676414.7,21083835.82845927,2268993.5715407263,12208163.216666667,21685241.28439621,2731085.1489371266,7745745.233333333,16763728.443228513,-1272237.9765618453,12224827.7,21774085.50565486,2675569.894345138,7749733.05,16772474.685676884,-1273008.5856768833
366,12085356.466666667,21462469.29155933,2708243.6417740043,11485178.116666667,20734230.13858249,2236126.094750842,12142104.883333333,21571336.319059707,2712873.4476069603,7453502.133333334,16230796.808900025,-1323792.5422333581,11978239.266666668,21349916.914802097,2606561.6185312383,7454534.883333334,16232620.181629367,-1323550.4149627006
367,12024342.666666666,21380910.41610527,2667774.91722806,11413032.683333334,20631873.051593103,2194192.3150735665,11883528.033333333,21222609.37125852,2544446.695408147,7536618.766666667,16368957.132678967,-1295719.5993456347,11919799.8,21271487.38951014,2568112.2104898635,7536593.033333333,16368937.014162164,-1295750.9474954978
368,12445371.333333334,22186626.284783818,2704116.381882848,11822281.533333333,21460823.996448085,2183739.0702185836,12398639.066666666,22182716.399046008,2614561.7342873253,8040226.733333333,17338254.54011829,-1257801.0734516224,12342052.033333333,22077960.50425339,2606143.5624132752,8039720.683333334,17337501.932240978,-1258060.5655743126
369,12036744.533333333,21423516.077945985,2649972.9887206815,11421418.366666667,20694461.725799337,2148375.007533999,12074916.05,21636424.58630573,2513407.5136942696,7808418.6,16843373.18117404,-1226535.9811740387,11935886.433333334,21317352.055414215,2554420.8112524543,7808362.666666667,16843315.83030058,-1226590.4969672458
370,11817848.466666667,20801230.684067365,2834466.249265969,11225477.333333334,20107516.929059144,2343437.737607524,12139524.35,21565365.87179753,2713682.8282024693,7570541.166666667,16194219.709321667,-1053137.3759883316,11707311.433333334,20681955.71161873,2732667.155047938,7570105.733333333,16193809.01655322,-1053597.5498865517
371,11454348.733333332,20089108.12122006,2819589.3454466052,10887356.2,19423587.03378231,2351125.366217686,12313565.333333334,21726656.27332072,2900474.3933459464,7132969.133333334,15304089.995850077,-1038151.7291834094,11349055.366666667,19974233.296881728,2723877.4364516046,7132586.416666667,15303800.851383734,-1038628.0180504015
372,12056348.866666667,20899084.29384972,3213613.4394836146,11423204.733333332,20181316.304990888,2665093.1616757773,13078533.016666668,22740664.430294096,3416401.6030392386,7293849.7,15780419.622440677,-1192720.2224406758,11902292.533333333,20735235.626542028,3069349.4401246384,7294431.416666667,15781475.54208897,-1192612.7087556357
373,12252603.633333333,21060320.710830376,3444886.555836292,11592348.266666668,20317984.990251876,2866711.5430814605,13086921.583333334,22582059.557985198,3591783.60868147,7420221.8,15849193.255958714,-1008749.655958713,12095462.2,20893499.89231562,3297424.507684378,7420297.416666667,15849637.27301145,-1009042.4396781148
374,12671651.1,22027977.888358988,3315324.3116410132,11988647.483333332,21256476.56451098,2720818.4021556843,13403239.133333333,23280891.98148264,3525586.285184024,7920857.433333334,16991473.173142463,-1149758.306475794,12530361.566666666,21876806.65398294,3183916.479350392,7920854.666666667,16991491.78847469,-1149782.4551413571
375,11261783.166666666,19879192.68806202,2644373.6452713143,10559922.433333334,19065971.88063212,2053872.986034546,12088764.883333333,21335689.943955086,2841839.8227115795,6549817.533333333,14833151.119668119,-1733516.0530014532,11105274.133333333,19707247.546503842,2503300.720162822,6549820.983333333,14833166.601577044,-1733524.6349103767
376,11610117.4,20367231.874488004,2853002.925511999,10842157.716666667,19473626.234163582,2210689.199169753,12278608.116666667,21564807.993473135,2992408.2398602013,6827475.133333334,15267650.462600578,-1612700.195933911,11462826.233333332,20208214.170587517,2717438.2960791495,6827442.3,15267628.395722814,-1612743.7957228152
377,10988983.866666667,18561589.446017705,3416378.2873156285,10240774.733333332,17653851.689585656,2827697.777081011,11282644.8,19286242.07641374,3279047.523586261,5966905.3,12962080.148527239,-1028269.548527238,10832322.733333332,18392155.318971694,3272490.1476949723,5966471.816666666,12961695.453722406,-1028751.8203890733
378,11085187.666666666,18964300.958665565,3206074.3746677665,10338778.6,18060961.29808149,2616595.901918508,11770849.65,20209070.03686176,3332629.263138242,6192032.3,13636681.680678934,-1252617.0806789333,10922458.666666666,18788669.833087623,3056247.500245707,6192015.583333333,13636667.07759118,-1252635.9109245138
379,11532785.066666666,19509629.86877971,3555940.2645536233,10778840.25,18606310.470837913,2951370.0291620856,12091501.566666666,20500240.135773197,3682762.997560136,6635190.6,14239827.809372045,-969446.6093720468,11373430.633333333,19339684.88862759,3407176.378039077,6635176.616666666,14239815.44217597,-969462.208842638
380,11692106.4,19786194.30813002,3598018.4918699833,10978398.966666667,18932257.55225539,3024540.381077946,12331008.683333334,20883750.59200994,3778266.774656726,6605076.966666667,14265059.11812491,-1054905.184791577,11518076.8,19601296.01823417,3434857.5817658296,6605023.15,14265011.447304467,-1054965.147304466
381,11338613.2,18656549.710878678,4020676.689121322,10615042.933333334,17733211.025093287,3496874.841573382,11881523.383333333,19606694.44115919,4156352.325507475,6026663.6,12680691.760936458,-627364.5609364593,11168195.533333333,18471051.312797986,3865339.7538686804,6026637.65,12680668.923793074,-627393.6237930721
382,10168490.366666667,17201387.652908072,3135593.0804252643,9421803.383333333,16251159.40146615,2592447.365200517,10833417.766666668,18421564.927557327,3245270.6057760064,4842291.633333334,11136792.120416585,-1452208.8537499188,9984118.0,16992166.500083577,2976069.499916422,4842229.85,11136736.62855672,-1452276.9285567217
383,10343941.0,17611880.163034927,3076001.836965073,9572646.766666668,16594988.102886302,2550305.4304470327,10810652.95,18451354.64608863,3169951.2539113695,4953558.533333333,11368754.85482081,-1461637.788154143,10164426.2,17406862.789632354,2921989.6103676436,4953534.0,11368732.812496077,-1461664.8124960773
384,10219261.033333333,17391660.72727678,3046861.3393898867,9430101.583333334,16360502.339428935,2499700.827237732,10975635.15,18610476.251468193,3340794.048531809,4880435.2,11206656.611190803,-1445786.211190803,10036318.7,17176521.837941356,2896115.5620586416,4880362.933333334,11206565.315234939,-1445839.4485682715
385,10491091.366666667,18022481.358044036,2959701.3752892986,9602418.216666667,16724487.757180024,2480348.6761533087,11301338.8,19610556.2764866,2992121.3235134,4675337.6,10779667.942096617,-1428992.7420966187,10321482.666666666,17831911.708255455,2811053.6250778763,4675272.15,10779604.536992377,-1429060.236992376
386,9829496.766666668,16886034.684500083,2772958.8488332527,9099225.266666668,15933603.83926539,2264846.6940679457,10362426.5,17863313.19521647,2861539.8047835315,4658191.966666667,10771402.798752155,-1455018.8654188216,9680235.766666668,16715176.91285637,2645294.620476964,4658190.283333333,10771413.024896294,-1455032.4582296275
387,9500397.4,16179324.893732289,2821469.906267712,8740050.883333333,15154716.439558748,2325385.3271079175,10163891.25,17453091.9177465,2874690.5822535018,4400959.4,10133141.998091895,-1331223.1980918944,9348934.533333333,16000917.355379295,2696951.7112873727,4400914.933333334,10133129.293241948,-1331299.4265752798
388,9953001.433333334,16946013.16007652,2959989.706590144,9131052.716666667,15832942.199362438,2429163.2339708945,10504777.333333334,18031569.17597151,2977985.490695155,4678553.166666667,10794191.277810872,-1437084.9444775376,9779710.4,16738954.672054283,2820466.1279457165,4675007.083333333,10790981.332581148,-1440967.1659144824
389,10056720.3,17297071.020208087,2816369.5797919156,9302442.733333332,16293336.27720581,2311549.189460854,10486743.283333333,18182536.686770365,2790949.8798963036,4866286.433333334,11283260.853735872,-1550687.9870692035,9894945.166666666,17106371.720939003,2683518.6123943273,4866253.65,11283231.362127252,-1550724.0621272502
390,9592556.2,16689971.019497667,2495141.380502333,8944410.583333334,15846205.535061084,2042615.6316055832,9986014.233333332,17636908.525485255,2335119.941181411,4841706.433333334,11225605.217474397,-1542192.350807731,9460512.166666666,16530130.952561349,2390893.3807719843,4841693.366666666,11225593.463355878,-1542206.730022546
391,9686661.133333333,16837256.991210934,2536065.275455731,8994120.433333334,15933150.142626744,2055090.7240399243,9896125.016666668,17466119.58068101,2326130.452652326,4879457.433333334,11296791.039158605,-1537876.172491937,9547862.866666667,16670863.50944858,2424862.223884753,4879431.216666667,11296767.462297434,-1537905.0289641004
392,10299581.033333333,18153201.173159223,2445960.8935074424,9621060.833333334,17297404.999668535,1944716.666998134,10646231.083333334,18994598.168392587,2297863.9982740805,5389837.866666666,12648791.345031243,-1869115.6116979113,10152065.933333334,17984601.81987602,2319530.046790649,5389823.8,12648778.66176988,-1869131.0617698804
393,11122853.233333332,20217108.436729982,2028598.0299366843,10431296.033333333,19379532.80176989,1483059.2648967765,11547564.733333332,21125702.554072827,1969426.912593836,6202290.466666667,14835385.020182004,-2430804.0868486706,10986006.533333333,20062057.843938924,1909955.222727742,6202255.783333333,14835353.63699275,-2430842.0703260843
394,10808876.3,19841363.242121797,1776389.3578782044,10194150.883333333,19093051.562932305,1295250.2037343625,10994410.35,20369866.814194925,1618953.8858050741,6227184.3,14860171.401469804,-2405802.801469804,10728276.4,19747087.04379233,1709465.7562076729,6227148.383333334,14860138.912582237,-2405842.145915569
395,10752899.833333334,19777448.816186637,1728350.8504800294,10154002.3,19046113.659300514,1261890.940699488,10813155.366666667,20101366.35146226,1524944.3818710726,6238627.733333333,14871675.21336323,-2394419.7466965644,10671252.5,19685817.577381484,1656687.4226185177,6238595.85,14871646.381357722,-2394454.6813577227
396,10255926.166666666,18538433.978187554,1973418.3551457785,9673723.816666666,17815423.883525286,1532023.749808046,10436601.033333333,19100600.88083423,1772601.1858324371,5652636.233333333,13344519.469649838,-2039247.0029831715,10176965.0,18447327.408631317,1906602.5913686827,5652364.666666667,13344274.283915777,-2039544.9505824437
397,9986924.433333334,17438569.49281828,2535279.373848385,9378233.566666666,16670027.945995223,2086439.187338111,10543366.233333332,18607070.47716222,2479661.9895044463,5182291.266666667,11970279.173823666,-1605696.6404903326,9894142.8,17334154.03920468,2454131.560795321,5182283.333333333,11970272.047266405,-1605705.380599738
398,10073338.6,17515873.715543807,2630803.4844561927,9441615.8,16721485.986782037,2161745.613217964,10439213.466666667,18294255.219797697,2584171.7135356367,5221203.166666667,12081375.67567505,-1638969.3423417164,9970482.766666668,17399314.530199274,2541651.0031340625,5221166.166666667,12081342.405263219,-1639010.0719298841
399,8369923.833333333,13932492.261295648,2807355.4053710178,7694204.566666666,12965032.462509532,2423376.6708238004,8588034.9,14781093.389405992,2394976.410594008,3518319.8,8089958.335412924,-1053318.7354129246,8271587.866666666,13808581.560470307,2734594.172863025,3518292.65,8089933.952519236,-1053348.6525192359
400,8746973.6,14512858.627036296,2981088.5729637034,8161814.733333333,13700859.50486514,2622769.961801526,8996403.033333333,15374937.496358145,2617868.5703085205,3942147.1,8850609.29555773,-966315.0955577292,8648351.933333334,14387080.671757173,2909623.1949094944,3942102.9166666665,8850569.81069524,-966363.9773619068
401,8754462.066666666,15013066.672615198,2495857.4607181344,8216764.383333334,14282260.293398399,2151268.4732682677,9248709.133333333,16363995.504108611,2133422.7625580532,4184793.966666667,9607220.072166024,-1237632.1388326902,8664771.4,14903313.271407058,2426229.5285929423,4183858.283333333,9606378.626840938,-1238662.0601742705
402,8463871.433333334,14320223.01965155,2607519.8470151154,7913861.416666667,13564064.942479888,2263657.890853446,8676758.45,15118286.21669401,2235230.683305988,3830163.2333333334,8710655.88122562,-1050329.4145589517,8371037.766666667,14205139.582351727,2536935.950981606,3830079.8666666667,8710581.173803965,-1050421.4404706308
403,9336243.5,16203793.234555386,2468693.765444615,8752187.566666666,15430351.205061916,2074023.9282714156,9297431.966666667,16544384.321082266,2050479.6122510675,4525969.566666666,10552428.801793126,-1500489.6684597936,9232037.766666668,16080456.829074357,2383618.7042589793,4525496.466666667,10552002.402596388,-1501009.4692630554
404,9124048.933333334,15577423.61013963,2670674.2565270374,8507840.733333332,14727890.224609915,2287791.242056749,9094583.866666667,15962946.853359655,2226220.87997368,4200159.433333334,9766259.66353222,-1365940.7968655527,9025983.2,15458210.580569271,2593755.8194307284,4200143.033333333,9766244.902770467,-1365958.8361037998
405,9006666.233333332,15099769.33520811,2913563.1314585535,8401726.583333334,14244338.693700232,2559114.4729664354,8390243.233333332,14551133.67623943,2229352.790427235,3831667.8,8589811.98093279,-926476.3809327921,8910828.9,14977096.78727455,2844561.01272545,3831656.283333333,8589809.163846962,-926496.5971802957
406,9074895.666666666,15189725.58698193,2960065.7463514013,8422020.033333333,14205944.4194763,2638095.647190365,8171100.616666666,14151344.378233131,2190856.8551002005,3702990.8,8392886.296751976,-986904.6967519755,8975352.233333332,15057074.470425457,2893629.9962412072,3702972.5,8392869.89366487,-986924.8936648704
407,10108663.9,16737799.185975224,3479528.614024776,9373541.916666666,15608596.619130883,3138487.2142024497,9041543.916666666,15357807.741035538,2725280.0922977943,4214719.633333334,9153207.210057683,-723767.9433910158,9991139.133333333,16577537.85737976,3404740.409286905,4214650.983333333,9153154.95851874,-723852.9918520721
408,9735221.733333332,16361889.548616217,3108553.9180504475,8926889.316666666,15111570.593559679,2742208.039773655,8488084.016666668,14623049.902031,2353118.1313023344,3889994.6666666665,9154494.891979642,-1374505.5586463087,9622777.833333334,16210156.230709953,3035399.4359567147,3889941.2333333334,9154458.559398912,-1374576.092732245
409,10615344.566666666,17623146.622317914,3607542.511015418,9774610.233333332,16353345.520926215,3195874.9457404492,9916753.9,16718854.238762379,3114653.561237623,4774027.3,10435321.208880186,-887266.6088801874,10503078.933333334,17478562.78673887,3527595.0799277993,4773957.1,10435258.844769873,-887344.6447698744
410,10891412.466666667,18101791.005119752,3681033.9282135805,10082244.866666667,16883099.30928424,3281390.4240490925,9823196.866666667,16693261.365511257,2953132.367822077,4880400.933333334,10899173.918763515,-1138372.0520968465,10769047.933333334,17937409.938176412,3600685.928490256,4880072.066666666,10898880.320070121,-1138736.1867367877
411,11760121.233333332,19827538.904891517,3692703.561775147,10889208.583333334,18529690.35282162,3248726.8138450505,10712314.4,18477322.19262416,2947306.6073758425,5596009.6,12801430.944874622,-1609411.7448746236,11635909.333333334,19659555.32724028,3612263.339426388,5595995.1,12801417.952330658,-1609427.752330659
412,10276848.3,17042561.299755458,3511135.300244543,9412920.15,15640839.045952264,3185001.2540477356,9228721.7,15612399.261409342,2845044.138590657,4831730.933333334,10743712.087927097,-1080250.2212604303,10167384.1,16893061.35503379,3441706.8449662114,4831674.666666667,10743661.90935329,-1080312.5760199558
413,10540151.733333332,17500621.62478844,3579681.8418782232,9630392.033333333,15971243.633838655,3289540.432828011,9553708.7,16100402.039120145,3007015.3608798534,4734914.6,10289322.996793848,-819493.7967938473,10431796.566666666,17356304.916616693,3507288.216716638,4717569.866666666,10273396.180109784,-838256.4467764506
414,11213831.866666667,18781000.28473169,3646663.4486016436,10282195.733333332,17227333.007016126,3337058.45965054,10425840.216666667,17701234.670736786,3150445.7625965485,5168804.733333333,11290121.584898815,-952512.1182321468,11111279.7,18651806.66961334,3570752.7303866595,5168670.05,11290001.826240633,-952661.7262406321
415,12097483.033333333,20411006.885697722,3783959.180968946,11147149.6,18978593.564375408,3315705.6356245894,11604692.633333333,19863186.04530988,3346199.221356785,5670801.7,13037203.948043086,-1695600.5480430862,11992095.633333333,20278471.101940557,3705720.1647261083,5670761.616666666,13037167.845206745,-1695644.6118734125
416,13265204.666666666,22709034.352006633,3821374.9813266993,12274264.75,21254477.832610518,3294051.6673894804,12543227.266666668,21783496.869078055,3302957.664255282,6472048.333333333,14450748.978316339,-1506652.3116496727,13156261.0,22573850.495012447,3738671.5049875528,6471988.116666666,14450695.10712261,-1506718.873789277
417,12457530.133333333,21135938.56635414,3779121.700312527,11551338.633333333,19904460.870151963,3198216.3965147026,12113426.85,20809170.50993281,3417683.190067189,6491149.533333333,14254226.655040354,-1271927.5883736862,12345209.566666666,20993540.378732752,3696878.754600581,6490152.15,14253338.504584711,-1273034.2045847112
418,12291640.8,20778002.319354195,3805279.2806458063,11425360.05,19599754.39423996,3250965.705760042,11940684.866666667,20411728.415850982,3469641.3174823504,6394496.133333334,14016391.99757811,-1227399.730911443,12177773.033333333,20630932.429440107,3724613.637226559,6394456.15,14016356.380538393,-1227444.080538393
419,11639559.4,19781837.842394833,3497280.957605169,10772664.783333333,18586343.15365637,2958986.4130102936,11299297.816666666,19464057.32125297,3134538.3120803637,5772043.8,13033091.026243713,-1489003.4262437131,11528709.2,19638926.141001314,3418492.2589986864,5771897.2,13032959.568563942,-1489165.1685639406
420,10946071.933333334,18016696.750634424,3875447.1160322437,10081206.25,16749886.440344132,3412526.0596558675,10582857.816666666,17683529.499777086,3482186.1335562468,5993044.9,13168238.435026227,-1182148.6350262258,10831029.166666666,17860853.82573207,3801204.507601262,5992042.0,13167344.38731134,-1183260.3873113403
421,11254993.666666666,18660872.695278622,3849114.6380547117,10388349.25,17417747.91565719,3358950.5843428113,10913351.15,18373793.933273755,3452908.3667262476,6091024.9,13281436.108460605,-1099386.3084606044,11130781.7,18489636.929081194,3771926.4709188053,6090987.766666667,13281400.457816377,-1099424.9244830431
422,10964888.166666666,18456991.003414277,3472785.329919055,10074533.85,17179406.385368135,2969661.3146318644,10574720.333333334,18098725.0627781,3050715.6038885685,4627223.2,9968516.032127095,-714069.632127095,10836934.0,18282241.04330875,3391626.9566912483,4626799.983333333,9968138.10985906,-714538.1431923946
423,11080130.966666667,18769724.63054184,3390537.302791495,10189645.116666667,17506042.59588644,2873247.6374468943,10723705.3,18422406.322201468,3025004.2777985325,4245884.2,8755687.270883173,-263918.87088317145,10949300.133333333,18591492.784565505,3307107.48210116,4245820.316666666,8755631.353437493,-263990.7201041598
424,10804880.366666667,17914870.559113406,3694890.1742199296,9871108.55,16605389.211081432,3136827.8889185693,10341617.216666667,17431523.05996962,3251711.3733637165,3990918.5,8123891.589693108,-142054.58969310764,10639591.633333333,17701808.222585276,3577375.0440813918,3990725.6666666665,8123723.395153716,-142272.06182038272
425,11733050.2,19510498.658550058,3955601.741449941,10747865.633333333,18085886.672253765,3409844.5944129005,11263256.733333332,18963138.116658136,3563375.3500085296,4283988.266666667,8910389.031400869,-342412.49806753546,11564499.266666668,19293690.720860727,3835307.812472607,4283948.05,8910353.747574374,-342457.6475743735
426,11420152.966666667,18814537.75036022,4025768.182973115,10397320.916666666,17265406.941983026,3529234.8913503056,10923724.916666666,18123705.126240358,3723744.707092976,4108923.533333333,8461905.095755432,-244058.0290887663,11232972.566666666,18552828.65404945,3913116.4792838823,4108902.6166666667,8461886.795750087,-244081.5624167542
427,11001388.666666666,17802361.73744036,4200415.595892972,9970959.35,16162273.231540557,3779645.468459443,10314716.216666667,16909208.42440658,3720224.008926754,4075401.2333333334,8377814.705777041,-227012.2391103739,10799198.966666667,17511183.38710186,4087214.5462314766,4075360.2,8377778.818131208,-227058.41813120805
428,10771427.833333334,17285071.94823365,4257783.71843302,9733385.75,15621582.38089161,3845189.11910839,10135728.383333333,16449498.860692382,3821957.905974284,4060053.1333333333,8300016.645810375,-179910.37914370885,10577851.666666666,17010913.024807528,4144790.3085258054,4060022.3,8299989.748554331,-179945.14855433162
429,11343975.566666666,18207656.703664884,4480294.429668448,10220709.4,16436368.482906548,4005050.3170934524,10449550.966666667,16934746.100072928,3964355.833260405,4482057.166666667,9470075.098374192,-505960.7650408577,11122188.6,17875380.906869523,4368996.293130477,4482040.366666666,9470060.297848893,-505979.56451556087
430,10724129.4,17272963.968056694,4175294.831943307,9568206.9,15400832.050074989,3735581.749925012,10221119.183333334,16496219.620537328,3946018.7461293396,4519235.666666667,9573916.90263867,-535445.5693053361,10511648.0,16950653.17419342,4072642.8258065786,4519211.883333334,9573895.935751028,-535472.1690843608
431,11099111.8,17941350.36944305,4256873.230556951,9908650.85,16035455.590754826,3781846.1092451736,10317323.083333334,16707779.836690754,3926866.329975915,4915921.333333333,10596175.972983511,-764333.3063168451,10871015.733333332,17588684.029395137,4153347.437271529,4915899.466666667,10596156.592196712,-764357.6588633787
432,11258417.1,18107381.95688104,4409452.24311896,10107563.133333333,16229158.134183317,3985968.1324833473,10188202.933333334,16474936.863946501,3901469.002720167,4820479.966666667,10244039.769029789,-603079.8356964542,11061247.333333334,17776769.25296241,4345725.413704258,4820469.933333334,10244030.916598894,-603091.0499322265
433,11559160.966666667,18886754.27418598,4231567.659147352,10315526.083333334,16715243.294750772,3915808.8719158964,10416153.166666666,16971190.26048646,3861116.072846871,4471160.233333333,9337131.751916183,-394811.28524951637,11394811.233333332,18639742.076329913,4149880.390336752,4471081.9,9337062.949245019,-394899.14924501814
434,11641029.933333334,18900433.909270186,4381625.957396482,10335398.75,16604079.94289692,4066717.5571030807,10293668.133333333,16744158.766283007,3843177.5003836583,4599062.233333333,9608444.188499767,-410319.7218330996,11484133.566666666,18664039.526030518,4304227.607302816,4598570.366666666,9608011.749815665,-410871.0164823318
435,12004031.5,19329481.77265292,4678581.227347079,10785425.35,17295483.454406492,4275367.245593506,10581660.05,17072100.217126083,4091219.88287392,4728440.333333333,9653164.79294082,-196284.1262741536,11808617.4,19058864.334860787,4558370.465139215,4728428.483333333,9653154.449420363,-196297.48275369685
436,11547728.3,18554842.932155468,4540613.667844532,10326991.35,16509270.728993703,4144711.9710062966,9879103.8,15894563.593528971,3863644.0064710304,4222715.3,8581988.202444833,-136557.60244483408,11351383.866666667,18280621.641608655,4422146.091724681,4222710.383333334,8581983.916106706,-136563.14944003895
437,12421924.833333334,19913981.841870323,4929867.824796347,11237734.116666667,18024014.50636902,4451453.726964313,10651190.15,17196281.90650908,4106098.393490921,5186875.233333333,10833350.368610289,-459599.9019436231,12228093.4,19658860.60101418,4797326.198985823,5186864.35,10833340.808978166,-459612.1089781672
438,12531524.933333334,20190463.11790165,4872586.748765017,11428065.266666668,18441941.509117898,4414189.024215438,10731812.133333333,17487087.412023116,3976536.8546435507,5073686.6,10833085.313275125,-685712.1132751266,12348060.8,19959392.631346516,4736728.968653485,5073679.4,10833078.952657793,-685720.152657791
439,12641461.066666666,20233033.351178855,5049888.78215448,11541001.566666666,18533011.783854276,4548991.349479056,10976808.416666666,17829304.457525,4124312.375808332,5142109.866666666,10687234.963883571,-403015.23055023793,12462633.666666666,20007426.236390054,4917841.096943276,5142105.25,10687230.907432519,-403020.4074325189
440,12334282.566666666,19374356.203177013,5294208.930156321,11265174.533333333,17834773.011071634,4695576.055595033,10781759.016666668,17299902.39980179,4263615.633531546,5174519.766666667,10761999.146245902,-412959.6129125692,12146968.966666667,19127865.73178526,5166072.201548072,5174510.833333333,10761991.29878682,-412969.6321201548
441,12558724.2,19940731.53401593,5176716.865984065,11483670.783333333,18398543.415386237,4568798.151280431,11149819.566666666,17933220.32647769,4366418.806855642,5411723.266666667,11386883.315468928,-563436.7821355946,12359544.8,19664682.462604027,5054407.137395973,5411718.116666666,11386878.773309879,-563442.5399765456
442,12813193.066666666,20591058.0513189,5035328.082014436,11664784.533333333,18960097.160129864,4369471.906536804,11311549.683333334,18553620.2729603,4069479.0937063647,5336007.8,11645118.33831677,-973102.7383167706,12606167.066666666,20304596.64762863,4907737.4857047,5335891.25,11645014.819028769,-973232.3190287696
443,14011800.466666667,22632826.277256783,5390774.6560765505,12842916.283333333,20895855.549094655,4789977.01757201,12290244.966666667,20131568.124721214,4448921.808612121,5675298.8,12094116.505431501,-743518.9054315016,13782525.366666667,22313190.536520973,5251860.196812363,5675102.716666667,12093943.348133344,-743737.9148000097
444,14722360.833333334,24128037.105412476,5316684.561254192,13534038.716666667,22374511.3905143,4693566.042819032,13026532.983333332,21684387.03350586,4368678.933160804,6161880.333333333,13416035.979532544,-1092275.3128658766,14455341.033333333,23739372.351464037,5171309.71520263,6161677.433333334,13415855.869953416,-1092501.00328675
445,15007942.5,24770835.916570842,5245049.08342916,13825468.416666666,23057705.40801465,4593231.425318681,13348696.733333332,22440069.433697592,4257324.032969072,6506453.733333333,14428752.985840173,-1415845.5191735066,14734997.666666666,24386059.135481864,5083936.197851468,6505088.8,14427534.625896228,-1417357.0258962288
446,14752139.4,24149024.927729893,5355253.872270107,13462981.716666667,22243020.391655255,4682943.0416780785,13154683.65,21820995.704225898,4488371.595774103,6137895.033333333,13413513.559814125,-1137723.4931474598,14473635.466666667,23744719.166136242,5202551.767197093,6137697.85,13413338.385112256,-1137942.6851122556
447,14834572.2,24676524.328901436,4992620.071098562,13673195.983333332,22977130.637611322,4369261.329055343,13608199.916666666,22844353.831000645,4372046.002332687,6506391.733333333,14440661.339089293,-1427877.8724226262,14561886.533333333,24290407.395214137,4833365.67145253,6506296.266666667,14440576.237919156,-1427983.7045858232
448,14975563.833333334,24908347.067873076,5042780.598793594,13709972.933333334,22911677.38886828,4508268.477798386,13755789.216666667,22884853.162206892,4626725.271126442,6222945.466666667,13649454.668523178,-1203563.735189843,14731037.333333334,24562422.900293708,4899651.766372958,6222635.3,13649178.844100976,-1203908.2441009767
449,14474926.166666666,24210604.195371676,4739248.137961656,13189100.916666666,22171659.953122318,4206541.880211014,13374134.65,22353512.234723963,4394757.06527604,5706154.5,12850935.0564018,-1438626.0564018004,14244271.233333332,23890675.67968564,4597866.786981024,5705957.883333334,12850759.22046243,-1438843.4537957627
450,14013872.466666667,23658679.96562056,4369064.967712775,12888812.2,21934453.946763925,3843170.453236075,12871001.25,21825186.525247768,3916815.9747522306,5635892.766666667,12657205.223486623,-1385419.6901532896,13795764.233333332,23357029.822939623,4234498.643727042,5635789.466666667,12657112.901545744,-1385533.9682124099
451,14890013.3,24967039.96558366,4812986.634416344,13677980.966666667,23123094.861628372,4232867.071704961,13247829.916666666,22500242.80725891,3995417.0260744225,5891999.5,13445299.367250737,-1661300.3672507377,14619409.433333334,24589648.226890795,4649170.639775874,5889662.916666667,13443197.529576842,-1663871.6962435087
452,15168432.533333333,26144062.38421393,4192802.6824527346,14029719.816666666,24458969.12424392,3600470.509089414,13763472.25,23987256.426187497,3539688.0738125034,6470640.9,15109532.269105347,-2168250.469105346,15003829.333333334,25919694.589177597,4087964.0774890706,6470576.0,15109473.805139318,-2168321.805139318
453,16021131.2,28180739.688449048,3861522.711550951,14969175.483333332,26714212.1250374,3224138.8416292667,14803847.633333333,26410442.31984769,3197252.946818974,7203992.266666667,17280232.644053623,-2872248.110720291,15783628.533333333,27858716.332990363,3708540.7336763013,7203923.583333333,17280161.3682603,-2872314.2015936347
454,15870719.333333334,27959448.02129244,3781990.6453742255,14894557.933333334,26614828.346214477,3174287.52045219,14562608.7,26095521.50284251,3029695.8971574903,6996241.8,16957210.11176941,-2964726.511769411,15752198.7,27808499.32440529,3695898.0755947083,6996127.933333334,16957101.6620695,-2964845.795402834
455,16201943.833333334,27754326.82918541,4649560.837481257,15147237.716666667,26425163.006591216,3869312.4267421197,14379658.5,25467148.505147796,3292168.494852204,6695359.066666666,16305737.79569641,-2915019.6623630766,16121969.366666667,27680167.659718454,4563771.073614882,6695213.366666666,16305602.5673481,-2915175.834014767
456,16466913.833333334,28134617.368413456,4799210.298253212,15448879.183333334,26854602.046964116,4043156.319702551,14682198.466666667,25934627.198482297,3429769.734851038,7207526.433333334,16997395.759295367,-2582342.8926286977,16404355.733333332,28074079.247937694,4734632.218728971,7207464.75,16997338.164385054,-2582408.6643850543
457,15743747.033333333,27087154.445726484,4400339.620940184,14715873.383333333,25776944.80923406,3654801.9574326053,14609969.233333332,25550460.17286469,3669478.2938019764,6489516.2,15816019.024119582,-2836986.6241195826,15681597.466666667,27025398.361745782,4337796.571587553,6489476.85,15815981.132648572,-2837027.432648573
458,15227229.433333334,25936940.236864977,4517518.629801689,14235792.416666666,24665918.716030374,3805666.117302956,14512248.833333334,24884971.67682997,4139525.9898366947,6050843.1,14690051.370224623,-2588365.1702246238,15129921.633333333,25828664.500726584,4431178.765940081,6049095.616666666,14688461.598205265,-2590270.364871933
459,14777637.833333334,25107830.685219347,4447444.981447322,13859926.733333332,23912837.82915129,3807015.6375153735,14096053.883333333,24108449.997092098,4083657.7695745695,5730779.1,13890032.222413607,-2428474.0224136077,14641546.9,24951084.061485767,4332009.738514235,5730523.866666666,13889799.886855967,-2428752.153522636
460,13805869.566666666,23248294.070784308,4363445.062549025,12842337.983333332,21901609.90964524,3783066.057021424,12846457.483333332,21775203.222417727,3917711.744248938,5099018.966666667,12058301.066314528,-1860263.1329811942,13648827.1,23050508.579582024,4247145.620417975,5098800.516666667,12058102.841366066,-1860501.8080327325
461,13893680.9,22396762.1302243,5390599.669775702,12986996.666666666,21154121.939491026,4819871.393842308,12964304.95,21007563.705100246,4921046.194899752,5264390.2,11721328.757989813,-1192548.3579898123,13648092.4,22084404.456504114,5211780.343495885,5264164.133333334,11721126.358172104,-1192798.0915054353
462,14426131.566666666,23259827.95027051,5592435.18306282,13529516.5,22050921.89686776,5008111.1031322405,12967238.1,21263234.465175327,4671241.734824673,5560424.966666667,12435487.860667933,-1314637.9273345983,14200843.2,22977082.14329502,5424604.2567049805,5560293.083333333,12435369.324441824,-1314783.157775159
463,15248090.933333334,24479264.396745592,6016917.469921075,14410033.416666666,23370928.751464315,5449138.081869019,13632715.35,22322261.82322044,4943168.87677956,5816000.3,13164850.761943478,-1532850.1619434785,15038283.233333332,24215911.8182929,5860654.648373764,5815977.633333334,13164829.970320009,-1532874.703653342
464,14618948.9,24521503.745349046,4716394.054650955,13784766.083333334,23422376.404033273,4147155.7626333944,12951119.533333333,22371873.162026607,3530365.904640058,5677864.066666666,13727918.107453901,-2372189.9741205694,14378348.233333332,24222122.396232896,4534574.070433771,5673834.416666667,13724271.518449958,-2376602.6851166235
465,13934202.2,22570506.85677457,5297897.54322543,13087529.25,21417252.72902307,4757805.77097693,12364180.083333334,20431865.177645203,4296494.989021465,4994423.966666667,11579952.561519828,-1591104.628186494,13676937.4,22241508.4996551,5112366.300344899,4994415.583333333,11579978.582109913,-1591147.4154432472
466,13654361.066666666,22066781.4256262,5241940.707707133,12850830.116666667,20981423.758379336,4720236.474953999,12020309.233333332,19887597.2730581,4153021.1936085653,4876360.533333333,11218308.5553293,-1465587.488662635,13426249.833333334,21782415.225953206,5070084.440713461,4876320.166666667,11218271.546074614,-1465631.21274128
467,14336675.0,23814590.056493927,4858759.943506073,13531128.016666668,22739950.3699948,4322305.6633385345,12830778.833333334,21840943.15885304,3820614.5078136306,5310916.4,12833701.219863243,-2211868.4198632427,14195793.266666668,23645645.27516959,4745941.258163745,5310872.2,12833675.198340684,-2211930.798340684
468,12962933.766666668,21036590.376724586,4889277.156608747,12184536.2,19941790.235802725,4427282.164197273,11742714.85,19327044.020574965,4158385.679425033,4186332.0,9813435.21499453,-1440771.2149945293,12848730.066666666,20898136.918725185,4799323.214608148,4184700.283333333,9811968.796119086,-1442568.229452419
469,13179219.366666667,21189868.121276494,5168570.612056841,12374071.416666666,20043854.114850514,4704288.7184828175,11625951.666666666,19048933.44988104,4202969.8834522925,4127003.033333333,9637876.517253384,-1383870.4505867166,13085253.633333333,21090741.818768695,5079765.447897971,4126713.1666666665,9637622.070166545,-1384195.7368332124
470,12165841.166666666,19632168.248384725,4699514.084948607,11379461.6,18447202.656014033,4311720.543985967,10959527.433333334,17789683.435617115,4129371.431049551,3485278.6333333333,8334601.981398411,-1364044.714731745,11996789.166666666,19407446.65498423,4586131.678349104,3482826.966666667,8332371.915878314,-1366717.98254498
471,11413600.966666667,18822040.792711873,4005161.140621462,10625203.3,17620249.791387245,3630156.8086127583,10607886.283333333,17451247.894317426,3764524.672349239,3545509.7333333334,8377707.452176023,-1286687.9855093565,11253029.566666666,18599715.27459231,3906343.8587410226,3542801.8333333335,8375248.597516183,-1289644.9308495163
472,11697017.1,19069146.146464135,4324888.053535864,10929494.183333334,17929000.7798423,3929987.5868243678,10745821.8,17555705.525124148,3935938.074875854,3784697.433333333,8695506.932785142,-1126112.0661184755,11581881.9,18911994.62452335,4251769.1754766535,3784397.4,8695233.224678315,-1126438.424678315
473,11499136.866666667,18633353.09377615,4364920.639557181,10720776.65,17432116.766287874,4009436.5337121272,10757820.75,17319757.64153588,4195883.858464122,3341199.8666666667,7540519.528755382,-858119.7954220488,11321680.8,18376029.432427205,4267332.167572795,3341079.05,7540408.207034579,-858250.1070345789
474,12563629.366666667,20548291.54308688,4578967.190246455,11705462.716666667,19135885.88732966,4275039.546003671,11814792.85,19158064.31861937,4471521.381380629,3271795.2666666666,6979719.214381411,-436128.68104807753,12417053.166666666,20338604.517633725,4495501.815699607,3269963.0833333335,6978082.193494722,-438156.0268280548
475,13132010.533333333,21452632.079226002,4811388.987440664,12278029.516666668,20061852.903391514,4494206.129941822,12390751.316666666,20044822.807062343,4736679.826270989,3978757.066666667,8235074.778906865,-277560.64557353174,13017404.533333333,21287834.786022574,4746974.280644093,3978390.566666667,8234746.747782275,-277965.61444894085
476,13285059.633333333,21492530.851171102,5077588.415495564,12427201.783333333,20119938.586332053,4734464.980334613,12614690.733333332,20146221.098000765,5083160.368665898,4240769.233333333,8543555.160602454,-62016.69393578824,13263784.2,21469485.77758638,5058082.622413622,4240721.166666667,8543513.249471929,-62070.91613859497
477,13380922.633333333,21750295.24348281,5011550.023183856,12539885.633333333,20436880.718796276,4642890.547870391,12789932.883333333,20570478.843755882,5009386.922910783,4382339.466666667,8932932.458896663,-168253.52556332853,13323384.866666667,21672343.226794176,4974426.5065391585,4382299.15,8932897.255177159,-168298.9551771572
478,13639371.433333334,22757933.44401432,4520809.422652349,12841572.433333334,21492197.826878175,4190947.039788494,13194984.866666667,21758145.21084261,4631824.522490723,3989892.933333333,7924994.474706674,54791.39195999177,13616740.066666666,22731653.677861292,4501826.455472041,3989867.966666667,7924972.848415121,54763.084918212146
479,13996351.166666666,23120496.026263945,4872206.307069387,13194203.333333334,21877987.842664063,4510418.824002605,13133717.0,21672252.60029222,4595181.399707781,4061563.2333333334,7853244.647134797,269881.8195318701,13964714.066666666,23081284.83035013,4848143.302983204,4061534.533333333,7853220.005642332,269849.0610243338
480,13301654.4,22213443.69289459,4389865.107105412,12524171.516666668,21012630.547483508,4035712.4858498275,12417776.2,20740455.2699783,4095097.130021697,3315095.7666666666,6278236.355448186,351955.1778851468,13286405.166666666,22196936.31263369,4375874.020699643,3315081.5,6278224.218989336,351938.78101066407
481,13123321.1,22004363.6300758,4242278.569924198,12360786.383333333,20836523.34311285,3885049.423553815,11953528.916666666,20183695.57076443,3723362.262568904,3225697.6,6054022.729795171,397372.4702048297,13102282.533333333,21979442.002257682,4225123.064408984,3225686.6166666667,6054013.415162384,397359.8181709498
482,13518814.233333332,22502516.176408954,4535112.290257711,12700079.833333334,21215752.731059697,4184406.9356069714,12187623.65,20365227.761734955,4010019.5382650467,3730091.3666666667,7163245.216510164,296937.5168231693,13508062.266666668,22493201.384908725,4522923.1484246105,3730049.65,7163209.509317937,296889.7906820625
483,12864009.6,21719622.030207567,4008397.169792434,12015115.233333332,20307293.840363897,3722936.6263027675,11529931.816666666,19467533.021546036,3592330.611787297,3222551.7666666666,5973446.539057806,471656.99427552754,12864009.6,21719622.030207567,4008397.169792434,3222356.65,5973281.555968603,471431.74403139716
484,13369134.8,22325428.52478571,4412841.075214293,12525815.616666667,20893306.801118873,4158324.432214462,12063994.933333334,20069734.293100663,4058255.5735660046,3993844.1666666665,7510292.12493234,477396.2084009927,13363489.433333334,22317347.642964073,4409631.223702593,3993708.5833333335,7510176.910917386,477240.25574928103
485,13372492.066666666,22364634.65073332,4380349.482600015,12492805.266666668,20849901.389565796,4135709.1437675375,12267379.55,20356952.383342203,4177806.716657798,3524150.8,6981284.704931622,67016.89506837772,13372492.066666666,22364634.65073332,4380349.482600015,3524120.0833333335,6981258.134278765,66982.03238790203
486,12867977.5,21742109.95489104,3993845.045108959,12040182.766666668,20333634.717926748,3746730.815406587,11344754.583333334,19215804.586350307,3473704.58031636,3559108.433333333,6948913.875849724,169302.99081694242,12862382.4,21734147.760048464,3990617.039951535,3559042.85,6948892.287443586,169193.41255641403
487,12841412.466666667,21609019.3683645,4073805.564968832,11957080.1,20133258.581950486,3780901.6180495154,11414593.183333334,19247562.721389003,3581623.645277665,3505696.7666666666,6791009.258078863,220384.2752544703,12841222.0,21608808.16553037,4073635.8344696295,3505408.9,6790783.573593549,220034.22640644992
488,13037968.4,21577916.092718735,4498020.707281265,12172932.633333333,20177774.206776105,4168091.059890559,11590607.75,19226058.632756583,3955156.8672434175,3464558.5,6741348.955208582,187768.04479141813,13025618.366666667,21567227.390950464,4484009.342382869,3464252.6166666667,6741128.796291201,187376.43704213202
489,13361541.8,22345446.173139878,4377637.426860122,12375136.783333333,20694424.567484662,4055848.9991820063,11439007.466666667,19233471.180952057,3644543.7523812773,3567489.2333333334,7047993.460788803,86985.00587786408,13360791.533333333,22344620.46103226,4376962.605634406,3567471.3,7047985.15561956,86957.44438044028
490,12946416.8,21821909.250024926,4070924.3499750756,11983704.15,20233077.68717318,3734330.6128268223,10930836.5,18567475.56053028,3294197.439469721,3696737.6,7256316.396871537,137158.80312846275,12946108.166666666,21821567.779995564,4070648.5533377677,3696716.4833333334,7256314.779954085,137118.1867125812
491,12886087.133333333,21579132.92963534,4193041.3370313253,11898440.95,19900128.0065776,3896753.8934223987,11026292.783333333,18557420.746395048,3495164.8202716196,3612612.533333333,7119460.38184236,105764.68482430605,12874350.466666667,21567859.827194825,4180841.1061385088,3612567.5166666666,7119428.669312477,105706.36402085563
492,13063081.966666667,21725079.423577487,4401084.509755844,11982298.216666667,19834757.420987464,4129839.012345869,10832320.033333333,18137762.042287685,3526878.0243789814,3040469.033333333,6325447.528887847,-244509.46222118102,13052174.066666666,21715647.25815448,4388700.875178849,3040456.566666667,6325436.983309275,-244523.84997594077
493,12989486.9,21561527.09996025,4417446.700039752,11842948.683333334,19523838.02358211,4162059.343084557,10838940.116666667,18021533.27920238,3656346.954130957,3088779.2666666666,6455898.078221499,-278339.5448881658,12971303.833333334,21541475.097065922,4401132.569600746,3088773.75,6455893.643802127,-278346.14380212687
494,13444323.166666666,22238140.060692936,4650506.272640394,12253474.05,20160159.684847653,4346788.415152348,11106181.416666666,18481828.79337649,3730534.0399568425,2953969.6,6207060.606142234,-299121.4061422334,13393846.833333334,22190708.331878595,4596985.334788071,2953978.216666667,6207068.693252796,-299112.2599194632
495,13040147.333333334,21777887.5371131,4302407.129553566,11901430.8,19757137.449563377,4045724.150436623,10972335.466666667,18380245.59602163,3564425.3373117046,2798749.1666666665,5935199.030310357,-337700.6969770235,13002100.033333333,21744948.977065682,4259251.089600984,2798754.6666666665,5935201.962525992,-337692.62919265917
496,13008442.733333332,21737687.940000348,4279197.526666317,11834706.966666667,19642652.96582786,4026760.9675054736,10853796.766666668,18243189.907317866,3464403.6260154685,2776553.966666667,5781728.193894476,-228620.26056114165,12967093.133333333,21698571.82757489,4235614.439091776,2776545.816666667,5781720.185191409,-228628.55185807496
497,11998367.066666666,20606907.246868588,3389826.8864647467,10925054.616666667,18627686.98080023,3222422.252533105,10517416.566666666,17961791.14296549,3073041.99036784,2433556.8333333335,4922468.249246235,-55354.58257956803,11958599.566666666,20572251.070529282,3344948.0628040526,2433560.966666667,4922474.477834493,-55352.544501159806
498,12647950.433333334,21664128.35274923,3631772.5139174387,11418471.766666668,19290324.35488725,3546619.178446085,11168135.0,18832853.473638564,3503416.5263614366,2386297.3666666667,4811021.650321032,-38426.916987698525,12611664.1,21627886.225579977,3595441.9744200204,2386267.7333333334,4810998.501793999,-38463.03512733197
499,13800768.3,23085384.765168138,4516151.834831862,12428966.783333333,20509780.431748457,4348153.134918209,11770070.2,19534063.04966964,4006077.350330361,3438276.2666666666,7118866.126596205,-242313.59326287173,13758013.266666668,23040274.367283635,4475752.166049698,3437930.9833333334,7118567.871937718,-242705.905271051
500,14078487.733333332,23372201.419505954,4784774.047160709,12626126.1,20685613.091933083,4566639.108066917,11462883.433333334,18993138.873031817,3932627.993634848,3372591.6,7049096.329009537,-303913.12900953693,14023412.1,23318860.230386376,4727963.969613623,3372533.1666666665,7049046.518154955,-303980.18482162105
501,13514586.733333332,22699101.541752703,4330071.924913963,12069178.35,19970738.02893082,4167618.671069177,11196467.716666667,18705269.927086964,3687665.5062463703,2828299.1,5890900.873647325,-234302.67364732502,13418058.666666666,22599561.091988824,4236556.241344506,2828173.6,5890794.274657687,-234447.074657687
502,13343106.133333333,22496754.45608984,4189457.8105768245,11836437.616666667,19538195.24292039,4134679.990412943,11037808.016666668,18383760.302369267,3691855.7309640683,2786108.3333333335,5750598.080567943,-178381.41390127642,13269373.033333333,22418147.381873336,4120598.6847933307,2786087.55,5750581.209160716,-178406.10916071665
503,13022566.7,22889151.47167842,3155981.9283215795,11407366.533333333,19586758.623885866,3227974.442780799,10781905.05,18719324.33514798,2844485.76485202,2637961.3666666667,5409540.0322402865,-133617.29890695307,12946004.566666666,22816555.13931367,3075453.994019661,2637941.0,5409523.044606075,-133641.04460607516
504,13635198.266666668,23572717.709154844,3697678.824178489,11977916.2,20186672.07240768,3769160.327592317,11628963.0,19733846.885812283,3524079.1141877156,2774744.533333333,5732860.3158028405,-183371.2491361741,13561628.433333334,23504302.23659639,3618954.6300702784,2774597.55,5732732.492025642,-183537.3920256421
505,13589920.733333332,23525726.13248065,3654115.334186014,12059223.216666667,20429906.771018937,3688539.6623143973,11876029.133333333,20132024.710755598,3620033.555911069,2785917.6666666665,5731437.136703262,-159601.80336992862,13521142.033333333,23461468.69433239,3580815.3723342773,2772861.216666667,5719440.751195475,-173718.31786214234
506,12931061.466666667,21778564.883713264,4083558.0496200696,11499690.55,18946300.625655692,4053080.4743443085,11377976.916666666,18802137.70867435,3953816.124658984,2541380.8666666667,5236112.577494656,-153350.84416132234,12862943.066666666,21714580.3006946,4011305.832638733,2541281.7333333334,5236028.233566653,-153464.76689998666
507,13129210.233333332,22031495.378075607,4226925.088591058,11715814.4,19252751.28688953,4178877.513110469,11593449.45,19065300.46138443,4121598.438615569,2770787.8666666667,5707139.560998415,-165563.82766508125,13069455.366666667,21974876.114628974,4164034.61870436,2770742.033333333,5707064.033274233,-165579.96660756692
508,13119361.933333334,22115147.77838427,4123576.088282397,11820986.7,19618625.590283304,4023347.809716696,11445234.15,19079066.791144133,3811401.508855867,2975487.1666666665,6119370.966541223,-168396.6332078902,13075201.433333334,22072675.837654606,4077727.0290120617,2974989.9,6118744.324588512,-168764.52458851226
509,13786495.266666668,23062154.023252964,4510836.510080371,12500866.3,20586481.12267991,4415251.477320089,12174576.6,20025437.817434154,4323715.382565844,3062055.5,6381529.016117867,-257418.01611786755,13755076.6,23029463.3079644,4480689.8920356,3061948.3833333333,6381434.078363651,-257537.3116969848
510,13878071.2,23247919.94953853,4508222.45046147,12620089.8,20825600.220315427,4414579.379684575,12652902.966666667,20740009.06200307,4565796.871330266,3057917.933333333,6408139.054444439,-292303.18777777255,13844897.9,23213731.428908862,4476064.371091137,3057904.7333333334,6408126.603442792,-292317.1367761255
511,14192188.4,23671741.85425984,4712634.94574016,12776921.516666668,20929662.81570455,4624180.2176287845,12865188.816666666,20913533.003916334,4816844.629416998,3085123.466666667,6442610.274549661,-272363.34121632716,14147794.0,23627941.471398715,4667646.528601285,3085116.3833333333,6442603.861509789,-272371.09484312264
512,14141756.133333333,23639911.785499886,4643600.481166782,12721743.866666667,20883394.332964797,4560093.400368537,12757512.283333333,20790009.720205493,4725014.846461172,3046753.1666666665,6324543.677526144,-231037.34419281175,14105828.2,23602281.09715245,4609375.302847551,3046744.3333333335,6324535.880830975,-231047.21416430874
513,14883879.7,24535809.834576257,5231949.56542374,13509191.816666666,21996633.25232685,5021750.381006483,13624922.616666667,21981394.90926069,5268450.324072646,3729919.533333333,7609258.613478921,-149419.54681225494,14838822.3,24489603.89566224,5188040.704337761,3729909.9166666665,7609250.251443237,-149430.41810990358
514,14913501.6,24634502.101804003,5192501.098195998,13449220.266666668,21939096.067172248,4959344.466161087,13616271.733333332,22008873.56519714,5223669.901469525,3444496.7333333334,7262403.221723234,-373409.755056567,14859883.733333332,24579851.642740402,5139915.823926263,3444485.35,7262393.080174513,-373422.3801745125
515,14454219.366666667,24076455.641637154,4831983.091696182,13050385.1,21566380.974283777,4534389.225716222,13159791.35,21527641.380650558,4791941.319349444,2951937.2,6255945.177752718,-352070.7777527175,14391012.133333333,24015073.947912827,4766950.318753839,2951921.2333333334,6255931.087570233,-352088.6209035665
516,14970974.933333334,24751040.7414993,5190909.125167366,13619522.616666667,22365149.76098682,4873895.472346516,14055991.4,22826604.977497496,5285377.822502503,3412538.1333333333,7254812.397359511,-429736.1306928443,14910725.0,24692777.016341627,5128672.983658375,3412424.6333333333,7254712.24561863,-429862.9789519636
517,13996843.0,23243780.03265993,4749905.967340071,12824959.216666667,21176631.884767927,4473286.548565407,13460050.566666666,22049759.013045996,4870342.120287336,3453058.1333333333,7322620.649090153,-416504.38242348656,13927049.933333334,23175530.18982597,4678569.6768406965,3452234.3833333333,7321893.0276356805,-417424.2609690139
518,13720349.533333333,22878040.491862703,4562658.574803963,12543318.8,20742384.69203709,4344252.907962913,12841586.883333333,21185247.130447343,4497926.636219321,2967107.7,6288380.53771268,-354165.13771267934,13659474.933333334,22822296.380047552,4496653.486619117,2966759.783333333,6288073.727415099,-354554.1607484324
519,14392372.266666668,23711667.57625202,5073076.957081316,13163911.4,21477316.29172032,4850506.50827968,13847290.666666666,22596528.588979527,5098052.744353805,3455932.7666666666,7328395.677237007,-416530.1439036736,14327628.733333332,23649116.079713404,5006141.386953261,3455191.533333333,7327741.351360241,-417358.28469357407
520,14196147.766666668,23551457.69055617,4840837.842777168,13010974.5,21422844.571717985,4599104.428282013,13638432.35,22380817.772985294,4896046.927014705,3160035.1666666665,6541064.595716656,-220994.26238332316,14137072.9,23494418.983774323,4779726.816225678,3159434.8,6540538.302545052,-221668.7025450524
521,14191333.466666667,23716811.759454567,4665855.173878767,13142318.166666666,21798911.384473484,4485724.948859848,12931164.416666666,21312723.541040886,4549605.292292446,3059728.2,6432769.2257043235,-313312.8257043231,14135688.266666668,23663258.536357548,4608117.996975787,3057366.0166666666,6430683.254108863,-315951.2207755302
522,13656907.1,22914357.45471999,4399456.745280011,12626338.0,21046572.01963326,4206103.98036674,12750142.833333334,21112946.16775101,4387339.4989156565,2969893.6333333333,6244553.91481371,-304766.6481470438,13605190.0,22866299.769250095,4344080.230749905,2968930.1666666665,6243703.925133291,-305843.5917999577
523,14248833.2,23718236.687595557,4779429.712404441,13213350.75,21845825.797135025,4580875.702864975,13004917.75,21384782.791557048,4625052.708442952,3024276.8666666667,6372915.462867157,-324361.7295338232,14202233.9,23675442.265514694,4729025.534485308,3024232.55,6372876.70658238,-324411.6065823813
524,14169795.566666666,23465859.897646785,4873731.235686546,13203315.3,21724870.291279815,4681760.308720186,12833775.483333332,21027557.950764585,4639993.015902081,3121214.466666667,6529909.399114087,-287480.4657807532,14128694.133333333,23425449.965421088,4831938.301245576,3121084.6166666667,6529795.549391653,-287626.31605832
525,14598958.4,24092996.575270794,5104920.224729205,13780992.45,22604797.374942686,4957187.525057312,13074026.7,21351757.548643705,4796295.851356293,3514832.3333333335,7337136.980050705,-307472.31338403793,14578035.666666666,24074159.35542287,5081911.977910465,3512158.0833333335,7334772.986280052,-310456.81961338455
526,15715142.3,26474086.896549374,4956197.703450628,14652380.05,24483030.815980986,4821729.284019018,13954881.316666666,23361322.714221194,4548439.919112137,3070631.4,6445415.351804312,-304152.5518043125,15679748.266666668,26440099.648132518,4919396.885200815,3070125.05,6444969.848462947,-304719.7484629471
527,16074267.0,27242807.80804587,4905726.191954127,14931944.033333333,25166760.533305354,4697127.53336131,13322125.533333333,22512651.485387124,4131599.5812795423,2697561.7666666666,5493987.628182473,-98864.09484913899,16032089.666666666,27205988.00461801,4858191.328715319,2696895.0833333335,5493403.100502785,-99612.93383611832
528,15759500.233333332,26817208.287723407,4701792.178943258,14606992.516666668,24788334.44409107,4425650.589242265,13367292.433333334,22637211.50308639,4097373.3635802753,2949031.3333333335,5913618.977835945,-15556.311169277877,15725874.066666666,26788480.45151363,4663267.681819703,2947435.0833333335,5912223.415335093,-17353.24866842525
529,16067531.633333333,27049479.28655138,5085583.980115289,14977478.833333334,25121880.935423892,4833076.731242776,13469715.983333332,22716734.741248116,4222697.225418549,3474230.8333333335,6898867.414970718,49594.25169594912,16027839.966666667,27015936.989912063,5039742.943421269,3473671.8833333333,6898384.128348955,48959.63831771165
530,15492147.233333332,26269064.12647435,4715230.340192312,14464575.7,24449732.028014183,4479419.371985815,13003228.4,22147627.66201395,3858829.137986049,3076344.033333333,6296389.446146274,-143701.3794796071,15444233.4,26228280.94412911,4660185.8558708895,3075801.466666667,6295919.547871146,-144316.61453781324
531,16845074.666666668,27960084.82930728,5730064.504026055,15730297.766666668,25994924.86603975,5465670.667293586,14494762.216666667,24098073.94228942,4891450.491043916,4085293.7,8149737.75272269,20849.64727731049,16802107.7,27923782.89988935,5680432.50011065,4084848.9166666665,8149352.652704928,20345.180628404487
532,16157993.133333333,27149902.511360716,5166083.75530595,14964651.266666668,24990168.24655193,4939134.286781404,13913903.966666667,23269054.833154734,4558753.100178599,3077166.8,6433618.757817188,-279285.1578171882,16105089.633333333,27104728.75227625,5105450.514390416,3076975.316666667,6433450.189521283,-279499.55618794914
533,16569985.3,27766786.383767497,5373184.216232505,15186961.516666668,25217006.213915035,5156916.819418302,13989988.416666666,23123339.479989223,4856637.353344111,3141147.966666667,6570226.002759225,-287930.06942589115,16516600.633333333,27721573.82501623,5311627.441650435,3141012.6166666667,6570107.835561266,-288082.60222793324
534,16933851.733333334,28250569.91534406,5617133.551322611,15519288.8,25574560.47215469,5464017.127845308,14188104.333333334,23286117.10950821,5090091.557158461,3267879.2333333334,6768998.820466183,-233240.35379951634,16877371.7,28202700.403888464,5552042.996111535,3267326.8666666667,6768522.801688444,-233869.06835511094
535,17513528.3,28866851.638165914,6160204.96183409,15986970.65,26004882.869564943,5969058.43043506,14861919.15,24112131.85646761,5611706.443532392,4016560.2333333334,8071471.499471511,-38351.03280484397,17461290.833333332,28822769.565459847,6099812.101206819,4016002.6666666665,8070989.665345871,-38984.33201253787
536,16984210.366666667,27416406.277464435,6552014.455868902,15552136.833333334,24838565.98234263,6265707.684324039,14601278.166666666,23337615.08557714,5864941.247756191,4337498.5,8537883.771529663,137113.2284703357,16942790.533333335,27382518.37472096,6503062.691945707,4335563.133333334,8536206.994063396,134919.2726032706
537,16972743.466666665,27330337.189481072,6615149.743852258,15470896.066666666,24703803.160032704,6237988.973300628,14354013.966666667,22982142.884627923,5725885.048705412,4046031.3333333335,8050339.908878144,41722.757788523566,16924768.0,27290571.34143783,6558964.6585621685,4045870.15,8050201.924986609,41538.375013390556
538,16446351.9,26642310.617412973,6250393.182587028,14920994.233333332,23964640.611458838,5877347.855207829,13568947.55,22037195.644872453,5100699.455127548,3230596.8,6528133.262510927,-66939.66251092823,16396833.433333334,26600336.662044913,6193330.204621756,3230558.4166666665,6528100.597811343,-66983.76447800966
539,16949086.266666666,27204682.090082787,6693490.4432505425,15292295.5,24330348.27528126,6254242.724718738,13943959.133333333,22427897.34999855,5460020.916668119,3262358.9,6554460.215635637,-29742.415635636542,16814066.3,27059135.46293179,6568997.13706821,3242402.75,6535920.866402701,-51115.36640270008
540,17065078.533333335,26618889.330531523,7511267.736135146,15519458.9,24061204.873186134,6977712.926813865,13157199.116666667,20777991.11272122,5536407.120612113,3625829.933333333,7410883.595812705,-159223.7291460391,16955446.033333335,26502688.518350005,7408203.548316665,3620847.966666667,7406470.646505131,-164774.7131717978
541,16038502.966666667,24808537.362276465,7268468.571056869,14454030.35,22294623.704511315,6613436.995488685,12194122.1,18937680.75569004,5450563.444309962,3079500.1333333333,6285688.685813507,-126688.41914684,15896900.266666668,24645191.713132773,7148608.8202005625,3079412.0166666666,6285611.842777152,-126787.80944381794
542,15872701.666666666,24501264.41085454,7244138.922478793,14460159.05,22246445.87897803,6673872.221021974,12385767.25,19226271.501729492,5545262.998270508,3162633.6,6392157.720868435,-66890.52086843457,15731577.766666668,24347960.211960584,7115195.321372751,3162561.0833333335,6392094.5177063495,-66972.35103968205
543,16012289.166666666,24768333.288424663,7256245.044908671,14514353.116666667,22439712.67068222,6588993.562651111,12176999.233333332,18925552.783156037,5428445.683510627,3130345.5,6313600.074003069,-52909.074003068265,15846606.833333334,24581161.74838043,7112051.918286238,3129342.45,6312724.396281617,-54039.496281615924
544,16251279.833333334,25078197.79169028,7424361.874976389,14762771.666666666,22732060.84719384,6793482.486139491,12200120.533333333,18963754.28049368,5436486.786172986,3743893.7333333334,7529537.549123709,-41750.0824570423,16092390.5,24907777.705524653,7277003.294475345,3743740.0166666666,7529403.074938078,-41923.0416047452
545,16005858.9,24750043.9989404,7261673.801059598,14436585.166666666,22275153.79032684,6598016.543006492,11963889.616666667,18588841.04717271,5338938.186160623,3546074.8666666667,6798253.17885926,293896.5544740739,15835082.2,24559064.73303548,7111099.66696452,3545929.183333333,6798126.483353391,293731.8833132754
546,15312470.033333333,23944149.482158046,6680790.58450862,13676823.433333334,21301536.76111337,6052110.105553295,12364591.25,19276702.991068535,5452479.508931465,3236358.6333333333,6462588.6573320255,10128.60933464067,15125953.833333334,23747522.388747655,6504385.277919013,3236165.75,6462396.439592926,9935.060407074634
547,15471274.5,24101012.152039357,6841536.847960645,13876277.216666667,21546674.370864727,6205880.062468605,12259838.266666668,19192479.652377795,5327196.88095554,3291011.7666666666,6560816.49026617,21207.043067163322,15292181.933333334,23915926.988503054,6668436.878163615,3289825.8666666667,6559772.212122861,19879.5212104721
548,15929353.6,24681835.508045085,7176871.6919549145,14266936.3,22071286.338158064,6462586.261841937,12531522.1,19531030.927829232,5532013.272170768,3885256.7333333334,7699125.86850821,71387.59815845639,15715380.733333332,24458115.008897826,6972646.457768837,3885197.65,7699072.306789896,71322.99321010336
549,15515248.266666668,24163994.781482957,6866501.751850376,13840894.05,21519934.58136303,6161853.51863697,12398732.633333333,19355315.786491577,5442149.48017509,3372101.3333333335,6632206.80697887,111995.85968779726,15287805.633333333,23919669.94082527,6655941.325841399,3371942.1666666665,6632066.322702713,111818.01063062018
550,15669772.433333334,24314204.89215774,7025339.974508924,14216111.366666667,22077175.430925984,6355047.302407351,12342918.65,19142763.72656845,5543073.5734315505,3443566.966666667,6730609.915290346,156524.0180429872,15432459.4,24056841.579821542,6808077.220178459,3443266.0166666666,6730350.770596784,156181.26273655007
551,16079670.933333334,24820577.180852324,7338764.685814345,14657736.883333333,22621044.719241396,6694429.047425269,13493029.25,20935747.699845262,6050310.800154739,4073865.2666666666,7906590.87298424,241139.66034909338,15858667.9,24582621.13447783,7134714.665522171,4073785.8333333335,7906523.059697558,241048.6069691088
552,15470694.233333332,24062305.1859112,6879083.280755466,13965920.85,21672906.184858605,6258935.515141396,12936022.333333334,20031789.42924078,5840255.237425887,3554149.3,6852340.690465724,255957.90953427553,15259416.166666666,23841748.291300774,6677084.0420325585,3554077.566666667,6852279.359547721,255875.77378561208
553,16236051.866666667,24993845.266760148,7478258.466573186,14828148.233333332,22801436.17664679,6854860.290019872,13731719.016666668,21024887.666994967,6438550.36633837,4162068.4,8062082.729915697,262054.07008430222,16032062.333333334,24776112.28503356,7288012.381633105,4160533.05,8060760.916364387,260305.18363561248
554,16136967.0,24886948.88478662,7386985.115213379,14828628.766666668,22913497.955365665,6743759.577967669,13991547.233333332,21430255.380198285,6552839.086468382,4329142.2,8284125.903623072,374158.4963769275,15941672.7,24687102.193682615,7196243.206317384,4328615.35,8283675.901943015,373554.79805698385
555,15477512.933333334,24117377.37839244,6837648.488274228,14185907.283333333,22135835.94083097,6235978.625835698,13156983.116666667,20419797.404985193,5894168.82834814,3603400.3,6936542.708926046,270257.89107395336,15283704.333333334,23918211.475382626,6649197.191284044,3602896.85,6936111.679774926,269682.02022507414
556,15710919.0,24403108.244389027,7018729.755610973,14518977.966666667,22599490.80319018,6438465.130143153,13061738.283333333,20288576.3395653,5834900.227101365,3671664.3666666667,6999911.328564619,343417.4047687147,15516445.066666666,24199015.193879895,6833874.939453438,3671426.566666667,6999709.465442628,343143.6678907061
557,16446329.366666667,25286815.47154235,7605843.2617909815,15234285.333333334,23480150.418398038,6988420.24826863,13704188.1,21044411.448759593,6363964.751240405,4456610.766666667,8403023.431993028,510198.1013403055,16225617.5,25052973.023908354,7398261.976091644,4456272.533333333,8402737.517275363,509807.54939130275
558,15539167.833333334,24349878.836566735,6728456.830099933,14231028.866666667,22320593.407746118,6141464.325587217,12896038.85,20052127.200938072,5739950.499061926,3954535.6666666665,7469441.03938721,439630.29394612275,15334244.333333334,24133681.55157663,6534807.1150900405,3954490.0166666666,7469403.166289079,439576.8670442542
559,16461568.366666667,25373961.811632946,7549174.92170039,15100067.366666667,23310577.093964234,6889557.639369101,13478909.75,21069923.731923055,5887895.768076946,4444852.5,8519583.451846214,370121.5481537855,16233713.7,25138592.393793397,7328835.006206604,4444813.683333334,8519551.639861453,370075.72680521384
560,16643863.833333334,25585398.827077813,7702328.839588853,15205884.4,23380176.56602131,7031592.233978692,13783236.966666667,21219330.060104955,6347143.873228378,4079844.7333333334,7756358.987470027,403330.47919663927,16411461.5,25322617.726452418,7500305.273547582,4079664.1166666667,7756206.388288772,403121.8450445621
561,16616107.933333334,25707021.46736475,7525194.399301918,15342437.466666667,23809139.15222782,6875735.7811055165,14360216.483333332,22328343.56161178,6392089.405054886,4503152.4,8656609.91334227,349694.8866577321,16421563.633333333,25490381.479125597,7352745.787541071,4502088.466666667,8655697.031585053,348479.9017482805
562,16195009.366666667,25095735.439394347,7294283.293938985,14881388.716666667,23150050.459431134,6612726.9739021985,14232215.95,22039720.121547937,6424711.778452059,4072350.033333333,7807163.903725509,337536.16294115735,15966902.9,24859160.237820916,7074645.562179085,4072169.2666666666,7807010.307982666,337328.2253506663
563,15855015.333333334,24823387.584786907,6886643.081879759,14640453.466666667,23011450.842539858,6269456.090793476,13868222.55,21778504.358664863,5957940.741335137,3989173.0,7638425.357449822,339920.64255017834,15642908.633333333,24596632.003854014,6689185.262812652,3989128.55,7638388.3533752775,339868.74662472215
564,15022319.166666666,23414520.00887958,6630118.3244537525,13752704.75,21552639.626475662,5952769.873524337,12828163.65,19938653.865571387,5717673.434428613,4004334.6333333333,7713703.882823504,294965.383843163,14794329.6,23174439.945767336,6414219.254232665,4004295.316666667,7713670.850967751,294919.7823655829
565,15792538.5,24238904.40040409,7346172.599595914,14571598.75,22434185.723184515,6709011.776815486,13648197.116666667,20813934.058186892,6482460.175146441,4529323.0,8756078.968608364,302567.03139163554,15590382.333333334,24029146.546308454,7151618.120358214,4529117.416666667,8755903.966133982,302330.867199352
566,15487599.466666667,23841836.000272844,7133362.93306049,14252906.216666667,22001662.324277453,6504150.10905588,13172229.05,20202867.671528094,6141590.42847191,4022903.7666666666,7801303.761873564,244503.77145976946,15287678.133333333,23622790.584803022,6952565.681863641,4022663.2666666666,7801099.053177286,244227.48015604727
567,15319321.666666666,23594938.297777876,7043705.035555456,13978338.466666667,21589901.982937433,6366774.950395899,13076727.466666667,20061213.4864706,6092241.446862734,3967875.1333333333,7676308.8208313985,259441.44583526812,15112474.1,23377526.938654784,6847421.261345216,3967720.933333333,7676177.973873709,259263.8927929569
568,15037303.966666667,22808494.379604887,7266113.553728447,13678693.383333333,20781229.24760502,6576157.519061648,12397390.766666668,18895011.05315319,5899770.480180144,4036636.3666666667,7788721.214149261,284551.51918407204,14794819.966666667,22553233.899457358,7036406.033875975,4036457.35,7788568.454463327,284346.2455366724
569,15543422.933333334,23588917.51085161,7497928.355815056,14386586.116666667,21894715.206292577,6878457.027040758,12617406.666666666,19396124.558617294,5838688.774716038,4080920.533333333,7889094.747015268,272746.31965139834,15326079.166666666,23360206.922275014,7291951.41105832,4080827.9833333334,7889015.6841937285,272640.28247293783
570,15348863.666666666,23557386.373377845,7140340.9599554865,14243177.433333334,21943728.55131259,6542626.315354077,12453230.566666666,18905584.313120514,6000876.820212819,4213829.066666666,8137103.896060206,290554.2372731273,15137349.833333334,23342989.33239039,6931710.334276276,4213813.85,8137088.620787887,290539.0792121128
571,15852403.1,24090700.08239362,7614106.117606379,14837485.283333333,22615659.363073327,7059311.203593339,12449325.716666667,18972302.40218602,5926349.031147311,4201469.066666666,8150290.003830569,252648.12950276444,15633128.3,23848539.235105984,7417717.3648940185,4201378.766666667,8150182.54697276,252574.9863605732
572,14934979.933333334,22785125.412714846,7084834.453951821,13882238.916666666,21209730.98388931,6554746.8494440215,12731850.783333333,19735061.881060015,5728639.685606652,4059744.8333333335,7909949.689033156,209539.97763351118,14739654.133333333,22559388.16762028,6919920.099046387,4059302.033333333,7909555.808864454,209048.25780221308
573,15324662.333333334,23430059.628614377,7219265.038052291,14243268.95,21806797.70555126,6679740.194448741,12815105.066666666,19862329.079357315,5767881.053976017,4310893.6,8415088.183159336,206699.0168406628,15147690.2,23221164.380277425,7074216.019722575,4309290.8,8413689.828418892,204891.77158110868
574,15059709.466666667,23061641.016026717,7057777.917306618,14124180.7,21659484.005060967,6588877.394939031,13329509.05,20592035.406548046,6066982.693451957,4717455.6,9200981.095232613,233930.10476738494,14888126.166666666,22865730.282867864,6910522.050465467,4717027.133333334,9200604.325645426,233449.94102124125
575,14437638.933333334,22522141.081265323,6353136.785401342,13459830.666666666,21081161.6039301,5838499.729403232,12760063.65,20180902.968857918,5339224.331142083,4462091.1,8681126.080561114,243056.11943888478,14266591.7,22331447.39040231,6201736.009597689,4462032.066666666,8681075.891108895,242988.24222443812
576,13592164.366666667,21114635.865213376,6069692.86811996,12689905.0,19740414.38824169,5639395.611758311,13118174.216666667,20784225.981818065,5452122.451515268,4333380.333333333,8469268.23257294,197492.43409372587,13413866.766666668,20909321.34431709,5918412.189016244,4333358.15,8469249.13571033,197467.1642896696
577,14496879.433333334,22664768.568844143,6328990.297822524,13410691.516666668,21060970.357922196,5760412.675411137,13471996.933333334,21382504.960105415,5561488.906561253,4408104.6,8595624.030071687,220585.16992831277,14312917.0,22466450.735833123,6159383.264166877,4408081.716666667,8595604.221417695,220559.21191563783
578,16202002.033333333,25275207.519166775,7128796.5474998895,15154371.316666666,23754914.999842785,6553827.633490548,14379604.6,22758705.49613266,6000503.7038673395,4611685.433333334,8926566.738933373,296804.1277332939,16025163.3,25092207.422616847,6958119.177383153,4611650.466666667,8926537.003763929,296763.92956940364
579,15351741.166666666,24446296.732969016,6257185.600364314,14346849.616666667,22940933.231148977,5752766.0021843575,13519907.55,21835842.41538277,5203972.6846172325,4433261.2,8559223.72183397,307298.67816603,15181972.6,24273480.74021706,6090464.459782939,4433030.366666666,8559026.47574312,307034.25759021146
580,15747139.566666666,25320617.1115532,6173662.021780131,14489355.55,23439228.479166396,5539482.620833604,13576412.066666666,22034284.131571546,5118540.001761787,4355629.966666667,8495061.226213919,216198.70711941505,15562849.633333333,25137296.63041655,5988402.636250114,4355572.866666666,8495012.731533185,216133.00180014875
581,15764670.633333333,25122716.200301107,6406625.066365559,14501558.916666666,23212168.079563037,5790949.753770297,13798751.8,22297685.209374577,5299818.390625425,4323376.233333333,8451130.838298745,195621.6283679218,15580733.0,24936580.333874986,6224885.666125014,4323369.65,8451125.283753209,195614.01624679146
582,15053087.566666666,23798546.885492437,6307628.247840896,13789231.75,21782868.7126156,5795594.787384399,13472058.966666667,21694092.243132446,5250025.690200888,4267626.233333333,8343207.564208595,192044.9024580717,14884915.2,23618092.843056973,6151737.556943025,4267493.666666667,8343095.224164287,191892.10916904686
583,15834341.533333333,24596600.220068313,7072082.846598355,14510191.85,22504252.41101844,6516131.2889815625,14752638.85,23199103.73092591,6306173.969074091,4617501.033333333,8947070.079795592,287931.98687107395,15645426.033333333,24398534.64167989,6892317.424986774,4594496.983333333,8926812.557491004,262181.40917566326
584,16470131.266666668,25462045.45047845,7478217.082854884,15184429.383333333,23475522.972497247,6893335.794169418,15061613.116666667,23487674.92736365,6635551.305969685,4612525.866666666,8981959.331926398,243092.40140693448,16285753.866666667,25254484.067051332,7317023.666282002,4612408.083333333,8981858.981559169,242957.18510749843
585,17902777.933333334,27479550.945049547,8326004.921617119,16503574.283333333,25427287.136631988,7579861.43003468,16356077.95,25068709.806037627,7643446.0939623695,5281155.7,10540099.876194455,22211.523805546574,17728989.4,27279415.780013118,8178563.019986879,5279925.333333333,10539032.18881018,20818.477856486104
586,16767801.033333333,25861948.59922452,7673653.467442147,15431080.233333332,23863107.913691025,6999052.55297564,15033348.433333334,23453206.226671096,6613490.639995571,5374733.6,10697563.652078286,51903.54792171344,16578872.6,25658357.678847108,7499387.521152891,5374172.416666667,10697077.15517147,51267.67816186324
587,16349147.766666668,25475019.6120785,7223275.921254836,14995030.483333332,23347140.39515596,6642920.571510705,14078288.35,22078053.97294817,6078522.727051827,4741516.833333333,9645138.239366267,-162104.5726995999,16192772.0,25291317.35231597,7094226.647684032,4740830.233333333,9644539.192229036,-162878.72556236852
588,16927887.8,26317836.837444432,7537938.762555571,15543466.416666666,24233187.07827071,6853745.755062619,15390820.65,23683403.130030263,7098238.169969737,4636657.733333333,9473916.522993471,-200601.0563268056,16789771.666666668,26149726.41769422,7429816.915639117,4636446.283333333,9473731.185605736,-200838.61893907003
589,15912778.1,25285619.559253816,6539936.640746184,14568802.883333333,23197755.23470494,5939850.531961724,14229354.216666667,22411859.320670363,6046849.112662971,4633243.866666666,9525389.280141339,-258901.5468080053,15788838.5,25147131.007124446,6430545.9928755555,4633155.3,9525311.193244666,-259000.59324466623
590,15373642.3,24499809.371725716,6247475.228274286,14160512.583333334,22608081.570756063,5712943.595910605,13437013.316666666,21426420.450807665,5447606.182525667,4503803.7,9135079.021850495,-127471.6218504943,15248469.7,24362871.47609804,6134067.923901962,4503755.45,9135038.80435595,-127527.90435594879
591,15904960.333333334,25193655.44409903,6616265.222567635,14680138.916666666,23316798.890986253,6043478.9423470795,14352441.3,22652810.8186886,6052071.7813114,4523918.866666666,9221497.73640986,-173660.00307652727,15773809.7,25052743.3546404,6494876.0453596,4523159.483333333,9220837.292024957,-174518.32535829023
592,15959389.433333334,25318398.30592666,6600380.560740007,14647929.183333334,23283829.42441295,6012028.942253718,14659280.033333333,23179025.59549695,6139534.471169718,4630073.8,9536342.602156118,-276195.002156117,15835390.866666667,25185777.718603812,6485004.014729524,4629900.516666667,9536190.915822405,-276389.8824890712
593,15492805.4,24493444.185699802,6492166.614300199,14082632.95,22304865.979120713,5860399.920879286,14850873.766666668,23364183.16294339,6337564.370389946,4640366.133333334,9490679.267147116,-209947.00048044976,15339126.566666666,24340183.914054338,6338069.219278995,4639657.266666667,9490058.725275647,-210744.1919423137
594,15967459.133333333,24849239.86066263,7085678.406004034,14401228.166666666,22424933.82963251,6377522.503700823,15068633.683333334,23445857.328638494,6691410.038028171,4600057.166666667,9390633.080013147,-190518.74667981267,15810414.6,24674305.415115558,6946523.784884442,4599980.283333333,9390563.896623477,-190603.32995681
595,16630403.966666667,26156225.493335642,7104582.4399976935,14903352.983333332,23359537.459270827,6447168.507395839,15169253.9,23821097.937565885,6517409.862434115,4354139.966666667,8848277.338383973,-139997.40505063906,16394572.833333334,25854414.344305795,6934731.322360873,4354050.566666666,8848197.414711665,-140096.2813783316
596,15004965.4,24129903.40626818,5880027.393731821,13350672.683333334,21337100.742507096,5364244.62415957,13546709.75,21770715.9528568,5322703.547143198,4301586.266666667,8703503.878002027,-100331.34466869384,14770921.833333334,23849554.40187355,5692289.264793118,4301367.566666666,8703312.713850398,-100577.58051706385
597,15146750.233333332,24407053.27252891,5886447.194137754,13504868.166666666,21622016.541439492,5387719.791893839,13553022.15,21882655.74036763,5223388.559632372,4404556.266666667,9049374.62755159,-240262.09421825595,15006342.466666667,24257283.04015172,5755401.893181615,4404301.733333333,9049153.517358337,-240550.05069167074
598,15219030.8,24386297.15268617,6051764.447313832,13654314.616666667,21752470.169985272,5556159.063348064,13359569.966666667,21458736.016489625,5260403.916843709,4319117.7,8838568.93145514,-200333.5314551387,15051093.166666666,24209232.5925679,5892953.740765436,4318947.2,8838419.794015877,-200525.39401587564
599,14025714.3,22950763.064512596,5100665.535487406,12593262.466666667,20468808.055695992,4717716.877637341,12818055.8,21004850.64785641,4631260.952143591,4376198.666666667,9113129.717008488,-360732.3836751543,13856823.766666668,22784624.79904458,4929022.734288758,4376024.5,9112976.903540157,-360927.90354015585
600,14729422.5,23732735.41985181,5726109.58014819,13262306.666666666,21243866.67442374,5280746.658909593,13177817.083333334,21208109.005661868,5147525.161004802,4420604.4,9245686.907982636,-404478.10798263643,14570067.4,23563251.43552491,5576883.364475088,4420354.783333333,9245467.754385475,-404758.1877188077
601,14286161.566666666,23227341.410367347,5344981.722965986,12708807.783333333,20548337.022359822,4869278.5443068445,12775970.016666668,20573621.3495197,4978318.683813634,4628076.566666666,9631472.999271367,-375319.865938033,14115464.1,23040806.00493611,5190122.195063889,4627614.216666667,9631067.405475248,-375838.97214191407
602,14402817.833333334,23487275.784119964,5318359.882546702,12582523.4,20341170.959412523,4823875.840587477,12711293.216666667,20550109.69013016,4872476.743203176,4351880.466666667,9141451.430348111,-437690.49701477773,14244024.666666666,23318927.638863616,5169121.694469718,4351831.366666666,9141408.35731402,-437745.62398068886
603,14367514.066666666,23568402.61602011,5166625.517313223,12619125.05,20535605.932710916,4702644.167289087,12883551.083333334,20810226.2804237,4956875.886242969,3967157.7333333334,8571757.341926951,-637441.8752602851,14225769.833333334,23418433.72241675,5033105.944249915,3966503.216666667,8571177.17883453,-638170.745501196
604,14379368.8,24299334.139652625,4459403.460347379,12671068.516666668,21117282.22375589,4224854.809577446,13291059.75,21930154.610541295,4651964.889458705,3895964.066666667,8406729.683856234,-614801.5505229007,14246463.9,24154748.947413214,4338178.852586787,3895798.0166666666,8406583.065098032,-614987.0317647001
605,13505124.466666667,23037800.59931385,3972448.334019482,11885365.4,19942738.057080925,3827992.742919078,12838144.183333334,21459839.505259424,4216448.861407243,3922891.466666667,8489945.939965164,-644163.0066318307,13357566.033333333,22872319.87216947,3842812.194497198,3922884.45,8489940.77625655,-644171.8762565497
606,13997148.533333333,23592202.077840112,4402094.988826556,12446329.066666666,20625171.93572831,4267486.19760502,12647527.316666666,21066056.259063683,4228998.3742696475,3791180.0,8199386.639259634,-617026.6392596336,13869724.5,23452728.1047539,4286720.8952461,3791159.066666667,8199368.814984683,-617050.6816513496
607,13871190.533333333,23316172.632037204,4426208.434629463,12302298.733333332,20322820.43891117,4281777.027755496,12469835.616666667,20748661.833943408,4191009.3993899263,3779872.1666666665,8149990.319939718,-590245.9866063842,13729853.966666667,23157688.56040261,4302019.372930724,3779643.8833333333,8149789.446152063,-590501.679485396
608,13389861.233333332,22758551.117992714,4021171.348673951,11936683.1,20033896.31485368,3839469.885146319,12289646.516666668,20635263.20229607,3944029.8310372634,3789664.1333333333,8248844.759577004,-669516.4929103381,13259931.733333332,22613695.267356783,3906168.199309882,3789507.6666666665,8248707.641562041,-669692.3082287074
609,12467279.966666667,21545505.18273173,3389054.7506016046,11224934.366666667,19169686.261084177,3280182.4722491587,11349009.883333333,19442407.63712048,3255612.129546183,3425007.9,7214870.665459219,-364854.86545921955,12338212.466666667,21415356.222705625,3261068.7106277067,3424001.1,7213984.63475123,-365982.43475122936
610,13475112.1,22953699.32029002,3996524.8797099795,12123180.1,20467512.818755284,3778847.3812447144,12257020.15,20653515.762049943,3860524.5379500557,3548071.1666666665,7529055.0360214785,-432912.70268814545,13349936.666666666,22813458.28255356,3886415.050779769,3547917.55,7528921.325705101,-433086.22570510115
611,13779069.566666666,23230989.88009229,4327149.253241044,12304833.283333333,20506710.725534726,4102955.8411319414,11976779.366666667,20232440.21481621,3721118.5185171254,3540731.033333333,7548644.849831474,-467182.7831648076,13653179.833333334,23092062.70112978,4214296.965536887,3538768.1,7546906.765170442,-469370.56517044175
612,12594501.266666668,21938570.85974479,3250431.673588544,11082210.216666667,19056711.406746536,3107709.026586799,11092536.833333334,19063197.88122085,3121875.785445817,3574386.0,7668509.641781962,-519737.6417819611,12477355.4,21824982.42419086,3129728.3758091405,3573326.6666666665,7667573.446323732,-520920.11299039936
613,12331962.066666666,21633580.349030983,3030343.78430235,10843055.433333334,18791726.18345438,2894384.6832122896,11739533.166666666,19927640.375406463,3551425.9579268703,3524809.466666667,7430665.140897412,-381046.2075640778,12220157.166666666,21525517.986309785,2914796.3470235467,3522644.933333333,7428753.265555305,-383463.39888863964
614,12439729.033333333,21673056.868831664,3206401.197835,11073002.433333334,19046032.988921367,3099971.8777453024,11988041.5,20158359.88141969,3817723.1185803125,3572726.566666667,7387587.47099144,-242134.33765810682,12333481.066666666,21571355.90648094,3095606.2268523946,3572017.466666667,7386965.2405751385,-242930.30724180536
615,13116660.666666666,22461777.6380935,3771543.6952398326,11736770.15,19830753.647809308,3642786.6521906937,12909106.333333334,21800612.28590362,4017600.3807630464,3658252.2333333334,7598660.177759696,-282155.71109302854,13013389.566666666,22364916.32304827,3661862.8102850616,3657655.1,7598136.5465196,-282826.34651959967
616,12728600.966666667,21932570.387691446,3524631.545641886,11393592.3,19377228.176390514,3409956.423609486,12781221.583333334,21700651.71969637,3861791.446970299,3545229.066666667,7242701.807686508,-152243.67435317347,12623159.6,21833605.33228907,3412713.867710931,3544996.783333333,7242501.24741392,-152507.6807472543
617,13304810.233333332,22609233.089747928,4000387.3769187387,11890394.683333334,19977363.39155073,3803425.9751159362,13009755.916666666,21854202.953401446,4165308.8799318857,3629397.0,7481425.307076516,-222631.30707651563,13203310.2,22504872.439853594,3901747.9601464067,3628703.066666667,7480817.945684419,-223411.81235108525
618,13463162.4,22834914.095499773,4091410.704500228,11925602.2,19951109.69345885,3900094.706541148,13068649.416666666,21942139.360973444,4195159.472359888,3630463.033333333,7408862.034506086,-147935.96783941938,13360985.033333333,22718476.763914414,4003493.3027522545,3629817.7,7408298.885962711,-148663.48596271034
619,13024680.866666667,22316532.848317504,3732828.8850158323,11627574.483333332,19725238.178860933,3529910.7878057323,12161648.733333332,20538979.331801653,3784318.134865011,3641121.533333333,7509378.775991395,-227135.7093247287,12914003.633333333,22211962.647015594,3616044.6196510736,3639685.65,7508120.676059751,-228749.3760597515
620,13591162.666666666,22936693.132244296,4245632.201089036,12239442.383333333,20478296.96562222,4000587.8010444455,12251625.066666666,20435477.250611585,4067772.882721748,3646612.6666666665,7504797.350111108,-211572.01677777478,13477694.733333332,22818744.142691344,4136645.323975323,3643158.8666666667,7501763.341277647,-215445.60794431344
621,13722784.266666668,23330245.88974057,4115322.6435927656,12348343.25,20744755.412633184,3951931.0873668157,13026052.383333333,22230729.76371198,3821375.0029546823,3577751.1333333333,7288513.852900616,-133011.5862339493,13599066.066666666,23198275.710189514,3999856.423143821,3577503.05,7288300.351679489,-133294.25167948892
622,13556028.266666668,23135067.493799053,3976989.039534282,12326405.666666666,20738509.958216526,3914301.3751168046,12930544.716666667,21944678.990679942,3916410.4426533934,3779048.9,7522910.270608507,35187.52939149225,13432872.633333333,22995263.323406577,3870481.9432600867,3778484.183333333,7522425.074832186,34543.29183447966
623,12643199.666666666,21222848.623382613,4063550.709950719,11448392.566666666,19084792.718725167,3811992.4146081675,12076101.266666668,20050889.26889856,4101313.2644347725,3836995.1666666665,7507748.793446772,166241.5398865617,12548556.733333332,21124904.046908572,3972209.4197580945,3836629.5166666666,7507444.973687283,165814.05964605045
624,14503388.0,24328605.20925741,4678170.790742589,13312792.216666667,22322860.858916566,4302723.574416766,11684746.583333334,19147737.14475198,4221756.021914687,3703732.3666666667,7351051.813907455,56412.919425878674,14386908.033333333,24200432.240654826,4573383.826011838,3703346.2,7350717.478568278,55974.92143172212
625,14528629.733333332,24741106.214250572,4316153.252416091,13392980.116666667,22868784.514636077,3917175.7186972555,11713207.15,19267630.94478493,4158783.355215067,3542404.7333333334,7111355.3243825715,-26545.857715904713,14414631.733333332,24612913.35526721,4216350.111399455,3542086.8,7111073.38267797,-26899.782677971292
626,13992923.133333333,23767199.7727775,4218646.493889164,12900290.183333334,21898560.173339915,3902020.1933267526,11451466.816666666,18966315.637111943,3936617.9962213906,3559810.5,7164638.192897651,-45017.19289765088,13879698.433333334,23640425.25846183,4118971.608204838,3559550.2333333334,7164412.1784204235,-45311.71175375674
627,13530164.933333334,23104106.7052257,3956223.1614409667,12444414.35,21229357.839631774,3659470.8603682257,11361157.15,19033796.453831304,3688517.846168697,3487558.0,7207911.867017556,-232795.86701755645,13418897.0,22975110.629314292,3862683.370685708,3487414.0,7207785.320040693,-232957.32004069258
628,13530521.4,22915143.921590097,4145898.8784099035,12500352.633333333,21168378.8942849,3832326.3723817654,11071324.133333333,18555950.324177325,3586697.942489341,4182408.1333333333,8544267.104033038,-179450.83736637188,13410936.933333334,22787579.28012746,4034294.586539209,4182328.2333333334,8544197.236269198,-179540.76960253064
629,13674464.333333334,23151524.938714344,4197403.727952324,12600998.466666667,21341840.902044624,3860156.0312887076,11340783.316666666,19036591.05531799,3644975.5780153414,4224104.233333333,8510796.044779848,-62587.57811318245,13542787.733333332,23001726.605478443,4083848.8611882236,4224097.333333333,8510802.07562865,-62607.408961982466
630,13443339.733333332,22819159.36285591,4067520.1038107555,12302772.066666666,20856746.65466792,3748797.4786654133,11315355.5,19052825.175892346,3577885.8241076525,4120516.1666666665,8371122.446629642,-130090.11329630809,13332468.433333334,22704017.419418357,3960919.447248308,4120734.033333333,8371310.405863357,-129842.33919669036
631,13165847.333333334,22308710.180745944,4022984.4859207217,12052874.316666666,20398773.794911772,3706974.838421559,11408186.733333332,19295673.849889,3520699.616777665,4137792.8333333335,8433436.099231588,-157850.4325649212,13019581.1,22130359.491804175,3908802.708195824,4137723.9,8433376.536036327,-157928.73603632813
632,13453148.0,22746916.18607796,4159379.81392204,12219689.95,20636745.051583983,3802634.8484160136,11475069.516666668,19384647.15904076,3565491.874292575,4238356.066666666,8626046.481070355,-149334.34773702174,13334870.4,22621283.90148455,4048456.8985154517,4238324.016666667,8626015.638289701,-149367.60495636892
633,13417271.733333332,22816592.265298404,4017951.201368263,12222864.55,20771492.991580084,3674236.1084199194,11355689.3,19209999.782657713,3501378.8173422897,4217356.033333333,8626026.842265047,-191314.77559838071,13281617.433333334,22661614.70388227,3901620.1627843995,4217298.266666667,8625975.238927744,-191378.70559441205
634,13786279.7,22941317.289465085,4631242.110534916,12570359.05,20922119.95474507,4218598.145254932,11718731.166666666,19458583.776442215,3978878.5568911163,4111899.533333333,8417607.281323,-193808.2146563353,13649242.3,22789563.734385855,4508920.865614148,4111874.8,8417586.8657228,-193837.26572280005
635,13700680.566666666,22922713.850292254,4478647.283041079,12452320.483333332,20856960.604994714,4047680.361671949,11210712.333333334,18723199.26388878,3698225.402777889,4067005.3333333335,8344784.139884042,-210773.4732173751,13539040.4,22733077.419169605,4345003.380830398,4066962.033333333,8344746.024160862,-210821.95749419555
636,13566931.533333333,22615252.26783055,4518610.798836114,12156725.85,20230867.451053016,4082584.2489469824,11450845.516666668,19020412.162812755,3881278.8705205815,3935898.8666666667,8045688.125411561,-173890.3920782269,13413318.366666667,22445498.890124045,4381137.843209291,3935857.5,8045652.363614872,-173937.3636148721
637,13881926.9,23030620.984546177,4733232.815453822,12277757.25,20312884.34009367,4242630.1599063305,11356376.583333334,18811863.057266083,3900890.1094005844,3851961.6,7865948.39512468,-162025.19512468018,13716461.466666667,22845666.820681036,4587256.1126523,3851699.1,7865717.432056084,-162319.23205608362
638,14081867.333333334,23336746.75190655,4826987.914760118,12428351.5,20537044.795763414,4319658.204236585,11186954.15,18482544.076346286,3891364.223653715,3923670.6333333333,8110560.042758791,-263218.7760921237,13956844.133333333,23193882.45171395,4719805.814952714,3923562.816666667,8110464.402147276,-263338.7688139421
639,14354098.1,23575513.996331304,5132682.203668697,12761672.216666667,20893725.88321321,4629618.550120123,11642224.95,19034375.519855045,4250074.380144956,4106520.2333333334,8429292.488000978,-216252.02133431192,14251556.466666667,23462264.557114147,5040848.376219185,4106304.0833333335,8429102.857190534,-216494.69052386703
640,14067244.666666666,23142718.404467978,4991770.928865353,12609636.5,20717419.339200858,4501853.660799142,11413838.666666666,18837078.312770654,3990599.0205626795,4008112.2333333334,8249824.609376211,-233600.14270954393,13925265.733333332,22988715.12660387,4861816.3400627915,4008098.8666666667,8249813.4831198845,-233615.74978655158
641,13659565.133333333,22647073.89687275,4672056.369793916,12347185.5,20428682.8292616,4265688.1707384,11365171.816666666,18891456.95506452,3838886.6782688126,4255480.166666667,8718778.399557503,-207818.066224169,13542947.766666668,22521305.68126556,4564589.852067776,4255348.433333334,8718666.980572835,-207970.11390616652
642,14531839.7,23809837.513498165,5253841.886501834,13081976.6,21419658.359032165,4744294.840967835,11839474.3,19543763.44037177,4135185.159628232,4055937.0,8357280.467616241,-245406.46761624143,14359775.833333334,23618711.221259013,5100840.445407655,4055375.0166666666,8356790.647087859,-246040.61375452578
643,14199064.533333333,23455498.80522169,4942630.261444977,12928908.266666668,21417370.36510713,4440446.168226205,11602477.1,19210857.85853628,3994096.3414637195,3869053.466666667,7979714.8875062335,-241607.95417289995,14024035.833333334,23267818.634677295,4780253.031989373,3867973.65,7978770.726416184,-242823.42641618336
644,14601447.366666667,23988626.644858748,5214268.088474587,13302777.85,21862398.098478492,4743157.601521507,11625967.05,19122971.277325876,4128962.8226741245,4038230.466666667,8204524.219788751,-128063.28645541659,14419883.633333333,23786461.243268006,5053306.02339866,4036910.35,8203371.622034484,-129550.9220344834
645,14256873.9,23263863.292558983,5249884.507441018,12933778.733333332,21058395.52230089,4809161.944365775,12428935.083333334,20102667.751585197,4755202.415081472,4201057.9,8506819.317670558,-104703.51767055597,14100757.8,23103454.9900044,5098060.6099956,4200703.6,8506512.481248017,-105105.28124801908
646,13852329.566666666,22846094.182313286,4858564.951020049,12315294.816666666,20268427.86756472,4362161.765768613,11457067.183333334,18844978.70152218,4069155.665144488,3904660.2,8049836.024045939,-240515.62404593872,13663886.8,22635307.760747828,4692465.839252176,3903692.683333333,8048988.908541391,-241603.5418747249
647,14308152.033333333,22851309.374395452,5764994.692271216,12878228.183333334,20645585.442784026,5110870.92388264,12149422.25,19363292.569092333,4935551.930907666,4109361.9,8286811.604754243,-68087.8047542437,14113661.433333334,22636281.644664183,5591041.222002484,4109592.4166666665,8287469.346130451,-68284.51279711816
648,14222718.466666667,22791543.648495946,5653893.2848373875,12972347.1,20865376.10999816,5079318.090001839,12093978.083333334,19279556.6714395,4908399.49522717,3901608.7333333334,7937800.357124829,-134582.89045816194,14026564.766666668,22575066.67734585,5478062.855987484,3900957.1666666665,7936823.114068136,-134908.78073480213
649,15029376.833333334,24110633.196994383,5948120.469672285,13587678.416666666,21873216.97448858,5302139.858844755,11825211.266666668,18898288.26357331,4752134.269760022,4583832.233333333,8863673.81845044,303990.64821622614,14840348.666666666,23901168.58632782,5779528.747005511,4583596.466666667,8863465.393743869,303727.5395894656
650,15778603.233333332,25619803.044892594,5937403.421774071,13817449.1,22360915.353230033,5273982.846769966,12181639.933333334,19700116.870401613,4663162.996265052,4100743.8333333335,8107049.403208673,94438.26345799398,15590248.3,25411171.319608316,5769325.2803916875,4100539.8333333335,8106920.706510376,94158.96015629033
651,16497338.5,26489301.592477493,6505375.407522505,14543079.316666666,23293576.863322336,5792581.770010997,12711705.866666667,20377127.59873382,5046284.134599514,4499358.5,8646849.553856831,351867.4461431685,16292059.7,26252321.1753438,6331798.224656198,4499321.816666666,8646828.581855232,351815.0514781005
652,16324026.566666666,26135265.14429349,6512787.989039842,14427201.933333334,22965155.62889518,5889248.237771489,12532574.166666666,20014082.846335903,5051065.486997429,4413859.9,8581291.887061507,246427.9129384947,16110488.7,25890888.494419925,6330088.905580072,4413812.6,8581233.957791645,246391.24220835418
653,16570416.4,26534466.954127107,6606365.845872894,14796346.633333333,23620570.40808573,5972122.858580936,12738358.266666668,20355939.327791765,5120777.205541571,4793468.866666666,9276414.062687047,310523.67064628564,16374915.033333333,26307625.14034099,6442204.926325677,4793299.016666667,9276254.526273577,310343.50705975667
654,15212333.433333334,24957562.720775574,5467104.145891095,13629203.633333333,22331431.523404084,4926975.7432625815,11775157.083333334,19332601.418187443,4217712.748479226,4445482.766666667,8794141.99346249,96823.53987084329,15057886.1,24780658.864667963,5335113.335332036,4445319.466666667,8794002.311251085,96636.62208224833
655,14447938.933333334,23705356.206616286,5190521.660050381,12975108.283333333,21362263.38680796,4587953.179858706,10770820.416666666,17693690.05244843,3847950.780884902,4477744.533333333,8687154.714166705,268334.3524999609,14270030.233333332,23499544.653262027,5040515.81340464,4477661.75,8687090.124654055,268233.3753459444
656,14631822.866666667,24428507.143612042,4835138.589721292,13056732.216666667,21808285.473718863,4305178.959614471,10867146.883333333,18277563.088614326,3456730.6780523397,4069798.8666666667,8029170.34032468,110427.39300865307,14471290.833333334,24245021.92368814,4697559.742978528,4067363.1,8027060.7745061545,107665.42549384572
657,14042702.4,23198352.31740091,4887052.482599089,12581317.483333332,20941854.671634935,4220780.295031732,10302586.466666667,17079564.13364891,3525608.799684426,4023274.2666666666,7887623.103542274,158925.42979105888,13884316.3,23010276.381441455,4758356.218558546,4023145.5,7887512.989725866,158778.01027413364
658,13714183.6,22507951.22755371,4920415.972446287,12382190.25,20433905.04688776,4330475.45311224,10539139.433333334,17429185.886096627,3649092.9805700416,4361715.166666667,8440484.692183405,282945.6411499283,13594001.5,22346501.350474,4841501.649526,4360961.533333333,8439837.14585336,282085.92081330623
659,13870959.066666666,22786932.649110217,4954985.484223116,12504255.416666666,20635330.0196104,4373180.813722931,10611538.333333334,17480627.110232886,3742449.556433782,4106700.3,8033817.144138189,179583.4558618106,13736066.966666667,22605529.81523666,4866604.118096672,4105918.7333333334,8033143.414296934,178694.0523697324
660,14187163.2,23243202.19841893,5131124.2015810665,12725192.25,20944170.774535157,4506213.725464844,11259666.5,18478604.404938556,4040728.5950614447,3931879.6333333333,7758668.474505979,105090.79216068797,14029038.633333333,23032558.338279568,5025518.928387096,3932109.216666667,7759004.60778529,105213.82554804394
661,15123761.5,24822515.784917284,5425007.215082716,13373244.883333333,22062082.64933344,4684407.117333224,11467662.316666666,18790642.564927123,4144682.0684062093,3644714.2666666666,7250609.476210902,38819.057122430764,14942742.833333334,24587162.271805186,5298323.394861482,3643591.3666666667,7249556.441505337,37626.29182799673
662,14633816.766666668,24166362.49721302,5101271.036120316,12902982.916666666,21407579.8443956,4398385.988937732,11106030.7,18363435.017221503,3848626.3827784946,3928052.6,7675594.862879569,180510.337120431,14478635.566666666,23949030.31353104,5008240.819802292,3927913.8833333333,7675481.9611874735,180345.8054791931
663,13827616.666666666,22817759.5531658,4837473.780167531,12094364.233333332,20048233.5381282,4140494.928538463,10615728.816666666,17666689.31899559,3564768.3143377416,3365262.6333333333,6947819.036661721,-217293.76999505423,13622363.633333333,22563704.054415092,4681023.212251572,3365122.65,6947696.862615176,-217451.5626151762
664,14147641.1,23399175.616951592,4896106.583048405,12366056.633333333,20597303.756182484,4134809.5104841804,10466838.033333333,17354281.485119004,3579394.5815476617,4037923.066666667,7845533.13733484,230312.99599849386,13960321.466666667,23169139.68234232,4751503.250991015,4037608.4166666665,7845270.182303019,229946.65103031462
665,14923771.866666667,24646147.27880325,5201396.454530081,13040072.2,21669428.104429826,4410716.295570174,11051253.516666668,18295027.076733522,3807479.956599815,3966836.8,7638276.966779675,295396.6332203238,14698880.9,24329150.031260848,5068611.768739153,3966268.216666667,7637789.7808155995,294746.65251773456
666,14047198.733333332,23187889.651899204,4906507.814767463,12351134.4,20486723.690152485,4215545.109847516,10767436.166666666,17818214.375883225,3716657.9574501077,3839768.066666667,7394646.81462675,284889.3187065846,13940741.733333332,23038163.19140317,4843320.275263496,3838109.5166666666,7393218.319349987,283000.7139833458
667,14341473.433333334,23925020.62793634,4757926.238730328,12747500.133333333,21468152.53927189,4026847.7273947727,10796687.733333332,17854394.52459729,3738980.942069375,4048310.7666666666,7747564.003226856,349057.5301064779,14225141.7,23772368.800172985,4677914.599827014,4047918.15,7747228.397924236,348607.9020757638
668,13579375.166666666,22755816.700141795,4402933.633191539,12017458.016666668,20329341.650160655,3705574.3831726816,10437977.85,17356216.88709133,3519738.812908668,3749366.8,7244426.183604587,254307.41639541276,13465765.733333332,22614636.008850254,4316895.457816411,3746556.1666666665,7241994.834071409,251117.49926192453
669,13879254.733333332,23019899.55181525,4738609.914851414,12232643.366666667,20460557.85802083,4004728.8753125034,10662009.566666666,17608938.295886427,3715080.8374469075,4229135.666666667,8091341.255886485,366930.0774468491,13739568.033333333,22834106.56092438,4645029.505742284,4228934.066666666,8091169.311689332,366698.8216440012
670,14408144.233333332,23901170.491885632,4915117.974781033,12818183.733333332,21440695.729536798,4195671.737129867,11077595.816666666,18186760.561479345,3968431.071853987,4023355.7333333334,7811196.028622594,235515.43804407353,14108575.633333333,23439641.350042615,4777509.916624051,4023256.3666666667,7811111.040797531,235401.69253580272
671,14876355.266666668,24814122.73386208,4938587.799471255,13148233.95,22183462.512222867,4113005.387777131,10889233.7,17868857.289388046,3909610.1106119547,3954897.966666667,7762956.247212824,146839.68612050917,14615673.0,24416798.364743046,4814547.635256952,3954762.8333333335,7762840.126694452,146685.53997221543
672,14340168.1,23869449.89118067,4810886.308819326,12897693.716666667,21680130.85265239,4115256.580680944,10871117.666666666,17895311.435698148,3846923.897635185,3249362.3333333335,6351575.476283923,147149.19038274372,14089806.833333334,23502192.07177722,4677421.594889447,3247759.3,6350188.247877635,145330.3521223641
673,14364843.1,23911665.593566284,4818020.606433714,12764045.95,21384789.272457913,4143302.627542084,10281757.3,16996894.019419566,3566620.5805804366,3120423.6333333333,6154502.4023031285,86344.8643635381,14131006.0,23567884.33779333,4694127.662206668,3120157.6333333333,6154272.43010667,86042.8365599974
674,13682077.133333333,22965020.25621443,4399134.010452237,12246825.216666667,20700911.735511582,3792738.6978217512,9735694.733333332,16289044.78726599,3182344.679400674,3190577.6333333333,6396584.52733163,-15429.26066496363,13435972.533333333,22572467.865092713,4299477.201573953,3190058.55,6396133.61530433,-16016.515304330736
675,12634041.466666667,21260871.778830316,4007211.1545030177,11390934.55,19415270.502657533,3366598.597342467,8780039.516666668,14476198.150449496,3083880.8828838393,3220847.466666667,6399717.709421482,41977.22391185118,12387483.766666668,20853054.26712691,3921913.2662064247,3220738.7666666666,6399623.45124397,41854.0820893636
676,12271624.5,20743142.84474033,3800106.155259667,10966151.316666666,18813027.13786242,3119275.4954709103,8838268.883333333,14671682.877386145,3004854.8892805213,3115853.3666666667,6175758.4431707505,55948.29016258335,12049174.9,20371654.437624432,3726695.3623755686,3115515.8666666667,6175466.051843196,55565.681490136776
677,13000312.933333334,22157118.587285783,3843507.279380884,11502365.45,19721873.105945863,3282857.794054134,9440478.833333334,16047485.763720877,2833471.9029457895,2979748.066666667,5896994.213216729,62501.92011660477,12711859.766666668,21648697.08230378,3775022.451029554,2979530.283333333,5896805.697477188,62254.86918947892
678,13782889.333333334,23241471.39767901,4324307.268987661,12121623.633333333,20492818.520461947,3750428.746204719,10067677.216666667,16953603.445516773,3181750.98781656,2908318.933333333,5665779.824165486,150858.04250117997,13446087.6,22616725.117961124,4275450.082038876,2907668.283333333,5665219.4097694885,150117.15689717745
679,14410326.6,23824464.01979763,4996189.180202367,12581691.766666668,20766633.402457733,4396750.130875603,10603260.633333333,17425369.627298016,3781151.6393686496,2924176.6666666665,5689201.7954601105,159151.5378732225,14034878.933333334,23091859.14914471,4977898.717521958,2923989.1666666665,5689040.591255765,158937.74207756808
680,13815382.666666666,22870172.998823695,4760592.334509639,11912390.283333333,19689707.193546157,4135073.373120509,10466161.083333334,17258938.681059837,3673383.4856068287,2894765.7666666666,5580353.615113219,209177.91822011396,13452782.166666666,22148543.399519637,4757020.933813693,2893833.8833333333,5579553.746216299,208114.0204503676
681,13398501.5,22043697.105956633,4753305.894043367,11603707.533333333,19049675.895152517,4157739.171514149,10830397.15,17861528.8843991,3799265.4156008987,3047285.1,5973826.017663417,120744.18233658234,13089422.466666667,21457915.81641929,4720929.116914046,3046430.8333333335,5973087.773558095,119773.89310857188
682,13498207.333333334,22047505.791426267,4948908.8752404,11742427.466666667,19211329.810821783,4273525.122511551,10844389.95,17941114.169033203,3747665.7309667943,3154575.2333333334,6304464.595445771,4685.871220895555,13231461.1,21580812.33164455,4882109.868355447,3154407.15,6304320.871981548,4493.428018451668
683,13128735.0,21660239.30424477,4597230.69575523,11577694.316666666,19160740.585369054,3994648.0479642777,10785811.6,17987201.391668208,3584421.8083317913,3439399.6333333333,6617003.155369331,261796.11129733548,12815522.866666667,21120196.840144332,4510848.893189003,3284740.5833333335,6439133.457309535,130347.70935713267
684,13427129.466666667,21987997.913790375,4866261.019542959,11759679.366666667,19275981.160313636,4243377.573019699,11076046.633333333,18357509.41898647,3794583.847680196,3155523.033333333,6356714.484212207,-45668.417545540724,13076124.633333333,21403573.760071553,4748675.5065951105,3155378.716666667,6356589.4795092875,-45832.04617595393
685,13835761.466666667,22701690.885027852,4969832.048305482,12168182.733333332,20010729.345565937,4325636.1211007275,11416774.483333332,18786174.07228642,4047374.8943802444,3347667.3,6549299.913500465,146034.68649953464,13495460.866666667,22169615.661221325,4821306.072112007,3343864.566666667,6546013.499903902,141715.63342943136
686,14023068.066666666,22799657.200104643,5246478.93322869,12583829.483333332,20562544.661768258,4605114.304898406,12046308.55,19562378.11216059,4530238.987839411,3191184.6333333333,6367540.3312307745,14828.935435892083,13715641.7,22319355.531689886,5111927.8683101125,3190939.5,6367328.749440961,14550.250559039414
687,14211171.933333334,23134737.453404926,5287606.413261741,12721772.983333332,20866940.147379864,4576605.8192868,11945348.433333334,19487506.233755838,4403190.632910829,3525311.7,6894181.319035193,156442.08096480742,13940733.633333333,22724371.557763502,5157095.708903162,3523648.3833333333,6892746.672943559,154550.0937231076
688,13826772.833333334,23196193.35907681,4457352.307589859,12497353.366666667,21086978.597469356,3907728.1358639784,11932378.183333334,20232086.37595899,3632669.990707676,3071386.466666667,6000359.744858168,142413.18847516552,13542753.533333333,22788150.25137818,4297356.815288486,3070285.3666666667,5999413.828610383,141156.90472294996
689,13642175.0,23003587.059050024,4280762.940949975,12276776.016666668,20762428.27621528,3791123.7571180537,11878268.216666667,20043733.136360668,3712803.296972666,2901362.4,5697837.748961136,104887.05103886453,13371573.333333334,22616806.940343224,4126339.7263234444,2900360.9833333334,5696972.3058561925,103749.6608104743
690,13094820.166666666,22023972.63784869,4165667.69548464,11767667.633333333,19787578.36372965,3747756.9029370174,11623028.783333333,19585200.728503786,3660856.8381628795,3112595.6333333333,5981364.310733175,243826.9559334917,12808889.666666666,21625195.337334886,3992583.9959984478,3111600.8,5980516.188402597,242685.4115974023
691,13036663.166666666,22022345.882428907,4050980.4509044252,11652479.366666667,19685478.629959602,3619480.1033737324,11150935.85,18743297.075790897,3558574.6242091022,3221770.4,6142136.397964541,301404.40203545894,12765224.1,21639542.2440449,3890905.9559550993,3221378.5833333335,6141803.168577345,300953.9980893219
692,12489290.5,21130231.948321044,3848349.0516789537,11160827.433333334,18873736.389047116,3447918.477619553,10559018.516666668,17912594.55583641,3205442.4774969267,3109329.033333333,5899029.325276842,319628.74138982454,12232325.166666666,20765440.73754139,3699209.5957919434,3108889.183333333,5898654.819573909,319123.5470927567
693,13091539.666666666,22076343.316562477,4106736.0167708546,11990724.9,20334150.381413467,3647299.4185865335,11462850.45,19352704.303117976,3572996.596882024,3265735.1666666665,6262350.010721507,269120.32261182694,12884632.4,21767305.612287126,4001959.1877128724,3265213.433333333,6261903.391209347,268523.4754573195
694,13177537.466666667,22177494.300792396,4177580.6325409394,12036051.816666666,20350901.085693654,3721202.547639678,11142992.433333334,18853563.64940053,3432421.2172661396,3968042.5,7778377.029350063,157707.97064993763,12980568.533333333,21888985.47167869,4072151.5949879754,3967751.6,7778127.366621515,157375.83337848494
695,13331757.866666667,22448736.447929855,4214779.285403479,12337290.616666667,20914842.75912431,3759738.4742090255,11365076.516666668,19285619.33360643,3444533.6997269075,3827027.1333333333,7539423.270909118,114630.9957575486,13116920.666666666,22147537.562143564,4086303.771189766,3826909.4833333334,7539317.1137681175,114501.85289854882
696,12766096.666666666,21725678.539818555,3806514.793514775,11679296.033333333,20017771.614995882,3340820.4516707864,10980303.666666666,18690802.67358935,3269804.6597439833,3174750.0,6310988.808137505,38511.191862494685,12577531.6,21446233.67768603,3708829.522313973,3171763.05,6308410.085575778,35116.014424222056
697,12208555.233333332,20846514.734942548,3570595.731724119,11106094.966666667,19074852.190304317,3137337.743029018,10367037.316666666,17781401.124940738,2952673.5083925957,2969645.7666666666,5940693.968869533,-1402.4355362001806,12023391.033333333,20576102.569265738,3470679.49740093,2969453.066666667,5940533.632982444,-1627.4996491097845
698,12249831.666666666,21000280.08272083,3499383.250612501,10947703.666666666,18933474.568382896,2961932.7649504365,10090635.566666666,17483919.282624472,2697351.85070886,2521800.7666666666,4892568.683974003,151032.8493593298,12021980.366666667,20663137.910464033,3380822.8228693027,2516510.0833333335,4887952.493211197,145067.67345546978
699,12170479.366666667,20951051.085806318,3389907.6475270186,10912792.466666667,18966710.19073095,2858874.742602382,9918542.716666667,17352171.471246704,2484913.962086628,2591091.8333333335,4941593.600096926,240590.06656974088,11895109.2,20554939.37466961,3235279.025330389,2590645.6666666665,4941192.858072888,240098.47526044492
700,12009919.733333332,20793445.305825077,3226394.160841586,10706141.7,18664667.927059207,2747615.4729407905,9879704.483333332,17309290.964023907,2450118.0026427573,2679158.066666667,5049285.648466347,309030.48486698745,11773170.166666666,20430309.205430955,3116031.1279023793,2679084.65,5049221.679978407,308947.6200215928
701,12370625.1,21302784.446259372,3438465.7537406255,11013705.933333334,19113281.236070544,2914130.6305961255,9994980.083333334,17375705.298126325,2614254.8685403448,2667626.3,5064152.994059863,271099.6059401366,12069378.7,20869454.539529882,3269302.8604701143,2667372.4,5063937.875864761,270806.9241352384
702,11761332.2,20470924.327877294,3051740.0721227042,10388182.95,18235443.959228303,2540921.940771695,9456674.85,16660311.043786,2253038.656213998,2179061.1666666665,4091744.1452740654,266378.18805926736,11544281.233333332,20141103.837606445,2947458.629060218,2177618.9833333334,4090511.1555951973,264726.81107146945
703,11866826.166666666,20627145.337911572,3106506.99542176,10375142.466666667,18193636.404477794,2556648.528855541,9727611.383333333,17076436.251173735,2378786.515492931,2367732.066666667,4414525.478155633,320938.6551777008,11623567.566666666,20243384.60544151,3003750.527891822,2367557.1,4414374.596274677,320739.60372532345
704,11996219.0,20814267.430521116,3178170.569478886,10580311.783333333,18496875.014714703,2663748.5519519644,9997299.466666667,17448240.18547607,2546358.7478572642,2363555.966666667,4498165.283421256,228946.6499120784,11754541.333333334,20444079.18834196,3065003.4783247076,2362905.5,4497604.584519416,228206.4154805839
705,12655763.733333332,21478112.953631364,3833414.5130352993,11234260.133333333,19223030.017991226,3245490.2486754395,10952229.233333332,18839666.99520931,3064791.4714573547,2361067.6666666665,4505734.8673371915,216400.465996142,12460677.833333334,21184201.681989305,3737153.984677363,2360851.7333333334,4505544.380624312,216159.08604235481
706,13328655.7,22190430.27859697,4466881.121403027,11917719.15,19992727.54186277,3842710.7581372308,11485591.116666667,19410799.1638818,3560383.0694515314,2912469.066666667,5930508.286343692,-105570.15301035857,13146827.066666666,21934164.701419853,4359489.431913478,2912294.45,5930362.15472135,-105773.25472135004
707,13146054.133333333,22007629.312268615,4284478.954398053,11805547.783333333,19958966.57152027,3652128.9951463956,11566509.716666667,19508830.773087956,3624188.6602453785,2764461.8,5675860.651464192,-146937.05146419303,13005610.4,21815863.042495094,4195357.757504905,2763712.966666667,5675208.977015637,-147783.04368230375
708,13299228.1,22198298.14791721,4400158.052082786,11894259.533333333,19952163.792591948,3836355.2740747184,11870823.583333334,19865808.21860918,3875838.9480574867,2507558.1,5337321.960721753,-322205.7607217524,13142234.866666667,21973012.542726804,4311457.190606531,2499626.033333333,5330115.787857218,-330863.7211905513
709,13250869.933333334,22140081.389391646,4361658.4772750195,11854159.316666666,19956148.471874624,3752170.1614587065,11915404.983333332,19972201.49184972,3858608.4748169435,2692334.3,5431023.935622221,-46355.335622220766,13097731.533333333,21929795.51757601,4265667.549090659,2688749.1,5427874.711437084,-50376.511437083595
710,13439332.8,22678563.935980354,4200101.664019648,12103015.8,20589011.857636303,3617019.742363699,11609450.75,19676831.531566717,3542069.968433284,2621701.0,5304988.984428742,-61586.98442874197,13300625.666666666,22492826.347510524,4108424.98582281,2619984.6666666665,5303484.847241122,-63515.51390778925
711,12696751.233333332,21622077.265255913,3771425.20141075,11393772.6,19520587.491956532,3266957.7080434663,11113632.883333333,19108648.832958784,3118616.933707881,3030928.8666666667,6018505.961866587,43351.771466745995,12557626.766666668,21426133.404858835,3689120.1284745,3024387.9,6012770.70539657,36005.09460342955
712,12845022.133333333,21354015.428913854,4336028.837752812,11630873.483333332,19532919.48689863,3728827.479768035,11135452.75,18688791.206165902,3582114.2938340995,2925996.4,5849981.560301039,2011.2396989609115,12623310.366666667,21025800.8290259,4220819.904307434,2925491.3833333333,5849539.102043666,1443.6646230011247
713,12871985.566666666,21550707.909131475,4193263.224201858,11715975.15,19889879.07647013,3542071.2235298716,10740839.683333334,18077878.41045142,3403800.9562152484,3132917.7,6226856.921991063,38978.47800893709,12690905.666666666,21295137.07832686,4086674.2550064716,3126801.783333333,6221493.759984074,32109.806682592258
714,12132607.933333334,20577236.36599382,3687979.500672845,11054556.933333334,18966946.063174058,3142167.8034926085,10181665.966666667,17313552.617639646,3049779.3156936895,2823171.4,5844064.556110768,-197721.75611076783,11998401.8,20380019.060297348,3616784.539702653,2818582.0833333335,5839973.105029799,-202808.9383631316
715,11593790.566666666,19625524.08738704,3562057.0459462916,10398227.016666668,17773600.7700277,3022853.2633056343,10195789.283333333,17366808.7157164,3024769.850950267,2756276.7,5878108.5580097325,-365555.1580097326,11460751.9,19432171.881596737,3489331.918403263,2756188.3,5878025.735518743,-365649.13551874366
716,12157838.966666667,20413323.513126925,3902354.420206409,10938604.633333333,18657247.360533483,3219961.9061331833,10391953.416666666,17518786.32077398,3265120.5125593524,2717929.1333333333,5738692.358090268,-302834.09142360184,12032059.833333334,20236595.929403424,3827523.7372632427,2717824.3833333333,5738595.1419443395,-302946.3752776724
717,12364628.566666666,20862441.693280123,3866815.440053208,11180949.016666668,19117899.49396955,3243998.5393637875,10529189.316666666,17811558.048005745,3246820.585327588,3170354.033333333,6510342.709239345,-169634.6425726791,12235301.933333334,20685000.459986802,3785603.406679865,3169872.533333333,6509916.554350971,-170171.48768430483
718,12789349.2,21652707.132141583,3925991.267858414,11459041.55,19779374.05928948,3138709.040710519,10652191.466666667,17917631.971926577,3386750.961406758,3013510.3666666667,6284752.746058567,-257732.01272523403,12663793.766666668,21480701.09982059,3846886.4335127436,3013156.7333333334,6284433.887693927,-258120.42102725944
719,14220975.166666666,23626325.414378796,4815624.918954536,12924288.583333334,21815553.178262085,4033023.988404585,11337418.15,18835559.097271245,3839277.202728755,3680029.033333333,7607331.54891434,-247273.4822476739,14090678.433333334,23448120.235860266,4733236.630806401,3679753.6333333333,7607087.262658412,-247579.99599174457
720,13370192.533333333,22570222.023675628,4170163.0429910384,12445807.933333334,21139499.39298161,3752116.473685058,10779778.25,17840132.1576226,3719424.342377397,2881545.033333333,6621926.821304769,-858836.7546381028,13234192.133333333,22385297.62317907,4083086.643487593,2881383.75,6621785.731413332,-859018.2314133318
721,12708912.5,21206710.945318222,4211114.05468178,12003070.266666668,20057801.891999945,3948338.641333392,10624285.4,17538039.66760654,3710531.13239346,2802174.933333333,6472948.591352046,-868598.7246853798,12570425.466666667,21016044.15650452,4124806.7768288124,2797110.05,6468359.661281401,-874139.5612814017
722,12680268.6,21244428.774634067,4116108.4253659323,11839734.2,19883598.74385221,3795869.6561477883,11269065.4,18620123.58122142,3918007.2187785804,2851158.1333333333,6662336.939896443,-960020.6732297763,12551829.633333333,21057856.47087969,4045802.795786975,2850680.6666666665,6661908.363077305,-960547.0297439718
723,12079611.6,20176178.787506457,3983044.412493542,11375469.933333334,18998506.00615412,3752433.860512548,10955380.733333332,18110720.628844958,3800040.837821708,3031087.7333333334,6680056.385508608,-617880.9188419408,11946005.066666666,19990058.010989837,3901952.1223434936,3028746.4,6677964.052234111,-620471.2522341111
724,12872532.533333333,21264533.59062303,4480531.476043638,11935301.95,19709855.554332815,4160748.3456671825,11162851.316666666,18261886.61164578,4063816.0216875523,2805240.5,6361556.515940273,-751075.5159402736,12742275.833333334,21084498.750905313,4400052.915761357,2803739.0166666666,6360208.5212303735,-752730.4878970399
725,12872945.366666667,21347459.012359295,4398431.720974039,11966346.4,19859747.633183956,4072945.1668160455,11047405.0,18204712.882924404,3890097.117075596,2865685.533333333,6331243.559299851,-599872.4926331844,12726071.0,21140765.088111125,4311376.911888873,2865123.3833333333,6330741.914296832,-600495.1476301653
726,11526088.5,19012098.11691708,4040078.8830829207,10766337.166666666,17840089.0307262,3692585.3026071303,10177077.85,16744938.474396758,3609217.2256032424,2851970.3,6289171.377624292,-585230.7776242923,11355604.033333333,18766204.010655016,3945004.0560116526,2851478.5166666666,6288734.947459124,-585777.9141257904
727,11688570.333333334,19324376.39818549,4052764.2684811773,10898298.1,18107714.833449434,3688881.366550564,9846893.133333333,16244390.898507083,3449395.368159583,2948383.1333333333,6222544.840303585,-325778.5736369183,11522880.333333334,19077830.736564904,3967929.9301017616,2948236.8666666667,6222416.108503807,-325942.3751704735
728,12097135.666666666,20168139.09671597,4026132.2366173584,11386684.116666667,19091587.703824632,3681780.5295087043,9774452.666666666,15968438.879726108,3580466.453607225,3066669.8333333335,6270705.574148805,-137365.9074821379,11942280.633333333,19945845.622859858,3938715.6438068068,3066386.6333333333,6270458.935521632,-137685.66885496536
729,12522882.2,20672994.38490208,4372770.015097919,11616660.233333332,19271861.235065028,3961459.231601635,9808317.733333332,15757985.043291908,3858650.4233747562,3105903.3333333335,6102309.374656145,109497.29201052152,12337454.466666667,20408516.91212394,4266392.021209394,3105212.9,6101713.163048256,108712.63695174363
730,12288166.1,20248138.13925004,4328194.06074996,11376434.816666666,18807939.238057353,3944930.395275982,10270979.65,16493592.24354494,4048367.056455061,2953529.5,5813199.452195302,93859.54780469788,12125311.066666666,20011655.68935268,4238966.443980653,2952150.783333333,5812007.939018043,92293.62764862366
731,12014214.6,19664966.253082123,4363462.946917876,11119891.666666666,18223958.46792456,4015824.8654087707,10481125.983333332,16875943.866400182,4086308.1002664827,2854988.6666666665,5520711.702435957,189265.63089737576,11844461.866666667,19422404.355040357,4266519.378292979,2854285.85,5520108.5280389115,188463.17196108866
732,11563888.866666667,19025908.459681865,4101869.2736514695,10696200.55,17673122.01461582,3719279.0853841836,10590674.65,17151847.225668,4029502.0743320026,2713974.1666666665,5224899.614408973,203048.71892436035,11395394.033333333,18786046.050606243,4004742.016060424,2711853.3833333333,5223075.45812896,200631.30853770673
733,11903268.066666666,19567776.329289664,4238759.80404367,11032643.15,18118619.595536977,3946666.7044630237,10419643.566666666,16836006.853898183,4003280.2794351503,2629412.066666667,5014141.872403363,244682.26092997054,11676739.366666667,19208894.7452289,4144583.988104433,2628731.95,5013560.800173312,243903.09982668748
734,12816401.333333334,21120478.806156993,4512323.860509674,11743770.15,19288914.891165964,4198625.4088340355,10449516.95,16812959.07735244,4086074.8226475567,2613271.033333333,4958144.238881376,268397.8277852903,12671945.133333333,20927291.73966615,4416598.527000515,2597492.2666666666,4943721.075691846,251263.457641487
735,11033157.5,18109532.82173371,3956782.1782662915,10230435.033333333,16783876.89052691,3676993.176139758,9734643.283333333,15597079.242242288,3872207.3244243776,2621184.2666666666,5000631.849734709,241736.68359862408,10907790.9,17928256.439516924,3887325.3604830783,2620749.283333333,5000260.037432342,241238.52923432458
736,10441532.8,17171576.821460743,3711488.77853926,9629097.516666668,15835463.221089996,3422731.8122433396,8747539.816666666,14074383.380919602,3420696.252413731,2648542.933333333,4992673.171201567,304412.69546509907,10305305.066666666,16974639.016539976,3635971.1167933578,2647228.7333333334,4991552.303404123,302905.1632625442
737,10755658.033333333,17782729.524598252,3728586.5420684153,9801845.183333334,16172060.971085465,3431629.3955812026,8842360.733333332,14505810.823607806,3178910.643058859,2570216.8,4828794.0561672235,311639.54383277614,10617236.466666667,17584399.77864785,3650073.1546854833,2569562.2,4828237.367588596,310887.0324114044
738,11111901.2,18569333.577364773,3654468.822635228,10003447.0,16601323.827698514,3405570.172301485,8990550.233333332,14902361.166640157,3078739.300026508,2591176.433333333,4837669.269228119,344683.5974385468,10973440.133333333,18365551.24923201,3581329.0174346576,2590282.5833333335,4836911.037546085,343654.12912058225
739,10715800.033333333,17407617.73024085,4023982.336425813,9566226.233333332,15560205.492816582,3572246.9738500817,9271525.216666667,15134428.563533857,3408621.869799476,2602190.0,4805904.627846179,398475.3721538214,10566012.266666668,17180664.699109524,3951359.8342238124,2602131.3833333333,4805855.310370391,398407.45629627584
740,10538586.433333334,17150293.484099925,3926879.3825667426,9436654.15,15402457.244397938,3470851.0556020625,9284905.45,15178647.212899622,3391163.687100378,2494990.1666666665,4612703.611582715,377276.72175061796,10393327.266666668,16933771.942675844,3852882.5906574903,2494820.65,4612565.765878126,377075.53412187425
741,11123791.9,18270084.640277326,3977499.1597226746,9867971.383333333,16175070.015694557,3560872.750972109,9098713.716666667,14932967.286277885,3264460.147055449,2453494.7333333334,4503509.9648919245,403479.50177474227,10996247.2,18092899.917858154,3899594.482141847,2453406.1666666665,4503439.163199349,403373.1701339835
742,10013926.9,17077034.195401255,2950819.6045987457,9020537.0,15451176.68324513,2589897.31675487,9153462.283333333,15456784.215197055,2850140.3514696117,1965544.4333333333,3639873.9814913007,291214.88517536595,9899546.133333333,16918816.440288194,2880275.826378471,1964951.8333333333,3639376.7908310257,290526.8758356406
743,10331922.733333332,17043869.544919983,3619975.9217466805,9120917.783333333,15023326.649441514,3218508.917225153,8366460.183333334,13738946.052803766,2993974.3138629002,2060711.6333333333,3795323.0510125174,326100.2156541492,10218585.1,16880297.6488109,3556872.5511890994,2057350.6166666667,3792494.3228951497,322206.9104381837
744,9270772.366666667,15095165.202472687,3446379.5308606476,8299089.2,13625504.977005716,2972673.422994285,7826086.483333333,12960868.055899156,2691304.9107675105,1972151.5333333334,3681342.88256397,262960.18410269707,9134905.733333332,14887627.582512278,3382183.884154386,1971624.3,3680935.05283172,262313.54716828
745,9652207.333333334,15655122.622346269,3649292.044320399,8713870.95,14229569.814613014,3198172.085386984,8118526.583333333,13291658.796076559,2945394.3705901084,2108954.8333333335,3922766.1604384286,295143.5062282381,9518656.433333334,15447107.367787242,3590205.498879425,2108694.433333333,3922544.6239670683,294844.2426995982
746,10426840.333333334,17061054.87135502,3792625.7953116465,9397362.4,15497492.119270217,3297232.680729785,9179125.366666667,15078045.24316586,3280205.4901674744,2283804.566666667,4168385.149725502,399223.9836078319,10287420.5,16856699.638881486,3718141.361118514,2283456.7,4168107.5180572486,398805.8819427518
747,11203351.833333334,18411431.077042285,3995272.5896243835,10005669.266666668,16435328.856832176,3576009.6765011577,9026756.783333333,14879638.174157634,3173875.392509031,2304233.7,4192866.0855131056,415601.314486895,11078556.366666667,18242946.979527913,3914165.7538054194,2303546.566666667,4192302.4184014294,414790.7149319046
748,10759107.166666666,17590694.372562565,3927519.960770769,9497063.516666668,15573732.861892134,3420394.171441201,9389902.483333332,15425182.389011243,3354622.5776554216,2471968.3,4486097.587497535,457839.01250246423,10624866.8,17403269.622108564,3846463.9778914386,2471845.3333333335,4485993.51842992,457697.14823674713
749,10275632.833333334,16757911.835039513,3793353.8316271547,9106857.866666667,14879154.133340767,3334561.5999925677,9654798.416666666,15803053.899161896,3506542.9341714364,2345202.5,4305302.699320039,385102.3006799617,10132415.966666667,16555252.848376475,3709579.0849568592,2345004.3,4305134.690609621,384873.9093903785
750,10113418.166666666,16520022.059614524,3706814.273718809,9017087.583333334,14794442.44586147,3239732.720805197,9789832.65,16024995.321557526,3554669.9784424743,2820232.3333333335,5127501.707377699,512962.9592889678,9963570.6,16303740.171934355,3623401.0280656433,2820097.4166666665,5127386.35506507,512808.47826826293
751,9445817.033333333,15216404.336951453,3675229.729715213,8486052.75,13713407.207493331,3258698.2925066696,8739396.35,14226624.31890129,3252168.38109871,2791738.0,5068804.930046089,514671.06995391054,9312196.9,15012806.37144184,3611587.4285581615,2791745.3333333335,5068809.026295239,514681.6403714274
752,10076794.933333334,16439937.142825915,3713652.7238407526,9047673.45,14751465.097980369,3343881.8020196306,9571587.133333333,15710113.650878014,3433060.6157886516,2492213.3333333335,4531970.027129926,452456.6395367407,9955171.833333334,16262858.097249005,3647485.569417662,2491628.3,4531476.383534646,451780.2164653535
753,9605103.866666667,15523399.101019893,3686808.6323134406,8551061.883333333,13790944.525467109,3311179.241199556,9118426.55,14769465.658925235,3467387.441074766,2544841.533333333,4603122.593313984,486560.47335268254,9466388.266666668,15305263.299864005,3627513.23346933,2544925.783333333,4603190.804974228,486660.76169243874
754,9869469.266666668,16017579.651240826,3721358.8820925104,8774648.95,14181556.926360168,3367740.97363983,9714472.05,15714964.148130687,3713979.9518693145,2667654.1333333333,4810292.413603458,525015.853063209,9710450.5,15760212.288071817,3660688.711928183,2668438.1666666665,4810944.306850322,525932.0264830114
755,10673006.166666666,17718994.235974684,3627018.097358646,9464111.3,15630493.586447956,3297729.0135520454,9876714.983333332,16309116.024739133,3444313.9419275317,2383073.9,4425792.337608521,340355.4623914792,10534113.666666666,17517301.051842183,3550926.2814911483,2382217.1,4425064.1386202965,339370.0613797039
756,10691535.066666666,17747463.16391187,3635606.969421463,9581089.766666668,15874939.691770524,3287239.841562812,10080957.15,16529248.074458007,3632666.225541995,2376130.0,4437845.384613084,314414.61538691656,10550587.6,17534458.52386398,3566716.6761360187,2375512.6,4437319.952104208,313705.24789579236
757,9527402.566666666,15108864.574956955,3945940.5583763774,8451806.483333332,13372422.629169133,3531190.3374975333,8902679.683333334,14102950.408132073,3702408.9585345937,2867384.7666666666,5145564.42104334,589205.1122899926,9289534.066666666,14705469.496286158,3873598.6370471753,2867210.2666666666,5145415.594773212,589004.9385601212
758,9897930.866666667,16008815.551032953,3787046.1823003814,8783906.9,14113353.348872432,3454460.4511275683,8942975.616666667,14318048.087802336,3567903.145530998,2494718.6666666665,4666800.659709882,322636.67362345103,9749711.0,15764564.73204101,3734857.2679589894,2494605.35,4666703.683611638,322507.0163883623
759,10533111.833333334,17212561.528331444,3853662.1383352242,9311463.283333333,15132001.471673634,3490925.0949930316,9150317.283333333,14748704.64806857,3551929.918598097,2573028.3,4776711.245118553,369345.3548814473,10365495.666666666,16937616.483356133,3793374.849977198,2572927.216666667,4776624.973197399,369229.4601359349
760,10151256.133333333,16420302.352122717,3882209.914543948,9126980.183333334,14739597.572102878,3514362.794563788,9159354.35,14883803.286713526,3434905.4132864727,2446058.533333333,4509176.888557931,382940.17810873524,9942429.366666667,16086985.621017314,3797873.1123160208,2433135.3333333335,4497802.675019337,368467.9916473301
761,11072734.433333334,17936761.346003287,4208707.520663381,9882662.5,15973540.991237909,3791784.0087620914,10239878.066666666,16623925.340163268,3855830.7931700656,2426587.8333333335,4523505.53771415,329670.12895251694,10720862.666666666,17377954.55735343,4063770.7759799017,2426261.033333333,4523227.202824535,329294.8638421318
762,10355366.766666668,16551046.726383626,4159686.8069497086,9167562.933333334,14607172.087374896,3727953.7792917704,9006235.833333334,14452031.880066969,3560439.7865997003,2427526.7333333334,4464888.859389388,390164.607277279,10105463.966666667,16168815.342118565,4042112.5912147686,2425680.9833333334,4463325.229182737,388036.7374839296
763,9914807.566666666,15810502.297707971,4019112.8356253607,8910136.583333334,14240562.228054754,3579710.9386119135,9427719.3,15259039.572606254,3596399.027393748,2369472.6333333333,4392205.3669664115,346739.89970025513,9619745.333333334,15356707.43484422,3882783.231822448,2369949.1666666665,4392606.783630916,347291.54970241734
764,10390078.3,17063922.630830236,3716233.9691697657,9337279.633333333,15378080.133070692,3296479.1335959723,9382753.683333334,15214456.9586301,3551050.4080365673,2307620.1,4338049.233311274,277190.96668872586,10133943.233333332,16692535.00597034,3575351.460696324,2313307.033333333,4342920.111711591,283693.95495507563
765,10887207.1,17867757.038057864,3906657.1619421365,9902662.783333333,16392696.364028001,3412629.202638665,8740882.0,14104189.838554285,3377574.1614457145,2396864.9,4462654.479087468,331075.32091253134,10662539.233333332,17562409.69927516,3762668.7673915047,2394322.45,4460494.039874243,328150.8601257582
766,10828952.0,17597898.964063838,4060005.0359361637,9767299.35,15958153.490011776,3576445.2099882234,8886556.816666666,14421882.05057544,3351231.582757892,2048718.4,4133292.6918585915,-35855.89185859193,10472457.5,17084029.5302438,3860885.4697562,2047733.4833333334,4132429.9808338247,-36963.0141671577
767,11192141.566666666,18063625.77903918,4320657.35429415,10002414.6,16185373.48281389,3819455.71718611,8839523.066666666,14320021.368098106,3359024.7652352275,1994696.2,4005465.565693019,-16073.165693019051,10882172.9,17603372.017222915,4160973.782777086,1980940.0833333333,3992391.9062603405,-30511.739593674196
768,9155691.1,14665088.801351925,3646293.398648074,8225236.116666666,13179409.048176702,3271063.1851566304,8391585.85,13793486.450602617,2989685.249397383,1913197.3666666667,3914220.1367423176,-87825.40340898419,8906592.166666666,14245459.851314265,3567724.482019067,1903027.9833333334,3905222.2493908657,-99166.28272419912
769,8372044.0,13746173.5161906,2997914.4838094013,7413177.183333334,12127260.808324425,2699093.5583422426,7906605.833333333,13259916.740819164,2553294.9258475034,1234888.3,2501289.037445261,-31512.437445260817,8038015.566666666,13168119.257651549,2907911.875681785,1234312.3833333333,2500783.789959595,-32159.02329292847
770,9383644.666666666,15600212.907425476,3167076.425907856,8299105.933333334,13696442.54151075,2901769.3251559176,8710385.05,15120196.44157564,2300573.6584243607,1194865.6333333333,2357522.5277878363,32208.73887883057,9049352.766666668,14984982.198157672,3113723.335175663,1194457.4833333334,2357166.094022994,31748.87264367286
771,11628378.133333333,19713968.65950581,3542787.607160855,10224796.733333332,17186168.164560724,3263425.30210594,9544091.516666668,16787033.921307996,2301149.112025341,1230294.4666666666,2486716.8799722986,-26127.94663896528,11353900.733333332,19233008.282284617,3474793.1843820484,1226833.5833333333,2483673.7237766553,-30006.557109988993
772,9667693.866666667,16224784.856574152,3110602.8767591817,8555783.8,14212119.540290026,2899448.0597099755,8747666.416666666,15174073.9299093,2321258.903424033,1164113.6,2375830.2965724478,-47603.0965724478,9425653.833333334,15768696.234054362,3082611.4326123055,1163147.3833333333,2374980.9000804042,-48686.13341373787
773,10118620.2,16965529.693835527,3271710.706164471,8928328.483333332,14852200.906900946,3004456.059765718,9183933.566666666,15638645.153408248,2729221.979925086,1295476.2,2624975.690219748,-34023.290219747694,9872138.666666666,16513370.846255459,3230906.487077873,1295278.0166666666,2624798.63793071,-34242.60459737666
774,9220914.6,15151876.293821964,3289952.906178034,8121830.45,13216490.930540256,3027169.969459744,8014111.183333334,13440719.106079798,2587503.260586869,1268489.6333333333,2469372.189308827,67607.07735784003,8962452.866666667,14671081.570895057,3253824.162438276,1209125.4333333333,2412444.687971125,5806.1786955418065
775,9978423.433333334,16582834.645221267,3374012.2214453993,8926873.783333333,14830227.045155656,3023520.521511011,8172512.0,13694707.215674309,2650316.784325691,1199941.6333333333,2378271.5302759223,21611.73639074457,9796135.266666668,16267997.093431802,3324273.4399015326,1199515.1833333333,2377900.0899058525,21130.276760814246
776,10078052.866666667,16689897.412497252,3466208.320836083,8990846.383333333,14925111.072380405,3056581.6942862608,8509266.766666668,14207886.397455879,2810647.1358774565,1241063.5,2450326.9120644936,31800.087935506133,9904501.933333334,16408928.49820093,3400075.3684657356,1240540.8833333333,2449872.234899992,31209.531766674714
777,7915085.966666667,13153682.961516794,2676488.9718165398,7083708.283333333,11759148.305481726,2408268.26118494,6681489.383333334,11186668.745494537,2176310.0211721314,1170474.4666666666,2333612.9629324265,7335.970400906866,7756645.566666666,12879155.112321204,2634136.0210121293,1169287.15,2332579.00024317,5995.299756829627
778,8480184.066666666,14339451.649263563,2620916.48406977,7467366.916666667,12582039.026309114,2352694.807024221,7703932.7,13026863.31556509,2381002.084434909,1426525.4666666666,2863672.4965094137,-10621.563176080585,8317557.366666666,14076100.876312772,2559013.8570205607,1426001.1333333333,2863214.275587403,-11212.00892073661
779,9567630.533333333,16152738.134255558,2982522.932411109,8492505.883333333,14309948.640679121,2675063.1259875437,8327998.383333334,13791256.970683664,2864739.7959830035,1393374.5666666667,2725631.9029374146,61117.23039591871,9356582.866666667,15799204.665177554,2913961.0681557804,1378283.6333333333,2711691.990748084,44875.275918582454
780,8661405.266666668,14469923.543476298,2852886.9898570357,7705177.916666667,12836500.545140922,2573855.288192411,8357802.166666667,13889678.300950125,2825926.03238321,1295162.5666666667,2551569.1588519895,38755.974481343525,8517361.733333332,14238389.960387126,2796333.5062795393,1295148.35,2551556.977213949,38739.722786051454
781,8672861.1,14355986.595524708,2989735.6044752914,7678917.633333334,12676672.083974201,2681163.1826924672,8267254.5,13822533.163113995,2711975.8368860055,1211621.3333333333,2373527.8842729963,49714.782393670175,8520903.333333334,14117661.120723417,2924145.545943251,1210924.6833333333,2372923.9937569406,48925.37290972611
782,8513978.3,14083607.619760789,2944348.9802392134,7659611.966666667,12658255.697518686,2660968.2358146477,8154315.45,13527378.542786065,2781252.357213934,1251715.1666666667,2444514.9760429217,58915.35729041207,8376036.633333334,13871902.802930176,2880170.463736492,1250747.25,2443678.270605349,57816.229394650785
783,8248027.566666666,13339505.623022692,3156549.5103106406,7225306.166666667,11672011.37380984,2778600.9595234925,7806506.6,12656508.778079797,2956504.4219202036,1255096.0,2349199.9565796377,160992.04342036252,8085717.866666666,13073121.772552574,3098313.9607807584,1099156.9333333333,2170125.985963323,28187.880703343777
784,9285690.033333333,15277053.374077506,3294326.692589159,8195783.716666667,13550537.19045551,2841030.242877824,8562417.666666666,14118927.60223487,3005907.731098461,1268017.1666666667,2479010.285632018,57024.04770131572,9095589.266666668,14972995.311325692,3218183.2220076425,1267308.1333333333,2478396.686194407,56219.580472260015
785,9937064.0,16606771.764957547,3267356.235042453,8767383.283333333,14786960.003147082,2747806.563519584,9326767.6,15790203.605513923,2863331.5944860764,1265144.4666666666,2472644.517001925,57644.41633140808,9754181.1,16340696.910734441,3167665.289265559,1260971.3333333333,2469020.561612628,52922.10505403858
786,10643154.2,17909286.220139008,3377022.1798609914,9396126.333333334,15924702.153406005,2867550.5132606626,9696268.683333334,16482086.003977548,2910451.362689118,1352451.3666666667,2663214.0427807765,41688.690552556654,10454913.766666668,17634750.155960944,3275077.3773723915,1351864.2166666666,2662709.9355436484,41018.49778968468
787,11140304.5,18572393.880298123,3708215.119701878,9775480.933333334,16378960.496649671,3172001.370016995,10971555.516666668,18178919.15153158,3764191.8818017542,2054955.7,4425707.646547982,-315796.24654798186,10930448.2,18260780.69876291,3600115.701237091,2054850.3333333333,4425616.420028516,-315915.75336184935
788,11166601.133333333,18698890.51999861,3634311.7466680575,9884242.95,16634144.70372155,3134341.19627845,11338619.633333333,18844333.81833797,3832905.448328696,1646506.3,3354948.804149765,-61936.20414976496,10966677.2,18393462.64753559,3539891.752464409,1646063.2833333334,3354565.819023465,-62439.25235679769
789,10356604.566666666,17052204.72437526,3661004.4089580737,9190330.166666666,15167601.119408479,3213059.213924853,10440918.366666667,17271051.93162916,3610784.8017041767,1579896.9,3166632.3325072546,-6838.532507254509,10124326.2,16688724.473797435,3559927.9262025636,1579125.05,3165874.626267759,-7624.526267758803
790,10146196.7,16861337.172022715,3431056.2279772824,8914134.683333334,14856818.342263538,2971451.024403129,10413635.966666667,17314076.984013982,3513194.9493193505,1946190.2333333334,4132432.970546762,-240052.5038800952,9899148.066666666,16466942.004083954,3331354.12924938,1945882.9666666666,4132271.934931176,-240506.00159784243
791,11088211.133333333,18334819.91987975,3841602.3467869153,9725608.5,16054471.698863849,3396745.301136152,10864150.0,18073796.706955202,3654503.293044797,2333742.433333333,5030544.410928432,-363059.54426176567,10897441.466666667,18045347.06095185,3749535.8723814813,2330570.0,5027679.048132654,-366539.04813265475
792,10463321.466666667,17231076.890899472,3695566.0424338635,9268861.416666666,15190273.720008705,3347449.113324628,10606862.566666666,17561061.744703338,3652663.388629997,2546063.933333333,5462160.661095465,-370032.79442879837,10305225.466666667,17017075.99291894,3593374.9404143943,2545378.4,5461554.032779636,-370797.2327796356
793,9615835.5,15859672.977425836,3371998.022574163,8594289.266666668,14113863.27593289,3074715.2574004456,9839346.816666666,16332208.809917321,3346484.8234160114,2293557.7333333334,4753480.073453497,-166364.60678682989,9481918.966666667,15673827.04043878,3290010.892894553,2291570.1666666665,4751716.581335171,-168576.2480018381
794,10361073.066666666,17404572.54075964,3317573.59257369,9130870.533333333,15169388.85229214,3092352.2143745283,9887470.316666666,16586186.15867437,3188754.4746589623,2286954.066666667,4750123.271458507,-176215.13812517282,10220707.4,17220323.09426804,3221091.705731962,2286453.533333333,4749612.391438738,-176705.32477207202
795,9778620.066666666,16383004.24820529,3174235.8851280427,8813937.283333333,14662235.6110165,2965638.9556501657,10216265.65,17093081.226850476,3339450.0731495237,1761331.6,3558349.634007238,-35686.4340072379,9661445.466666667,16214920.789573405,3107970.1437599277,1760907.7,3557594.441465495,-35779.04146549525
796,11622073.8,19107719.873493295,4136427.7265067073,10472325.5,17027493.84380516,3917157.1561948387,10234712.5,16912784.569817152,3556640.430182847,1857129.2333333334,3791051.6973611414,-76793.23069447442,11479595.266666668,18919070.146731514,4040120.3866018197,1855262.9333333333,3789279.17933168,-78753.3126650129
797,11129103.533333333,18531475.15485634,3726731.9118103264,10011868.233333332,16495525.364602616,3528211.102064049,9616968.033333333,16039106.269536283,3194829.7971303845,1103245.8333333333,2248592.55345661,-42100.886789943324,10915378.733333332,18190877.341249973,3639880.1254166914,1102475.8333333333,2246474.4967300147,-41522.83006334817
798,11620986.066666666,19011129.63576078,4230842.497572553,10469238.15,16971078.038141463,3967398.261858537,10081922.716666667,16910607.50447143,3253237.928861906,1142584.9666666666,2340772.3239837037,-55602.390650370624,11412362.866666667,18697662.59260426,4127063.1407290725,1136178.25,2334884.0208774814,-62527.520877481205
799,11533639.3,19280451.636115234,3786826.963884766,10109330.15,16672194.411203224,3546465.8887967756,10026806.6,16807180.36366915,3246432.8363308497,1234404.8333333333,2588114.657878711,-119304.99121204414,11412259.533333333,19123700.06007376,3700819.006592906,1234098.9666666666,2588022.877726711,-119824.94439337775
800,9946666.766666668,16659640.761953458,3233692.771379876,8812754.816666666,14636972.787892533,2988536.8454407994,9164288.7,15444376.50564425,2884200.894355748,992954.6666666666,1999764.8340978404,-13855.500764506985,9800419.733333332,16446845.584212456,3153993.882454208,965526.3666666667,1974343.084220036,-43290.35088670254
801,10342760.6,17223183.839434423,3462337.360565576,9273303.15,15321998.462468397,3224607.837531603,9236357.233333332,15660904.46748408,2811809.9991825847,885273.6666666666,1806240.7481342428,-35693.41480090958,10205789.966666667,17038879.20091088,3372700.7324224506,884726.7833333333,1805718.1629323158,-36264.596265649074
802,9903625.666666666,16547032.851253841,3260218.482079491,8978101.883333333,14897379.164804028,3058824.6018626373,8890038.283333333,15070553.587268911,2709522.979397755,857646.1,1736045.3522637784,-20753.152263778495,9767197.533333333,16342550.886968534,3191844.179698133,857394.2166666667,1735802.9891590285,-21014.555825695046
803,10213598.633333333,17080201.69615329,3346995.570513374,9095501.133333333,15079401.37135691,3111600.8953097556,9161460.283333333,15488771.304312903,2834149.262353763,920897.9333333333,1841998.2823418686,-202.41567520203535,10046032.7,16813088.720945686,3278976.6790543143,920349.4833333333,1841532.495877122,-833.5292104553664
804,9727215.3,16182116.790702142,3272313.8092978587,8828879.716666667,14620352.066917503,3037407.3664158303,8676032.033333333,14672394.963876968,2679669.102789698,792536.1666666666,1586259.425339106,-1187.092005772749,9597290.933333334,15974118.530997625,3220463.3356690425,792339.2666666667,1586095.9132941437,-1417.3799608103
805,10836797.3,18066072.208197087,3607522.3918029163,9647350.616666667,15964527.14903659,3330174.0842967443,9210693.083333334,15689947.430809047,2731438.7358576218,1193390.7,2643128.661441182,-256347.2614411821,10620352.533333333,17693037.079210214,3547667.9874564502,1193134.0833333333,2643228.3602638356,-256960.19359716936
806,10600095.4,18257894.493382484,2942296.306617519,9338411.7,15969249.75843038,2707573.641569617,9218623.416666666,15952084.0989917,2485162.7343416316,846566.4,1693514.1604646225,-381.36046462261584,10465975.466666667,18058477.08392698,2873473.849406354,846042.7,1693033.738345917,-948.3383459171746
807,10250639.233333332,17231120.739568047,3270157.727098617,9194894.95,15370755.227833983,3019034.672166015,9095644.633333333,15578792.463052124,2612496.803614541,996086.9666666667,2042254.7515266198,-50080.81819328654,10068190.2,16934739.365030628,3201641.034969371,997559.2833333333,2043560.1543429694,-48441.58767630288
808,10378306.5,17044242.525324073,3712370.4746759264,9298278.15,15179421.491396828,3417134.808603173,9168136.55,15287365.561130557,3048907.538869445,1416471.2666666666,3134605.4133657627,-301662.88003242924,10220944.7,16793816.955143385,3648072.444856612,1415140.3333333333,3133398.046421118,-303117.3797544518
809,10373217.066666666,17227932.81334482,3518501.3199885134,9291203.083333334,15346632.425976545,3235773.7406901233,9042536.316666666,15098066.744159415,2987005.8891739165,1147314.9333333333,2428204.630836716,-133574.76417004946,10192338.9,16945339.09917783,3439338.70082217,1146858.5166666666,2427980.0349693233,-134263.00163599034
810,9907934.7,16331405.09292241,3484464.3070775885,8731532.166666666,14306647.955231452,3156416.3781018797,8920245.266666668,14818637.285346992,3021853.247986342,1320391.0333333334,2855273.999540765,-214491.93287409795,9711841.566666666,16013290.480595559,3410392.652737773,1322579.65,2862453.0233207033,-217293.7233207035
811,9978634.633333333,16285542.524997624,3671726.741669042,8969123.283333333,14593129.486911137,3345117.0797555298,8925118.5,14899926.053258821,2950310.9467411786,1385725.9666666666,2975622.6194505193,-204170.6861171862,9809040.133333333,16027243.275524832,3590836.9911418334,1384324.8166666667,2974162.0501831365,-205512.41684980318
812,9990319.966666667,16087952.439259421,3892687.4940739125,9050389.7,14517953.938169176,3582825.4618308228,9397213.733333332,15400031.874768857,3394395.591897809,1377025.7,2995328.1976113813,-241276.79761138163,9849842.3,15885161.52819631,3814523.071803691,1376226.3666666667,2994429.1619994743,-241976.42866614112
813,9914079.833333334,15897893.106962953,3930266.559703715,8932976.75,14255093.774711683,3610859.7252883175,8964958.633333333,14639863.119545905,3290054.1471207608,1373798.5,3009644.7269758685,-262047.7269758687,9749230.666666666,15655319.096888673,3843142.2364446605,1371196.0666666667,3007105.131412745,-264712.9980794117
814,9707515.5,15753678.127838215,3661352.872161785,8746773.033333333,14133959.059157599,3359587.0075090667,8930698.066666666,14682286.308858009,3179109.824475324,1343730.3333333333,2903709.652022817,-216248.98535615043,9544302.666666666,15505759.265124418,3582846.068208915,1344662.1333333333,2908242.0501130745,-218917.78344640764
815,11694399.766666668,19402142.804874383,3986656.728458951,10546087.5,17402427.697266497,3689747.3027335014,9776738.583333334,16377837.87017252,3175639.2964941477,1334507.5,2898871.5325984256,-229856.53259842563,11508498.366666667,19113497.812593013,3903498.9207403213,1371551.2,2935347.741023498,-192245.34102349821
816,12537746.8,20475496.377358917,4599997.222641084,11568151.05,18821697.064470656,4314605.035529345,10679583.95,17678537.767378762,3680630.132621238,1291240.9333333333,2827846.8643581374,-245364.99769147043,12369198.766666668,20241071.419160724,4497326.1141726095,1290555.5166666666,2827048.582583483,-245937.54925014963
817,11785806.533333333,19176523.783650093,4395089.283016575,10741553.133333333,17373876.96106453,4109229.305602136,10579276.566666666,17220720.89955893,3937832.233774402,1536201.0666666667,3123224.105929776,-50821.97259644279,11630962.866666667,18960192.081977908,4301733.651355426,1535978.2166666666,3123006.363497745,-51049.930164411664
818,11972924.833333334,19390007.93887939,4555841.727787278,10904732.866666667,17628437.650781892,4181028.082551442,10689312.016666668,17520413.345964093,3858210.6873692414,1440106.5,2969206.0701527316,-88993.07015273185,11749686.933333334,19085770.49697005,4413603.369696617,1439998.7333333334,2969043.4968585866,-89046.03019191953
819,11488028.3,18721235.801437646,4254820.798562356,10548650.266666668,17108675.831767317,3988624.701566019,10592979.916666666,17327163.695144653,3858796.1381886797,1210158.7333333334,2298255.747902003,122061.71876466367,11349209.066666666,18536697.180465113,4161720.9528682185,1209288.6833333333,2297200.3838073732,121376.98285929346
820,10907226.433333334,18083450.191484693,3731002.6751819747,9917821.533333333,16329796.833067581,3505846.2335990863,10416141.866666667,17206082.413023364,3626201.3203099705,1138924.2,2197050.8946294617,80797.50537053845,10785951.633333333,17915207.923759002,3656695.3429076644,1138866.65,2197027.7493775613,80705.55062243855
821,11167702.466666667,18395978.17302354,3939426.760309794,10247088.116666667,16830369.927201305,3663806.3061320307,11034867.8,18057512.32432322,4012223.2756767822,1330315.4,2823337.858638606,-162707.058638606,11027013.933333334,18204084.771444295,3849943.0952223735,1322221.1333333333,2816116.2217064076,-171673.955039741
822,10317962.866666667,16925726.232127964,3710199.501205368,9401913.05,15349988.918738123,3453837.1812618794,9327328.166666666,15361445.553930536,3293210.779402796,1262475.5666666667,2768418.4371850113,-243467.30385167804,10174645.6,16715297.287453867,3633993.9125461327,1262267.4666666666,2768228.42846178,-243693.49512844672
823,10355641.3,16668713.519547042,4042569.080452961,9446119.6,15142348.130507715,3749891.069492284,8622512.466666667,14350783.741053551,2894241.192279781,899221.7,1758832.3970746868,39611.002925313194,10236601.933333334,16507126.106633108,3966077.76003356,898840.75,1758536.4187006194,39145.08129938063
824,8960387.9,15191809.094691336,2728966.7053086637,8089607.35,13671114.012457429,2508100.6875425708,8485767.783333333,14290897.509078354,2680638.057588312,536335.8333333334,939019.8662642523,133651.8004024144,8866859.033333333,15056118.42613136,2677599.640535307,535682.4,938476.8165122671,132887.98348773288
825,9016103.4,15217811.354552247,2814395.445447753,8203801.216666667,13817347.919487668,2590254.5138456654,8730997.7,14585498.382445324,2876497.0175546734,586821.4,1016760.9975596273,156881.8024403727,8929089.266666668,15094718.132746704,2763460.400586632,596072.2333333333,1025227.9988787164,166916.46778795018
826,9581789.8,15846457.604808128,3317121.995191874,8642489.8,14264006.290864665,3020973.3091353355,9056955.133333333,15036869.340351826,3077040.92631484,554713.0666666667,966909.4309742447,142516.70235908858,9460445.4,15678976.463386074,3241914.336613926,554323.6833333333,966583.852247788,142063.5144188787
827,9164397.7,15438990.533370592,2889804.866629406,8225211.733333333,13834683.404062267,2615740.0626043985,9082055.8,14988584.769279301,3175526.8307207013,602084.9333333333,1043847.4427484389,160322.42391822778,9050596.933333334,15270677.092007507,2830516.7746591605,602466.3666666667,1044167.8062282183,160764.92710511514
828,9672375.266666668,16099259.022099216,3245491.5112341186,8765096.183333334,14560711.541730035,2969480.824936631,9453078.566666666,15612356.966026582,3293800.16730675,468012.7,855107.3153351238,80918.08466487622,9558741.166666666,15933424.624295242,3184057.709038089,467321.23333333334,854522.5002374547,80119.96642921207
829,9986553.133333333,16398762.073958907,3574344.1927077593,9072503.833333334,14889200.053923707,3255807.6127429605,10593811.716666667,17235941.28917322,3951682.144160115,730301.8,1423948.2414919706,36655.35850802949,9852855.4,16206885.120667847,3498825.679332154,728966.8666666667,1422806.7441998092,35126.98913352424
830,10800868.633333333,17571913.24067439,4029824.025992275,9895202.883333333,16036398.210033495,3754007.5566331698,10455811.533333333,16926987.1404275,3984635.9262391673,629133.4666666667,1184711.5095578488,73555.42377548455,10663663.233333332,17374487.38558839,3952839.081078277,628273.0333333333,1183973.266086781,72572.80057988584
831,10534059.3,16991583.235893544,4076535.3641064577,9589759.583333334,15393370.83595428,3786148.3307123873,10057961.483333332,16226925.255351704,3888997.7113149604,813295.6666666666,1473015.570905874,153575.76242745924,10403957.966666667,16809472.880982578,3998443.052350754,810564.7166666667,1470699.172439036,150430.2608942974
832,10684006.7,17250469.554752823,4117543.8452471755,9777890.1,15697473.73523444,3858306.46476556,10686201.75,17180380.239065137,4192023.2609348632,849928.8666666667,1702194.0406063297,-2336.307272996404,10556079.866666667,17066830.8262053,4045328.907128034,849782.0166666667,1702053.221524404,-2489.1881910705706
833,9971226.933333334,15877333.82956598,4065120.0371006867,9156488.5,14544477.340605583,3768499.659394418,9870920.866666667,15737868.894713059,4003972.8386202753,1662688.7666666666,3975404.764019624,-650027.2306862907,9824098.333333334,15675911.905176442,3972284.761490226,1662434.0166666666,3975174.348691073,-650306.3153577396
834,10730431.733333332,16904342.416176267,4556521.050490398,9967570.6,15659604.603011064,4275536.596988936,10701931.7,17145964.743867125,4257898.656132874,1576368.6666666667,3841505.13630398,-688767.8029706462,10583919.133333333,16700011.264330138,4467827.002336529,1576303.8833333333,3841443.7649036646,-688835.998236998
835,10411692.333333334,16396703.342134617,4426681.324532052,9640053.816666666,15125603.864343468,4154503.7689898647,10483515.75,16758538.627535427,4208492.872464573,1439162.2333333334,3344292.609947392,-465968.1432807252,10277078.933333334,16216585.820855713,4337572.045810955,1438836.7,3343976.583245279,-466303.1832452789
836,9924730.3,15730425.303035002,4119035.2969649984,9091149.116666667,14327055.677682355,3855242.5556509783,9590502.633333333,15733586.74019982,3447418.5264668474,955957.3666666667,2015944.2744363334,-104029.54110300005,9796506.066666666,15560267.958311845,4032744.175021488,955771.5333333333,2015753.0178385787,-104209.9511719119
837,9498005.733333332,15194306.654876702,3801704.8117899625,8758582.7,13933084.08132282,3584081.3186771777,9671046.6,15823263.489120832,3518829.7108791675,1158407.2333333334,2571661.8175228424,-254847.3508561754,9393941.5,15050681.17906367,3737201.8209363297,1157870.2,2570625.118640923,-254884.71864092327
838,10984902.133333333,17399995.80488439,4569808.461782278,10217149.283333333,16104972.805921968,4329325.760744699,10366070.7,16765210.981918175,3966930.4180818237,837399.5333333333,1527547.2514717844,147251.81519488222,10877340.8,17256290.571707055,4498391.028292946,830238.3666666667,1521336.4086595643,139140.32467376895
839,11194051.133333333,17676497.316338975,4711604.950327691,10280029.683333334,16142556.88594221,4417502.480724458,10663870.633333333,17171922.89600653,4155818.3706601374,848860.1,1537666.369810109,160053.83018989093,11087664.666666666,17536584.956766926,4638744.376566406,848388.25,1537270.587762864,159505.91223713593
840,11198144.233333332,17676477.766496502,4719810.700170161,10323723.416666666,16205489.112230971,4441957.721102361,10702410.483333332,17226688.0111616,4178132.9555050656,1525590.9666666666,3240035.2828264795,-188853.3494931464,11067942.766666668,17506864.496604845,4629021.03672849,1525009.3333333333,3239520.465325224,-189501.7986585577
841,10163670.533333333,16123311.99909251,4204029.067574156,9312243.666666666,14739672.486167043,3884814.8471662896,10305791.85,16662127.614163894,3949456.085836104,1203717.4666666666,2722960.031961493,-315525.09862815985,10050971.3,15967410.681590773,4134531.9184092283,1202507.5166666666,2721872.5872712596,-316857.5539379264
842,11184138.866666667,17782192.478189882,4586085.255143453,10255864.85,16200284.738943623,4311444.961056376,10517894.85,17084169.499865025,3951620.200134972,1212593.6333333333,2700007.3374991044,-274820.0708324376,11066790.966666667,17630100.46717527,4503481.466158062,1212544.5666666667,2699959.799892142,-274870.66655880865
843,10920762.366666667,17395435.686368216,4446089.046965118,9995952.8,15862169.178300872,4129736.421699128,11288312.683333334,18173193.7552461,4403431.611420569,1541187.1333333333,3666544.633026786,-584170.3663601195,10829120.333333334,17280392.59425908,4377848.072407587,1540735.45,3666153.1283397935,-584682.2283397939
844,11475492.833333334,18173130.83758056,4777854.829086106,10660129.35,16824546.388649512,4495712.311350486,10523680.55,17040063.897400454,4007297.202599547,1663624.5,4123296.489151809,-796047.4891518089,11373921.333333334,18048061.549193807,4699781.117472862,1663388.4833333334,4123092.9308473705,-796315.9641807037
845,10283723.5,16105412.183031986,4462034.816968014,9493665.083333334,14846321.963237379,4141008.203429288,10740897.633333333,17112189.744140916,4369605.522525749,1698620.6666666667,4138916.4961356474,-741675.1628023137,10147292.9,15936669.753153477,4357916.046846523,1697543.85,4137954.3609856386,-742866.6609856384
846,11600190.733333332,18371552.114749126,4828829.351917539,10869089.716666667,17210116.29996341,4528063.133369922,10902010.0,17616568.91235192,4187451.0876480807,1606817.8333333333,3803643.1036157645,-590007.4369490978,11568744.433333334,18338280.099373043,4799208.767293624,1604967.4833333334,3801941.129711028,-592006.1630443614
847,10091790.233333332,15782533.90446628,4401046.562200384,9341193.066666666,14576876.276044676,4105509.8572886568,9305441.733333332,15196751.067975037,3414132.398691629,2322010.7,5906086.392352543,-1262064.9923525425,10031807.066666666,15722995.65089696,4340618.482436372,2321486.8833333333,5905600.815490292,-1262627.0488236258
848,10482423.433333334,16458078.705844956,4506768.160821712,9778816.616666667,15354912.554098226,4202720.679235107,10054108.016666668,16339288.87212241,3768927.1612109235,1780997.5666666667,4226886.735731223,-664891.6023978896,10457910.066666666,16436275.445551023,4479544.687782311,1780904.45,4226859.905177558,-665051.0051775582
849,10366145.7,16215804.955516454,4516486.444483545,9595395.65,15030462.238218945,4160329.0617810553,10550383.216666667,16622064.179983344,4478702.253349991,2279247.6333333333,5338112.031651819,-779616.7649851525,10199507.066666666,16001809.461359333,4397204.671974,2279739.466666667,5338711.068642976,-779232.1353096422
850,11237100.2,18414950.647490006,4059249.7525099916,10364085.066666666,17008018.677897118,3720151.455436215,11399815.216666667,18664081.326900553,4135549.1064327806,2105632.7666666666,5155547.957170412,-944282.4238370787,11080146.366666667,18227837.855374068,3932454.877959268,2104596.9166666665,5154638.985413577,-945445.1520802444
851,11957084.566666666,19164674.650779888,4749494.482553443,11048837.433333334,17760015.965600755,4337658.901065913,10968353.483333332,18193999.79258045,3742707.174086213,2108586.533333333,4817948.239593215,-600775.1729265493,11818251.666666666,19008304.235938787,4628199.097394543,2108081.8,4817493.638864778,-601330.0388647784
852,13185664.466666667,21459925.12882351,4911403.804509823,12170543.483333332,19843057.48508864,4498029.481578026,12511903.2,20373859.526207395,4649946.873792603,2045738.9,4382822.378948567,-291344.5789485681,13030461.633333333,21292983.13930949,4767940.127357179,2045060.85,4382257.2160172,-292135.516017199
853,13387291.1,21822979.043065168,4951603.156934829,12436157.766666668,20310284.7582977,4562030.775035634,12782885.383333333,20884349.613411915,4681421.15325475,1955276.2,4150835.513305516,-240283.1133055163,13217862.166666666,21647702.864304483,4788021.469028849,1954823.5833333333,4150449.4523932664,-240802.2857266001
854,13310573.966666667,20997439.850871764,5623708.082461568,12408269.416666666,19644014.79869624,5172524.034637094,12929041.85,20549918.23864287,5308165.46135713,1959753.2,4199885.517083394,-280379.11708339467,13158808.833333334,20841554.704329904,5476062.962336763,1959405.3833333333,4199589.106398068,-280778.3397314013
855,12842913.833333334,20624495.22112444,5061332.445542227,11959420.683333334,19283807.87334197,4635033.493324698,13424511.9,21208356.480684493,5640667.319315508,2156568.7,5106800.727580186,-793663.3275801856,12697003.933333334,20469108.344670627,4924899.521996039,2156007.3333333335,5106294.672668926,-794280.0060022594
856,13098467.633333333,20822998.321547598,5373936.94511907,12272392.266666668,19574938.026470926,4969846.5068624085,13028481.433333334,20566316.48770884,5490646.378957827,2766988.1,6713314.188625315,-1179337.9886253146,12991105.233333332,20712911.570398923,5269298.896267743,2767257.6333333333,6713558.945348565,-1179043.6786818975
857,12732667.966666667,20721667.842261557,4743668.091071778,11836729.066666666,19337503.026926048,4335955.106407287,13401669.683333334,21352801.357595433,5450538.009071235,2365152.8666666667,5814758.901747819,-1084453.1684144856,12621302.7,20601792.99822328,4640812.40177672,2364826.1333333333,5814443.953231623,-1084791.6865649568
858,13596124.4,21780810.610346746,5411438.189653255,12650255.816666666,20290928.363623507,5009583.269709827,13200697.25,21332624.654047973,5068769.845952027,2662596.7333333334,6257222.52641134,-932029.0597446733,13465228.933333334,21608260.347563922,5322197.519102746,2660788.1166666667,6255555.649752916,-933979.4164195824
859,13599428.433333334,21657292.1700257,5541564.69664097,12346147.316666666,19681969.989017658,5010324.644315675,13508246.216666667,21556130.210490383,5460362.222842951,1781873.4666666666,4118203.288295433,-554456.3549621,13455002.166666666,21460319.092592213,5449685.240741118,1781674.15,4118023.7359222476,-554675.4359222478
860,14043481.4,22191896.293841552,5895066.506158448,12915638.2,20461553.142117955,5369723.257882045,13885478.6,22188204.897124197,5582752.302875803,2154245.566666667,5125441.498942213,-816950.3656088798,13888885.2,21987011.101915985,5790759.298084011,2179551.3333333335,5149058.273216014,-789955.6065493468
861,14132746.3,22182273.743199,6083218.856801004,12960698.433333334,20409850.52016753,5511546.346499136,13538419.916666666,21626762.979644343,5450076.853688987,1689380.0333333334,3804237.0195093807,-425476.95284271403,13962242.3,21956217.630798906,5968266.9692010945,1689127.5833333333,3804015.597048575,-425760.4303819083
862,13291704.533333333,21249462.814418506,5333946.25224816,12161398.7,19518229.421744376,4804567.978255623,13193074.466666667,21318813.788971514,5067335.144361821,1594377.4666666666,3627044.610568409,-438289.677235076,13130206.266666668,21040639.756845884,5219772.776487452,1593800.4833333334,3626522.51270403,-438921.54603736335
863,13175573.8,20908303.559767213,5442844.040232788,12017106.0,19118858.25817947,4915353.741820531,13176785.8,21082836.08304718,5270735.516952821,1720398.6666666667,4078310.233460596,-637512.9001272621,13028964.066666666,20718575.896794282,5339352.23653905,1719382.95,4077470.039733596,-638704.139733596
864,13926017.633333333,22533741.998673886,5318293.267992778,12630094.066666666,20512520.017381188,4747668.115952144,13625566.25,22162048.79680852,5089083.70319148,1389484.0333333334,3140890.091244445,-361922.02457777807,13778874.266666668,22350314.480869476,5207434.052463859,1387115.1,3138767.693029331,-364537.4930293306
865,14082140.766666668,22752724.585502625,5411556.947830711,12843083.15,20857344.18533191,4828822.114668088,13861265.3,22390456.89287193,5332073.707128072,1371552.1,2977407.599013788,-234303.39901378797,13936534.2,22568565.689730275,5304502.710269723,1371101.6333333333,2977005.445413773,-234802.17874710634
866,13869728.933333334,22580479.708585076,5158978.158081593,12615360.233333332,20530893.00299289,4699827.463673774,13782754.883333333,22162050.15860197,5403459.608064695,1389534.4333333333,2960967.4717889135,-181898.60512224678,13733461.233333332,22410881.558533147,5056040.90813352,1387106.7666666666,2958804.809861717,-184591.27652838337
867,13980484.766666668,22811825.209533706,5149144.323799631,12821140.966666667,20972902.78197245,4669379.151360884,14735205.233333332,23540210.68779625,5930199.778870417,1467030.1333333333,3144663.340622538,-210603.07395587116,13849359.466666667,22650324.621819027,5048394.311514307,1466929.2666666666,3144574.2667560615,-210715.73342272826
868,14427846.866666667,23273725.478026375,5581968.255306957,13151553.333333334,21313000.37905535,4990106.287611317,14313400.016666668,23028698.958092026,5598101.0752413105,1479903.8333333333,3190641.282244605,-230833.61557793827,14285117.8,23093755.306567512,5476480.293432489,1479095.75,3189923.139578077,-231731.63957807678
869,13741316.566666666,22028884.940573808,5453748.192759525,12516317.733333332,20140039.216806762,4892596.249859903,13083845.083333334,21025406.71086366,5142283.455803007,1645601.0666666667,3336251.870446396,-45049.73711306276,13532590.1,21777790.68483505,5287389.515164949,1644166.3,3334989.886291619,-46657.28629161883
870,13585260.833333334,21826272.61548677,5344249.051179895,12411092.516666668,20090532.92224057,4731652.111092763,13237800.35,21412172.092059363,5063428.607940637,1644860.2333333334,3273500.7081642677,16219.758502399083,13379639.5,21584089.210514136,5175189.789485863,1644315.9333333333,3273026.1257788884,15605.740887778578
871,13435672.6,22468603.589327827,4402741.610672174,12278666.983333332,20731175.67737783,3826158.2892888337,13343582.233333332,22242866.459830247,4444298.006836416,1718210.2333333334,3398936.6986864232,37483.767980243545,13250528.566666666,22259382.039471664,4241675.093861667,1717365.0,3398203.9286774164,36526.07132258336
872,13132329.5,22311280.32210943,3953378.677890567,12118997.35,20777628.79958698,3460365.900413016,13635723.133333333,22892042.08326108,4379404.183405584,1499818.0666666667,3094453.381871513,-94817.24853817956,12990581.733333332,22144158.373195767,3837005.0934708994,1499086.75,3093811.3343308168,-95637.83433081675
873,14625594.366666667,24169430.71941285,5081758.013920488,13551423.983333332,22587502.974415246,4515344.9922514185,13798639.416666666,23001204.550119802,4596074.283213528,1749132.4,3425605.6017434373,72659.19825656246,14468299.933333334,23974992.264455885,4961607.6022107825,1748968.1166666667,3425463.701666494,72472.5316668395
874,13918065.633333333,23353734.91754455,4482396.3491221145,12799264.45,21562492.152639084,4036036.747360915,13061361.85,21964185.39614728,4158538.3038527165,1699296.5,3610726.904952923,-212133.9049529226,13776000.9,23181476.67389682,4370525.126103181,1698933.35,3610388.7181997476,-212522.0181997472
875,14239039.966666667,23760201.04930468,4717878.884028653,13133474.783333333,22090991.532914422,4175958.033752242,12576383.85,21254461.706988923,3898305.993011074,1719413.3666666667,3470699.5793029596,-31872.845969626214,14105393.1,23595943.31754085,4614842.882459149,1710556.0666666667,3462792.8944358733,-41680.761102540186
876,12726707.533333333,21798806.332612433,3654608.734054234,11809105.55,20408445.10949442,3209765.99050558,12198716.666666666,20412146.793888334,3985286.539444998,1887711.1333333333,3802028.912216361,-26606.645549694542,12600238.033333333,21647475.38158664,3553000.685080027,1887169.0833333333,3801556.0680354615,-27217.901368794963
877,12755523.833333334,22014022.61311219,3497025.053554479,11884404.533333333,20715184.833369426,3053624.233297238,11867606.416666666,19920248.644419856,3814964.188913475,1541035.9333333333,3389000.619676757,-306928.75301009044,12646665.033333333,21891947.173545204,3401382.893121464,1540098.75,3388159.6829231107,-307962.18292311067
878,13533454.8,22828960.316682473,4237949.283317527,12631371.733333332,21554236.351024643,3708507.1156420223,12586979.333333334,20730297.775708694,4443660.890957974,2087648.4,4762544.329560395,-587247.5295603955,13395547.9,22682761.88226658,4108333.9177334215,2087580.4,4762458.807047373,-587298.0070473724
879,13569672.8,22854741.038533024,4284604.561466977,12642118.516666668,21535817.274895415,3748419.7584379204,12800734.016666668,21092426.692169394,4509041.34116394,2167416.7333333334,4933156.789969454,-598323.3233027868,13465048.466666667,22742137.369502112,4187959.5638312194,2166835.933333333,4932635.426725208,-598963.5600585416
880,14791009.666666666,24366388.50696617,5215630.826367162,13822579.666666666,22982510.06999486,4662649.263338473,13376070.283333333,21826351.75457551,4925788.812091157,2218621.566666667,5031739.209847668,-594496.0765143349,14688409.033333333,24258334.76965972,5118483.297006946,2218117.466666667,5031288.851485366,-595053.9181520329
881,14326377.633333333,23109049.81820414,5543705.448462527,13304310.666666666,21711913.04117162,4896708.292161711,12413919.916666666,19928249.390063465,4899590.443269868,2480021.066666667,5319073.61457571,-359031.48124237685,14209199.733333332,22967475.36886529,5450924.097801374,2479689.466666667,5318781.52522679,-359402.59189345734
882,13052102.133333333,21204957.039705973,4899247.226960692,12038431.85,19753858.169249125,4323005.530750873,12157290.283333333,19567178.226691432,4747402.339975232,1772079.3333333333,3716584.876025535,-172426.2093588689,12946295.166666666,21077515.84291161,4815074.490421723,1772034.95,3716537.9093214576,-172468.0093214577
883,13521106.533333333,21972679.39925213,5069533.667414537,12533046.516666668,20504000.938381024,4562092.094952313,12314200.35,19821713.739479903,4806686.960520097,2118185.2666666666,4716593.987216413,-480223.4538830798,13403353.533333333,21832315.599158008,4974391.467508659,2117903.8,4715983.082198286,-480175.4821982868
884,13449252.266666668,21867377.91889471,5031126.614438629,12358156.666666666,20194225.64912629,4522087.68420704,12739120.75,20462378.135829136,5015863.364170863,2465318.9,5215970.077820607,-285332.27782060765,13318883.633333333,21697773.208933644,4939994.057733022,2465121.816666667,5215720.360753346,-285476.727420012
885,12998377.466666667,21162062.96997016,4834691.963363176,11988836.7,19647978.139636554,4329695.260363445,13444309.916666666,21570502.9747383,5318116.858595033,2578812.4,5460807.228608471,-303182.4286084715,12866838.366666667,21004126.99187278,4729549.741460552,2577847.7666666666,5459956.342835568,-304260.8095022347
886,12842981.866666667,21110948.31792385,4575015.415409481,11743595.55,19409587.079171717,4077604.020828286,12155636.65,20095744.77722641,4215528.52277359,2209821.466666667,4657710.056494353,-238067.12316101976,12722141.4,20962391.789089084,4481891.010910917,2216114.316666667,4663946.324654592,-231717.69132125797
887,12575602.7,20693038.604699638,4458166.795300362,11441992.25,18932617.862741314,3951366.637258688,12355890.783333333,20477553.548987985,4234228.01767868,2321441.6333333333,5017579.0267631225,-374695.76009645546,12433155.033333333,20513801.47842559,4352508.588241078,2320973.9833333334,5017163.878410856,-375215.91174418945
888,12592200.766666668,20945174.0472387,4239227.486094634,11532800.983333332,19281375.559584077,3784226.4070825875,11803406.583333334,19679224.66726153,3927588.4994051373,2214968.433333333,4929037.769723589,-499100.90305692237,12466218.866666667,20795223.661612943,4137214.0717203896,2127825.433333333,4845494.085528398,-589843.2188617322
889,12445826.066666666,20914963.335722975,3976688.7976103593,11419174.833333334,19364592.974219,3473756.692447667,11869493.8,19918797.962135747,3820189.6378642553,1953648.3,4466757.290571293,-559460.6905712925,12306382.033333333,20742548.406099997,3870215.660566671,1953264.1666666667,4466410.259939022,-559881.9266056891
890,11304147.333333334,19314861.47857137,3293433.1880952986,10357895.033333333,17835083.301511377,2880706.7651552893,12525000.95,20830381.376082927,4219620.523917073,1350237.5333333334,2774081.9853162062,-73606.91864953935,11184556.966666667,19168403.917162556,3200710.0161707764,1349675.1833333333,2773585.3147073956,-74234.94804072869
891,11752534.366666667,19628650.68992122,3876418.0434121154,10777268.716666667,18096066.858834006,3458470.5744993277,11530538.766666668,19199342.571645066,3861734.961688271,2172832.6666666665,4997755.142396922,-652089.8090635892,11619857.8,19472072.219474904,3767643.3805250973,2172782.033333333,4997697.1169246975,-652133.0502580306
892,12615853.266666668,20726372.02532546,4505334.508007877,11551572.2,19059458.563514903,4043685.8364850935,11170797.366666667,18796478.31164723,3545116.4216861073,2326652.466666667,5179234.40085423,-525929.4675208963,12457277.6,20534253.74305607,4380301.45694393,2326172.8833333333,5178697.259283438,-526351.4926167722
893,12444142.266666668,20444833.4861115,4443451.047221834,11345569.433333334,18708949.825992156,3982189.0406745113,11311201.95,19082077.169118293,3540326.7308817077,2167211.066666667,4954255.802304564,-619833.6689712303,12266461.166666666,20224874.373443753,4308047.959889579,2167163.5,4954202.330610937,-619875.3306109374
894,12781386.466666667,21136366.97885453,4426405.954478802,11651137.966666667,19378826.99481634,3923448.938516995,10982842.1,18570670.778225295,3395013.421774702,2197012.3666666667,5033976.879216945,-639952.1458836119,12610020.933333334,20925693.397291183,4294348.469375484,2196795.8833333333,5033784.680954429,-640192.9142877627
895,13239829.033333333,21609337.059891753,4870321.006774912,12088956.2,19843438.264014814,4334474.1359851835,11620824.916666666,19239561.989087157,4002087.844246176,2180900.8666666667,4997330.054240365,-635528.3209070317,13040944.833333334,21371491.037092365,4710398.629574301,2180815.5833333335,4997255.435140567,-635624.2684738999
896,14248633.833333334,23774262.97582852,4723004.690838149,13113851.666666666,22080059.670510262,4147643.662823068,11273118.933333334,18856479.670567386,3689758.196099283,2131562.7,4651916.906161297,-388791.5061612963,14062186.366666667,23539003.192010254,4585369.541323081,2131327.716666667,4651663.655062487,-389008.22172915377
897,13933606.666666666,22738799.980178658,5128413.353154674,12817897.033333333,20984619.342757087,4651174.723909579,11599653.983333332,19175799.21618192,4023508.750484746,2167291.433333333,4919945.982680792,-585363.1160141262,13796777.166666666,22567853.848252915,5025700.485080417,2167195.816666667,4919870.320356378,-585478.6870230446
898,13079652.533333333,21658867.797331974,4500437.2693346925,12014685.25,19936576.354692154,4092794.1453078445,11475073.65,19202420.77944122,3747726.520558783,2110532.433333333,4889798.339799788,-668733.4731331212,12920904.3,21473635.59483573,4368173.005164275,2110391.1166666667,4889671.211583305,-668888.9782499718
899,12291345.166666666,20273176.337301075,4309513.996032256,11144768.25,18381831.93424915,3907704.5657508494,11918762.05,19960188.183350198,3877335.9166498054,2053183.5,4712515.286612464,-606148.2866124636,12127362.766666668,20069997.292467535,4184728.2408658005,2052698.0833333333,4712100.577055605,-606704.4103889384
900,12806025.666666666,20859175.457716428,4752875.875616903,11606377.0,18920174.23421906,4292579.765780942,11849369.3,19408717.49152268,4290021.1084773205,1595599.0666666667,3208780.4486189894,-17582.315285655903,12564732.1,20549670.442055505,4579793.757944495,1595271.5166666666,3208494.776513593,-17951.743180259597
901,13589293.533333333,21971884.067322895,5206702.999343773,12361417.383333333,20005293.662611622,4717541.104055043,11293750.716666667,18558778.843738288,4028722.589595047,1522382.6333333333,2956136.09332297,88629.1733436964,13415186.833333334,21761012.057486594,5069361.609180072,1521201.0833333333,2955083.9112620796,87318.2554045869
902,12650082.0,21014524.03108424,4285639.968915759,11467300.15,19004503.650627896,3930096.6493721046,10240160.35,17389548.48685057,3090772.2131494274,1447499.6333333333,2955262.307472807,-60263.040806140285,12518368.333333334,20847912.561567318,4188824.10509935,1447315.3,2955097.8210630664,-60467.221063066274
903,12947889.166666666,21353051.514257837,4542726.819075495,11714892.066666666,19307698.768856168,4122085.364477166,10789542.55,18078120.39874024,3500964.701259762,1511476.7666666666,3062072.5994705,-39119.06613716646,12791552.766666668,21153977.16629286,4429128.367040474,1510817.8,3061495.4399328763,-39859.839932876406
904,12664112.166666666,21113469.4989717,4214754.834361633,11586264.15,19253331.917825796,3919196.382174207,10442444.65,17809599.569126815,3075289.730873187,1545791.1666666667,3223735.094970556,-132152.76163722272,12541059.633333333,20962107.19161892,4120012.0750477444,1481488.7666666666,3162121.972410788,-199144.43907745462
905,14547337.133333333,23502784.900384083,5591889.366282584,13341836.2,21541478.151431717,5142194.248568283,12342816.65,20400663.318011455,4284969.981988544,1430730.8666666667,3007848.566130596,-146386.83279726258,14404572.533333333,23324778.98583941,5484366.080827255,1430602.75,3007736.091971586,-146530.591971586
906,14251792.466666667,23184779.685603037,5318805.247730296,13090947.7,21246244.30777726,4935651.092222739,12182144.516666668,20244012.177421782,4120276.855911554,1683008.1,3513494.5413701395,-147478.3413701395,14125071.533333333,23028045.60142363,5222097.465243038,1682935.05,3513429.193872459,-147559.09387245937
907,14381441.2,23406067.364564165,5356815.035435835,13207042.7,21547599.11866032,4866486.28133968,11979206.0,20059348.870979667,3899063.1290203324,1774305.3333333333,3646547.963611983,-97937.29694531672,14193314.766666668,23176329.481335334,5210300.051997999,1773961.0666666667,3646246.920482274,-98324.78714894108
908,13999580.266666668,23010508.97002604,4988651.563307295,12753180.283333333,20959791.748563282,4546568.818103382,11873405.283333333,19930845.779505238,3815964.7871614266,1919284.2666666666,3922536.239824606,-83967.7064912729,13851234.4,22823694.662598662,4878774.137401339,1915108.6333333333,3918846.603947661,-88629.33728099451
909,12826521.033333333,20868463.89971387,4784578.166952796,11742628.266666668,19078703.085567866,4406553.4477654705,11317761.45,18609371.10961834,4026151.790381658,2061864.2333333334,4242104.62133433,-118376.15466766339,12722958.633333333,20735198.74982477,4710718.516841895,2055582.2166666666,4236573.015837724,-125408.58250439144
910,13287557.233333332,21428530.673176445,5146583.793490218,12142086.45,19555743.200186998,4728429.699813002,12158736.016666668,19540256.818908334,4777215.214425003,2300486.933333333,4760157.740314411,-159183.87364774477,13175357.8,21281966.11456163,5068749.485438372,2304071.0166666666,4763313.949677076,-155171.91634374298
911,13420514.5,21577226.377422713,5263802.622577285,12321187.55,19783936.967701897,4858438.1322981035,12477114.583333334,20106657.343338966,4847571.8233277,2385287.1666666665,4942512.120333361,-171937.78700002842,13321517.933333334,21446918.50559297,5196117.361073698,2385073.716666667,4942326.89661416,-172179.4632808268
912,13999298.333333334,22256034.052802768,5742562.613863901,12885806.466666667,20525369.107558906,5246243.825774429,13091012.616666667,20797026.6289976,5384998.604335731,2250121.466666667,4567543.920535351,-67300.98720201757,13846975.6,22075585.291718286,5618365.908281713,2249579.2333333334,4567071.834244026,-67913.36757735908
913,14041914.466666667,22412699.05833073,5671129.875002603,12901248.833333334,20623640.705457672,5178856.961208997,13193867.8,21165807.857686304,5221927.742313697,2269820.6666666665,4617081.409561726,-77440.07622839324,13913765.566666666,22251837.395321917,5575693.738011416,2268583.3666666667,4615998.433473127,-78831.7001397931
914,13845928.7,22369294.726772353,5322562.673227647,12689063.216666667,20492854.665798984,4885271.767534348,12853373.15,20837210.750384927,4869535.549615075,2488935.033333333,5081205.378284734,-103335.31161806686,13712987.866666667,22199731.775022484,5226243.958310852,2488338.783333333,5080685.989940245,-104008.42327357875
915,13621096.433333334,22069128.115494467,5173064.751172202,12367636.15,20022816.08675405,4712456.213245952,13299621.166666666,21470406.125851065,5128836.207482265,2397540.7,4891834.898409698,-96753.49840969732,13472167.033333333,21881164.900900275,5063169.165766392,2394745.933333333,4889391.6924309,-99899.82576423418
916,14049234.966666667,22971505.61252146,5126964.320811875,12736300.816666666,20820766.391671974,4651835.241661358,13620741.316666666,22281782.022428818,4959700.610904517,1758845.5666666667,3971165.615962249,-453474.4826289157,13885170.766666668,22760289.804012306,5010051.729321029,1757086.8166666667,3969592.3405054966,-455418.70717216353
917,13963371.333333334,23106645.142103083,4820097.524563583,12584595.166666666,20819177.487062424,4350012.846270906,13350643.483333332,22288856.803277127,4412430.163389536,1940832.8333333333,4442686.042168148,-561020.3755014816,13807038.633333333,22896189.83420439,4717887.432462275,1939692.4166666667,4441656.005610465,-562271.1722771314
918,13781514.266666668,22873072.926826887,4689955.606506446,12347145.2,20471559.535621572,4222730.864378427,12823137.916666666,21351301.25703655,4294974.57629678,1883145.6,4284082.036697537,-517790.8366975365,13645349.966666667,22689965.64462895,4600734.288704384,1882307.2166666666,4283327.182231432,-518712.7488980985
919,14270789.633333333,23180157.299667433,5361421.966999235,12952015.633333333,21044784.089151062,4859247.177515604,12635548.333333334,21085074.074371375,4186022.5922952928,2721496.3666666667,5656467.273443845,-213474.5401105117,14119561.633333333,22984530.065853402,5254593.200813264,2721424.716666667,5656404.464139959,-213555.0308066248
920,14271027.066666666,23048511.043191,5493543.090142334,12973007.283333333,20957075.373038907,4988939.19362776,12307556.75,20651524.446465433,3963589.053534569,2661400.7666666666,5536753.13338959,-213951.60005625663,14099204.4,22829671.975313306,5368736.824686697,2661368.5,5536728.15263738,-213991.15263738018
921,13804896.233333332,22385764.54021964,5224027.926447026,12586560.816666666,20447024.114489153,4726097.51884418,12151517.516666668,20355011.13813715,3948023.8951961836,2805149.3,5942878.257569663,-332579.65756966313,13668514.366666667,22211061.57638236,5125967.156950971,2804977.433333333,5942730.589994887,-332775.72332822066
922,13610376.1,22086413.395684928,5134338.804315073,12442349.333333334,20266151.278503545,4618547.388163125,11904613.033333333,19741211.847799815,4068014.2188668502,2804843.933333333,5930631.7072127275,-320943.8405460613,13477186.4,21919583.438828975,5034789.361171026,2804626.7333333334,5930443.240438529,-321189.7737718625
923,13830225.233333332,22456170.712955922,5204279.753710741,12624021.45,20557438.589494344,4690604.310505656,12821795.116666667,21227198.810478274,4416391.422855061,3393712.933333333,7105230.498072511,-317804.6314058448,13705610.7,22301655.94429157,5109565.455708431,3394284.716666667,7105733.0000491645,-317163.5667158305
924,13784554.9,22470371.47577143,5098738.32422857,12587433.466666667,20590856.771422893,4584010.161910442,13423019.416666666,22355606.7909043,4490432.0424290355,3389410.466666667,7100714.845523724,-321893.91219039075,13667468.566666666,22323973.064289212,5010964.0690441225,3389273.966666667,7100587.828494278,-322039.8951609442
925,14240039.266666668,23176456.45180038,5303622.081532955,12968323.066666666,21178792.70705487,4757853.426278465,14409891.9,23692462.016928785,5127321.783071216,3378158.9,7075904.093276018,-319586.2932760189,14089470.133333333,22983713.501855023,5195226.764811641,3375679.85,7073724.389948703,-322364.6899487036
926,14270103.866666667,23196592.50588382,5343615.227449514,12959538.15,21161794.987987444,4757281.312012555,14033203.2,22816688.416263174,5249717.983736824,3347547.3333333335,6994712.22875299,-299617.5620863233,14113980.866666667,22998409.9161423,5229551.817191035,3347172.0,6994382.501677077,-300038.50167707726
927,13727588.966666667,21944746.58052675,5510431.352806583,12393831.45,19889479.658123538,4898183.241876461,14056511.35,22336428.87948509,5776593.82051491,3496983.066666667,7353647.804478997,-359681.67114566313,13578647.7,21758366.34125501,5398929.058744988,3496264.4166666665,7353015.274206095,-360486.44087276235
928,13810613.566666666,21888849.737122506,5732377.396210829,12461392.25,19853535.14557551,5069249.354424492,14345449.383333333,22713569.882109627,5977328.884557037,3544937.2333333334,7421904.631588451,-332030.16492178384,13675884.833333334,21723189.943492785,5628579.723173882,3544922.85,7421887.34292952,-332041.6429295195
929,14128341.266666668,22293554.021136258,5963128.512197076,12940762.833333334,20579123.89184682,5302401.774819848,14756511.65,23270156.59644524,6242866.703554761,3990548.2,8463237.328357877,-482140.92835787684,13974757.5,22110945.84054792,5838569.159452082,3988616.7,8461521.243530236,-484287.84353023674
930,14104603.3,22383676.777717806,5825529.822282195,12969508.0,20734511.02141928,5204504.978580719,14533277.083333334,23047617.599971898,6018936.56669477,4057853.8,8576365.959248815,-460658.3592488142,13951763.3,22202535.582302697,5700991.0176973045,4057559.466666667,8576106.267963486,-460987.3346301522
931,13940946.033333333,22061871.366632238,5820020.700034427,12836883.666666666,20489229.65944018,5184537.673893154,14928463.2,23842095.11217376,6014831.287826242,4000990.6333333333,8459114.211751075,-457132.9450844093,13786061.666666666,21878375.862596065,5693747.470737269,4000896.816666667,8459031.15553562,-457237.5222022855
932,14555276.066666666,23509058.619654104,5601493.513679227,13369420.266666668,21802634.028218575,4936206.505114758,14950271.1,24313628.808966354,5586913.391033646,3644199.566666667,7427321.49363207,-138922.36029873602,14382464.5,23301225.926265694,5463703.073734308,3644159.033333333,7427285.771979249,-138967.70531258266
933,14926484.966666667,23961693.360139854,5891276.5731934775,13705492.7,22231211.601480044,5179773.798519956,14680962.366666667,23892502.525700178,5469422.207633156,3391062.7,6856048.390161638,-73922.99016163778,14784214.533333333,23783292.031046122,5785137.035620544,3390969.533333333,6855964.622911533,-74025.55624486646
934,13772939.833333334,21868862.58698842,5677017.07967825,12584241.166666666,20158648.188666433,5009834.144666898,13961228.25,22807392.162715968,5115064.337284032,3001579.6666666665,5988515.286273943,14644.047059389297,13632071.733333332,21695638.159535527,5568505.307131137,3001336.1166666667,5988293.44401779,14378.789315543603
935,13892731.833333334,21933578.900711704,5851884.765954963,12756215.383333333,20332779.02563175,5179651.7410349175,14564411.883333333,23522711.253111683,5606112.513554985,3760328.8,7713522.488733744,-192864.88873374462,13734662.666666666,21740321.004708447,5729004.328624884,3760262.2,7713465.105417302,-192940.7054173015
936,13995749.233333332,22033707.63299027,5957790.833676396,12651213.0,20047140.97030554,5255285.029694462,14126036.366666667,22864816.705014654,5387256.028318679,3898547.4,8053417.961506436,-256323.16150643583,13835216.133333333,21836641.41031629,5833790.856350377,3894969.6166666667,8050272.478915601,-260333.24558226764
937,13509425.966666667,21246561.12501291,5772290.808320424,12276500.95,19371498.73469724,5181503.165302756,13807948.6,22133420.21973311,5482476.980266888,3830733.2333333334,7884096.373648407,-222629.90698174015,13285790.7,20980038.905153766,5591542.494846233,3830893.45,7884235.668867893,-222448.7688678922
938,13895359.566666666,21988601.78058626,5802117.3527470725,12721284.116666667,20277594.31380926,5164973.919524072,13683271.433333334,22090813.997424103,5275728.869242564,3669321.7333333334,7542739.972881387,-204096.5062147202,13710801.133333333,21771381.15994504,5650221.106721623,3665208.6666666665,7539117.88923424,-208700.55590090714
939,14140400.766666668,22284163.264787942,5996638.268545393,12982668.483333332,20589057.16379748,5376279.802869185,13750015.533333333,22139818.193861783,5360212.872804884,3815638.1666666665,7825431.497234147,-194155.16390081448,14000701.0,22114054.810597844,5887347.189402155,3811607.8833333333,7821883.620733358,-198667.85406669183
940,14238185.0,22432026.452779505,6044343.5472204955,12898864.466666667,20395366.367985107,5402362.565348225,13557120.5,21826808.878674455,5287432.121325544,3561186.533333333,7215427.162998529,-93054.09633186273,14026909.966666667,22157548.458969973,5896271.474363359,3561196.1333333333,7215431.585518182,-93039.31885151565
941,13672566.966666667,21729715.14610943,5615418.787223906,12267892.016666668,19587709.30062777,4948074.732705562,13217664.116666667,21447850.112768047,4987478.120565286,2673545.0,5346763.990702223,326.0092977769673,13455916.366666667,21447721.64134749,5464111.091985843,2673312.5833333335,5346589.555030904,35.61163576319814
942,13487556.366666667,21768543.74185919,5206568.991474142,11962124.783333333,19359600.4195931,4564649.147073566,12459790.75,20511639.90014298,4407941.599857021,1841979.1666666667,3599535.3155458313,84423.01778750215,13214413.833333334,21391761.436210644,5037066.230456025,1841778.6833333333,3599368.999759454,84188.36690721288
943,12718517.366666667,19950816.523970358,5486218.209362977,11375873.933333334,17826298.810598012,4925449.056068656,13025754.983333332,20705242.75177386,5346267.214892805,2522026.466666667,4821205.722046487,222847.211286847,12456642.3,19607321.781926863,5305962.818073137,2521909.0833333335,4821079.988596346,222738.17807032028
944,14355552.233333332,22861169.554469828,5849934.912196837,12791210.666666666,20297004.134710107,5285417.198623225,13597574.65,21799954.740593933,5395194.559406069,2500422.7666666666,4773613.620633182,227231.9127001511,14071248.866666667,22492882.937315144,5649614.796018191,2500290.3,4773410.655997248,227169.94400275173
945,14740723.833333334,23605421.36372093,5876026.302945737,13163384.566666666,20989705.469455972,5337063.663877361,14353929.5,23275474.536992602,5432384.4630074,3198724.1,6456528.942329017,-59080.74232901726,14461250.1,23259027.607213344,5663472.592786655,3198200.7,6456060.855413887,-59659.455413886346
946,14594886.2,23508009.76168684,5681762.6383131575,13125160.216666667,21097275.105083905,5153045.32824943,14810266.466666667,23942923.832420357,5677609.100912979,3209500.0,6434633.699795922,-15633.69979592273,14360920.233333332,23222139.294681355,5499701.17198531,3209481.1666666665,6434595.89304799,-15633.55971465772
947,14604533.7,23368692.95514892,5840374.444851076,13158594.55,20984108.40448984,5333080.69551016,14112423.666666666,22845620.732128825,5379226.601204507,2923009.5,5688529.389252355,157489.61074764468,14366700.666666666,23084861.0708071,5648540.262526231,2919385.45,5685455.876835778,153315.02316422202
948,14181375.633333333,23102174.51780028,5260576.748866387,12718994.533333333,20711584.051298395,4726405.015368271,13234581.833333334,21966466.162714563,4502697.503952105,2450900.6,4640637.374565423,261163.82543457812,13973738.533333333,22848433.39329505,5099043.673371615,2450765.4166666665,4640622.887424801,260907.945908532
949,13369083.766666668,21604779.141176045,5133388.39215729,11900377.15,19107917.86020103,4692836.43979897,12583080.416666666,20939110.059532046,4227050.773801288,2715448.2,5235444.297723985,195452.1022760151,13169725.4,21374090.715099208,4965360.084900792,2703064.0833333335,5224455.05710538,181673.10956128687
950,13552713.4,21623538.32610382,5481888.473896178,12192837.416666666,19366688.83110682,5018986.002226515,12723482.566666666,21129602.343840696,4317362.789492635,3051226.1666666665,6127538.900582112,-25086.567248778883,13361073.433333334,21405895.711332478,5316251.15533419,3050448.8,6126846.935167797,-25949.335167796817
951,14769985.0,23721287.95827037,5818682.041729627,13405270.816666666,21517343.098938234,5293198.5343951,12770425.45,21318328.97725018,4222521.9227498155,2890684.1333333333,5694757.542161448,86610.72450521868,14607596.7,23526325.88242177,5688867.517578229,2882126.316666667,5687205.75826872,77046.87506461376
952,13721422.533333333,22292682.503983196,5150162.562683471,12475835.266666668,20275366.859328527,4676303.674004808,12844274.8,21351522.44557655,4337027.154423453,3003090.433333333,5938344.914012213,67835.952654453,13553474.1,22074329.982112173,5032618.217887826,3001569.65,5937018.601964859,66120.69803514052
953,15223754.3,24322701.535216242,6124807.064783761,13851452.75,22040973.124323875,5661932.375676124,13149481.866666667,21627695.96538376,4671267.767949574,3762154.1666666665,7715646.4297140455,-191338.09638071246,15073438.466666667,24132234.51067782,6014642.422655515,3753055.3666666667,7707650.347062136,-201539.61372880265
954,15230507.533333333,24762263.180551115,5698751.886115551,13840344.466666667,22431693.803334877,5248995.129998457,14326308.0,23348246.397061087,5304369.602938911,3840774.5,7898804.6221615095,-217255.622161509,15078299.166666666,24574958.120398797,5581640.212934535,3840710.2,7898818.786996382,-217398.38699638192
955,14885934.366666667,24209467.080188822,5562401.653144512,13441394.366666667,21763344.90583178,5119443.827501555,14033451.2,23037320.142739713,5029582.257260287,4101774.433333333,8475501.373899842,-271952.507233175,14514004.233333332,23667316.68269945,5360691.783967214,4101104.65,8474915.846563755,-272706.54656375526
956,15083878.033333333,24855491.67616696,5312264.390499705,13599490.216666667,22249383.996939406,4949596.436393928,13817365.216666667,22518242.15648544,5116488.276847897,3592922.566666667,6994142.80259827,191702.3307350641,14756239.9,24421274.72608038,5091205.07391962,3592848.1666666665,6994085.064395461,191611.2689378718
957,14832310.833333334,24646783.968930647,5017837.697736023,13386132.616666667,22085292.298340753,4686972.934992582,13809080.083333334,22739240.886915065,4878919.279751601,3820166.8333333335,7892073.140710678,-251739.47404401097,14516078.666666666,24236401.230632424,4795756.102700908,3820097.033333333,7892020.896283,-251826.82961633336
958,15226315.566666666,25119668.4875101,5332962.645823231,13716198.85,22466913.977265198,4965483.7227348015,14031173.65,22998150.770795893,5064196.529204108,3544912.3666666667,7365530.060101848,-275705.3267685147,14954718.833333334,24762899.269962534,5146538.396704132,3545601.5,7366142.933844811,-274939.9338448113
959,14871659.2,24677847.50242132,5065470.897578677,13585101.7,22434167.29068672,4736036.109313279,13897939.633333333,22614366.942470662,5181512.324196005,3980394.6,8509287.64479731,-548498.4447973096,14595918.566666666,24325552.834351934,4866284.2989813965,3980353.033333333,8509255.584699523,-548549.5180328572
960,16023488.7,26209666.53677368,5837310.863226319,14733523.183333334,24038010.046856426,5429036.31981024,14397295.666666666,23476919.267890424,5317672.06544291,3923943.2333333334,8322679.840039483,-474793.3733728165,15723099.1,25821395.063919194,5624803.136080805,3924396.4833333334,8323059.653092762,-474266.68642609566
961,15424263.833333334,25421315.782773048,5427211.883893618,14172205.516666668,23309995.66845019,5034415.364883142,13902752.066666666,22666401.49826262,5139102.635070711,4111455.7,8844899.167396624,-621987.7673966242,15112755.7,25030570.824781805,5194940.575218193,4111321.283333333,8844770.293609641,-622127.7269429751
962,14579814.133333333,24191265.4755266,4968362.791140066,13342890.016666668,22068400.059473366,4617379.973859971,13443506.45,21887183.181038506,4999829.718961494,4045509.1333333333,8597303.931538431,-506285.66487176483,14298073.866666667,23835612.731251664,4760535.00208167,4045053.716666667,8596884.325980615,-506776.8926472813
963,15256701.833333334,25252052.687432416,5261350.97923425,13964166.766666668,23043389.786652397,4884943.746680938,13718886.933333334,22577250.722474203,4860523.1441924665,3487775.566666667,7099269.861556449,-123718.7282231152,14965500.0,24878742.57319112,5052257.426808881,3487032.216666667,7098613.482614711,-124549.04928137781
964,13639526.5,22897868.72585446,4381184.27414554,12430967.966666667,20726937.182237606,4134998.751095728,12685447.033333333,21103502.564850084,4267391.501816584,3495198.8,7044287.603844438,-53890.00384443812,13361120.933333334,22541296.292671267,4180945.5739954,3494501.95,7043681.57663654,-54677.676636538934
965,14149463.666666666,23774110.681716014,4524816.651617318,13013684.216666667,21786954.67363553,4240413.759697802,14338290.966666667,23660677.27459702,5015904.658736313,3399323.2666666666,6813815.81800931,-15169.284675977193,13849175.066666666,23383950.916195236,4314399.217138095,3399246.716666667,6813775.831150426,-15282.397817092482
966,13655269.7,23196654.502367318,4113884.897632681,12354883.433333334,20873337.434731863,3836429.4319348056,13137628.633333333,21978477.041297488,4296780.225369178,3307413.1,6605053.692592157,9772.507407843135,13358184.033333333,22784937.88022288,3931430.186443789,3305782.05,6603655.832914438,7908.2670855619945
967,14142291.366666667,23668859.74961867,4615722.983714664,12866696.383333333,21392136.551164083,4341256.215502581,12692131.65,21469952.490676396,3914310.8093236033,3602991.7,7314350.532309983,-108367.13230998302,13819232.633333333,23214665.012701407,4423800.25396526,3602762.95,7314066.008823537,-108540.1088235369
968,14553112.466666667,24208274.797120675,4897950.136212656,13259105.7,21937908.118881848,4580303.281118151,13225845.083333334,21850979.445364654,4600710.721302016,4036735.7,8323478.6095924275,-250007.20959242713,14269510.466666667,23832857.439298064,4706163.49403527,4036661.533333333,8323400.8711122,-250077.804445534
969,15490658.833333334,25631041.417378053,5350276.249288613,14209586.933333334,23483648.5414465,4935525.325220166,13443489.55,22316348.875464767,4570630.224535234,3696567.3666666667,7555370.9486756725,-162236.21534233913,15202061.8,25246136.263913482,5157987.336086517,3693442.3,7552637.888019023,-165753.2880190243
970,16158639.8,26495333.297965206,5821946.302034797,14848201.633333333,24378876.35851501,5317526.908151656,13372407.533333333,21950586.486158185,4794228.580508482,3608627.9,7414559.529979549,-197303.72997954907,15872334.966666667,26147904.523273326,5596765.410060005,3603318.4,7409881.681538828,-203244.8815388279
971,14689152.366666667,24117010.229646407,5261294.503686929,13391981.5,22012469.86084177,4771493.13915823,12598962.75,20574762.67804241,4623162.821957588,3615955.3,7447043.876082262,-215133.2760822624,14377751.0,23726391.712735288,5029110.287264712,3613641.816666667,7445037.098887412,-217753.4655540781
972,15043042.733333332,24654306.32481303,5431779.141853636,13629766.6,22338901.21855573,4920631.981444269,13022759.016666668,21121158.041674994,4924359.991658341,2767553.1,5470525.948416917,64580.25158308307,14675464.766666668,24156709.014964957,5194220.518368378,2766934.0833333335,5469976.276069862,63891.89059680514
973,13787629.266666668,23105547.724456377,4469710.80887696,12446124.45,20824243.479992926,4068005.4200070705,13111481.333333334,21321455.81828353,4901506.848383136,2481822.3666666667,5002611.7878502775,-38967.05451694364,13450697.966666667,22644301.8324612,4257094.100872133,2481911.183333333,5002685.786747521,-38863.42008085456
974,13899576.233333332,23004523.718029253,4794628.748637412,12672933.083333334,20927690.21184729,4418175.954819378,12660399.3,20808408.949287053,4512389.650712949,2617432.7333333334,5154378.663658949,80486.80300771864,13630988.8,22636889.497597396,4625088.102402607,2616687.5833333335,5153732.279472491,79642.8871941762
975,12713936.7,21596688.528343543,3831184.8716564532,11401516.083333334,19296513.930340532,3506518.2363261357,11251948.516666668,18790136.89450742,3713760.1388259167,1627570.0666666667,3148906.9816656057,106233.15166772786,12436556.4,21209235.01326795,3663877.7867320497,1626891.7833333334,3148323.5099326754,105460.05673399125
976,12778733.333333334,21607918.560083255,3949548.1065834146,11505205.533333333,19345889.733268015,3664521.3333986495,11519947.683333334,19502052.435341816,3537842.931324851,1834102.1666666667,3518958.545725596,149245.78760773735,12505941.3,21217160.984396927,3794721.6156030726,1834023.5333333334,3518914.4563476257,149132.61031904095
977,12917432.266666668,21648666.112317637,4186198.4210156985,11544437.316666666,19256456.504071236,3832418.129262098,11355052.85,19027648.807620928,3682456.8923790706,2148761.6333333333,4158711.226930492,138812.0397361745,12599938.533333333,21209534.656857967,3990342.409808701,2146355.1,4156458.174648402,136252.0253515984
978,12426521.633333333,21221220.282959238,3631822.983707428,11198064.816666666,19080399.502615646,3315730.130717689,11081652.916666666,18556449.681707606,3606856.1516257273,2843478.966666667,5897289.8267707545,-210331.89343742048,12160977.8,20853574.755526997,3468380.844473006,2843428.1666666665,5897528.959099579,-210672.62576624565
979,13094664.633333333,22002008.877298985,4187320.389367681,11788619.616666667,19722514.101711057,3854725.131622278,10993820.483333332,18475095.276640534,3512545.6900261287,2437790.433333333,4864809.404438663,10771.462228002492,12795712.233333332,21577876.33409801,4013548.1325686537,2437731.5,4864726.195202313,10736.80479768617
980,12224554.733333332,20946819.569067694,3502289.8975989725,10950299.333333334,18678734.515850194,3221864.1508164722,10651445.566666666,17778854.08973065,3524037.0436026817,2147527.3333333335,4081111.756229087,213942.91043757997,11888883.4,20452509.67266739,3325257.1273326073,2152405.6333333333,4085205.7335412926,219605.533125374
981,12941825.7,21818006.61924112,4065644.780758878,11577509.3,19445624.17871519,3709394.4212848116,10829711.1,17896015.80998997,3763406.39001003,3370625.7333333334,6868305.100618538,-127053.63395187166,12581769.666666666,21295073.31024883,3868466.023084501,3370192.95,6867926.721230466,-127540.82123046555
982,13965651.5,23067985.358926162,4863317.64107384,12645268.133333333,20840685.648437195,4449850.618229473,11396648.466666667,18945623.268981766,3847673.6643515686,3300467.1,6492128.48857953,108805.71142046992,13603497.3,22584987.9558115,4622006.644188499,3300424.85,6492150.239928599,108699.4600714012
983,13983825.8,23381637.05556626,4586014.544433745,12581358.116666667,21004252.352109596,4158463.8812237363,12424663.916666666,20216126.507350683,4633201.325982647,3513563.4,7012954.3669557795,14172.43304422032,13616426.033333333,22893821.112863556,4339030.953803109,3512835.35,7012354.257773933,13316.442226067185
984,14095716.3,23703810.87460684,4487621.725393163,12697282.833333334,21398270.816317864,3996294.850348806,12461012.85,20665193.878238272,4256831.821761728,2643660.2666666666,5148732.49333443,138588.03999890294,13681697.433333334,23138697.31308341,4224697.553583255,2643563.3833333333,5148667.438475117,138459.32819154905
985,15038720.133333333,24784729.045130245,5292711.221536422,13650504.45,22496628.515342966,4804380.384657031,13405197.65,21859274.854118437,4951120.445881562,2940909.7,5599493.304289285,282326.0957107153,14622765.733333332,24207804.507040814,5037726.959625853,2942208.533333333,5600613.310908193,283803.75575847365
986,14278623.0,24053459.57266879,4503786.427331207,13059064.166666666,22056344.813499913,4061783.5198334195,12752119.233333332,20637506.423656635,4866732.043010028,2917303.033333333,5541114.99349652,293491.0731701455,13920262.966666667,23572930.00633231,4267595.927001022,2916767.1166666667,5540632.616405573,292901.6169277611
987,14293243.366666667,24114302.075965032,4472184.6573683005,13026619.983333332,22031285.94624899,4021954.0204176754,14115587.7,22734425.0889088,5496750.311091201,3093273.466666667,6002171.56485748,184375.36847585347,13958324.566666666,23675734.26625419,4240914.8670791425,3091931.3833333333,6001069.303319782,182793.4633468846
988,13724759.633333333,23563733.75061904,3885785.516047625,12526032.85,21574772.932233162,3477292.767766839,12787710.616666667,21055802.924542904,4519618.308790431,2819748.3666666667,5374776.238509195,264720.494824138,13434545.866666667,23182441.977980066,3686649.7553532682,2754534.783333333,5315719.892231699,193349.6744349678
989,13752869.466666667,23337467.817406394,4168271.115926938,12628743.483333332,21490939.660826795,3766547.305839872,12411500.466666667,20566694.4516633,4256306.481670031,2754055.2666666666,5249849.836765066,258260.69656826695,13504698.7,23029350.9607009,3980046.439299099,2753877.7666666666,5249701.172638137,258054.36069519585
990,13221706.533333333,22775991.33274118,3667421.7339254897,12022836.2,20775803.592145823,3269868.8078541737,12982879.016666668,21797474.13542849,4168283.897904845,3555667.3,7265820.267055757,-154485.66705575818,13001205.4,22503707.25279469,3498703.5472053103,3554718.05,7265379.387487149,-155943.28748714877
991,13005466.133333333,22590755.402904116,3420176.86376255,11852064.166666666,20666503.542703845,3037624.7906294893,11928932.516666668,20487084.279002808,3370780.754330529,3442853.1666666665,7070156.338749629,-184450.00541629642,12763426.3,22278665.178826317,3248187.421173686,3442220.15,7069625.948959958,-185185.64895995753
992,13865759.566666666,24139625.773482263,3591893.3598510716,12561282.916666666,21919783.845587097,3202781.987746233,12196828.216666667,20780072.153812755,3613584.2795205787,3256692.1333333333,6675675.789130818,-162291.52246415196,13593867.366666667,23783901.575539477,3403833.157793859,3257458.1,6676322.219218763,-161406.0192187624
993,13731644.133333333,23700309.76759202,3762978.499074647,12504350.783333333,21641967.410284936,3366734.156381728,12212860.55,20810729.79566396,3614991.3043360393,3205483.066666667,6596144.538755773,-185178.40542243933,13440699.9,23325133.876124468,3556265.923875533,3204032.35,6594872.733949928,-186808.03394992743
994,14452623.233333332,24358352.225337513,4546894.241329152,13274126.016666668,22455521.704847626,4092730.328485707,12858545.216666667,21715031.929864846,4002058.5034684893,2657477.566666667,5212784.178317973,102170.95501536084,14134856.933333334,23960693.203878265,4309020.662788402,2658515.3,5213682.882707937,103347.71729206294
995,13833100.8,23167246.94966131,4498954.650338691,12477982.983333332,21040206.40853043,3915759.558136234,12210543.866666667,20610352.45891825,3810735.274415085,2534083.3,4910721.884197301,157444.7158026984,13464728.433333334,22698726.182562876,4230730.684103791,2533349.6166666667,4910087.824145294,156611.4091880396
996,13587366.733333332,22799924.98696069,4374808.479705974,12228868.266666668,20633990.280977257,3823746.2523560766,12271499.183333334,20735982.7138684,3807015.652798269,2456259.2666666666,4627742.825482942,284775.7078503906,13315698.8,22457730.656129133,4173666.9438708685,2342996.433333333,4518286.777822586,167706.08884408092
997,13004661.266666668,21506167.07652218,4503155.456811154,11948334.883333333,19876500.398359515,4020169.368307152,11808212.333333334,20088921.551463228,3527503.1152034393,2749013.0,5229870.739707042,268155.26029295754,12713720.633333333,21141746.46367338,4285694.802993286,2640387.65,5126435.881720338,154339.41827966226
998,13373074.366666667,22258658.537645303,4487490.19568803,12307091.883333333,20626656.533621088,3987527.233045576,12181316.866666667,20233968.40024438,4128665.333088952,2632499.033333333,5007508.78288673,257489.28377993684,13115872.166666666,21933517.25661225,4298227.076721085,2633006.683333333,5007907.546177419,258105.82048924686
999,14634531.766666668,24104357.47132293,5164706.062010406,13505423.1,22380436.344495952,4630409.855504045,12683715.083333334,20962791.611665517,4404638.555001152,2693834.433333333,5211105.6951346565,176563.17153200926,14366625.6,23782357.683401525,4950893.516598472,2693858.3,5211132.713972396,176583.8860276034
1000,14572156.4,24390762.91038461,4753549.88961539,13417449.4,22651391.07797859,4183507.722021414,12536312.95,20944248.61016972,4128377.2898302786,2715985.4,5340579.9386035,91390.86139650038,14333589.466666667,24106911.684705395,4560267.248627938,2715234.8833333333,5339980.092772404,90489.67389426334
