x,meanNoByzantine,upNoByzantine,lowNoByzantine,meanGreyhole,upGreyhole,lowGreyhole,meanSinkhole,upSinkhole,lowSinkhole,meanSelectiveJam,upSelectiveJam,lowSelectiveJam,meanPosSpoofing,upPosSpoofing,lowPosSpoofing,meanAllAttacks,upAllAttacks,lowAllAttacks
1,571571.1333333333,1353674.3053922914,-210532.0387256248,562682.6166666667,1345037.3821912059,-219672.14885787235,568485.85,1350632.3925313104,-213660.6925313105,513979.06666666665,1296546.2982761906,-268588.1649428572,571571.1333333333,1353674.3053922914,-210532.0387256248,513979.06666666665,1296546.2982761906,-268588.1649428572
2,482850.6666666667,1155385.2614025099,-189683.92806917656,474252.95,1146942.7429095695,-198436.84290956956,483309.4166666667,1155847.595445632,-189228.7621122987,465655.23333333334,1138922.1058438679,-207611.63917720126,482850.6666666667,1155385.2614025099,-189683.92806917656,465655.23333333334,1138922.1058438679,-207611.63917720126
3,479326.3,1262592.949024886,-303940.349024886,470516.9,1253900.4936676295,-312866.6936676296,476258.13333333336,1259522.3179524322,-307006.05128576554,461707.5,1245588.4380103853,-322173.43801038514,479326.3,1262592.949024886,-303940.349024886,461707.5,1245588.4380103853,-322173.43801038514
4,757153.8333333334,1678540.2796860733,-164232.61301940645,747940.3166666667,1669774.3014970962,-173893.6681637629,758292.3333333334,1679648.0337186842,-163063.3670520176,738726.8,1661361.6280706464,-183908.02807064634,757153.8333333334,1678540.2796860733,-164232.61301940645,738726.8,1661361.6280706464,-183908.02807064634
5,503710.2,1224970.766823694,-217550.36682369414,503710.2,1224970.766823694,-217550.36682369414,503710.2,1224970.766823694,-217550.36682369414,503710.2,1224970.766823694,-217550.36682369414,503710.2,1224970.766823694,-217550.36682369414,503710.2,1224970.766823694,-217550.36682369414
6,349540.5333333333,790622.4599162422,-91541.39324957546,349540.5333333333,790622.4599162422,-91541.39324957546,349540.5333333333,790622.4599162422,-91541.39324957546,349540.5333333333,790622.4599162422,-91541.39324957546,349540.5333333333,790622.4599162422,-91541.39324957546,349540.5333333333,790622.4599162422,-91541.39324957546
7,318483.0333333333,727307.308221005,-90341.24155433837,318483.0333333333,727307.308221005,-90341.24155433837,318483.0333333333,727307.308221005,-90341.24155433837,318483.0333333333,727307.308221005,-90341.24155433837,318483.0333333333,727307.308221005,-90341.24155433837,318483.0333333333,727307.308221005,-90341.24155433837
8,351656.13333333336,741720.5164731117,-38408.249806444976,343181.5833333333,733148.285913022,-46785.11924635543,356020.5333333333,746411.0100588234,-34369.94339215674,334707.0333333333,725283.0531905217,-55868.98652385501,351656.13333333336,741720.5164731117,-38408.249806444976,334707.0333333333,725283.0531905217,-55868.98652385501
9,404020.5333333333,1007219.9319682624,-199178.86530159577,404020.5333333333,1007219.9319682624,-199178.86530159577,404020.5333333333,1007219.9319682624,-199178.86530159577,404020.5333333333,1007219.9319682624,-199178.86530159577,404020.5333333333,1007219.9319682624,-199178.86530159577,404020.5333333333,1007219.9319682624,-199178.86530159577
10,501017.2,1176050.2451493985,-174015.8451493985,491242.5,1166383.4701381992,-183898.47013819928,501602.88333333336,1176646.7273600546,-173440.96069338784,481467.8,1157260.0288509624,-194324.4288509625,501017.2,1176050.2451493985,-174015.8451493985,481467.8,1157260.0288509624,-194324.4288509625
11,344456.8,879371.5052178365,-190457.90521783644,344456.8,879371.5052178365,-190457.90521783644,344456.8,879371.5052178365,-190457.90521783644,344456.8,879371.5052178365,-190457.90521783644,344456.8,879371.5052178365,-190457.90521783644,344456.8,879371.5052178365,-190457.90521783644
12,327300.4,854562.260911281,-199961.46091128094,327300.4,854562.260911281,-199961.46091128094,327300.4,854562.260911281,-199961.46091128094,327300.4,854562.260911281,-199961.46091128094,327300.4,854562.260911281,-199961.46091128094,327300.4,854562.260911281,-199961.46091128094
13,67522.33333333333,142009.1537463671,-6964.487079700455,67522.33333333333,142009.1537463671,-6964.487079700455,67522.33333333333,142009.1537463671,-6964.487079700455,47523.6,112820.16336271248,-17772.963362712493,67522.33333333333,142009.1537463671,-6964.487079700455,47523.6,112820.16336271248,-17772.963362712493
14,62949.36666666667,131808.00867652104,-5909.275343187706,62949.36666666667,131808.00867652104,-5909.275343187706,62949.36666666667,131808.00867652104,-5909.275343187706,42864.96666666667,101345.43843018141,-15615.505096848072,62949.36666666667,131808.00867652104,-5909.275343187706,42864.96666666667,101345.43843018141,-15615.505096848072
15,83284.86666666667,178345.41033235687,-11775.676999023533,83284.86666666667,178345.41033235687,-11775.676999023533,83284.86666666667,178345.41033235687,-11775.676999023533,83284.86666666667,178345.41033235687,-11775.676999023533,83284.86666666667,178345.41033235687,-11775.676999023533,83284.86666666667,178345.41033235687,-11775.676999023533
16,66290.83333333333,140176.97314639555,-7595.306479728897,66290.83333333333,140176.97314639555,-7595.306479728897,66290.83333333333,140176.97314639555,-7595.306479728897,66290.83333333333,140176.97314639555,-7595.306479728897,66290.83333333333,140176.97314639555,-7595.306479728897,66290.83333333333,140176.97314639555,-7595.306479728897
17,61020.23333333333,149164.11768792942,-27123.651021262755,61020.23333333333,149164.11768792942,-27123.651021262755,61020.23333333333,149164.11768792942,-27123.651021262755,40935.833333333336,121170.06666666665,-39298.39999999999,61020.23333333333,149164.11768792942,-27123.651021262755,40935.833333333336,121170.06666666665,-39298.39999999999
18,69090.63333333333,171788.89802593464,-33607.631359267965,69090.63333333333,171788.89802593464,-33607.631359267965,89568.2,198117.71962554238,-18981.319625542383,69090.63333333333,171788.89802593464,-33607.631359267965,69090.63333333333,171788.89802593464,-33607.631359267965,69090.63333333333,171788.89802593464,-33607.631359267965
19,55035.166666666664,131839.8953437396,-21769.562010406276,55035.166666666664,131839.8953437396,-21769.562010406276,55035.166666666664,131839.8953437396,-21769.562010406276,55035.166666666664,131839.8953437396,-21769.562010406276,55035.166666666664,131839.8953437396,-21769.562010406276,55035.166666666664,131839.8953437396,-21769.562010406276
20,145360.46666666667,365463.02349567733,-74742.09016234399,145360.46666666667,365463.02349567733,-74742.09016234399,145360.46666666667,365463.02349567733,-74742.09016234399,145360.46666666667,365463.02349567733,-74742.09016234399,145360.46666666667,365463.02349567733,-74742.09016234399,145360.46666666667,365463.02349567733,-74742.09016234399
21,144978.26666666666,357850.3063506483,-67893.77301731496,144978.26666666666,357850.3063506483,-67893.77301731496,144978.26666666666,357850.3063506483,-67893.77301731496,144978.26666666666,357850.3063506483,-67893.77301731496,144978.26666666666,357850.3063506483,-67893.77301731496,144978.26666666666,357850.3063506483,-67893.77301731496
22,120239.0,295476.50647542294,-54998.50647542294,120239.0,295476.50647542294,-54998.50647542294,120239.0,295476.50647542294,-54998.50647542294,120239.0,295476.50647542294,-54998.50647542294,120239.0,295476.50647542294,-54998.50647542294,120239.0,295476.50647542294,-54998.50647542294
23,69127.53333333334,167560.3720783473,-29305.30541168063,69127.53333333334,167560.3720783473,-29305.30541168063,69127.53333333334,167560.3720783473,-29305.30541168063,69127.53333333334,167560.3720783473,-29305.30541168063,69127.53333333334,167560.3720783473,-29305.30541168063,69127.53333333334,167560.3720783473,-29305.30541168063
24,162472.46666666667,345584.0813406374,-20639.14800730403,162472.46666666667,345584.0813406374,-20639.14800730403,162472.46666666667,345584.0813406374,-20639.14800730403,140132.8,307656.4248817797,-27390.824881779758,162472.46666666667,345584.0813406374,-20639.14800730403,140132.8,307656.4248817797,-27390.824881779758
25,780686.5,2217277.7927596676,-655904.7927596676,779833.5333333333,2216374.7979742596,-656707.731307593,800290.9166666666,2235920.354771387,-635338.5214380537,755423.0666666667,2191357.0370994476,-680510.9037661143,780686.5,2217277.7927596676,-655904.7927596676,755423.0666666667,2191357.0370994476,-680510.9037661143
26,812574.4333333333,2136870.016016947,-511721.1493502804,812574.4333333333,2136870.016016947,-511721.1493502804,832663.55,2155911.196462641,-490584.0964626409,812574.4333333333,2136870.016016947,-511721.1493502804,812574.4333333333,2136870.016016947,-511721.1493502804,812574.4333333333,2136870.016016947,-511721.1493502804
27,732042.5,1855161.5399068533,-391076.53990685334,732042.5,1855161.5399068533,-391076.53990685334,732042.5,1855161.5399068533,-391076.53990685334,732042.5,1855161.5399068533,-391076.53990685334,732042.5,1855161.5399068533,-391076.53990685334,732042.5,1855161.5399068533,-391076.53990685334
28,576595.9666666667,1378282.1848451607,-225090.25151182723,576595.9666666667,1378282.1848451607,-225090.25151182723,598255.65,1399001.7197629372,-202490.41976293724,576595.9666666667,1378282.1848451607,-225090.25151182723,576595.9666666667,1378282.1848451607,-225090.25151182723,576595.9666666667,1378282.1848451607,-225090.25151182723
29,473701.5333333333,1194064.1463964898,-246661.07972982316,473701.5333333333,1194064.1463964898,-246661.07972982316,473701.5333333333,1194064.1463964898,-246661.07972982316,473701.5333333333,1194064.1463964898,-246661.07972982316,473701.5333333333,1194064.1463964898,-246661.07972982316,473701.5333333333,1194064.1463964898,-246661.07972982316
30,605700.7,1605506.3072064198,-394104.90720641974,605700.7,1605506.3072064198,-394104.90720641974,605700.7,1605506.3072064198,-394104.90720641974,583756.8666666667,1581357.312396538,-413843.5790632047,605700.7,1605506.3072064198,-394104.90720641974,583756.8666666667,1581357.312396538,-413843.5790632047
31,845953.5666666667,2302085.017015256,-610177.8836819227,845953.5666666667,2302085.017015256,-610177.8836819227,845953.5666666667,2302085.017015256,-610177.8836819227,824964.0333333333,2279963.684794916,-630035.6181282491,845953.5666666667,2302085.017015256,-610177.8836819227,824964.0333333333,2279963.684794916,-630035.6181282491
32,888974.0333333333,2432663.224616622,-654715.1579499553,882100.8333333334,2425606.6663480126,-661404.999681346,882100.8333333334,2425606.6663480126,-661404.999681346,845657.6,2390155.311532407,-698840.111532407,888974.0333333333,2432663.224616622,-654715.1579499553,845657.6,2390155.311532407,-698840.111532407
33,715572.3666666667,1927976.538297438,-496831.80496410467,715572.3666666667,1927976.538297438,-496831.80496410467,715572.3666666667,1927976.538297438,-496831.80496410467,697107.7666666667,1908764.7467627693,-514549.21342943574,715572.3666666667,1927976.538297438,-496831.80496410467,697107.7666666667,1908764.7467627693,-514549.21342943574
34,375083.4,892317.8609025978,-142151.06090259773,355207.45,869837.2019757496,-159422.30197574955,355207.45,869837.2019757496,-159422.30197574955,259822.03333333333,769073.2186666667,-249429.152,375083.4,892317.8609025978,-142151.06090259773,259822.03333333333,769073.2186666667,-249429.152
35,823784.3,2207765.6132356217,-560197.0132356219,812372.45,2196686.376405395,-571941.4764053952,834917.8333333334,2218184.006660175,-548348.3399935084,756592.1,2142265.2975013983,-629081.0975013982,823784.3,2207765.6132356217,-560197.0132356219,756592.1,2142265.2975013983,-629081.0975013982
36,739141.1666666666,1745931.519177816,-267649.18584448285,655231.3666666667,1629813.9372239304,-319351.203890597,795844.0,1809088.3866645969,-217400.38666459697,493312.9666666667,1460206.3813333334,-473580.448,711034.9,1704006.7434842316,-281936.9434842317,493312.9666666667,1460206.3813333334,-473580.448
37,838616.0,1860206.4593314128,-182974.45933141292,763645.85,1759914.1050058918,-232622.4050058918,811696.3166666667,1807536.9632930541,-184144.32995972096,607364.6666666666,1586315.4689228889,-371586.1355895557,838616.0,1860206.4593314128,-182974.45933141292,607364.6666666666,1586315.4689228889,-371586.1355895557
38,1431339.1333333333,3486273.280659984,-623595.0139933173,1320528.7166666666,3349507.9409543006,-708450.5076209677,1375713.4666666666,3402817.0408099378,-651390.1074766046,1069040.9333333333,2998567.205738103,-860485.3390714361,1373373.1666666667,3411886.95662326,-665140.6232899267,1069040.9333333333,2998567.205738103,-860485.3390714361
39,1882465.2333333334,5037614.080100085,-1272683.6134334179,1798830.0333333334,4949268.423197936,-1351608.3565312691,1934689.3,5088801.637352639,-1219423.037352639,1639357.0666666667,4794251.610888887,-1515537.4775555541,1883918.9,5039225.905889156,-1271388.1058891565,1639357.0833333333,4794251.626408321,-1515537.459741654
40,1733433.8,4508571.074347115,-1041703.4743471153,1635842.25,4401516.319271626,-1129831.8192716264,1778899.7833333334,4553965.659305007,-996166.0926383405,1452233.7,4220269.943219118,-1315802.5432191181,1734592.8333333333,4509919.73212938,-1040734.0654627138,1452233.7166666666,4220269.958727468,-1315802.5253941345
41,2351014.6333333333,6079426.887361376,-1377397.6206947095,2250970.6166666667,5971690.609949009,-1469749.3766156752,2330484.1,6050512.131151786,-1389543.931151786,2073968.0,5798324.749117471,-1650388.7491174708,2345056.6,6072722.069980213,-1382608.8699802132,2073968.0,5798324.749117471,-1650388.7491174708
42,2493842.6,6680307.593719745,-1692622.3937197444,2399714.05,6582704.116044542,-1783276.0160445417,2441106.033333333,6621736.5709468275,-1739524.5042801616,2269059.3333333335,6456295.739155471,-1918177.0724888043,2465929.966666667,6650503.416583428,-1718643.4832500946,2269059.3333333335,6456295.739155471,-1918177.0724888043
43,2460784.1333333333,6730284.886917414,-1808716.620250748,2398043.1166666667,6667437.439069502,-1871351.2057361691,2440516.033333333,6707561.088344479,-1826529.0216778126,2280187.2666666666,6554940.402165916,-1994565.8688325826,2458550.3666666667,6727988.419925436,-1810887.6865921034,2280187.2666666666,6554940.402165916,-1994565.8688325826
44,2095312.5,5171112.164713624,-980487.1647136239,2027961.0166666666,5101756.076795366,-1045834.043462032,2076228.7,5147259.9061447615,-994802.5061447613,1894088.4,4972903.00275238,-1184726.2027523802,2081302.2666666666,5156251.985585145,-993647.4522518115,1894088.4,4972903.00275238,-1184726.2027523802
45,2640927.2333333334,6795976.50707446,-1514122.040407794,2566903.45,6721499.298039677,-1587692.3980396758,2622115.966666667,6773601.134333293,-1529369.2009999594,2430149.3333333335,6590387.4736642,-1730088.806997533,2630600.6,6785313.203898665,-1524112.003898664,2430149.3333333335,6590387.4736642,-1730088.806997533
46,2416375.6,6091151.153301543,-1258399.953301542,2346921.5833333335,6019834.464012714,-1325991.2973460476,2475508.9166666665,6146611.993184734,-1195594.159851401,2172836.4,5851295.774696933,-1505622.9746969333,2429322.2666666666,6105002.45681088,-1246357.9234775468,2172836.4,5851295.774696933,-1505622.9746969333
47,2593474.4,6618571.904121495,-1431623.104121495,2525535.316666667,6549519.726022588,-1498449.0926892543,2588686.8333333335,6609323.0949183125,-1431949.4282516455,2342354.8,6371892.881706816,-1687183.2817068165,2567367.1,6591515.653161287,-1456781.4531612876,2342354.8,6371892.881706816,-1687183.2817068165
48,2758125.4,6997605.615401618,-1481354.8154016188,2689470.7333333334,6928166.451296251,-1549224.9846295845,2768528.5833333335,7003743.61776951,-1466686.451102842,2503927.5,6748933.965920531,-1741078.9659205312,2729215.8666666667,6967845.097667152,-1509413.3643338191,2503927.5,6748933.965920531,-1741078.9659205312
49,2777900.2333333334,7008217.402924345,-1452416.936257678,2612190.5166666666,6817725.324368702,-1593344.291035369,2757508.816666667,6970477.192722019,-1455459.5593886846,2315777.933333333,6523492.584109576,-1891936.7174429107,2661083.8333333335,6871341.028914675,-1549173.3622480086,2315777.933333333,6523492.584109576,-1891936.7174429107
50,2986084.4,7406632.851374714,-1434464.0513747134,2908993.683333333,7328337.127724545,-1510349.7610578784,2991826.0833333335,7407566.109089898,-1423913.9424232305,2726573.6333333333,7153323.972834002,-1700176.7061673352,2942912.3333333335,7362149.579825956,-1476324.913159289,2726573.6333333333,7153323.972834002,-1700176.7061673352
51,3182770.7666666666,8090123.540751133,-1724582.0074178,3138000.1166666667,8046737.324792547,-1770737.0914592133,3191960.966666667,8097261.61835298,-1713339.6850196468,3040133.6666666665,7953713.089039687,-1873445.7557063545,3164108.466666667,8071847.6849535415,-1743630.751620208,3040133.6666666665,7953713.089039687,-1873445.7557063545
52,2837239.8333333335,7828157.490057422,-2153677.8233907544,2801072.033333333,7793133.459170297,-2190989.3925036304,2833216.283333333,7823378.663371792,-2156946.0967051256,2685165.9,7682628.538489414,-2312296.738489414,2826988.8,7818128.420303796,-2164150.820303797,2685165.9,7682628.538489414,-2312296.738489414
53,2498806.8666666667,6842700.371210607,-1845086.6378772738,2466720.35,6811630.262594465,-1878189.5625944654,2519337.65,6861440.859236216,-1822765.559236216,2344743.066666667,6695236.061869323,-2005749.92853599,2493376.8666666667,6837378.392821312,-1850624.659487979,2344743.066666667,6695236.061869323,-2005749.92853599
54,2286870.4,6186307.965973214,-1612567.1659732144,2242594.4833333334,6142441.621432721,-1657252.654766054,2294292.183333333,6191504.178485797,-1602919.8118191306,2122461.6,6027671.518986139,-1782748.3189861388,2273846.966666667,6173204.521918507,-1625510.5885851737,2122461.6,6027671.518986139,-1782748.3189861388
55,3283315.6333333333,8774675.414975137,-2208044.1483084704,3226927.466666667,8719778.844634775,-2265923.9113014406,3293859.9166666665,8783008.779708752,-2195288.946375419,3080854.8333333335,8581397.994920824,-2419688.328254157,3260847.3333333335,8752616.76009087,-2230922.0934242033,3080854.8333333335,8581397.994920824,-2419688.328254157
56,2316881.1333333333,6192951.880202901,-1559189.6135362335,2251835.8666666667,6126477.680163686,-1622805.9468303528,2327418.5833333335,6199243.4897520635,-1544406.323085397,2075984.6666666667,5955669.421767965,-1803700.0884346312,2284209.3,6159038.089309605,-1590619.4893096052,2075984.6666666667,5955669.421767965,-1803700.0884346312
57,2725892.566666667,7068241.034249347,-1616455.9009160134,2683839.7,7027230.363715339,-1659550.963715339,2743908.3666666667,7083961.616167927,-1596144.8828345933,2491721.6333333333,6839165.987190394,-1855722.7205237276,2713805.433333333,7056293.274103535,-1628682.4074368686,2491721.6333333333,6839165.987190394,-1855722.7205237276
58,2306307.7666666666,6056517.7031168025,-1443902.1697834693,2233235.2666666666,5980815.407373428,-1514344.8740400947,2325295.433333333,6070077.927795319,-1419487.0611286527,2054154.8333333333,5806128.619546796,-1697818.9528801295,2284306.8,6033149.472669883,-1464535.872669883,2054154.8333333333,5806128.619546796,-1697818.9528801295
59,2607583.1,6807368.32659878,-1592202.1265987805,2515350.1333333333,6710510.048633592,-1679809.781966926,2668098.183333333,6864689.339359509,-1528492.9726928421,2326111.2333333334,6529371.021995411,-1877148.5553287445,2609893.0,6809893.874103075,-1590107.874103075,2326111.2333333334,6529371.021995411,-1877148.5553287445
60,2755210.466666667,6857548.538537166,-1347127.6052038325,2656379.933333333,6753156.255206962,-1440396.388540296,2778609.183333333,6874843.884432565,-1317625.5177658992,2487698.1666666665,6590311.52435973,-1614915.191026397,2693583.5,6791379.802692464,-1404212.8026924636,2487698.1666666665,6590311.52435973,-1614915.191026397
61,2914435.3666666667,7642019.687181281,-1813148.953847947,2819647.4166666665,7543516.083844388,-1904221.2505110553,2923787.2,7646039.1434375895,-1798464.7434375891,2695039.8333333335,7422638.284134317,-2032558.6174676507,2863180.7333333334,7587849.218622026,-1861487.7519553592,2695039.8333333335,7422638.284134317,-2032558.6174676507
62,2687926.566666667,7159710.310131384,-1783857.1767980508,2584527.433333333,7050129.601721058,-1881074.735054391,2679518.1666666665,7144600.206260385,-1785563.8729270524,2414691.033333333,6885628.328199284,-2056246.2615326177,2639143.6333333333,7106866.694262661,-1828579.427595995,2414691.033333333,6885628.328199284,-2056246.2615326177
63,2512695.3333333335,6876603.382408522,-1851212.7157418556,2512695.3333333335,6876603.382408522,-1851212.7157418556,2563261.5,6924437.244426826,-1797914.244426826,2435029.5,6801651.222240993,-1931592.2222409928,2531497.966666667,6894127.282475709,-1831131.3491423754,2435029.5,6801651.222240993,-1931592.2222409928
64,2889987.3333333335,7443809.806647407,-1663835.1399807394,2774899.65,7320859.581692919,-1771060.2816929198,2936087.3,7485533.599688851,-1613358.9996888516,2593883.9,7145675.814400554,-1957908.0144005534,2837359.2333333334,7386200.138415051,-1711481.671748384,2593883.9,7145675.814400554,-1957908.0144005534
65,2167174.1,5563841.865289702,-1229493.665289702,2067266.3333333333,5454653.397148002,-1320120.7304813352,2226836.466666667,5620153.865934659,-1166480.9326013257,1855830.8,5247014.662288627,-1535353.0622886263,2174259.4,5572012.954789851,-1223494.1547898515,1855830.8,5247014.662288627,-1535353.0622886263
66,2142910.1666666665,6056569.976418247,-1770749.643084915,2142910.1666666665,6056569.976418247,-1770749.643084915,2209280.5833333335,6120287.417671257,-1701726.2510045897,2095140.4333333333,6010567.407237922,-1820286.540571255,2142910.1666666665,6056569.976418247,-1770749.643084915,2095140.4333333333,6010567.407237922,-1820286.540571255
67,2576267.933333333,7025649.8094377,-1873113.942771033,2521095.8,6970585.981644783,-1928394.3816447835,2637486.3666666667,7083255.224838639,-1808282.4915053048,2381634.7,6836132.946559436,-2072863.5465594353,2557392.4,7006515.557021709,-1891730.7570217098,2381634.7,6836132.946559436,-2072863.5465594353
68,2106212.3,5627188.642175424,-1414764.0421754243,2063025.25,5584231.011404401,-1458180.5114044002,2142452.4833333334,5660564.37934147,-1375659.4126748033,1951281.9333333333,5476681.717311037,-1574117.8506443698,2106212.3,5627188.642175424,-1414764.0421754243,1951281.9333333333,5476681.717311037,-1574117.8506443698
69,2128107.7,5299545.915418675,-1043330.5154186748,2041150.8833333333,5205941.042496427,-1123639.2758297604,2186325.8833333333,5354416.970732866,-981765.2040661993,1926632.7666666666,5095012.069038918,-1241746.5357055855,2109546.533333333,5278797.5544497995,-1059704.487783133,1926632.7666666666,5095012.069038918,-1241746.5357055855
70,1791242.9666666666,4216009.22656199,-633523.2932286563,1722594.7333333334,4142359.403789324,-697169.9371226574,1802337.75,4220927.51716345,-616252.0171634499,1615723.2666666666,4037516.706530982,-806070.173197649,1791242.9666666666,4216009.22656199,-633523.2932286563,1615723.2666666666,4037516.706530982,-806070.173197649
71,1910624.3333333333,4617754.102622361,-796505.4359556946,1850752.9166666667,4555498.2433102,-853992.4099768668,1932164.5666666667,4634755.679539649,-770426.5462063153,1777108.0666666667,4484426.662092546,-930210.5287592129,1910624.3333333333,4617754.102622361,-796505.4359556946,1777108.0666666667,4484426.662092546,-930210.5287592129
72,1805227.3666666667,4578191.402943423,-967736.6696100901,1744093.15,4514204.221710658,-1026017.9217106574,1793743.7833333334,4562040.355576747,-974552.78891008,1659951.9666666666,4432901.808384124,-1112997.8750507908,1803727.7,4576559.835380793,-969104.435380793,1659951.9666666666,4432901.808384124,-1112997.8750507908
73,2568625.466666667,6660746.55680961,-1523495.6234762766,2557205.683333333,6650084.182837979,-1535672.8161713127,2618381.283333333,6708070.309976047,-1471307.743309381,2502778.6666666665,6598377.915952025,-1592820.582618692,2567930.7,6660094.376508519,-1524232.9765085191,2502778.6666666665,6598377.915952025,-1592820.582618692
74,2445828.1666666665,5847124.849270989,-955468.5159376562,2436042.45,5838101.508398056,-966016.6083980552,2496355.316666667,5894828.276103793,-902117.6427704585,2294642.8333333335,5699035.900852158,-1109750.2341854908,2445828.1666666665,5847124.849270989,-955468.5159376562,2294642.8333333335,5699035.900852158,-1109750.2341854908
75,2733418.0,6997920.3326044725,-1531084.3326044725,2713777.533333333,6978491.959499127,-1550936.8928324608,2768540.783333333,7030083.645198268,-1493002.0785316015,2657900.033333333,6925426.800348554,-1609626.7336818874,2733418.0,6997920.3326044725,-1531084.3326044725,2657900.033333333,6925426.800348554,-1609626.7336818874
76,2656909.7,6898504.645533675,-1584685.245533675,2656909.7,6898504.645533675,-1584685.245533675,2730158.1666666665,6968103.232926469,-1507786.8995931358,2610642.066666667,6854455.5711847935,-1633171.4378514593,2656909.7,6898504.645533675,-1584685.245533675,2610642.066666667,6854455.5711847935,-1633171.4378514593
77,2621812.6333333333,6952877.8067499865,-1709252.5400833203,2612492.716666667,6944184.330264578,-1719198.896931244,2659055.3,6988385.740138637,-1670275.1401386373,2595554.033333333,6927537.4273812575,-1736429.360714591,2621812.6333333333,6952877.8067499865,-1709252.5400833203,2595554.033333333,6927537.4273812575,-1736429.360714591
78,2710648.3333333335,7160981.525241608,-1739684.8585749404,2710648.3333333335,7160981.525241608,-1739684.8585749404,2747431.95,7195380.584017744,-1700516.684017744,2716980.7,7166289.838403359,-1732328.4384033587,2710648.3333333335,7160981.525241608,-1739684.8585749404,2716980.7,7166289.838403359,-1732328.4384033587
79,2694933.3333333335,7067388.954961445,-1677522.2882947777,2694933.3333333335,7067388.954961445,-1677522.2882947777,2734010.0833333335,7103945.305500234,-1635925.138833566,2701697.1333333333,6979962.665171107,-1576568.3985044402,2694933.3333333335,7067388.954961445,-1677522.2882947777,2701697.1333333333,6979962.665171107,-1576568.3985044402
80,3098036.1333333333,8274537.836767271,-2078465.570100604,3098036.1333333333,8274537.836767271,-2078465.570100604,3134625.55,8308722.65343601,-2039471.5534360101,3130194.3666666667,8304614.9198387135,-2044226.1865053796,3098036.1333333333,8274537.836767271,-2078465.570100604,3130194.3666666667,8304614.9198387135,-2044226.1865053796
81,3111863.533333333,7689110.522035125,-1465383.4553684583,3101399.9833333334,7678979.661881923,-1476179.695215256,3157059.1166666667,7730941.804656496,-1416823.5713231624,3054119.966666667,7559775.16710149,-1451535.2337681567,3111863.533333333,7689110.522035125,-1465383.4553684583,3054119.966666667,7559775.16710149,-1451535.2337681567
82,3429690.7,9036515.891391788,-2177134.4913917864,3418033.65,9025395.58847455,-2189328.288474549,3484269.95,9087784.968896322,-2119245.0688963206,3389476.5,8998473.053927995,-2219520.053927996,3429690.7,9036515.891391788,-2177134.4913917864,3389476.5,8998473.053927995,-2219520.053927996
83,3012508.7333333334,7432615.368503012,-1407597.901836345,2988933.6333333333,7410512.542810224,-1432645.2761435579,3060066.8,7477774.775599813,-1357641.1755998135,2886334.6333333333,7228848.935353881,-1456179.6686872146,3009637.3,7429933.523602415,-1410658.9236024152,2886334.6333333333,7228848.935353881,-1456179.6686872146
84,3587643.1333333333,9003308.677049993,-1828022.4103833255,3565999.8833333333,8982487.71567995,-1850487.949013282,3603903.816666667,9017594.72480168,-1809787.0914683458,3521197.933333333,8938517.468866885,-1896121.602200218,3587643.1333333333,9003308.677049993,-1828022.4103833255,3521197.933333333,8938517.468866885,-1896121.602200218
85,3398616.7666666666,8584219.508880775,-1786985.9755474431,3350879.6,8536448.407492438,-1834689.2074924377,3413885.5,8595529.925654588,-1767758.9256545883,3277457.033333333,8466945.963530287,-1912031.8968636207,3398616.7666666666,8584219.508880775,-1786985.9755474431,3277457.033333333,8466945.963530287,-1912031.8968636207
86,3734690.7,9638719.518394183,-2169338.118394184,3698846.4,9602915.697313573,-2205222.897313573,3777707.45,9677253.566625852,-2121838.6666258527,3615768.2333333334,9523118.765058901,-2291582.2983922344,3734690.7,9638719.518394183,-2169338.118394184,3615768.2333333334,9523118.765058901,-2291582.2983922344
87,3631563.3666666667,9417671.26099047,-2154544.527657137,3598253.2,9384026.349820456,-2187519.949820455,3667129.816666667,9448802.102471506,-2114542.469138173,3509442.6333333333,9297949.500476442,-2279064.233809775,3631563.3666666667,9417671.26099047,-2154544.527657137,3509442.6333333333,9297949.500476442,-2279064.233809775
88,3052418.933333333,7714834.342442641,-1609996.4757759743,3032355.3666666667,7695561.345527999,-1630850.6121946652,3099129.1666666665,7757845.827828608,-1559587.494495276,2925499.6666666665,7498421.203960059,-1647421.8706267257,3050007.4,7712593.515152514,-1612578.7151525137,2925499.6666666665,7498421.203960059,-1647421.8706267257
89,2785052.8,6965658.851978967,-1395553.2519789678,2766014.3666666667,6947643.169673425,-1415614.4363400918,2820174.15,6998403.255175728,-1358054.955175728,2696581.966666667,6807764.03216652,-1414600.098833186,2785052.8,6965658.851978967,-1395553.2519789678,2696581.966666667,6807764.03216652,-1414600.098833186
90,3036960.6,7058417.668288528,-984496.4682885278,3000674.4166666665,7022883.317297059,-1021534.4839637261,3050289.05,7068952.100239033,-968374.0002390337,2727738.7,6752898.443482191,-1297421.043482191,3034003.0,7055682.944537386,-987676.9445373863,2727738.7,6752898.443482191,-1297421.043482191
91,2720524.5,6436030.317326012,-994981.3173260121,2688326.566666667,6404350.065712821,-1027696.9323794865,2760463.566666667,6471576.1368277725,-950649.0034944392,2361761.5,6007263.15389639,-1283740.1538963905,2718053.933333333,6433739.957053135,-997632.0903864689,2361761.5,6007263.15389639,-1283740.1538963905
92,2844481.4,6988701.881649077,-1299739.0816490776,2814994.1,6960900.571569595,-1330912.3715695944,2907446.566666667,7047771.667687084,-1232878.5343537498,2802273.9,6949746.58244288,-1345198.7824428799,2842316.6,6986691.19636637,-1302057.99636637,2802273.9,6949746.58244288,-1345198.7824428799
93,3564540.3666666667,9289894.461317232,-2160813.727983898,3541646.6166666667,9268252.106572183,-2184958.87323885,3620300.8333333335,9342148.252841135,-2101546.586174468,3395179.2666666666,9129153.044093888,-2338794.510760555,3562147.7,9287658.665214716,-2163363.265214715,3395179.2666666666,9129153.044093888,-2338794.510760555
94,3234936.9,7279618.44168634,-809744.6416863403,3190151.8666666667,7236059.022677355,-855755.289344022,3229292.783333333,7271880.651380593,-813295.0847139265,2938250.0,6925103.248478034,-1048603.2484780336,3234936.9,7279618.44168634,-809744.6416863403,2938250.0,6925103.248478034,-1048603.2484780336
95,2956570.3333333335,6685491.324843791,-772350.6581771243,2880678.683333333,6606407.086393125,-845049.7197264591,2942671.8833333333,6664113.844915586,-778770.078248919,2601974.3,6247791.755575315,-1043843.1555753155,2956570.3333333335,6685491.324843791,-772350.6581771243,2601974.3,6247791.755575315,-1043843.1555753155
96,2424908.066666667,5602069.484067207,-752253.350733873,2379228.966666667,5559006.697723682,-800548.7643903485,2452003.3666666667,5628866.480306421,-724859.746973088,2197247.2666666666,5288383.724930989,-893889.1915976554,2419843.6,5597243.872578895,-757556.6725788945,2197247.2666666666,5288383.724930989,-893889.1915976554
97,3223237.566666667,8157306.958137121,-1710831.8248037877,3190610.9,8126178.0776808,-1744956.2776808008,3259401.066666667,8190624.970961509,-1671822.837628176,3075660.2333333334,7921943.1290145395,-1770622.6623478727,3220580.3666666667,8154831.767100807,-1713671.0337674734,3075660.2333333334,7921943.1290145395,-1770622.6623478727
98,4044766.3,10511942.527397964,-2422409.9273979645,4013712.283333333,10482536.359543007,-2455111.7928763395,4042053.316666667,10508992.338619227,-2424885.7052858924,3915745.2,10391171.008623928,-2559680.6086239284,4042291.6,10509638.661403336,-2425055.461403335,3915745.2,10391171.008623928,-2559680.6086239284
99,4165132.3666666667,10589642.136556631,-2259377.403223297,4120743.65,10547407.011318808,-2305919.711318809,4154120.283333333,10578314.711110119,-2270074.1444434524,3947057.8333333335,10384679.608984644,-2490563.942317977,4160091.9,10584891.577709055,-2264707.777709055,3947057.8333333335,10384679.608984644,-2490563.942317977
100,3595233.3666666667,9174970.955527874,-1984504.2221945408,3549721.6,9132200.901438616,-2032757.7014386156,3594015.8833333333,9173381.301758405,-1985349.5350917387,3367253.0,8957226.734910227,-2222720.7349102274,3582691.533333333,9163124.632882632,-1997741.5662159668,3367253.0,8957226.734910227,-2222720.7349102274
101,4146163.066666667,10719272.427401029,-2426946.2940676953,4107479.0833333335,10683069.435789166,-2468111.2691224995,4176212.3666666667,10747274.492546888,-2394849.759213555,3934230.8666666667,10511909.130060937,-2643447.3967276043,4145737.5,10718875.411565589,-2427400.411565589,3934230.8666666667,10511909.130060937,-2643447.3967276043
102,3879616.933333333,10169802.663255462,-2410568.7965887957,3837465.4833333334,10130095.197364151,-2455164.2306974856,3911856.566666667,10199900.148579687,-2376187.0152463526,3805778.0,10098863.409988176,-2487307.409988177,3879604.466666667,10169791.018033247,-2410582.084699915,3805778.0,10098863.409988176,-2487307.409988177
103,3813661.566666667,9986929.397155402,-2359606.263822068,3779578.75,9954986.241302278,-2395828.741302277,3852150.5166666666,10023290.471615396,-2318989.438282064,3706797.1333333333,9885875.008417336,-2472280.741750669,3812030.2666666666,9985383.469665395,-2361322.936332062,3706797.1333333333,9885875.008417336,-2472280.741750669
104,4309448.3,10920577.939655319,-2301681.3396553183,4257521.416666667,10871853.376900539,-2356810.543567204,4309368.183333334,10920041.50485807,-2301305.138191402,4174497.066666667,10795344.690024922,-2446350.5566915874,4296206.133333334,10908043.60695887,-2315631.3402922023,4174497.066666667,10795344.690024922,-2446350.5566915874
105,4600699.933333334,11591010.647995785,-2389610.781329117,4544372.25,11535947.111186676,-2447202.611186675,4614885.2,11601740.70640263,-2371970.30640263,4355364.3,11357138.683744302,-2646410.0837443024,4593914.533333333,11584638.012947315,-2396808.946280649,4355364.3,11357138.683744302,-2646410.0837443024
106,3735864.0,9049703.0144456,-1577975.0144455992,3696531.9,9011328.807001127,-1618265.0070011267,3776250.1666666665,9086029.010715129,-1533528.6773817963,3270211.433333333,8488873.050852641,-1948450.1841859757,3730540.9,9044695.348902082,-1583613.5489020818,3270211.433333333,8488873.050852641,-1948450.1841859757
107,3701691.7666666666,9111269.901303342,-1707886.3679700084,3678529.9,9088604.360590307,-1731544.5605903068,3750678.966666667,9155815.19537574,-1654457.2620424079,3319759.6,8631487.99790003,-1991968.797900029,3700676.4,9110326.467208399,-1708973.6672083992,3319759.6,8631487.99790003,-1991968.797900029
108,3184596.533333333,7881126.239217794,-1511933.1725511272,3160292.8666666667,7857590.912926422,-1537005.1795930895,3208227.1333333333,7902015.3406971935,-1485561.0740305264,2872350.7666666666,7482805.099392779,-1738103.566059446,3183918.1,7880494.916923014,-1512658.7169230147,2872350.7666666666,7482805.099392779,-1738103.566059446
109,3340690.066666667,8246764.660396159,-1565384.5270628254,3297402.0,8205304.445510592,-1610500.4455105923,3339388.65,8244229.201325851,-1565451.9013258503,3116633.966666667,8033137.788567336,-1799869.8552340027,3334006.8666666667,8240462.077675633,-1572448.3443422993,3116633.966666667,8033137.788567336,-1799869.8552340027
110,3208413.7666666666,7468919.220346414,-1052091.6870130803,3160509.2666666666,7421699.870180434,-1100681.3368471004,3226281.85,7483535.8303671945,-1030972.1303671938,2842476.966666667,7113119.9142840775,-1428165.980950744,3201582.433333333,7462068.030958775,-1058903.1642921087,2842476.966666667,7113119.9142840775,-1428165.980950744
111,3202240.066666667,7109103.871014304,-704623.7376809707,3171938.6666666665,7080027.616492693,-736150.2831593603,3269208.0833333335,7170795.169601742,-632379.0029350757,2789386.2666666666,6617422.091968907,-1038649.5586355743,3195645.533333333,7103017.760058277,-711726.6933916109,2789386.2666666666,6617422.091968907,-1038649.5586355743
112,3257823.6666666665,7477582.828292137,-961935.4949588035,3222450.8666666667,7443558.869500304,-998657.1361669707,3318739.716666667,7534249.449265398,-896770.0159320645,2894292.6,7117647.035376046,-1329061.8353760461,3250657.7333333334,7470855.636942786,-969540.1702761194,2894292.6,7117647.035376046,-1329061.8353760461
113,3466167.933333333,8022967.080721855,-1090631.2140551894,3438980.6333333333,7997541.249207718,-1119579.9825410522,3526846.5833333335,8079772.730201542,-1026079.5635348759,3218701.933333333,7784623.412648592,-1347219.5459819264,3458347.433333333,8015589.505077818,-1098894.6384111526,3218701.933333333,7784623.412648592,-1347219.5459819264
114,4074342.6666666665,9471601.391476536,-1322916.0581432027,4028595.2333333334,9428316.954053722,-1371126.4873870565,4102587.2333333334,9496852.725260042,-1291678.2585933758,3734829.6666666665,9148550.097794715,-1678890.7644613818,4063635.466666667,9461433.147853006,-1334162.2145196712,3734829.6666666665,9148550.097794715,-1678890.7644613818
115,3513893.2666666666,7984439.8866302045,-956653.3532968713,3471468.2666666666,7944149.321193161,-1001212.7878598282,3546820.75,8014104.300190549,-920462.8001905493,3084110.566666667,7415817.987019159,-1247596.8536858247,3505575.433333333,7976579.491873266,-965428.6252066004,3084110.566666667,7415817.987019159,-1247596.8536858247
116,2884737.8,6724088.570367157,-954612.9703671583,2844055.5833333335,6684942.56761658,-996831.4009499135,2906220.933333333,6742879.933536159,-930438.0668694931,2795817.7333333334,7074941.877146141,-1483306.4104794739,2875858.6,6715561.579750665,-963844.3797506653,2795817.7333333334,7074941.877146141,-1483306.4104794739
117,2812240.7,6616002.168879699,-991520.7688796981,2786840.966666667,6591711.048125943,-1018029.11479261,2856293.1166666667,6656428.040235201,-943841.806901868,2817078.6333333333,7144212.812144218,-1510055.545477551,2805474.2,6609680.183468607,-998731.7834686069,2817078.6333333333,7144212.812144218,-1510055.545477551
118,2590938.7666666666,6138240.597544948,-956363.0642116144,2567047.283333333,6115869.351761831,-981774.785095165,2630850.05,6175319.643726658,-913619.5437266589,2604637.466666667,6582343.186404436,-1373068.2530711023,2581825.8333333335,6129664.520553408,-966012.8538867412,2604637.466666667,6582343.186404436,-1373068.2530711023
119,2650559.966666667,6419647.857192167,-1118527.9238588335,2621639.816666667,6392084.088238186,-1148804.4549048524,2670454.5833333335,6437644.029668075,-1096734.863001408,2743891.3333333335,7134048.962979851,-1646266.2963131848,2641763.0,6411173.322294598,-1127647.322294599,2743891.3333333335,7134048.962979851,-1646266.2963131848
120,3515473.966666667,8444655.383299949,-1413707.449966615,3474382.933333333,8403988.15730145,-1455222.2906347835,3521148.1666666665,8448128.213757392,-1405831.8804240595,3347426.3333333335,8867605.105737628,-2172752.439070961,3501757.3,8430825.445862457,-1427310.8458624566,3347426.3333333335,8867605.105737628,-2172752.439070961
121,3289780.033333333,8149391.865760475,-1569831.799093809,3240926.033333333,8102374.071227063,-1620522.004560397,3287764.316666667,8145900.067776855,-1570371.4344435218,3296964.6333333333,8674931.86615385,-2081002.5994871831,3280421.6333333333,8140457.407914666,-1579614.1412480003,3296964.6333333333,8674931.86615385,-2081002.5994871831
122,3081031.8333333335,7871486.763987239,-1709423.097320573,3034256.2,7827267.823274625,-1758755.423274625,3080348.9166666665,7870310.907418618,-1709613.0740852854,3116049.0,8341370.143299651,-2109272.1432996513,3073681.3,7864452.3423766,-1717089.7423766004,3116049.0,8341370.143299651,-2109272.1432996513
123,2765468.2666666666,6811379.50672921,-1280442.9733958761,2734203.6666666665,6781489.359909203,-1313082.0265758694,2788294.3333333335,6832053.198813753,-1255464.5321470862,2910699.7,7559149.900950162,-1737750.5009501614,2757858.533333333,6804018.902769616,-1288301.8361029495,2910699.7,7559149.900950162,-1737750.5009501614
124,2884988.2666666666,7139042.7376632225,-1369066.2043298893,2850186.8833333333,7105651.578811839,-1405277.812145173,2897214.716666667,7149478.997945217,-1355049.5646118838,3253154.7333333334,8492637.995384973,-1986328.5287183058,2879106.033333333,7133322.093032697,-1375110.0263660308,3253154.7333333334,8492637.995384973,-1986328.5287183058
125,3929874.1,10037773.738489063,-2178025.538489063,3878564.0166666666,9989434.95859104,-2232306.925257708,3936260.8,10043285.967453297,-2170764.3674532967,3666254.8,9709743.40736942,-2377233.8073694203,3909665.0,10018564.256864788,-2199234.256864788,3666254.8,9709743.40736942,-2377233.8073694203
126,2496903.033333333,5857956.4350663945,-864150.3683997286,2460253.1166666667,5822504.258747179,-901998.0254138457,2521968.6333333333,5880355.132111933,-836417.865445267,2346693.6666666665,6025888.443043072,-1332501.1097097388,2490973.933333333,5852117.040175551,-870169.1735088844,2346693.6666666665,6025888.443043072,-1332501.1097097388
127,2196764.6666666665,5287342.577973833,-893813.2446405003,2167127.0833333335,5258782.371843621,-924528.2051769542,2222285.466666667,5310609.379035218,-866038.4457018846,2213528.8333333335,5670001.756217748,-1242944.0895510814,2186231.8666666667,5277067.656500129,-904603.9231667952,2213528.8333333335,5670001.756217748,-1242944.0895510814
128,2140699.533333333,5115260.167955596,-833861.10128893,2110088.6333333333,5085668.653852718,-865491.3871860518,2159650.3833333333,5132104.017407909,-812803.2507412429,2102959.3666666667,5422333.202694488,-1216414.4693611544,2130053.8666666667,5104831.821551852,-844724.0882185185,2102959.3666666667,5422333.202694488,-1216414.4693611544
129,2660331.8333333335,6610045.796365576,-1289382.1296989084,2619898.55,6570725.184838879,-1330928.0848388793,2665138.9,6612995.009751961,-1282717.2097519604,2774428.9,7336700.651953304,-1787842.8519533048,2646204.2666666666,6596126.319827413,-1303717.78649408,2774428.9,7336700.651953304,-1787842.8519533048
130,2804912.1666666665,6994071.040198274,-1384246.7068649414,2757301.1666666665,6948127.675971756,-1433525.3426384223,2795225.216666667,6983415.791499229,-1392965.358165895,2587844.533333333,6800313.871027159,-1624624.8043604922,2795325.3666666667,6984722.5571963275,-1394071.823862994,2587844.533333333,6800313.871027159,-1624624.8043604922
131,2984813.5,7364711.035373547,-1395084.035373547,2949895.783333333,7331267.416263698,-1431475.8495970313,2994364.65,7372616.240499333,-1383886.9404993323,2838508.9,7299014.3471312765,-1621996.5471312762,2971923.966666667,7352241.203630151,-1408393.2702968176,2838508.9,7299014.3471312765,-1621996.5471312762
132,3079031.466666667,7846702.420647071,-1688639.4873137372,3046760.2333333334,7815875.195738595,-1722354.7290719282,3097626.1,7863444.431193456,-1668192.2311934554,2894736.2333333334,7698629.339887384,-1909156.8732207175,3069045.2666666666,7837073.459303758,-1698982.925970425,2894736.2333333334,7698629.339887384,-1909156.8732207175
133,3582920.4,9008898.580587069,-1843057.7805870683,3558136.5833333335,8985600.158246038,-1869326.991579371,3621778.1333333333,9044968.408104895,-1801412.1414382276,3377067.1,8738458.57144574,-1984324.37144574,3576406.1333333333,9002732.651931448,-1849920.3852647818,3377067.1,8738458.57144574,-1984324.37144574
134,3018661.8,7140810.754391611,-1103487.154391611,2984340.3333333335,7107444.245799493,-1138763.5791328265,3015917.6166666667,7136341.377787797,-1104506.1444544634,2927819.2,7320501.693044131,-1464863.2930441303,2993139.1,7115893.591777529,-1129615.3917775284,2927819.2,7320501.693044131,-1464863.2930441303
135,3183634.7,7382885.289334539,-1015615.889334539,3147062.8,7348241.690213283,-1054116.090213283,3184411.1166666667,7382506.242442893,-1013684.0091095599,3150219.7333333334,7797663.537469681,-1497224.0708030146,3171359.1,7371038.957913442,-1028320.7579134409,3150219.7333333334,7797663.537469681,-1497224.0708030146
136,2554838.6333333333,5914984.664335163,-805307.3976684962,2514476.1666666665,5875765.059585718,-846812.7262523854,2575509.0833333335,5932761.2233645525,-781743.0566978855,2746152.533333333,6800091.91154963,-1307786.8448829632,2543809.5,5904082.932969136,-816463.9329691362,2746152.533333333,6800091.91154963,-1307786.8448829632
137,3040503.1,7622943.411782432,-1541937.2117824326,3005824.283333333,7589730.6246935595,-1578082.058026893,3059525.183333333,7639921.885067057,-1520871.5184003902,3342276.8666666667,8855123.729971929,-2170569.9966385947,3027556.0,7610425.773881496,-1555313.773881496,3342276.8666666667,8855123.729971929,-2170569.9966385947
138,3591197.1666666665,9285251.143253481,-2102856.8099201475,3554897.7,9250589.383331368,-2140793.9833313674,3598773.966666667,9291477.840826716,-2093929.9074933827,3817261.8666666667,10439329.828214044,-2804806.09488071,3567946.933333333,9262947.605940592,-2127053.739273926,3817261.8666666667,10439329.828214044,-2804806.09488071
139,3783030.4,9770476.019456144,-2204415.219456144,3755289.716666667,9744282.288902817,-2233702.8555694837,3810267.25,9795553.48799885,-2175018.9879988497,3651099.7666666666,9866135.816633403,-2563936.283300069,3775506.1333333333,9763322.585721714,-2212310.3190550483,3651099.7666666666,9866135.816633403,-2563936.283300069
140,3123746.933333333,7237200.717753457,-989706.8510867911,3100140.9833333334,7215152.640694087,-1014870.6740274206,3154486.316666667,7265323.387116672,-956350.7537833378,2822594.3333333335,6915980.4670376545,-1270791.8003709875,3117560.2,7231372.016281022,-996251.6162810219,2822594.3333333335,6915980.4670376545,-1270791.8003709875
141,3302298.7,7727934.0236439835,-1123336.6236439832,3267435.033333333,7695223.490722385,-1160353.4240557188,3318128.9166666665,7742087.942972116,-1105830.1096387827,3055177.6,7560765.659373941,-1450410.4593739412,3292337.066666667,7718535.486900942,-1133861.353567609,3055177.6,7560765.659373941,-1450410.4593739412
142,3428237.8666666667,8328861.037136156,-1472385.3038028223,3397573.6166666667,8299426.687844053,-1504279.45451072,3443510.3833333333,8342016.791760998,-1454996.0250943317,3077229.9,7843764.194964452,-1689304.3949644524,3408092.6,8309440.759786122,-1493255.5597861218,3077229.9,7843764.194964452,-1689304.3949644524
143,3315111.8,7892255.712824652,-1262032.1128246523,3296741.3666666667,7874907.696444411,-1281424.963111077,3346480.7,7921530.273810779,-1228568.8738107784,3202234.433333333,8006213.166238699,-1601744.2995720324,3281603.533333333,7860824.969180931,-1297617.902514265,3202234.433333333,8006213.166238699,-1601744.2995720324
144,3222060.3666666667,7530570.830373565,-1086450.0970402309,3193905.95,7503864.773881431,-1116052.8738814304,3236679.6,7543400.148195583,-1070040.9481955827,3119152.2333333334,7743098.676445056,-1504794.209778389,3214286.8,7523215.799248593,-1094642.1992485933,3119152.2333333334,7743098.676445056,-1504794.209778389
145,3089046.566666667,7174021.781192579,-995928.6478592455,3063434.5166666666,7149568.289943554,-1022699.2566102212,3133052.8333333335,7214917.193052491,-948811.5263858237,2789003.2333333334,6791110.151381765,-1213103.6847150982,3059250.2,7145954.479426128,-1027454.0794261275,2789003.2333333334,6791110.151381765,-1213103.6847150982
146,2791273.3333333335,6368411.410736915,-785864.7440702477,2761152.5,6339370.678723378,-817065.6787233786,2821879.1666666665,6396040.607045716,-752282.2737123822,2374739.7,5853659.7474465035,-1104180.3474465036,2758523.9,6337335.000492105,-820287.2004921054,2374739.7,5853659.7474465035,-1104180.3474465036
147,2475765.8333333335,5630684.270794354,-679152.6041276874,2436473.2666666666,5592761.129125344,-719814.5957920109,2497575.6333333333,5649797.2703641765,-654646.0036975094,2134810.2,5183821.768599503,-914201.3685995028,2449571.066666667,5605779.600066962,-706637.4667336284,2134810.2,5183821.768599503,-914201.3685995028
148,2338977.033333333,5360182.0871643815,-682228.0204977151,2305729.8666666667,5328662.260435119,-717202.5271017863,2332521.5,5353342.389493644,-688299.3894936447,2023088.6,4939446.730877349,-893269.5308773485,2301681.966666667,5325765.174780519,-722401.2414471852,2023088.6,4939446.730877349,-893269.5308773485
149,2590337.9,6143294.159873005,-962618.3598730057,2563505.1333333333,6118040.944765002,-991030.6780983345,2608391.3833333333,6159486.285768067,-942703.5191014009,2257589.5,5722198.552885652,-1207019.5528856516,2586698.2,6139902.762355613,-966506.3623556127,2257589.5,5722198.552885652,-1207019.5528856516
150,3053685.0,7265954.077544569,-1158584.077544569,3012497.8333333335,7226720.8451078925,-1201725.178441226,3027156.75,7239672.107849831,-1185358.6078498308,2647006.3333333335,6801936.253608199,-1507923.5869415323,3025915.2,7239766.84714977,-1187936.4471497694,2647006.3333333335,6801936.253608199,-1507923.5869415323
151,2683908.466666667,6063041.275749072,-695224.3424157389,2648995.8666666667,6030070.44958563,-732078.7162522962,2674430.25,6053259.572609078,-704399.0726090777,2297809.7666666666,5547351.416361824,-951731.88302849,2655272.0,6036188.314278599,-725644.3142785984,2297809.7666666666,5547351.416361824,-951731.88302849
152,2814326.9,6416291.4170043245,-787637.6170043242,2769240.7,6372144.250249352,-833662.8502493519,2809202.0,6408478.255401814,-790074.2554018148,2467458.966666667,5929710.044295488,-994792.1109621543,2802574.7,6404655.6590464935,-799506.2590464926,2467458.966666667,5929710.044295488,-994792.1109621543
153,3731267.933333333,9163605.76073229,-1701069.8940656227,3703681.6333333333,9137686.97536059,-1730323.708693923,3734947.1166666667,9166328.111725327,-1696433.8783919928,3376195.2333333334,8638027.465522146,-1885636.998855479,3724255.9,9156995.42217085,-1708483.6221708492,3376195.2333333334,8638027.465522146,-1885636.998855479
154,2380074.6666666665,5560511.400189711,-800362.0668563773,2341148.9166666665,5522718.582471646,-840420.7491383138,2352444.95,5532086.49238315,-827196.5923831495,2037894.4,5148467.576627769,-1072678.7766277683,2363854.1666666665,5544442.319830781,-816733.9864974483,2037894.4,5148467.576627769,-1072678.7766277683
155,3383191.2333333334,8173190.83952719,-1406808.372860523,3338486.1166666667,8129721.815203082,-1452749.581869748,3355638.55,8144758.268101714,-1433481.168101714,2909869.533333333,7623864.0413456615,-1804124.974678995,3353736.2666666666,8145042.1845646035,-1437569.6512312703,2909869.533333333,7623864.0413456615,-1804124.974678995
156,2818847.466666667,6513802.765940888,-876107.8326075547,2789733.3333333335,6485248.510786006,-905781.8441193388,2816087.3333333335,6508291.053310261,-876116.3866435941,2389569.6333333333,5982315.675443775,-1203176.4087771084,2805110.1333333333,6500033.6019946085,-889813.3353279419,2389569.6333333333,5982315.675443775,-1203176.4087771084
157,2967834.466666667,6915273.171910983,-979604.2385776495,2919808.1,6867951.946242262,-1028335.746242261,2916711.3833333333,6861937.818927037,-1028515.0522603705,2509889.2666666666,6359592.802338226,-1339814.269004893,2930972.066666667,6879129.9178243615,-1017185.7844910277,2509889.2666666666,6359592.802338226,-1339814.269004893
158,2793607.033333333,6542873.295058481,-955659.228391815,2745187.566666667,6496029.733390295,-1005654.6000569612,2748624.566666667,6498256.384191304,-1001007.2508579707,2439080.5,6099374.720691232,-1221213.7206912325,2763208.2666666666,6513478.173057307,-987061.6397239733,2439080.5,6099374.720691232,-1221213.7206912325
159,2804017.466666667,6878917.25948793,-1270882.3261545962,2749719.7,6826390.858012994,-1326951.4580129934,2765904.2333333334,6841092.186788225,-1309283.7201215578,2502912.4,6427728.848838456,-1421904.0488384557,2776757.1666666665,6852358.231206445,-1298843.897873112,2502912.4,6427728.848838456,-1421904.0488384557
160,2846331.6666666665,7219914.52533083,-1527251.1919974978,2791354.85,7165923.2434984,-1583213.5434983992,2787232.066666667,7160090.297996873,-1585626.1646635388,2529084.7666666666,6783572.418802852,-1725402.8854695186,2819162.6333333333,7192942.901703006,-1554617.6350363395,2529084.7666666666,6783572.418802852,-1725402.8854695186
161,3308384.6333333333,8285380.599746227,-1668611.3330795611,3263450.716666667,8241924.43670853,-1715023.0033751968,3274511.6666666665,8250588.353611862,-1701565.0202785297,2915834.3333333335,7767849.470152749,-1936180.8034860813,3283820.2,8261459.852335387,-1693819.4523353865,2915834.3333333335,7767849.470152749,-1936180.8034860813
162,3885396.5,9823810.902126549,-2053017.9021265488,3841196.566666667,9781437.347018518,-2099044.2136851843,3862097.95,9799638.449264556,-2075442.5492645567,3469305.566666667,9281283.57249097,-2342672.4391576364,3860961.0,9800255.968553014,-2078333.9685530132,3469305.566666667,9281283.57249097,-2342672.4391576364
163,4107351.3,10484931.168705843,-2270228.5687058447,4052485.533333333,10432239.163468106,-2327268.0968014393,4066936.466666667,10444949.131606346,-2311076.1982730124,3715466.2,9922913.44532603,-2491981.04532603,4061480.2666666666,10441104.085955665,-2318143.5526223304,3715466.2,9922913.44532603,-2491981.04532603
164,3899724.7333333334,9887026.892877502,-2087577.4262108356,3865088.566666667,9853896.167265022,-2123719.033931689,3860685.183333333,9849019.19165611,-2127648.824989444,3528147.066666667,9456298.20897037,-2400004.0756370365,3878515.1666666665,9866690.632741172,-2109660.2994078393,3528147.066666667,9456298.20897037,-2400004.0756370365
165,4137443.466666667,10386940.178359862,-2112053.245026528,4102990.4166666665,10354331.011370733,-2148350.178037401,4089532.0833333335,10339224.569953155,-2160160.4032864883,3723656.3,9838041.565779522,-2390728.9657795224,4124525.3,10374572.008706508,-2125521.4087065086,3723656.3,9838041.565779522,-2390728.9657795224
166,4918711.2,12592917.78491106,-2755495.3849110603,4873744.983333333,12549762.911151271,-2802272.9444846045,4849594.1,12525121.409476474,-2825933.2094764737,4450615.233333333,11957942.141432445,-3056711.6747657796,4899430.8,12574175.542010767,-2775313.9420107678,4450615.233333333,11957942.141432445,-3056711.6747657796
167,4556931.833333333,11174595.95118532,-2060732.2845186535,4521607.983333333,11140788.737452533,-2097572.7707858654,4440158.35,11059574.204693854,-2179257.5046938546,4122497.7666666666,10670962.781548852,-2425967.248215519,4506638.133333334,11127519.36049584,-2114243.093829171,4122497.7666666666,10670962.781548852,-2425967.248215519
168,4001295.933333333,9696090.344344545,-1693498.4776778785,3958339.066666667,9654928.702823622,-1738250.569490288,3893826.183333333,9590589.036850926,-1802936.6701842588,3526490.3333333335,9057632.977373438,-2004652.3107067714,3959280.1333333333,9656201.099702926,-1737640.8330362593,3526490.3333333335,9057632.977373438,-2004652.3107067714
169,3668696.1,8807700.180173904,-1470307.980173903,3626307.15,8767454.487831097,-1514840.1878310977,3615558.3666666667,8756122.991504187,-1525006.2581708538,3232814.7333333334,8248009.424997704,-1782379.9583310373,3651506.6666666665,8791178.346306194,-1488165.0129728601,3232814.7333333334,8248009.424997704,-1782379.9583310373
170,3155931.933333333,7550601.847178465,-1238737.980511798,3101276.85,7496864.130235724,-1294310.4302357244,3098509.55,7494002.753117774,-1296983.653117774,2771428.966666667,7066663.740273465,-1523805.8069401318,3113504.8666666667,7509250.428643012,-1282240.6953096786,2771428.966666667,7066663.740273465,-1523805.8069401318
171,3222163.433333333,7658664.048559684,-1214337.1818930176,3157835.316666667,7595703.202208409,-1280032.5688750758,3129176.3,7566579.735608763,-1308227.1356087634,2796189.9,7128601.088181237,-1536221.2881812365,3165519.1,7604049.42046359,-1273011.2204635893,2796189.9,7128601.088181237,-1536221.2881812365
172,3440043.6666666665,8007419.273638228,-1127331.9403048954,3381483.9,7951094.372386174,-1188126.572386174,3381552.75,7951053.0076592835,-1187947.5076592835,3042892.433333333,7501006.984207943,-1415222.1175412764,3401763.6333333333,7970717.741285106,-1167190.474618439,3042892.433333333,7501006.984207943,-1415222.1175412764
173,3809011.2666666666,9277842.1218758,-1659819.588542467,3755512.216666667,9226237.183840029,-1715212.7505066954,3747287.75,9219032.59303401,-1724457.0930340104,3444742.533333333,8774189.884574912,-1884704.817908247,3752656.8333333335,9223607.61261978,-1718293.9459531135,3444742.533333333,8774189.884574912,-1884704.817908247
174,3543822.3333333335,8494078.972831257,-1406434.3061645902,3492597.6,8443640.792103844,-1458445.592103843,3453944.5,8406178.948414493,-1498289.9484144943,3187471.8666666667,8095154.253916932,-1720210.5205835984,3513251.3666666667,8464100.593123615,-1437597.859790281,3187471.8666666667,8095154.253916932,-1720210.5205835984
175,4461967.4,11045652.697819084,-2121717.897819083,4414869.433333334,10999883.273330547,-2170144.4066638798,4373464.933333334,10959641.675165128,-2212711.80849846,4065407.4,10666987.252473285,-2536172.452473286,4426384.933333334,11011474.598612066,-2158704.7319453983,4065407.4,10666987.252473285,-2536172.452473286
176,4002159.066666667,9459745.756665718,-1455427.6233323836,3934047.5166666666,9392168.868719932,-1524073.8353865985,3891434.6166666667,9348921.32891976,-1566052.095586428,3484427.2666666666,8960642.097883185,-1991787.5645498522,3968710.7666666666,9426118.760998975,-1488697.2276656432,3484427.2666666666,8960642.097883185,-1991787.5645498522
177,3612560.7333333334,8293001.658964752,-1067880.1922980854,3539278.0,8218910.44805548,-1140354.4480554797,3454907.75,8130689.096035787,-1220873.596035787,3185231.1333333333,7870231.033793833,-1499768.767127167,3543006.5,8224156.529341546,-1138143.529341546,3185231.1333333333,7870231.033793833,-1499768.767127167
178,3605206.0,8254204.973853829,-1043792.9738538293,3547448.2666666666,8196796.040577807,-1101899.5072444743,3448220.3666666667,8095579.5415895935,-1199138.8082562597,3017850.6666666665,7505497.134463437,-1469795.8011301043,3566987.7666666666,8216147.432260532,-1082171.8989271987,3017850.6666666665,7505497.134463437,-1469795.8011301043
179,2949844.2666666666,6645847.837108627,-746159.3037752942,2886530.15,6584005.384553103,-810945.0845531025,2859275.433333333,6557251.837167533,-838700.9705008664,2546672.6666666665,6093908.050348116,-1000562.7170147826,2918636.4,6615182.31492711,-777909.5149271102,2546672.6666666665,6093908.050348116,-1000562.7170147826
180,2599384.8666666667,6001102.632907035,-802332.8995737014,2540768.8333333335,5944273.650613533,-862735.9839468659,2563722.7666666666,5965346.540321744,-837901.0069884108,2262633.933333333,5525674.4389549,-1000406.5722882338,2544656.8333333335,5947691.28611695,-858377.6194502828,2262633.933333333,5525674.4389549,-1000406.5722882338
181,2979966.5,6684720.800645545,-724787.8006455447,2896926.7,6602851.710161512,-808998.3101615114,2896088.6166666667,6600523.278606936,-808346.0452736034,2575612.8333333335,6125982.360308445,-974756.6936417781,2911092.533333333,6616675.064466126,-794489.9977994594,2575612.8333333335,6125982.360308445,-974756.6936417781
182,3044370.9,6501365.753263332,-412623.9532633326,2966772.033333333,6425327.892786397,-491783.8261197298,2983771.15,6437713.637275422,-470171.33727542264,2593517.033333333,5869895.823332014,-682861.7566653476,2992937.3666666667,6451136.629011244,-465261.8956779102,2593517.033333333,5869895.823332014,-682861.7566653476
183,2661444.533333333,5619766.600008106,-296877.53334143944,2603992.7,5564054.371298432,-356068.9712984315,2628783.0166666666,5585713.132876509,-328147.09954317566,2293204.933333333,5062880.322090075,-476470.4554234091,2582015.3666666667,5542851.112232244,-378820.3788989098,2293204.933333333,5062880.322090075,-476470.4554234091
184,2710514.1333333333,5693284.391069496,-272256.124402829,2662219.433333333,5646570.4665459525,-322131.5998792858,2659490.8,5642283.7067965185,-323302.1067965189,2407226.6333333333,5384858.652042953,-570405.3853762872,2612911.7666666666,5591423.204571563,-365599.6712382296,2407226.6333333333,5384858.652042953,-570405.3853762872
185,2521418.533333333,5127455.214185197,-84618.14751853095,2482735.75,5090600.061318473,-125128.56131847296,2475946.9,5075338.681088043,-123444.88108804403,2124398.2,4712434.488364566,-463638.08836456574,2525100.4,5144842.820625842,-94642.02062584227,2124398.2,4712434.488364566,-463638.08836456574
186,2217767.1333333333,4377834.152000566,57700.11466610059,2162509.0166666666,4320770.919297371,4247.1140359621495,2146659.6666666665,4291081.042088812,2238.291244520806,1840012.5666666667,3970006.52197522,-289981.38864188665,2159618.1333333333,4315440.1932175085,3796.0734491585754,1840012.5666666667,3970006.52197522,-289981.38864188665
187,2069447.1666666667,4277939.351305611,-139045.0179722777,2013193.3333333333,4222288.077626758,-195901.41096009198,2031035.7666666666,4244238.159238418,-182166.62590508442,1735732.7666666666,3924042.9973395034,-452577.46400617016,1955865.7666666666,4150027.5298661096,-238295.9965327764,1735732.7666666666,3924042.9973395034,-452577.46400617016
188,1931759.1333333333,3953990.663774533,-90472.39710786636,1867504.6,3889282.444647813,-154273.24464781326,1836979.7666666666,3852334.3071197523,-178374.7737864193,1590461.9,3581944.1344423434,-401020.3344423438,1835589.3333333333,3847942.1549239587,-176763.48825729243,1590461.9,3581944.1344423434,-401020.3344423438
189,1722451.2,3540432.1456716093,-95529.74567160942,1666344.4833333334,3484153.6096589435,-151464.64299227647,1669892.9833333334,3482200.8717159024,-142414.90504923556,1384826.5666666667,3051521.1543076374,-281868.02097430406,1669009.8333333333,3484567.225332375,-146547.55866570864,1384826.5666666667,3051521.1543076374,-281868.02097430406
190,1989181.9666666666,4077829.5660438715,-99465.6327105381,1920705.9,4006213.4857405312,-164801.68574053142,1901827.15,3980422.931018251,-176768.6310182514,1575637.8,3523355.4145807493,-372079.814580749,1904894.2666666666,3987709.4730451787,-177920.93971184548,1575637.8,3523355.4145807493,-372079.814580749
191,2179834.9,4462912.722682089,-103242.9226820888,2115598.6,4397227.256727681,-166030.05672768038,2039283.5166666666,4315461.432305988,-236894.39897265518,1729763.5,3877234.0494395033,-417707.04943950335,2134103.7333333334,4422087.696615439,-153880.22994877165,1729763.5,3877234.0494395033,-417707.04943950335
192,2313063.7666666666,4866585.200345571,-240457.66701223794,2243153.9833333334,4794084.839123227,-307776.8724565604,2146659.433333333,4678079.050174905,-384760.18350823876,1833919.1333333333,4210498.138451586,-542659.8717849185,2255716.933333333,4811646.371109387,-300212.50444272114,1833919.1333333333,4210498.138451586,-542659.8717849185
193,2274291.433333333,4626991.499200427,-78408.63253376074,2203649.85,4555202.157252757,-147902.45725275716,2201925.966666667,4550071.663246749,-146219.7299134154,1739214.8666666667,3894103.9807244064,-415674.24739107303,2148925.1666666665,4487079.456988951,-189229.12365561863,1739214.8666666667,3894103.9807244064,-415674.24739107303
194,2809758.3666666667,6090137.4990978055,-470620.7657644716,2736473.683333333,6015494.698168271,-542547.331501605,2747128.3333333335,6027119.326799126,-532862.6601324598,2265965.033333333,5467076.283085883,-935146.2164192158,2724556.8,6003034.118737983,-553920.5187379825,2265965.033333333,5467076.283085883,-935146.2164192158
195,2908378.1,6358773.104004161,-542016.9040041617,2812671.5166666666,6259741.912185663,-634398.8788523306,2773135.8666666667,6216691.369356375,-670419.6360230423,2375247.1666666665,5761896.754874883,-1011402.4215415497,2890838.9,6345505.162497308,-563827.3624973083,2375247.1666666665,5761896.754874883,-1011402.4215415497
196,2904054.0,6315153.3160347305,-507045.316034731,2811134.716666667,6218123.892957038,-595854.4596237047,2846966.566666667,6261680.023874956,-567746.8905416224,2314564.3,5651405.838584043,-1022277.2385840435,2904126.8333333335,6321727.623927455,-513473.9572607889,2314564.3,5651405.838584043,-1022277.2385840435
197,3095489.433333333,6847783.072080592,-656804.205413925,3022235.9833333334,6773068.678095682,-728596.7114290143,2877060.8666666667,6614874.283976287,-860752.5506429537,2469378.433333333,6149406.967369063,-1210650.1007023961,3007398.9,6752291.719451867,-737493.9194518668,2469378.433333333,6149406.967369063,-1210650.1007023961
198,2977800.6666666665,6814347.187539977,-858745.854206644,2900465.1666666665,6736196.981840083,-935266.6485067508,2867062.783333333,6708051.283299752,-973925.7166330856,2456189.7333333334,6239429.2109162975,-1327049.7442496312,2913334.5,6748608.477165654,-921939.4771656538,2456189.7333333334,6239429.2109162975,-1327049.7442496312
199,3142553.0,7467272.337400076,-1182166.337400076,3081732.216666667,7407472.745592148,-1244008.3122588145,3065065.6333333333,7391738.59821325,-1261607.3315465827,2686429.2666666666,6893175.58405914,-1520317.0507258065,3078530.0,7404391.954990497,-1247331.9549904969,2686429.2666666666,6893175.58405914,-1520317.0507258065
200,614744.4,1167542.9883880494,61945.81161195063,614721.6666666666,1167523.6002188907,61919.733114442555,626526.5,1178244.2307427716,74808.76925722836,546448.5333333333,1077755.1718817665,15141.894784900243,628317.2333333333,1179758.5835289634,76875.88313770329,546448.5333333333,1077755.1718817665,15141.894784900243
201,900205.1,1787650.6144761527,12759.585523847141,890804.0833333334,1778921.523018945,2686.6436477216193,906035.2666666667,1792637.9189209812,19432.614412352326,832915.1333333333,1692602.5995551047,-26772.332888438134,900453.3,1787894.3881529886,13012.21184701135,832915.1333333333,1692602.5995551047,-26772.332888438134
202,913026.8666666667,1863990.889115905,-37937.15578257141,904277.55,1855871.5761559638,-47316.476155963726,950260.0833333334,1901304.0434239388,-783.8767572720535,835293.0333333333,1745284.6329709445,-74698.56630427798,925540.4333333333,1876145.4520645384,-25064.585397871793,835293.0333333333,1745284.6329709445,-74698.56630427798
203,1083064.5666666667,2249786.7771316017,-83657.6437982684,1083029.15,2249755.7113646823,-83697.41136468248,1120117.0833333333,2288098.3431626675,-47864.17649600096,982683.4666666667,2137546.1480355067,-172179.21470217325,1096522.4666666666,2261888.0042029214,-68843.0708695883,982683.4666666667,2137546.1480355067,-172179.21470217325
204,1044111.3666666667,1982124.5312360995,106098.20209723385,1043998.3166666667,1982028.0950453645,105968.53828796896,1072092.9166666667,2012397.154310518,131788.67902281543,980143.4666666667,1915172.0897756035,45114.84355772985,1059146.9666666666,1995416.51698008,122877.41635325318,980143.4666666667,1915172.0897756035,45114.84355772985
205,1086806.5666666667,2136391.3911580946,37221.74217523867,1079055.75,2129362.4494437147,28749.050556285074,1095664.7166666666,2144929.3946430474,46400.03869028576,1078070.0333333334,2126166.9656454613,29973.101021205308,1089807.2,2139176.313222277,40438.08677772316,1078070.0333333334,2126166.9656454613,29973.101021205308
206,1129550.9333333333,2223218.690630274,35883.17603639304,1129433.2333333334,2223116.9871281236,35749.47953854315,1136835.0666666667,2229607.2383513865,44062.894981946796,1088886.9666666666,2184452.4290896943,-6678.495756361401,1144929.7333333334,2236928.2545813257,52931.2120853411,1088886.9666666666,2184452.4290896943,-6678.495756361401
207,849289.5666666667,1580834.1186926626,117745.01464067085,849224.7166666667,1580779.214396224,117670.21893710934,849257.4666666667,1580806.9433519868,117707.98998134665,781400.1333333333,1510513.0470770155,52287.21958965121,863658.7666666667,1593544.6653441964,133772.86798913707,781400.1333333333,1510513.0470770155,52287.21958965121
208,709962.9666666667,1315589.1181482228,104336.81518511055,709934.35,1315564.9398133839,104303.76018661621,716657.4,1321387.7299870872,111927.07001291285,672695.7666666667,1279417.1727667022,65974.36056663131,724488.7666666667,1328531.137921769,120446.3954115645,672695.7666666667,1279417.1727667022,65974.36056663131
209,643066.6666666666,1209501.7318915196,76631.60144181363,643013.5333333333,1209456.5552137557,76570.51145291096,643103.1833333333,1209532.7548991574,76673.61176750925,629810.3,1197611.645959056,62008.954040943994,643000.5333333333,1209445.5039799404,76555.5626867261,629810.3,1197611.645959056,62008.954040943994
210,530752.6333333333,1032403.3004675403,29101.96619912627,530738.7333333333,1032391.3100560863,29086.156610580278,530610.4666666667,1032280.7079006173,28940.225432716135,508344.6666666667,990531.7812441322,26157.55208920123,530521.2,1032203.8533621989,28838.54663780093,508344.6666666667,990531.7812441322,26157.55208920123
211,662251.5666666667,1355334.9776464754,-30831.844313142123,654589.1166666667,1348144.4847553377,-38966.251422004425,655057.3333333334,1348576.699024185,-38462.03235751833,639325.2666666667,1319592.1115686286,-40941.578235295136,663286.2333333333,1356342.9661112258,-29770.499444559216,639325.2666666667,1319592.1115686286,-40941.578235295136
212,983067.8666666667,2281747.6712947595,-315611.9379614261,975722.8,2274895.5496626357,-323449.94966263557,976294.2,2275423.8120419206,-322835.4120419207,906053.6666666666,2197260.734654248,-385153.4013209151,996993.3666666667,2295192.5394846303,-301205.8061512967,906053.6666666666,2197260.734654248,-385153.4013209151
213,859038.7666666667,1875063.6507570385,-156986.11742370506,858771.9333333333,1874826.4063459144,-157282.53967924765,858848.05,1874894.0118894095,-157197.9118894094,799818.6666666666,1809278.0956566585,-209640.76232332538,858658.5666666667,1874725.6774368032,-157408.54410346993,799818.6666666666,1809278.0956566585,-209640.76232332538
214,685087.0666666667,1370965.1777291028,-791.044395769597,684871.2833333333,1370777.3467314737,-1034.7800648069242,692137.1166666667,1377247.7614535994,7026.471879733959,636511.4333333333,1317130.2037254842,-44107.337058817386,698034.3333333334,1382723.0212449697,13345.645421696943,636511.4333333333,1317130.2037254842,-44107.337058817386
215,763881.6,1623601.9934928287,-95838.79349282861,754042.7166666667,1614241.238130922,-106155.8047975885,755554.45,1615655.3809666303,-104546.48096663039,762017.0666666667,1621812.3749228367,-97778.24158950336,764648.7333333333,1624361.4055409573,-95063.93887429079,762017.0666666667,1621812.3749228367,-97778.24158950336
216,878293.6333333333,1873195.9410341815,-116608.67436751479,869538.2,1864998.334000537,-125921.93400053703,871305.8166666667,1866631.7159593147,-124020.08262598142,839823.3333333334,1835492.5515612012,-155845.88489453448,881391.4666666667,1876173.7981961225,-113390.86486278905,839823.3333333334,1835492.5515612012,-155845.88489453448
217,531648.6666666666,1120655.2205921349,-57357.88725880161,531622.05,1120631.7733724872,-57387.67337248707,531533.8166666667,1120554.0514197545,-57486.41808642121,489518.8,1073396.0840305635,-94358.48403056344,545225.4,1133225.4590837886,-42774.659083788516,489518.8,1073396.0840305635,-94358.48403056344
218,566517.9666666667,1237176.3760342747,-104140.44270094123,566431.5333333333,1237099.5197809276,-104236.45311426092,566519.1166666667,1237177.4736077692,-104139.24027443596,550042.3,1220552.0083485139,-120467.40834851377,566485.7,1237147.717928034,-104176.31792803411,550042.3,1220552.0083485139,-120467.40834851377
219,513290.1666666667,1108835.4115733183,-82255.07823998487,513206.26666666666,1108761.0252201853,-82348.4918868519,513296.95,1108841.4753811075,-82247.57538110757,496839.7,1093358.4815334545,-99679.08153345442,513249.3333333333,1108799.2315708313,-82300.56490416458,496839.7,1093358.4815334545,-99679.08153345442
220,462632.3333333333,969750.4091589102,-44485.74249224347,462341.31666666665,969493.1548161453,-44810.521482812066,462855.0,969947.7310845421,-44237.73108454206,459015.73333333334,966283.2276956878,-48251.761029021116,474912.7,981190.5780335508,-31365.178033550736,459015.73333333334,966283.2276956878,-48251.761029021116
221,518437.0,1030985.9274311952,5888.072568804841,484241.4,987657.2169948198,-19174.416994819767,480178.45,983198.5652196619,-22841.665219661838,408189.36666666664,884028.0827725211,-67649.34943918785,500514.6666666667,1007255.3303670771,-6225.99703374377,408189.36666666664,884028.0827725211,-67649.34943918785
222,435300.6666666667,857810.9095133946,12790.42381993885,426649.5333333333,849273.4768878152,4025.5897788514267,434142.3333333333,856632.1043233224,11652.56234334415,393388.9666666667,800998.453221954,-14220.519888620707,451384.8333333333,875500.883705315,27268.78296135168,393388.9666666667,800998.453221954,-14220.519888620707
223,442500.7,981641.8355723163,-96640.43557231635,442493.38333333336,981635.3127795402,-96648.54611287342,442488.4166666667,981630.8847807765,-96654.05144744302,402002.63333333336,935259.475863409,-131254.20919674222,442475.2,981619.1040234019,-96668.70402340178,402002.63333333336,935259.475863409,-131254.20919674222
224,613757.2,1303007.7189672992,-75493.3189672993,607057.0666666667,1296705.2812550543,-82591.1479217211,608062.8833333333,1297636.4276743263,-81510.66100765974,552884.7333333333,1237352.0229436979,-131582.5562770312,615072.1666666666,1304277.4559393944,-74133.12260606105,552884.7333333333,1237352.0229436979,-131582.5562770312
225,669256.8,1493704.5565200862,-155190.95652008604,659106.7833333333,1483892.679938627,-165679.11327196017,660730.2833333333,1485430.3882298816,-163969.821563215,635237.9333333333,1460874.6990360664,-190398.83236939984,682783.5666666667,1507531.6373894175,-141964.5040560842,635237.9333333333,1460874.6990360664,-190398.83236939984
226,595696.4,1306167.8457201128,-114775.04572011274,593897.1,1304461.9557284063,-116667.75572840637,601293.8666666667,1311191.2476883284,-108603.51435499487,554838.6,1261218.308083985,-151541.10808398505,610257.5333333333,1319701.3721109587,-99186.30544429203,554838.6,1261218.308083985,-151541.10808398505
227,578206.9,1181676.7894405848,-25262.98944058467,552171.6166666667,1152485.658278123,-48142.42494478973,539820.9166666666,1140067.4855895173,-60425.65225618391,475175.63333333336,1058143.7799018093,-107792.51323514251,559244.4666666667,1159966.4237503274,-41477.49041699397,475175.63333333336,1058143.7799018093,-107792.51323514251
228,682988.4333333333,1428601.3420149619,-62624.47534829518,654667.7166666667,1397423.4225277067,-88087.98919437337,644454.3166666667,1387152.7111091902,-98244.07777585683,603991.9666666667,1341332.9098171438,-133348.97648381046,654839.4333333333,1397552.5384198204,-87873.67175315379,603991.9666666667,1341332.9098171438,-133348.97648381046
229,643327.8333333334,1336251.3144628322,-49595.64779616555,624561.6666666666,1317296.802260045,-68173.46892671159,616799.4666666667,1309900.720258987,-76301.78692565358,620175.3666666667,1313086.4702376989,-72735.73690436548,635589.6,1328184.6942560778,-57005.4942560778,620175.3666666667,1313086.4702376989,-72735.73690436548
230,618755.8,1324495.0210298481,-86983.42102984793,615545.2333333333,1321419.695986805,-90329.22932013834,615450.2833333333,1321335.6387668285,-90435.07210016169,644996.4333333333,1350249.6695620248,-60256.802895358065,618567.3666666667,1324328.3690742392,-87193.63574090577,644996.4333333333,1350249.6695620248,-60256.802895358065
231,1221822.9,2435058.1597149195,8587.640285080299,1212185.7166666666,2426383.39831229,-2011.964978957083,1212953.6166666667,2427069.2824339257,-1162.0491005922668,1231105.8333333333,2438055.15655258,24156.51011408656,1222373.0333333334,2435563.957132874,9182.109533792827,1231105.8333333333,2438055.15655258,24156.51011408656
232,1222345.1,2678094.3346373052,-233404.13463730505,1211626.4833333334,2668254.5824851263,-245001.6158184593,1212773.6666666667,2669302.5330115417,-243755.19967820798,1219845.8333333333,2677412.6962547684,-237721.02958810166,1223376.2666666666,2679061.464753303,-232308.93141997,1219845.8333333333,2677412.6962547684,-237721.02958810166
233,1275550.4333333333,2696726.0179651314,-145625.15129846474,1272585.9666666666,2694068.8686026344,-148896.9352693013,1279210.95,2699969.7216386944,-141547.8216386945,1260132.0666666667,2680357.2651676196,-160093.13183428627,1289167.6,2708981.4328307235,-130646.23283072328,1260132.0666666667,2680357.2651676196,-160093.13183428627
234,1055385.7666666666,2150296.0125500434,-39524.4792167102,1051549.7333333334,2146831.0737413596,-43731.60707469308,1051374.1333333333,2146677.623400122,-43929.356733455556,1004901.9333333333,2092488.1234539633,-82684.25678729662,1071198.6333333333,2164545.043176807,-22147.776510140393,1004901.9333333333,2092488.1234539633,-82684.25678729662
235,1126060.8,2438377.971642212,-186256.37164221215,1122686.0333333334,2435322.700895522,-189950.63422885514,1122557.3166666667,2435208.5074886107,-190093.8741552774,1110674.9,2413226.2673642086,-191876.46736420877,1151813.2333333334,2462189.154643813,-158562.6879771466,1110674.9,2413226.2673642086,-191876.46736420877
236,963779.5333333333,2097055.4890404632,-169496.42237379646,961157.0,2094686.5664240734,-172372.56642407342,960975.2666666667,2094525.093280424,-172574.55994709057,961379.1,2094969.8728544987,-172211.67285449884,979646.1666666666,2111575.0552718127,-152282.72193847958,961379.1,2094969.8728544987,-172211.67285449884
237,848134.3,1717514.3944923053,-21245.794492305256,846333.85,1715910.4215694629,-23242.72156946303,845889.8833333333,1715522.747177329,-23742.980510662193,813610.3666666667,1682893.6260558069,-55672.892722473596,862345.5333333333,1730368.0192723563,-5676.9526056895265,813610.3666666667,1682893.6260558069,-55672.892722473596
238,760466.2666666667,1648888.714207294,-127956.18087396049,759763.1833333333,1648261.9685736655,-128735.60190699878,759468.8333333334,1648000.2203056617,-129062.55363899481,755038.2,1643732.9974063523,-133656.59740635252,759744.8333333334,1648247.0242571635,-128757.35759049677,755038.2,1643732.9974063523,-133656.59740635252
239,892358.8666666667,1843326.9453103356,-58609.211977002094,891106.6333333333,1842216.1587871423,-60002.89212047565,890938.85,1842069.0422194554,-60191.34221945552,865279.5666666667,1818303.6022681883,-87744.46893485484,892047.2333333333,1843053.7212933877,-58959.254626721144,865279.5666666667,1818303.6022681883,-87744.46893485484
240,937492.1333333333,1909774.9654807097,-34790.69881404308,933979.8833333333,1906628.6478232755,-38668.881156609044,933734.1333333333,1906413.8132416666,-38945.546575000044,929412.7333333333,1902566.9246969877,-43741.45803032117,949618.9,1920658.8104021235,-21421.010402123444,929412.7333333333,1902566.9246969877,-43741.45803032117
241,1128997.9666666666,2377937.576876438,-119941.64354310534,1124981.3833333333,2374314.2044927967,-124351.43782613007,1124484.3,2373875.492734713,-124906.89273471292,1130979.7333333334,2362652.347184526,-100692.88051785901,1140388.1666666667,2388185.076629847,-107408.74329651333,1130979.7333333334,2362652.347184526,-100692.88051785901
242,1244595.8666666667,2602378.8124042456,-113187.07907091221,1241597.8666666667,2599703.12826491,-116507.39493157668,1240992.9166666667,2599170.490711079,-117184.65737774549,1216957.6333333333,2574025.749065947,-140110.48239928018,1267524.0,2623303.9426069376,-88255.9426069376,1216957.6333333333,2574025.749065947,-140110.48239928018
243,1242582.4666666666,2410762.2307558516,74402.70257748174,1240145.25,2408632.524467472,71657.97553252825,1239657.65,2408212.2315051164,71103.06849488337,1206373.7333333334,2373632.419731047,39115.04693561979,1241894.7666666666,2410169.936886451,73619.596446882,1206373.7333333334,2373632.419731047,39115.04693561979
244,1010252.1666666666,1969430.4270430175,51073.90629031579,1007178.3333333334,1966711.2536298474,47645.413036819315,1006926.7,1966494.125516029,47359.274483970716,948108.2333333333,1904919.0059640338,-8702.539297367213,1009869.1333333333,1969100.2596289094,50638.0070377572,948108.2333333333,1904919.0059640338,-8702.539297367213
245,1049898.2,2160909.9039329244,-61113.50393292471,1046667.1333333333,2158018.957561077,-64684.69089441048,1046321.6833333333,2157715.6704051737,-65072.30373850698,1021278.4333333333,2134915.7715076944,-92358.90484102746,1074931.1333333333,2183944.4290551036,-34082.16238843696,1021278.4333333333,2134915.7715076944,-92358.90484102746
246,1244304.5666666667,2512934.9641564377,-24325.83082310413,1241616.9166666667,2510424.4991837842,-27190.665850450518,1241430.7,2510261.989243603,-27400.58924360294,1189139.9666666666,2458947.2598214047,-80667.32648807135,1243877.2,2512562.579362866,-24808.179362866096,1189139.9666666666,2458947.2598214047,-80667.32648807135
247,1137837.3,2282028.563183115,-6353.963183115004,1137165.4833333334,2281441.162121809,-7110.19545514253,1136725.2166666666,2281057.9706846606,-7607.537351327483,1078295.6666666667,2221385.520666904,-64794.187333570095,1137274.6,2281538.9746941626,-6989.774694162654,1078295.6666666667,2221385.520666904,-64794.187333570095
248,1048216.7,2091586.1040234012,4847.295976598747,1047749.0333333333,2091178.911214915,4319.155451751547,1046856.9166666666,2090401.7106861244,3312.1226472089766,1017297.5,2059355.7762484995,-24760.77624849952,1047103.1,2090616.4765353873,3589.7234646127326,1017297.5,2059355.7762484995,-24760.77624849952
249,753179.2666666667,1480926.6329025677,25431.900430765818,752462.2166666667,1480302.616067795,24621.817265538382,752132.9666666667,1480017.7029889885,24248.23034434486,753522.7333333333,1481471.119178615,25574.347488051513,752780.9,1480582.0416043778,24979.758395622135,753522.7333333333,1481471.119178615,25574.347488051513
250,676726.0333333333,1244087.7027102555,109364.36395641102,675437.1833333333,1242977.9316902915,107896.43497637531,675025.2833333333,1242629.3309632088,107421.23570345785,667689.2,1235236.1330484934,100142.26695150649,693218.3,1258953.7646571784,127482.83534282167,667689.2,1235236.1330484934,100142.26695150649
251,781789.5333333333,1507712.1395708267,55866.92709583999,779343.4666666667,1505543.7687747395,53143.16455859388,778346.7,1504681.6101287217,52011.7898712781,766434.4333333333,1476722.9793500667,56145.887316599954,802554.5,1526768.8833075063,78340.11669249379,766434.4333333333,1476722.9793500667,56145.887316599954
252,1094343.6,2282194.163799411,-93506.96379941097,1093435.0166666666,2281388.456573315,-94518.42323998152,1092373.2,2280453.764542302,-95707.36454230244,1058259.7333333334,2229028.1493358156,-112508.68266914878,1122095.7666666666,2307867.482169497,-63675.94883616362,1058259.7333333334,2229028.1493358156,-112508.68266914878
253,1083595.5666666667,2188855.4783290476,-21664.34499571449,1082645.0166666666,2188020.552938753,-22730.51960541983,1082523.8333333333,2187914.7593124975,-22867.092645830708,1023419.4,2124660.084873361,-77821.28487336112,1096046.2666666666,2199973.386073036,-7880.852739702677,1023419.4,2124660.084873361,-77821.28487336112
254,763616.7,1399765.259408066,127468.14059193374,763616.7,1399765.259408066,127468.14059193374,762946.2666666667,1399199.1035194993,126693.42981383426,704958.6,1331617.3805936342,78299.81940636574,778093.3666666667,1412625.7656822558,143560.96765107766,704958.6,1331617.3805936342,78299.81940636574
255,775939.4333333333,1462098.2664765057,89780.60019016103,773666.9,1460056.1032215194,87277.69677848055,773181.35,1459641.6103913193,86721.08960868057,754599.6,1441781.7151742273,67417.4848257727,793495.8666666667,1477936.6031132254,109055.13022010797,754599.6,1441781.7151742273,67417.4848257727
256,1109738.5,2184613.469421266,34863.53057873389,1108874.9666666666,2183854.428954187,33895.50437914627,1107966.2833333334,2183066.781384234,32865.78528243303,1094036.7,2168140.6226507435,19932.777349256445,1108776.8333333333,2183780.1534985593,33773.513168107485,1094036.7,2168140.6226507435,19932.777349256445
257,942771.9333333333,1867274.6495908247,18269.217075842083,941808.2833333333,1866423.0388649516,17193.52780171507,939620.45,1864516.8261696235,14724.07383037638,911711.7333333333,1835297.5432076096,-11874.076540942886,940460.9666666667,1865262.188244893,15659.745088440366,911711.7333333333,1835297.5432076096,-11874.076540942886
258,844583.7333333333,1665144.6708058056,24022.795860860962,844583.7333333333,1665144.6708058056,24022.795860860962,841508.0666666667,1662464.5962892123,20551.537044120952,840975.5,1661761.4714803053,20189.528519694577,842314.8666666667,1663163.3607024848,21466.372630848666,840975.5,1661761.4714803053,20189.528519694577
259,843079.0,1809400.4903530497,-123242.49035304983,843079.0,1809400.4903530497,-123242.49035304983,840387.3,1806973.3676315327,-126198.76763153262,850849.2333333333,1818120.8713981186,-116422.404731452,839892.0666666667,1806529.9409371368,-126745.80760380335,850849.2333333333,1818120.8713981186,-116422.404731452
260,977427.7666666667,2055209.0729547571,-100353.53962142358,968209.3666666667,2046622.704250397,-110203.97091706353,966011.0666666667,2044653.2490822081,-112631.11574887484,980567.3333333334,2059299.3947283342,-98164.72806166753,974564.6333333333,2052650.7938502873,-103521.52718362072,980567.3333333334,2059299.3947283342,-98164.72806166753
261,1257922.5666666667,2488205.7345370427,27639.398796290625,1251032.85,2482016.442484498,20049.25751550193,1248450.3,2479746.067166221,17154.53283377923,1285141.5666666667,2514691.0682908483,55592.06504248525,1254593.0666666667,2485285.3736361386,23900.759697194677,1285141.5666666667,2514691.0682908483,55592.06504248525
262,1240859.9,2351167.8286561905,130551.97134380927,1240859.9,2351167.8286561905,130551.97134380927,1238744.95,2349336.715322398,128153.18467760179,1235024.5,2343973.0542651266,126075.94573487365,1238071.7666666666,2348757.492919406,127386.04041392705,1235024.5,2343973.0542651266,126075.94573487365
263,1443279.9666666666,2824897.9682041104,61661.96512922272,1443279.9666666666,2824897.9682041104,61661.96512922272,1440748.5166666666,2822679.884518788,58817.14881454478,1408595.8,2788213.058246569,28978.541753431084,1439818.8666666667,2821870.9797209417,57766.75361239142,1408595.8,2788213.058246569,28978.541753431084
264,1116472.7,2083890.7749251628,149054.62507483712,1116472.7,2083890.7749251628,149054.62507483712,1114764.7666666666,2082423.849935255,147105.6833980783,1092750.3666666667,2056873.0965088068,128627.63682452659,1114232.1666666667,2081968.7619533422,146495.57137999125,1092750.3666666667,2056873.0965088068,128627.63682452659
265,1281999.4666666666,2603209.9828390395,-39211.04950570618,1281999.4666666666,2603209.9828390395,-39211.04950570618,1280558.7666666666,2601945.610052538,-40828.07671920466,1292430.1,2613102.7898093066,-28242.58980930643,1280110.6,2601553.520168428,-41332.32016842766,1292430.1,2613102.7898093066,-28242.58980930643
266,1520451.7333333334,3045347.3976950217,-4443.93102835468,1520451.7333333334,3045347.3976950217,-4443.93102835468,1516239.2666666666,3041651.4256601343,-9172.892326801317,1506185.2333333334,3030806.7762512206,-18436.30958455382,1516401.3333333333,3041792.840922691,-8990.17425602465,1506185.2333333334,3030806.7762512206,-18436.30958455382
267,1777832.8,3555185.181620654,480.41837934590876,1777832.8,3555185.181620654,480.41837934590876,1769975.3666666667,3548265.5543300444,-8314.820996711263,1763723.6,3540481.4537375076,-13034.253737507388,1769315.8666666667,3547690.811723812,-9059.078390478622,1763723.6,3540481.4537375076,-13034.253737507388
268,1616837.6,3140491.2921172613,93183.90788273909,1616837.6,3140491.2921172613,93183.90788273909,1610438.5,3134910.277710879,85966.72228912055,1634707.4666666666,3156777.2581517436,112637.67518158932,1612029.3666666667,3136288.163655939,87770.56967739435,1634707.4666666666,3156777.2581517436,112637.67518158932
269,1544282.1,2950637.6349917687,137926.5650082312,1544282.1,2950637.6349917687,137926.5650082312,1540064.8333333333,2946936.478189723,133193.1884769434,1556216.4,2940309.6015995042,172123.19840049534,1538599.1666666667,2945661.5062159467,131536.8271173865,1556216.4,2940309.6015995042,172123.19840049534
270,1374313.7333333334,2680766.3642505454,67861.10241612163,1374313.7333333334,2680766.3642505454,67861.10241612163,1368623.9666666666,2675690.557965798,61557.37536753528,1373295.1,2661667.624440062,84922.57555993856,1366763.3,2674051.248110452,59475.35188954789,1373295.1,2661667.624440062,84922.57555993856
271,1516987.3333333333,3096459.7541351835,-62485.08746851701,1516987.3333333333,3096459.7541351835,-62485.08746851701,1508840.7,3089081.9637611713,-71400.56376117142,1494616.7666666666,3059103.8350960687,-69870.30176273547,1506402.9666666666,3086905.5776995947,-74099.64436626155,1494616.7666666666,3059103.8350960687,-69870.30176273547
272,2381379.7,5513538.222697772,-750778.8226977722,2381379.7,5513538.222697772,-750778.8226977722,2377975.4833333334,5510449.858660683,-754498.8919940162,2392426.9,5523687.235955249,-738833.4359552488,2388731.5,5520205.4048383385,-742742.4048383385,2392426.9,5523687.235955249,-738833.4359552488
273,2496789.8666666667,5669346.540523876,-675766.807190543,2496789.8666666667,5669346.540523876,-675766.807190543,2492509.2,5665467.684236884,-680449.2842368842,2492188.7666666666,5664551.726980081,-680174.1936467476,2491018.6,5664122.523698248,-682085.3236982473,2492188.7666666666,5664551.726980081,-680174.1936467476
274,1634093.7333333334,3336718.5682089976,-68531.10154233081,1634093.7333333334,3336718.5682089976,-68531.10154233081,1630850.7,3333840.0522850193,-72138.65228501917,1646012.9333333333,3347974.3850791967,-55948.51841252996,1629751.5333333334,3332869.797245159,-73366.7305784917,1646012.9333333333,3347974.3850791967,-55948.51841252996
275,2216715.1,4762930.141279832,-329499.9412798323,2216715.1,4762930.141279832,-329499.9412798323,2215032.85,4761429.481653215,-331363.78165321564,2244455.2,4788696.60417828,-299786.20417827973,2212804.533333333,4759449.342439193,-333840.27577252686,2244455.2,4788696.60417828,-299786.20417827973
276,2375372.1666666665,5140811.421427449,-390067.08809411665,2375372.1666666665,5140811.421427449,-390067.08809411665,2372355.05,5138109.048012937,-393398.9480129378,2829902.966666667,5707219.660523059,-47413.7271897248,2369746.4,5135787.031947909,-396294.2319479091,2829902.966666667,5707219.660523059,-47413.7271897248
277,1923778.6,3897464.968272132,-49907.76827213145,1923778.6,3897464.968272132,-49907.76827213145,1920064.7333333334,3894180.9753843676,-54051.50871770084,2415818.933333333,4646501.755776388,185136.1108902786,1918842.8,3893106.942374658,-55421.34237465798,2415818.933333333,4646501.755776388,185136.1108902786
278,1600824.7333333334,3437790.148531852,-236140.68186518503,1600824.7333333334,3437790.148531852,-236140.68186518503,1596972.6666666667,3434328.1308135446,-240382.79748021136,2209291.966666667,4457791.045898124,-39207.11256479006,1595799.7666666666,3433280.139820977,-241680.60648764367,2209291.966666667,4457791.045898124,-39207.11256479006
279,1620226.3666666667,3685550.7683068123,-445098.0349734791,1620226.3666666667,3685550.7683068123,-445098.0349734791,1619309.3666666667,3684725.6015590914,-446106.8682257582,1994523.4,4174810.1311787553,-185763.3311787555,1618986.9666666666,3684435.859036739,-446461.9257034061,1994523.4,4174810.1311787553,-185763.3311787555
280,1741260.9,3990517.9252158953,-507996.1252158955,1741260.9,3990517.9252158953,-507996.1252158955,1740004.4666666666,3989385.2011573836,-509376.2678240503,2315396.066666667,4859378.572968604,-228586.4396352698,1739595.6333333333,3989017.2017181963,-509825.93505152967,2315396.066666667,4859378.572968604,-228586.4396352698
281,2622946.8333333335,5852036.639736239,-606142.9730695719,2613861.85,5843775.05957608,-616051.35957608,2610533.9166666665,5840782.42796326,-619714.5946299266,3045452.4,6466496.085146955,-375591.2851469554,2618642.6,5848170.281251479,-610885.0812514792,3045452.4,6466496.085146955,-375591.2851469554
282,2771569.6,6208623.233227342,-665484.0332273426,2771569.6,6208623.233227342,-665484.0332273426,2769949.7,6207170.9899948295,-667271.5899948287,3297574.2333333334,6917829.3380478835,-322680.8713812167,2769439.466666667,6206714.1705663465,-667835.2372330124,3297574.2333333334,6917829.3380478835,-322680.8713812167
283,2218123.7333333334,4475707.90533019,-39460.438663523644,2218123.7333333334,4475707.90533019,-39460.438663523644,2217061.566666667,4474780.090600366,-40656.95726703247,2744344.8,5292016.4758471865,196673.12415281264,2216700.533333333,4474465.159170693,-41064.092504026834,2744344.8,5292016.4758471865,196673.12415281264
284,2409358.3666666667,5355409.140164268,-536692.4068309348,2409358.3666666667,5355409.140164268,-536692.4068309348,2408825.3333333335,5354933.060267855,-537282.3936011884,3027713.5,6207275.789790468,-151848.78979046782,2408641.033333333,5354768.5382545125,-537486.4715878465,3027713.5,6207275.789790468,-151848.78979046782
285,2800343.6,6239509.546533205,-638822.3465332044,2800343.6,6239509.546533205,-638822.3465332044,2799751.5833333335,6238978.308210836,-639475.1415441688,3523099.066666667,7203835.4588392405,-157637.32550590672,2798743.0,6238077.514028311,-640591.5140283108,3523099.066666667,7203835.4588392405,-157637.32550590672
286,2583807.6333333333,5763156.463399818,-595541.1967331511,2581596.716666667,5760231.623417713,-597038.1900843792,2580155.1666666665,5758937.305779908,-598626.9724465744,3334709.8333333335,6817827.548684843,-148407.88201817544,2581347.2666666666,5760951.24380543,-598256.7104720967,3334709.8333333335,6817827.548684843,-148407.88201817544
287,3376047.5,7685022.73471943,-932927.7347194301,3374733.8333333335,7683295.00478144,-933827.3381147734,3372172.933333333,7681089.353731858,-936743.4870651909,4137610.466666667,8718035.93169763,-442814.9983642949,3371032.533333333,7680500.986982479,-938435.9203158123,4137610.466666667,8718035.93169763,-442814.9983642949
288,3635557.3,8465164.34203176,-1194049.7420317605,3634252.4,8463615.139909381,-1195110.3399093817,3631308.2666666666,8460952.346989881,-1198335.813656549,4397895.6,9512819.740270257,-717028.5402702577,3631718.033333333,8461693.436723396,-1198257.3700567298,4397895.6,9512819.740270257,-717028.5402702577
289,3150126.6,7282256.8426016765,-982003.6426016763,3148022.4166666665,7279908.972287064,-983864.1389537319,3145091.65,7277257.061767744,-987073.7617677441,4080292.8333333335,8683566.2660242,-522980.59935753373,3146160.1666666665,7278669.957018559,-986349.6236852258,4080292.8333333335,8683566.2660242,-522980.59935753373
290,3399854.8333333335,7855392.794701083,-1055683.1280344152,3395464.3666666667,7850602.78553018,-1059674.0521968459,3391079.0,7846624.844210545,-1064466.8442105446,4401547.1,9386796.95891945,-583702.7589194505,3393953.466666667,7850044.267143748,-1062137.3338104142,4401547.1,9386796.95891945,-583702.7589194505
291,3537890.033333333,8009043.795009765,-933263.7283430984,3533480.7333333334,8004114.667001518,-937153.2003348516,3528589.2333333334,7999695.248000165,-942516.7813334987,4514523.4,9532945.232789531,-503898.4327895306,3544284.6333333333,8014792.968122976,-926223.7014563088,4514523.4,9532945.232789531,-503898.4327895306
292,2921589.533333333,6447805.003419248,-604625.9367525815,2920799.0166666666,6446880.984397141,-605282.9510638076,2914251.283333333,6440951.586382138,-612449.0197154717,3658295.1666666665,7586263.728163709,-269673.3948303759,2927385.2,6452950.540509284,-598180.1405092832,3658295.1666666665,7586263.728163709,-269673.3948303759
293,2955664.6,6265229.222166248,-353900.02216624795,2953536.45,6262322.607475477,-355249.7074754769,2946737.283333333,6256217.83392787,-362743.2672612029,3562621.1333333333,7164427.359932694,-39185.09326602705,2948903.066666667,6259158.504683554,-361352.37135022087,3562621.1333333333,7164427.359932694,-39185.09326602705
294,3648853.1333333333,8703344.225923162,-1405637.9592564949,3648853.1333333333,8703344.225923162,-1405637.9592564949,3645475.6,8700271.413444243,-1409320.2134442427,4389995.1,9638416.039606705,-858425.8396067051,3644341.6,8699241.66278458,-1410558.4627845804,4389995.1,9638416.039606705,-858425.8396067051
295,3973930.1,10093698.936494976,-2145838.7364949766,3973930.1,10093698.936494976,-2145838.7364949766,3972174.566666667,10092087.606455782,-2147738.473122449,4663953.733333333,10912987.385264318,-1585079.9185976507,3982215.7666666666,10101304.342825785,-2136872.809492453,4663953.733333333,10912987.385264318,-1585079.9185976507
296,2974133.3333333335,7248575.185048724,-1300308.518382057,2974133.3333333335,7248575.185048724,-1300308.518382057,2969938.283333333,7244730.521617842,-1304853.9549511755,3648966.2666666666,8137659.521162884,-839726.9878295511,2965844.2333333334,7240998.585037461,-1309310.1183707938,3648966.2666666666,8137659.521162884,-839726.9878295511
297,3402991.1333333333,8377875.245545238,-1571892.9788785712,3402991.1333333333,8377875.245545238,-1571892.9788785712,3398543.533333333,8373863.223314379,-1576776.156647713,3949065.466666667,9111265.537612692,-1213134.6042793589,3392958.2,8368653.636201672,-1582737.2362016719,3949065.466666667,9111265.537612692,-1213134.6042793589
298,4264934.833333333,10285587.253358506,-1755717.5866918406,4262148.15,10282968.929700185,-1758672.629700183,4239329.9,10261715.433908485,-1783055.633908485,4341455.7,10421796.757084519,-1738885.3570845192,4237033.433333334,10259594.818778912,-1785527.9521122444,4341455.7,10421796.757084519,-1738885.3570845192
299,4103569.7666666666,9925820.814870378,-1718681.2815370448,4103569.7666666666,9925820.814870378,-1718681.2815370448,4090992.8666666667,9914207.998495908,-1732222.2651625755,4482683.866666666,10490405.825838635,-1525038.0925053023,4091345.933333333,9914532.57938472,-1731840.7127180542,4482683.866666666,10490405.825838635,-1525038.0925053023
300,3663853.7333333334,8224282.985176596,-896575.5185099291,3663853.7333333334,8224282.985176596,-896575.5185099291,3643134.783333333,8205275.299837204,-919005.7331705373,3810180.6666666665,8462831.189577471,-842469.8562441389,3658277.3,8218911.867779254,-902357.2677792544,3810180.6666666665,8462831.189577471,-842469.8562441389
301,4228370.633333334,9575816.08444713,-1119074.817780463,4223909.033333333,9571372.12653543,-1123554.0598687632,4192571.816666667,9542376.27167751,-1157232.6383441775,4271432.4,9616555.917270953,-1073691.117270952,4211204.066666666,9559585.132531479,-1137176.9991981452,4271432.4,9616555.917270953,-1073691.117270952
302,3731174.433333333,8286249.102678597,-823900.2360119303,3731174.433333333,8286249.102678597,-823900.2360119303,3700754.1166666667,8258000.717028677,-856492.4836953436,3785732.1666666665,8346783.879489699,-775319.5461563668,3717143.6,8272731.518273205,-838444.3182732048,3785732.1666666665,8346783.879489699,-775319.5461563668
303,3941492.6333333333,8728702.408319708,-845717.1416530418,3938350.1,8725571.791522756,-848871.5915227556,3921015.6333333333,8709694.633865863,-867663.367199197,4004272.033333333,8802048.969977912,-793504.9033112461,3922458.2,8711282.813775714,-866366.413775715,4004272.033333333,8802048.969977912,-793504.9033112461
304,3997369.9,9087536.71927669,-1092796.9192766906,3993457.283333333,9083602.955369607,-1096688.3887029393,3977104.5166666666,9068566.860128637,-1114357.8267953033,4235023.3,9389734.513583213,-919687.9135832144,3994020.533333333,9084213.769551028,-1096172.702884362,4235023.3,9389734.513583213,-919687.9135832144
305,2983873.0,6508320.174570625,-540574.1745706247,2983019.8333333335,6507334.025292456,-541294.3586257892,2970903.3,6496243.206165746,-554436.6061657462,3900204.7666666666,7860288.588976195,-59879.05564286187,2988814.8333333335,6512555.30926658,-534925.6425999133,3900204.7666666666,7860288.588976195,-59879.05564286187
306,3068565.2,6627504.777773894,-490374.377773894,3068565.2,6627504.777773894,-490374.377773894,3056248.5,6616336.015474005,-503839.01547400514,4394933.7,8800468.92417211,-10601.524172111414,3074971.0,6633131.009982787,-483189.0099827866,4394933.7,8800468.92417211,-10601.524172111414
307,3347749.8,6963639.258431133,-268139.65843113326,3344555.6666666665,6960729.309603286,-271617.97626995295,3335132.316666667,6952227.067963665,-281962.4346303316,4031607.966666667,8035878.338689171,27337.59464416234,3343720.966666667,6959753.905547808,-272311.97221447434,4031607.966666667,8035878.338689171,27337.59464416234
308,3308070.8333333335,6652428.112021176,-36286.44535450963,3301589.3666666667,6646471.756225053,-43293.02289172029,3283673.033333333,6630257.424544396,-62911.357877728995,3798807.2333333334,7454698.404209508,142916.06245715916,3280923.8666666667,6627801.949978193,-65954.21664485987,3798807.2333333334,7454698.404209508,142916.06245715916
309,3803511.2,7869785.668220146,-262763.26822014526,3797004.6166666667,7863802.8369101435,-269793.6035768101,3780725.1,7849008.598625105,-287558.3986251042,4277314.6,8600309.71745094,-45680.517450940795,3795790.2666666666,7862345.1908475105,-270764.6575141768,4277314.6,8600309.71745094,-45680.517450940795
310,4377551.833333333,8509980.830532137,245122.8361345292,4375820.016666667,8507596.608079799,244043.42525353376,4337734.05,8473042.009078097,202426.0909219021,5237091.8,10065302.829463024,408880.77053697687,4351628.466666667,8485951.140033292,217305.7933000424,5237091.8,10065302.829463024,408880.77053697687
311,5461390.033333333,10665139.496763881,257640.56990278605,5447160.183333334,10648855.28980004,245465.0768666258,5375238.783333333,10582613.691928351,167863.87473831512,5662024.366666666,11259789.85040212,64258.882931212895,5394642.866666666,10602562.471309073,186723.2620242592,5662024.366666666,11259789.85040212,64258.882931212895
312,5459925.333333333,11601502.672305886,-681652.0056392187,5459925.333333333,11601502.672305886,-681652.0056392187,5388305.933333334,11534518.74026997,-757906.873603303,6126365.766666667,12787659.193320204,-534927.6599868713,5390932.666666667,11536918.885689192,-755053.5523558576,6126365.766666667,12787659.193320204,-534927.6599868713
313,5864479.9,12332864.774670359,-603904.9746703589,5852888.316666666,12322540.0286462,-616763.395312869,5785428.216666667,12260047.56351407,-689191.130180737,6495364.166666667,13375753.332900463,-385024.9995671287,5799244.2,12272406.325711593,-673917.9257115927,6495364.166666667,13375753.332900463,-385024.9995671287
314,6905089.633333334,13600561.826120833,209617.4405458346,6905089.633333334,13600561.826120833,209617.4405458346,6865489.166666667,13565251.639623238,165726.69371009618,6450536.733333333,12795348.475840706,105724.99082596134,6866906.033333333,13566499.540603641,167312.52606302593,6450536.733333333,12795348.475840706,105724.99082596134
315,6018354.8,12280941.149232838,-244231.5492328396,6006176.583333333,12270170.358517561,-257817.19185089506,5983757.816666666,12250156.69992066,-282641.06658732705,6098868.366666666,12441711.886394,-243975.15306066722,5996735.766666667,12261642.230770037,-268170.69743670337,6098868.366666666,12441711.886394,-243975.15306066722
316,5489545.233333333,11362254.879817687,-383164.4131510211,5482689.4,11350562.9632885,-385184.16328850016,5443879.333333333,11315333.099936057,-427574.4332693899,5506670.0,11430111.218525246,-416771.2185252458,5450584.233333333,11326892.988091646,-425724.521424979,5506670.0,11430111.218525246,-416771.2185252458
317,6239339.733333333,13405390.035445359,-926710.5687786909,6232874.316666666,13397958.052478205,-932209.4191448716,6206448.583333333,13374109.4500812,-961212.2834145334,5929016.166666667,13029324.709400944,-1171292.3760676114,6210519.866666666,13379335.457090113,-958295.7237567808,5929016.166666667,13029324.709400944,-1171292.3760676114
318,5976057.366666666,12708467.270618133,-756352.5372847999,5972381.383333334,12705062.17769114,-760299.4110244727,5928327.066666666,12664853.043587083,-808198.9102537502,6309280.2,13422380.059483245,-803819.6594832446,5928043.5,12664597.805173587,-808510.805173587,6309280.2,13422380.059483245,-803819.6594832446
319,5879280.166666667,11933475.585295483,-174915.25196214858,5861894.0,11918038.488660231,-194250.48866023216,5844945.916666667,11902925.977110866,-213034.14377753157,6408389.733333333,12960689.79651696,-143910.3298502937,5858789.633333334,11915175.325306378,-197596.05863971077,6408389.733333333,12960689.79651696,-143910.3298502937
320,6165765.666666667,12304737.856376767,26793.476956566796,6154374.85,12294270.418166962,14479.281833037734,6116946.7,12260446.656482648,-26553.2564826468,6152083.633333334,12350256.029348955,-46088.76268228702,6113835.1,12257674.050559174,-30003.850559175014,6152083.633333334,12350256.029348955,-46088.76268228702
321,7055128.6,14259251.774640486,-148994.57464048732,7031203.2,14237108.840916546,-174702.4409165457,6974994.666666667,14186286.00764776,-236296.67431442626,6151105.433333334,12845999.561810883,-543788.6951442156,6981816.733333333,14192364.872712841,-228731.40604617447,6151105.433333334,12845999.561810883,-543788.6951442156
322,5738948.0,11736917.469793499,-259021.46979349945,5723389.45,11722976.292096559,-276197.39209655765,5692155.55,11694778.64061572,-310467.5406157207,5563434.033333333,11514942.40410399,-388074.3374373242,5702121.8,11703590.32535123,-299346.7253512321,5563434.033333333,11514942.40410399,-388074.3374373242
323,5898479.666666667,12051945.999645356,-254986.66631202213,5896704.65,12049728.256519578,-256318.95651957858,5870115.816666666,12025902.807855275,-285671.1745219426,5819592.1,11904685.031021947,-265500.8310219478,5871812.633333334,12028029.899137706,-284404.63247103896,5819592.1,11904685.031021947,-265500.8310219478
324,6205983.7,12749237.049334615,-337269.649334616,6196885.766666667,12731396.973718455,-337625.44038512185,6164424.816666666,12702184.850825846,-373335.2174925124,5999483.266666667,12264413.392982632,-265446.8596492978,6173244.866666666,12719745.203464184,-373255.4701308515,5999483.266666667,12264413.392982632,-265446.8596492978
325,6188570.466666667,13259889.366012432,-882748.4326790972,6182533.666666667,13249577.313240282,-884509.9799069492,6163470.65,13232423.253901372,-905481.953901371,5535846.933333334,12135504.276266456,-1063810.4095997885,6169625.0,13242831.18041031,-903581.1804103097,5535846.933333334,12135504.276266456,-1063810.4095997885
326,5024738.966666667,11019921.944209725,-970444.0108763902,5013848.4,11008259.323056445,-980562.5230564447,5004596.216666667,10999917.274107805,-990724.8407744709,4817864.166666667,10767221.8685605,-1131493.5352271656,5004936.666666667,11002036.025600825,-992162.6922674906,4817864.166666667,10767221.8685605,-1131493.5352271656
327,5476299.633333334,11578069.744757243,-625470.478090574,5466395.316666666,11569085.056150887,-636294.4228175534,5440128.6,11545410.28776327,-665153.0877632704,5295937.133333334,11305248.625856753,-713374.3591900868,5448957.633333334,11553416.170145344,-655500.9034786774,5295937.133333334,11305248.625856753,-713374.3591900868
328,5686333.433333334,11540550.758727465,-167883.8920607986,5670126.416666667,11525689.20365412,-185436.3703207858,5633900.733333333,11493092.46961081,-225291.0029441435,5534945.833333333,11303824.426948778,-233932.7602821123,5639995.566666666,11498516.693805773,-218525.5604724409,5534945.833333333,11303824.426948778,-233932.7602821123
329,6601765.966666667,13396379.588498054,-192847.6551647205,6592727.966666667,13388192.327645589,-202736.39431225602,6569243.133333334,13367133.423181597,-228647.1565149296,6248542.433333334,12687483.888794344,-190399.0221276777,6570889.1,13368599.236403923,-226821.0364039233,6248542.433333334,12687483.888794344,-190399.0221276777
330,6550669.3,13062729.68614539,38608.913854610175,6539858.3,13052671.893455777,27044.70654422138,6486419.866666666,13003967.201304857,-31127.467971523292,5907391.066666666,11994742.068125594,-179959.93479226157,6490320.166666667,13007465.171379026,-26824.83804569114,5907391.083333333,11994742.082649715,-179959.91598305013
331,7089932.133333334,14372939.308699619,-193075.0420329515,7082050.483333333,14365663.073883697,-201562.10721703153,7047749.033333333,14334377.27668091,-238879.21001424175,6109565.766666667,12813519.60252681,-594388.0691934777,7049347.6,14335821.550171703,-237126.35017170478,6109565.766666667,12813519.60252681,-594388.0691934777
332,7179066.0,14611057.597003236,-252925.5970032364,7146393.333333333,14580094.64283377,-287307.9761671033,7065771.866666666,14506048.711157095,-374504.9778237613,6589206.033333333,13871718.582855865,-693306.5161891999,7079615.3,14518524.784103654,-359294.18410365377,6589206.033333333,13871718.582855865,-693306.5161891999
333,7140573.833333333,14661205.15123235,-380057.4845656855,7105001.266666667,14627886.559949994,-417884.0266166618,7048274.25,14576088.633872114,-479540.1338721141,6337641.5,13425183.950653367,-749900.9506533667,7055077.7,14582214.419673715,-472059.01967371535,6337641.5,13425183.950653367,-749900.9506533667
334,6420060.766666667,12883316.551263098,-43195.017929764464,6381290.8,12838522.672751,-75941.07275100052,6321211.75,12783564.549623374,-141141.04962337483,5751686.3,11951433.156978272,-448060.5569782732,6337874.0,12807234.953933178,-131486.95393317752,5751686.3,11951433.156978272,-448060.5569782732
335,6897255.366666666,14062961.571422018,-268450.83808868565,6846633.933333334,14012380.297329005,-319112.43066233676,6792271.8,13962589.773013704,-378046.17301370297,6130033.733333333,12973371.786462424,-713304.3197957575,6805752.7,13977764.425980315,-366259.0259803133,6130033.733333333,12973371.786462424,-713304.3197957575
336,5688856.0,11899123.43201786,-521411.4320178591,5673600.2,11884770.385464422,-537569.985464423,5628389.616666666,11843079.322704084,-586300.0893707527,5026942.233333333,11067347.413848292,-1013462.9471816253,5642163.8,11855647.577639636,-571319.977639636,5026942.233333333,11067347.413848292,-1013462.9471816253
337,6565135.166666667,13205907.710349817,-75637.37701648194,6534493.766666667,13177831.500792135,-108843.96745880228,6519148.25,13163974.280440617,-125677.78044061642,5402741.766666667,11389201.218879512,-583717.6855461784,6556460.4,13197904.154129095,-84983.35412909463,5402741.766666667,11389201.218879512,-583717.6855461784
338,6909594.233333333,13968139.075420115,-148950.60875344742,6866468.316666666,13928079.900871713,-195143.2675383808,6847025.366666666,13910307.453876965,-216256.72054363228,5899840.166666667,11972017.273094706,-172336.93976137135,6869344.366666666,13930712.606516007,-192023.87318267394,5899840.166666667,11972017.273094706,-172336.93976137135
339,7157743.066666666,14371714.082126006,-56227.94879267458,7092708.066666666,14310042.516520157,-124626.38318682369,7052940.066666666,14273390.159192722,-167510.02585938852,7447076.233333333,14986646.155445617,-92493.68877895083,7058107.866666666,14278119.12597769,-161903.39264435694,7447076.25,14986646.169931553,-92493.66993155424
340,6110587.9,12382644.80673609,-161469.0067360876,6064243.116666666,12339445.288450485,-210959.05511715263,6034274.283333333,12312182.890538363,-243634.32387169637,5431030.0,11362516.155876521,-500456.155876521,6058435.033333333,12334116.468095062,-217246.40142839588,5431030.316666666,11362516.434134029,-500455.8008006951
341,7195036.233333333,14484078.927747186,-94006.46108052041,7165510.85,14457387.696539164,-126365.99653916433,7149250.083333333,14442883.410034887,-144383.24336822145,6445700.366666666,13405252.086616926,-513851.35328359343,7190739.333333333,14480165.992225679,-98687.32555901259,6445700.366666666,13405252.086616926,-513851.35328359343
342,6895074.0,14269374.343721021,-479226.34372102097,6857258.266666667,14235072.816732552,-520556.2833992187,6855559.633333334,14233549.471953876,-522430.20528720785,6618478.5,14191408.850543514,-954451.8505435139,6874741.033333333,14250838.553898502,-501356.48723183665,6618478.5,14191408.850543514,-954451.8505435139
343,6527615.566666666,13480398.765068099,-425167.631734767,6484513.05,13441213.457714759,-472187.3577147592,6470906.033333333,13428903.326560313,-487091.25989364646,5887804.133333334,12728184.582648678,-952576.3159820102,6497759.766666667,13453000.038826672,-457480.50549333915,5887804.133333334,12728184.582648678,-952576.3159820102
344,6556942.966666667,13848534.055683242,-734648.1223499086,6505339.283333333,13791933.95850465,-781255.3918379834,6449891.2,13741227.413434166,-841445.013434167,5926986.133333334,13017827.092793733,-1163854.8261270653,6485741.5,13782673.655382339,-811190.6553823398,5926986.133333334,13017827.092793733,-1163854.8261270653
345,6838488.6,14503915.613883808,-826938.4138838081,6779442.183333334,14447222.8992846,-888338.5326179322,6743661.966666667,14414517.761864817,-927193.8285314832,6395867.966666667,13920684.3018368,-1128948.3685034662,6755469.6,14426643.58151487,-915704.3815148715,6395867.966666667,13920684.3018368,-1128948.3685034662
346,5793756.633333334,12259462.499964353,-671949.2332976861,5724917.95,12193706.30125604,-743870.4012560397,5651846.966666667,12127352.947212223,-823659.0138788885,5123955.966666667,11461591.566993158,-1213679.6336598238,5707669.766666667,12178687.275476959,-763347.7421436254,5123955.966666667,11461591.566993158,-1213679.6336598238
347,6450484.633333334,13400136.818549395,-499167.551882728,6405076.533333333,13358522.546594646,-548369.4799279785,6381225.816666666,13337172.647741698,-574721.014408364,5527936.233333333,12028526.059370216,-972653.5927035492,6401635.6,13355415.447051149,-552144.2470511505,5527936.25,12028526.07415941,-972653.5741594108
348,7437314.733333333,15385834.827210175,-511205.3605435081,7381146.666666667,15334235.125284042,-571941.7919507083,7331753.233333333,15289821.10146569,-626314.6347990241,6563017.833333333,14036603.606879864,-910567.9402131969,7382183.1,15335173.48481572,-570807.2848157203,6563017.9,14036603.665791254,-910567.8657912528
349,7469995.366666666,15475132.732266951,-535141.998933618,7404686.983333333,15409523.87612031,-600149.9094536435,7365502.133333334,15374360.93445146,-643356.6677847933,7093634.266666667,15057254.84979641,-869986.3164630765,7401070.633333334,15411747.96706897,-609606.7004023036,7093634.5,15057255.055597037,-869986.0555970361
350,6039565.033333333,12421816.598711416,-342686.5320447497,6007664.05,12388719.155373689,-373391.0553736901,5954941.0,12341696.161413353,-431814.161413352,5326408.866666666,11351251.597595468,-698433.8642621348,6008092.7,12393143.474954167,-376958.074954167,5326408.866666666,11351251.597595468,-698433.8642621348
351,6014397.133333334,12079669.414528184,-50875.1478615161,5955497.366666666,12013054.278105251,-102059.54477191903,5897658.516666667,11961500.150076983,-166183.1167436503,5225585.333333333,10899007.572193168,-447836.9055265011,5965657.366666666,12034862.308691861,-103547.57535852864,5225585.333333333,10899007.572193168,-447836.9055265011
352,5078548.666666667,10624086.280780584,-466988.9474472506,5026222.283333333,10575729.210458303,-523284.64379163645,4983219.966666667,10536122.18202037,-569682.2486870354,5035065.166666667,10797283.522863876,-727153.1895305412,5053583.5,10600635.90782556,-493468.9078255603,5035065.166666667,10797283.522863876,-727153.1895305412
353,4623763.633333334,9759761.969506674,-512234.70284000505,4584423.083333333,9718187.423468595,-549341.2568019293,4587534.0,9721070.917781103,-546002.9177811034,4675880.1,9883509.508730957,-531749.308730958,4602001.6,9739557.840304643,-535554.6403046437,4675880.1,9883509.508730957,-531749.308730958
354,5074184.533333333,10688560.115293615,-540191.0486269491,5037317.0,10646792.16752939,-572158.1675293883,5034907.15,10644971.805418193,-575157.5054181935,5203205.533333333,10922779.207234044,-516368.1405673763,5053871.366666666,10667906.283835568,-560163.5505022341,5203205.533333333,10922779.207234044,-516368.1405673763
355,5037760.333333333,10125737.390259866,-50216.72359320056,5006303.966666667,10089945.48615142,-77337.55281808693,4969410.75,10056701.817287939,-117880.31728793867,5455074.5,10935356.067003254,-25207.067003252916,5023958.5,10113127.260310955,-65210.260310954414,5455074.5,10935356.067003254,-25207.067003252916
356,4761967.733333333,9579781.209949322,-55845.743282656185,4707277.283333333,9522888.102826808,-108333.53616014123,4702173.683333334,9518330.797844881,-113983.43117821403,4331876.333333333,8929411.267934084,-265658.6012674179,4725867.733333333,9546570.880301062,-94835.41363439523,4331876.333333333,8929411.267934084,-265658.6012674179
357,5082854.533333333,10005058.977413546,160650.0892531192,5036544.466666667,9956947.035173628,116141.89815970417,5017816.25,9940019.841943484,95612.65805651527,4655935.4,9425597.951902082,-113727.15190208144,5054314.1,9978893.342434479,129734.85756552033,4655935.4,9425597.951902082,-113727.15190208144
358,4497214.066666666,8807812.98532492,186615.1480084136,4464463.133333334,8778093.9655923,150832.30107436702,4454636.533333333,8769363.122984143,139909.94368252344,4445665.166666667,8818252.863251556,73077.47008177917,4472511.266666667,8785312.448973462,159710.08435987215,4445665.166666667,8818252.863251556,73077.47008177917
359,5051978.0,10067473.802109227,36482.19789077435,5020724.566666666,10039215.86374019,2233.269593141973,5026090.933333334,10044014.84009273,8167.026573937386,5098407.366666666,10200210.04706413,-3395.3137307958677,5046862.766666667,10062797.762420826,30927.77091250755,5098407.366666666,10200210.04706413,-3395.3137307958677
360,4256546.1,8842739.013020445,-329646.8130204445,4225979.066666666,8812599.696173312,-360641.5628399793,4232488.716666667,8818471.539168954,-353494.10583562125,4539080.366666666,9307385.048430836,-229224.31509750336,4254736.466666667,8841075.941705111,-331603.00837177876,4539080.366666666,9307385.048430836,-229224.31509750336
361,4129506.2,7968655.991313488,290356.40868651215,4089361.3,7918893.502033739,259829.09796626028,4091134.533333333,7920467.902854404,261801.163812262,4031592.1666666665,7870867.331841803,192317.00149152987,4119923.3333333335,7960023.471463235,279823.1952034319,4031592.1666666665,7870867.331841803,192317.00149152987
362,3927113.933333333,7750790.810084797,103437.05658186879,3903095.5,7726304.353441684,79886.64655831642,3897390.033333333,7721081.0564429825,73699.0102236839,3781801.933333333,7643597.363721715,-79993.49705504905,3919217.1333333333,7743660.913709328,94773.35295733949,3781801.933333333,7643597.363721715,-79993.49705504905
363,3388849.6666666665,7267913.975228259,-490214.6418949268,3361048.566666667,7242386.4150522975,-520289.28171896376,3343904.95,7226329.202756085,-538519.3027560851,3449013.6666666665,7485225.395100702,-587198.0617673686,3384042.2,7263580.58832456,-495496.18832455995,3449013.6666666665,7485225.395100702,-587198.0617673686
364,3245038.6333333333,6799006.689103472,-308929.42243680544,3231719.65,6784268.326276101,-320829.0262761018,3230613.0833333335,6784743.451890176,-323517.28522350965,3272375.2666666666,7031773.174747763,-487022.64141443046,3238378.7666666666,6791762.204898088,-315004.67156475503,3272375.2666666666,7031773.174747763,-487022.64141443046
365,3029907.466666667,6324056.000964266,-264241.06763093267,3015046.4166666665,6309527.0814031195,-279434.24806978647,3014675.9166666665,6309187.298834713,-279835.4655013806,3159233.9,6669055.877911046,-350588.0779110468,3027650.2666666666,6321960.807580268,-266660.2742469348,3159233.9,6669055.877911046,-350588.0779110468
366,3247246.5,6858616.237237224,-364123.2372372248,3218850.1333333333,6832236.408087919,-394536.1414212524,3225764.5833333335,6838529.403390311,-387000.23672364326,3482106.566666667,7437535.430393958,-473322.2970606247,3241704.066666667,6853479.011144854,-370070.8778115208,3482106.566666667,7437535.430393958,-473322.2970606247
367,2850171.8333333335,5968689.636726002,-268345.97005933523,2823469.433333333,5942913.130541844,-295974.2638751776,2817591.8333333335,5937584.042931832,-302400.3762651654,2924202.5,6111688.644338023,-263283.64433802245,2847126.466666667,5965834.753736524,-271581.8204031908,2924202.5,6111688.644338023,-263283.64433802245
368,4369696.166666667,8587767.521539241,151624.8117940938,4331624.8,8549515.695256416,113733.90474358294,4331728.733333333,8549608.95357839,113848.51308827661,4348306.233333333,8593653.488321185,102958.97834548075,4364906.4,8583326.663523352,146486.13647664897,4348306.233333333,8593653.488321185,102958.97834548075
369,3513254.8666666667,6861776.666889859,164733.06644347357,3477118.0,6819677.158120835,134558.84187916433,3492507.066666667,6833487.733293262,151526.40004007146,3552794.8333333335,6916571.401735684,189018.2649309826,3516869.1,6864012.601494659,169725.59850534145,3552794.8333333335,6916571.401735684,189018.2649309826
370,3182773.4,6409897.396520073,-44350.596520072315,3159740.816666667,6386702.299605062,-67220.666271728,3162748.7666666666,6389430.24552135,-63932.71218801616,3086719.5,6225473.22844919,-52034.228449190035,3185314.5,6411574.341218832,-40945.34121883195,3086719.5,6225473.22844919,-52034.228449190035
371,3063132.7666666666,5953059.078677079,173206.45465625497,3024371.966666667,5907294.649572627,141449.2837607069,3033729.05,5915726.4648541175,151731.63514588214,3869680.3666666667,7646998.372610414,92362.36072291946,3064505.5,5954333.071547377,174677.92845262308,3869680.3666666667,7646998.372610414,92362.36072291946
372,3962547.7333333334,7907884.96644479,17210.500221875962,3947881.1166666667,7887947.120128272,7815.1132050608285,3946126.3,7886343.038699072,5909.561300928239,3810126.466666667,7628819.604118543,-8566.67078520963,3962547.7333333334,7907884.96644479,17210.500221875962,3810126.5,7628819.63304615,-8566.633046150673
373,3538309.033333333,7034827.874625789,41790.19204087788,3528099.8666666667,7022710.456186514,33489.27714681905,3530878.2333333334,7025231.601161498,36524.865505169146,4328909.5,8600420.948926156,57398.05107384361,3537988.6,7034549.522462062,41427.67753793858,4328909.5,8600420.948926156,57398.05107384361
374,3192986.0,6357212.935814313,28759.06418568734,3182179.8833333333,6346291.609022928,18068.15764373867,3182179.8833333333,6346291.609022928,18068.15764373867,3294611.0,6539227.874893173,49994.125106827356,3192986.0,6357212.935814313,28759.06418568734,3294611.0,6539227.874893173,49994.125106827356
375,3384922.3,7098427.431670869,-328582.83167086914,3383850.816666667,7097480.677654922,-329779.04432158824,3384922.3,7098427.431670869,-328582.83167086914,3435082.0,7274370.24363254,-404206.2436325401,3384922.3,7098427.431670869,-328582.83167086914,3435082.0,7274370.24363254,-404206.2436325401
376,3602718.3333333335,7554338.127230003,-348901.46056333557,3602718.3333333335,7554338.127230003,-348901.46056333557,3602718.3333333335,7554338.127230003,-348901.46056333557,3414029.033333333,7261454.489630174,-433396.422963507,3602718.3333333335,7554338.127230003,-348901.46056333557,3414029.033333333,7261454.489630174,-433396.422963507
377,3651233.7,7708514.671516347,-406047.2715163464,3650876.9,7708199.62267165,-406445.82267165,3651233.7,7708514.671516347,-406047.2715163464,3560293.433333333,7586010.761094425,-465423.8944277582,3651233.7,7708514.671516347,-406047.2715163464,3560293.433333333,7586010.761094425,-465423.8944277582
378,3637417.533333333,7668890.806254204,-394055.7395875375,3637417.533333333,7668890.806254204,-394055.7395875375,3637417.533333333,7668890.806254204,-394055.7395875375,4029631.2666666666,8109730.520268015,-50467.98693468142,3637417.533333333,7668890.806254204,-394055.7395875375,4029631.2666666666,8109730.520268015,-50467.98693468142
379,3398526.4,7136100.160204205,-339047.3602042049,3386858.75,7125618.182782288,-351900.6827822877,3386858.75,7125618.182782288,-351900.6827822877,3373242.4,6992988.370560003,-246503.5705600041,3398526.4,7136100.160204205,-339047.3602042049,3373242.4,6992988.370560003,-246503.5705600041
380,3205252.433333333,6847351.701706325,-436846.8350396585,3200570.8,6842773.790348761,-441632.1903487616,3200570.8,6842773.790348761,-441632.1903487616,3083688.6333333333,6655879.861480242,-488502.5948135755,3220995.8666666667,6861390.08028526,-419398.3469519275,3083688.6333333333,6655879.861480242,-488502.5948135755
381,3053679.566666667,6475796.826127199,-368437.69279386615,3053679.566666667,6475796.826127199,-368437.69279386615,3053679.566666667,6475796.826127199,-368437.69279386615,3106745.533333333,6612152.960534185,-398661.8938675192,3053679.566666667,6475796.826127199,-368437.69279386615,3106745.533333333,6612152.960534185,-398661.8938675192
382,2983649.8666666667,6471732.972247155,-504433.2389138215,2983649.8666666667,6471732.972247155,-504433.2389138215,2983649.8666666667,6471732.972247155,-504433.2389138215,2956725.2333333334,6444133.116159692,-530682.6494930252,2983649.8666666667,6471732.972247155,-504433.2389138215,2956725.2333333334,6444133.116159692,-530682.6494930252
383,3456262.933333333,7713710.5552051775,-801184.6885385108,3456094.3333333335,7713557.969483288,-801369.3028166206,3456094.3333333335,7713557.969483288,-801369.3028166206,3379721.2,7639811.067029593,-880368.6670295922,3456262.933333333,7713710.5552051775,-801184.6885385108,3379721.2,7639811.067029593,-880368.6670295922
384,2772892.1,6020000.469628753,-474216.26962875295,2772754.45,6019875.463849745,-474366.5638497444,2772892.1,6020000.469628753,-474216.26962875295,2655210.033333333,5928047.861253852,-617627.7945871861,2772892.1,6020000.469628753,-474216.26962875295,2655210.033333333,5928047.861253852,-617627.7945871861
385,3936971.3666666667,8882749.180263018,-1008806.4469296853,3931790.3666666667,8877100.989937274,-1013520.2566039399,3931790.3666666667,8877100.989937274,-1013520.2566039399,3582028.7333333334,8468937.864412885,-1304880.3977462184,3936971.3666666667,8882749.180263018,-1008806.4469296853,3582028.7333333334,8468937.864412885,-1304880.3977462184
386,3449773.3666666667,7717627.010341022,-818080.2770076892,3445817.9833333334,7713279.64594706,-821643.6792803928,3445817.9833333334,7713279.64594706,-821643.6792803928,3067207.1333333333,7243647.587573931,-1109233.320907264,3449773.3666666667,7717627.010341022,-818080.2770076892,3067207.1333333333,7243647.587573931,-1109233.320907264
387,3510927.6666666665,7706584.221406102,-684728.8880727696,3501051.933333333,7695989.927235164,-693886.060568497,3499208.9833333334,7694294.888256753,-695876.9215900861,3217076.4,7371799.166205836,-937646.3662058366,3510927.6666666665,7706584.221406102,-684728.8880727696,3217076.4,7371799.166205836,-937646.3662058366
388,3437313.3,7235184.506759376,-360557.90675937664,3437313.3,7235184.506759376,-360557.90675937664,3418101.033333333,7218075.514657033,-381873.44799036626,3178035.533333333,6895584.443437602,-539513.3767709355,3418101.033333333,7218075.514657033,-381873.44799036626,3178035.533333333,6895584.443437602,-539513.3767709355
389,4041716.7,8440133.498695731,-356700.0986957308,4041716.7,8440133.498695731,-356700.0986957308,4044769.4,8442818.659760173,-353279.85976017313,3744823.8666666667,7976594.9873309955,-486947.25399766164,4041716.7,8440133.498695731,-356700.0986957308,3744823.8666666667,7976594.9873309955,-486947.25399766164
390,3682164.966666667,8176414.002501744,-812084.0691684103,3682164.966666667,8176414.002501744,-812084.0691684103,3682164.966666667,8176414.002501744,-812084.0691684103,3405935.533333333,7772211.871591597,-960340.8049249304,3682164.966666667,8176414.002501744,-812084.0691684103,3405935.533333333,7772211.871591597,-960340.8049249304
391,3543757.466666667,7952114.904462073,-864599.9711287394,3543757.466666667,7952114.904462073,-864599.9711287394,3498994.4,7911183.63620496,-913194.8362049605,3371664.6666666665,7763421.9034553245,-1020092.5701219919,3498994.4,7911183.63620496,-913194.8362049605,3371664.6666666665,7763421.9034553245,-1020092.5701219919
392,3154407.0,7096399.592978915,-787585.5929789147,3154407.0,7096399.592978915,-787585.5929789147,3136169.066666667,7079921.280062139,-807583.1467288048,3144704.6333333333,7106702.81619195,-817293.5495252833,3136169.066666667,7079921.280062139,-807583.1467288048,3144704.6333333333,7106702.81619195,-817293.5495252833
393,3237326.2666666666,7262910.592213081,-788258.0588797475,3236639.3833333333,7262286.1910093315,-789007.4243426644,3236639.3833333333,7262286.1910093315,-789007.4243426644,3058254.8333333335,7044467.623764265,-927957.9570975984,3237326.2666666666,7262910.592213081,-788258.0588797475,3058254.8333333335,7044467.623764265,-927957.9570975984
394,2994750.933333333,6480142.980979469,-490641.114312802,2994750.933333333,6480142.980979469,-490641.114312802,2994750.933333333,6480142.980979469,-490641.114312802,2809460.6666666665,6279420.921990262,-660499.5886569293,2994750.933333333,6480142.980979469,-490641.114312802,2809460.6666666665,6279420.921990262,-660499.5886569293
395,3092871.433333333,6560967.902257813,-375225.03559114644,3092871.433333333,6560967.902257813,-375225.03559114644,3092871.433333333,6560967.902257813,-375225.03559114644,2919555.033333333,6386743.265406708,-547633.1987400418,3092871.433333333,6560967.902257813,-375225.03559114644,2919555.033333333,6386743.265406708,-547633.1987400418
396,3321167.966666667,7329053.615317445,-686717.6819841117,3321167.966666667,7329053.615317445,-686717.6819841117,3321167.966666667,7329053.615317445,-686717.6819841117,3171369.3,7187868.368503485,-845129.7685034857,3321167.966666667,7329053.615317445,-686717.6819841117,3171369.3,7187868.368503485,-845129.7685034857
397,3731980.2,7973687.294419402,-509726.8944194019,3731980.2,7973687.294419402,-509726.8944194019,3714877.0,7958435.471829698,-528681.4718296984,3579565.933333333,7842026.252206227,-682894.385539561,3731831.9,7973553.912372582,-509890.1123725823,3579565.933333333,7842026.252206227,-682894.385539561
398,3300098.2666666666,6762841.3612781,-162644.8279447672,3300098.2666666666,6762841.3612781,-162644.8279447672,3265889.566666667,6732255.605632743,-200476.47229940863,3118569.066666667,6518899.7168875765,-281761.58355424274,3282015.6,6746512.582304681,-182481.382304681,3118569.066666667,6518899.7168875765,-281761.58355424274
399,3247912.1,6872046.961164991,-376222.7611649912,3247912.1,6872046.961164991,-376222.7611649912,3263463.466666667,6885879.882359715,-358952.94902638113,3209424.2,6761606.617395758,-342758.2173957573,3263463.466666667,6885879.882359715,-358952.94902638113,3209424.2,6761606.617395758,-342758.2173957573
400,3524950.7,7370821.376567505,-320919.97656750446,3524950.7,7370821.376567505,-320919.97656750446,3523024.6666666665,7369096.761439182,-323047.42810584884,3440262.066666667,7322258.568813511,-441734.4354801774,3523024.6666666665,7369096.761439182,-323047.42810584884,3440262.066666667,7322258.568813511,-441734.4354801774
401,4011220.1,8382015.280951455,-359575.0809514546,4011220.1,8382015.280951455,-359575.0809514546,3974325.3333333335,8348434.950025478,-399784.28335881187,3779040.033333333,8025289.447950874,-467209.38128420804,3974325.3333333335,8348434.950025478,-399784.28335881187,3779040.033333333,8025289.447950874,-467209.38128420804
402,4075368.066666667,8764956.559536038,-614220.4262027037,4075368.066666667,8764956.559536038,-614220.4262027037,4058532.8333333335,8749646.895173648,-632581.2285069819,3873355.6,8426341.804764198,-679630.6047641975,4058532.8333333335,8749646.895173648,-632581.2285069819,3873355.6,8426341.804764198,-679630.6047641975
403,4115979.8,9130226.782962563,-898267.1829625629,4115979.8,9130226.782962563,-898267.1829625629,4133532.3666666667,9145988.417974867,-878923.684641534,3932287.7,8840052.307891922,-975476.9078919217,4133532.3666666667,9145988.417974867,-878923.684641534,3932287.7,8840052.307891922,-975476.9078919217
404,3673381.3,7702560.909333855,-355798.3093338548,3673381.3,7702560.909333855,-355798.3093338548,3673381.3,7702560.909333855,-355798.3093338548,3475817.1,7385631.689929251,-433997.48992925,3673381.3,7702560.909333855,-355798.3093338548,3475817.1,7385631.689929251,-433997.48992925
405,4091637.6333333333,8969552.808443641,-786277.5417769752,4091637.6333333333,8969552.808443641,-786277.5417769752,4091637.6333333333,8969552.808443641,-786277.5417769752,4097311.7,9006636.822576556,-812013.4225765569,4091637.6333333333,8969552.808443641,-786277.5417769752,4097311.7,9006636.822576556,-812013.4225765569
406,4571463.866666666,10080826.255427849,-937898.5220945161,4571463.866666666,10080826.255427849,-937898.5220945161,4554166.7,10065318.559928235,-956985.1599282343,4391373.633333334,9818687.420515677,-1035940.1538490094,4554166.7,10065318.559928235,-956985.1599282343,4391373.633333334,9818687.420515677,-1035940.1538490094
407,3664800.9,7936514.241864223,-606912.4418642228,3664800.9,7936514.241864223,-606912.4418642228,3636763.1,7910862.126252517,-637335.9262525165,3448009.8666666667,7607722.761655885,-711703.0283225514,3636763.1,7910862.126252517,-637335.9262525165,3448009.8666666667,7607722.761655885,-711703.0283225514
408,3553844.5,7566169.497728086,-458480.4977280861,3553844.5,7566169.497728086,-458480.4977280861,3524136.9,7538892.440295856,-490618.64029585617,3391204.966666667,7330161.360895369,-547751.4275620361,3524136.9,7538892.440295856,-490618.64029585617,3391204.966666667,7330161.360895369,-547751.4275620361
409,3548627.3333333335,7578724.786004237,-481470.1193375699,3548627.3333333335,7578724.786004237,-481470.1193375699,3552657.2333333334,7582361.060525513,-477046.59385884646,3476500.7333333334,7432514.237460518,-479512.77079385146,3552657.2333333334,7582361.060525513,-477046.59385884646,3476500.7333333334,7432514.237460518,-479512.77079385146
410,3490746.433333333,7481094.142196877,-499601.27553021023,3490746.433333333,7481094.142196877,-499601.27553021023,3503078.1,7492335.40380055,-486179.20380054973,3336031.3666666667,7210649.51747662,-538586.7841432868,3503078.1,7492335.40380055,-486179.20380054973,3336031.3666666667,7210649.51747662,-538586.7841432868
411,4088845.2,8762673.66677146,-584983.26677146,4088845.2,8762673.66677146,-584983.26677146,4083654.466666667,8757882.422003385,-590573.488670052,3922592.3333333335,8484342.348965889,-639157.6822992214,4083654.466666667,8757882.422003385,-590573.488670052,3922592.3333333335,8484342.348965889,-639157.6822992214
412,4040408.8,8635429.17599211,-554611.5759921111,4040408.8,8635429.17599211,-554611.5759921111,4043596.6333333333,8638315.348462041,-551122.0817953744,3974618.6,8525410.529383082,-576173.3293830822,4043596.6333333333,8638315.348462041,-551122.0817953744,3974618.6,8525410.529383082,-576173.3293830822
413,3997141.4,8588523.843063768,-594241.0430637677,3997141.4,8588523.843063768,-594241.0430637677,4020750.4,8609642.66176548,-568141.8617654811,3882277.3,8399376.031156417,-634821.4311564164,4020750.4,8609642.66176548,-568141.8617654811,3882277.3,8399376.031156417,-634821.4311564164
414,3887128.966666667,8353343.069935595,-579085.1366022611,3887128.966666667,8353343.069935595,-579085.1366022611,3887128.966666667,8353343.069935595,-579085.1366022611,3714589.933333333,8074843.989614176,-645664.1229475099,3887128.966666667,8353343.069935595,-579085.1366022611,3714589.933333333,8074843.989614176,-645664.1229475099
415,3818394.2666666666,8206435.320368874,-569646.7870355407,3818394.2666666666,8206435.320368874,-569646.7870355407,3818394.2666666666,8206435.320368874,-569646.7870355407,3763728.5,8138230.845245474,-610773.845245474,3818394.2666666666,8206435.320368874,-569646.7870355407,3763728.5,8138230.845245474,-610773.845245474
416,3825431.6,8451161.426463667,-800298.2264636676,3825431.6,8451161.426463667,-800298.2264636676,3842670.8333333335,8466635.162856717,-781293.4961900492,3815416.1,8470035.636411583,-839203.4364115824,3842670.8333333335,8466635.162856717,-781293.4961900492,3815416.1,8470035.636411583,-839203.4364115824
417,3895752.7333333334,8269703.531832429,-478198.06516576186,3895752.7333333334,8269703.531832429,-478198.06516576186,3899034.1333333333,8272711.052432295,-474642.7857656288,3789664.433333333,8131212.81245858,-551883.9457919137,3899034.1333333333,8272711.052432295,-474642.7857656288,3789664.433333333,8131212.81245858,-551883.9457919137
418,4049464.466666667,8571554.097794205,-472625.1644608723,4049464.466666667,8571554.097794205,-472625.1644608723,4043121.433333333,8565722.144215224,-479479.27754855854,3981335.6666666665,8511590.269691946,-548918.9363586125,4043121.433333333,8565722.144215224,-479479.27754855854,3981335.6666666665,8511590.269691946,-548918.9363586125
419,3815728.3333333335,8178324.388646197,-546867.7219795301,3815728.3333333335,8178324.388646197,-546867.7219795301,3860910.3333333335,8219168.097895283,-497347.43122861674,3655058.033333333,7916227.405783037,-606111.3391163703,3860910.3333333335,8219168.097895283,-497347.43122861674,3655058.033333333,7916227.405783037,-606111.3391163703
420,3959994.3666666667,8464690.69501779,-544701.9616844566,3959994.3666666667,8464690.69501779,-544701.9616844566,3990614.1,8493021.56819775,-511793.3681977489,3914433.3,8456251.895554181,-627385.2955541816,3990614.1,8493021.56819775,-511793.3681977489,3914433.3,8456251.895554181,-627385.2955541816
421,4220408.9,8829386.87120992,-388569.07120991964,4209374.4,8819544.284050606,-400795.48405060545,4224649.466666667,8833819.070034914,-384520.13670158107,4012844.566666667,8535287.862924628,-509598.7295912937,4235967.366666666,8843906.21155331,-371971.4782199757,4012844.566666667,8535287.862924628,-509598.7295912937
422,4318292.066666666,8983610.045661896,-347025.91232856363,4317969.816666666,8983327.174135994,-347387.54080266133,4376779.6,9037563.370731864,-284004.17073186394,3905594.0,8269862.953928998,-458674.95392899774,4377307.133333334,9038025.779311564,-283411.51264489535,3905594.0,8269862.953928998,-458674.95392899774
423,4005982.033333333,8441821.797199331,-429857.7305326648,4005982.033333333,8441821.797199331,-429857.7305326648,4056247.533333333,8488120.700941231,-375625.63427456375,3731634.066666667,8038520.930620873,-575252.7972875391,4057667.7333333334,8489369.584629174,-374034.1179625066,3731634.066666667,8038520.930620873,-575252.7972875391
424,3717213.1666666665,8022753.528440794,-588327.1951074614,3717213.1666666665,8022753.528440794,-588327.1951074614,3767414.6333333333,8068269.334081871,-533440.0674152053,3527963.3,7761005.023239121,-705078.4232391212,3768147.3333333335,8068918.244706731,-532623.5780400638,3527963.3,7761005.023239121,-705078.4232391212
425,3829098.8,8157501.697038938,-499304.09703893866,3829098.8,8157501.697038938,-499304.09703893866,3873234.783333333,8197263.618017096,-450794.05135042965,3686364.2333333334,7976032.525752132,-603304.059085465,3874126.566666667,8198051.282089138,-449798.1487558051,3686364.2333333334,7976032.525752132,-603304.059085465
426,3731788.566666667,8095292.904175263,-631715.7708419296,3731742.05,8095251.654440505,-631767.5544405058,3769890.966666667,8129715.2059846,-589933.2726512663,3717284.1333333333,8097326.148385743,-662757.8817190756,3769985.066666667,8129798.541597946,-589828.4082646123,3717284.1333333333,8097326.148385743,-662757.8817190756
427,4144476.2,8809942.971908078,-520990.57190807816,4144476.2,8809942.971908078,-520990.57190807816,4166483.1666666665,8830230.828224322,-497264.49489098927,3883066.3,8409324.994718604,-643192.3947186032,4166742.8333333335,8830459.902384652,-496974.2357179844,3883066.3,8409324.994718604,-643192.3947186032
428,4148877.8,8837349.844197385,-539594.2441973854,4148842.566666667,8837318.73942933,-539633.6060959972,4170490.2666666666,8857484.430288186,-516503.8969548531,3767862.0,8184407.648723274,-648683.6487232735,4170557.0,8857543.304804198,-516429.3048041975,3767862.0,8184407.648723274,-648683.6487232735
429,4143573.6,8821695.687777558,-534548.4877775577,4143530.8833333333,8821657.980802746,-534596.2141360794,4185545.3,8861123.01181551,-490032.41181551106,3721547.7333333334,8083078.745354605,-639983.2786879381,4185634.9,8861201.998549346,-489932.19854934653,3721547.7333333334,8083078.745354605,-639983.2786879381
430,3988563.8,8552740.666184124,-575613.0661841249,3986995.0,8551350.33329381,-577360.3332938114,4059367.033333333,8622509.386539828,-503775.3198731607,3611125.7333333334,7945768.478442035,-723517.0117753679,4060833.566666667,8623806.162266223,-502139.02893288946,3611125.7333333334,7945768.478442035,-723517.0117753679
431,4021941.7,8516590.709592756,-472707.3095927546,4021865.55,8516523.5784042,-472792.4784041997,4085936.5166666666,8581340.18832751,-409467.15499417763,3775970.8,8160316.494238647,-608374.8942386471,4086153.6666666665,8581531.251229351,-409223.9178960179,3775970.8,8160316.494238647,-608374.8942386471
432,3768183.5,8167715.0559455,-631348.0559454998,3768160.066666667,8167694.280586533,-631374.147253199,3853172.3833333333,8254084.359396946,-547739.5927302786,3652575.2,8066279.756456605,-761129.3564566048,3853111.3,8254030.358872994,-547807.7588729942,3652575.2,8066279.756456605,-761129.3564566048
433,4240569.5,9738467.441833839,-1257328.441833838,4240472.116666666,9738379.998168338,-1257435.7648350047,4292554.0,9788220.03486931,-1203112.0348693086,4184803.2,9694669.932674294,-1325063.532674294,4292284.4,9787978.302841857,-1203409.5028418563,4184803.2,9694669.932674294,-1325063.532674294
434,4327631.4,9923154.051302202,-1267891.2513022022,4327464.1,9923003.861476975,-1268075.6614769753,4371540.8,9963852.604381131,-1220771.0043811314,4402224.633333334,10072522.527353503,-1268073.2606868362,4371057.7,9963419.444302786,-1221304.0443027858,4402224.633333334,10072522.527353503,-1268073.2606868362
435,4494405.733333333,10220021.46506029,-1231209.9983936222,4494123.55,10219768.540225223,-1231521.440225224,4524774.783333333,10247536.551374553,-1197986.9847078864,4547250.933333334,10286991.50859305,-1192489.6419263836,4523977.766666667,10246822.78434251,-1198867.2510091774,4547250.933333334,10286991.50859305,-1192489.6419263836
436,4667269.566666666,10593695.508595517,-1259156.375262184,4666994.75,10593449.28501951,-1259459.7850195104,4676652.1,10602264.129844341,-1248959.9298443422,4442658.633333334,10181746.23104518,-1296428.9643785115,4677082.1,10602649.456893565,-1248485.2568935659,4442658.633333334,10181746.23104518,-1296428.9643785115
437,4372737.333333333,10026691.98372394,-1281217.3170572743,4372708.866666666,10026666.432624491,-1281248.6992911585,4372292.433333334,10026278.381588217,-1281693.5149215488,4430209.366666666,10169883.446717272,-1309464.7133839391,4372339.4,10026320.540275011,-1281641.7402750114,4430209.366666666,10169883.446717272,-1309464.7133839391
438,4515670.666666667,10201152.572940655,-1169811.239607322,4515659.266666667,10201142.372230181,-1169823.8388968483,4516494.516666667,10201916.817000793,-1168927.78366746,4633127.533333333,10433218.258555777,-1166963.19188911,4516515.833333333,10201935.891070426,-1168904.2244037595,4633127.533333333,10433218.258555777,-1166963.19188911
439,4868404.966666667,10851805.212219466,-1114995.278886132,4867969.2,10851416.222594019,-1115477.8225940187,4909464.716666667,10890399.473931516,-1071470.040598182,4628082.0,10449505.652375858,-1193341.6523758583,4908177.233333333,10889251.417590488,-1072896.950923821,4628082.0,10449505.652375858,-1193341.6523758583
440,3958856.4,8475555.663115403,-557842.8631154024,3958343.5,8475101.963548794,-558414.9635487935,4017712.933333333,8534038.30781513,-498612.44114846503,3984690.1333333333,8657302.704281142,-687922.4376144749,4017712.933333333,8534038.30781513,-498612.44114846503,3984690.1333333333,8657302.704281142,-687922.4376144749
441,3655135.533333333,7995477.703306885,-685206.636640219,3654699.7333333334,7995090.2554838555,-685690.7888171887,3688926.7,8029183.537163427,-651330.1371634267,3934455.2,8643467.113630649,-774556.7136306483,3689677.6,8029851.001593618,-650495.8015936171,3934455.2,8643467.113630649,-774556.7136306483
442,3638309.3,7971059.77000126,-694441.17000126,3638047.5,7970826.996459617,-694731.9964596173,3674951.0166666666,8008036.094716726,-658134.0613833927,3883476.4,8595868.009228768,-828915.2092287675,3674224.5,8007390.950455148,-658941.9504551478,3883476.4,8595868.009228768,-828915.2092287675
443,4225447.066666666,9581804.404336348,-1130910.2710030153,4225349.016666667,9581716.589756528,-1131018.5564231947,4255545.65,9610343.77858122,-1099252.4785812208,4432059.333333333,10040580.611753358,-1176461.9450866915,4255271.266666667,9610098.252076983,-1099555.7187436502,4432059.333333333,10040580.611753358,-1176461.9450866915
444,4202119.3,9699733.606436562,-1295495.0064365612,4201989.783333333,9699617.18532519,-1295637.618658524,4220996.083333333,9717403.98101338,-1275411.8143467149,4411384.133333334,10150343.137340108,-1327574.8706734404,4220664.333333333,9717105.938808668,-1275777.2721420014,4411384.133333334,10150343.137340108,-1327574.8706734404
445,4138217.2333333334,9710313.484427989,-1433879.0177613227,4138056.9,9710168.896931421,-1434055.0969314207,4163255.45,9733814.860104904,-1407303.9601049041,4360888.666666667,10104795.367046028,-1383018.0337126935,4162862.6,9733460.846416192,-1407735.6464161924,4360888.666666667,10104795.367046028,-1383018.0337126935
446,3948586.2333333334,9225453.340287924,-1328280.873621257,3948586.2333333334,9225453.340287924,-1328280.873621257,3946258.066666667,9223226.572231876,-1330710.4388985415,4124973.8,9636669.281829135,-1386721.6818291359,3946258.066666667,9223226.572231876,-1330710.4388985415,4124973.8,9636669.281829135,-1386721.6818291359
447,4306645.433333334,9879027.40619725,-1265736.5395305827,4306645.433333334,9879027.40619725,-1265736.5395305827,4338029.266666667,9911279.277551472,-1235220.744218138,4397398.833333333,10215285.292528957,-1420487.6258622902,4338029.266666667,9911279.277551472,-1235220.744218138,4397398.833333333,10215285.292528957,-1420487.6258622902
448,4783247.166666667,11154639.98496342,-1588145.651630086,4783247.166666667,11154639.98496342,-1588145.651630086,4777682.533333333,11149008.02153217,-1593642.954865504,4825192.233333333,11384529.015437808,-1734144.548771142,4777682.533333333,11149008.02153217,-1593642.954865504,4825192.233333333,11384529.015437808,-1734144.548771142
449,4578770.4,10744549.672817454,-1587008.872817452,4578579.783333333,10744377.77209894,-1587218.2054322725,4663798.766666667,10829627.98940504,-1502030.4560717065,4782587.8,11197090.37646136,-1631914.776461361,4663297.766666667,10829177.105207482,-1502581.5718741491,4782587.8,11197090.37646136,-1631914.776461361
450,5015875.2,11499127.54913919,-1467377.149139191,5015651.15,11498926.414598294,-1467624.1145982929,5194924.283333333,11692016.71723045,-1302168.150563783,5472938.2,12605421.912681881,-1659545.51268188,5195512.5,11692542.941852868,-1301517.9418528676,5472938.2,12605421.912681881,-1659545.51268188
451,5014545.433333334,11661799.590521887,-1632708.7238552189,5014331.65,11661607.129452866,-1632943.8294528648,5100451.716666667,11752822.753817877,-1551919.3204845432,5474437.8,12733674.558920946,-1784798.9589209463,5101077.2,11753385.025746118,-1551230.625746117,5474437.8,12733674.558920946,-1784798.9589209463
452,5200726.5,12068690.099334551,-1667237.099334551,5200555.866666666,12068536.5568919,-1667424.8235585662,5294169.183333334,12165830.512820981,-1577492.1461543133,5404155.7,12609373.577192996,-1801062.1771929963,5293736.633333334,12165442.052282875,-1577968.7856162079,5404155.7,12609373.577192996,-1801062.1771929963
453,4868590.966666667,11603243.054005098,-1866061.120671764,4868590.966666667,11603243.054005098,-1866061.120671764,4925683.766666667,11659157.346860578,-1807789.813527245,4632513.1,11373700.097563162,-2108673.897563164,4925683.766666667,11659157.346860578,-1807789.813527245,4632513.1,11373700.097563162,-2108673.897563164
454,5450501.9,12487968.529469235,-1586964.7294692341,5450501.9,12487968.529469235,-1586964.7294692341,5487166.35,12522609.280681089,-1548276.5806810893,5434826.166666667,12576093.053028896,-1706440.7196955634,5486765.333333333,12522249.64870694,-1548718.982040274,5434826.166666667,12576093.053028896,-1706440.7196955634
455,5618378.8,12912006.742044225,-1675249.1420442257,5618298.95,12911935.034873001,-1675337.1348730018,5698018.083333333,12988992.20633441,-1592956.0396677442,5708479.066666666,13194326.767693367,-1777368.634360033,5663940.5,12955655.068660885,-1627774.068660886,5708479.066666666,13194326.767693367,-1777368.634360033
456,5412698.9,12417823.257395446,-1592425.4573954456,5332882.65,12334991.314079208,-1669226.0140792076,5516610.166666667,12530888.60867975,-1497668.275346416,4949239.266666667,11890410.999260075,-1991932.4659267422,5719114.233333333,12767928.240608072,-1329699.7739414051,4949239.266666667,11890410.999260075,-1991932.4659267422
457,5051990.766666667,11822408.462946035,-1718426.9296127027,4949036.116666666,11710296.51876371,-1812224.2854303764,5152436.883333334,11937562.901667569,-1632689.1350009022,4926795.133333334,11864670.142097093,-2011079.8754304256,5132485.433333334,11914220.655460449,-1649249.7887937818,4926795.133333334,11864670.142097093,-2011079.8754304256
458,5051643.966666667,11670314.602636952,-1567026.6693036174,4935196.7,11540989.614794794,-1670596.2147947932,5069941.583333333,11691341.446320422,-1551458.279653756,4888862.533333333,11673083.539111339,-1895358.472444673,5046868.8,11664815.666974057,-1571078.0669740578,4888862.533333333,11673083.539111339,-1895358.472444673
459,5450253.966666667,12486741.0875327,-1586233.1541993646,5346718.25,12377542.494690804,-1684105.9946908038,5499296.85,12540488.84171221,-1541895.141712212,4894723.5,11800865.42437984,-2011418.4243798405,5560521.4,12609461.719764937,-1488418.919764936,4894723.5,11800865.42437984,-2011418.4243798405
460,4903141.0,11254098.471305061,-1447816.4713050602,4815270.183333334,11153974.710631795,-1523434.343965128,4930323.516666667,11285961.156362735,-1425314.1230294006,4674130.066666666,11203842.292852033,-1855582.1595187,5009660.766666667,11381562.519407678,-1362240.9860743452,4674130.066666666,11203842.292852033,-1855582.1595187
461,4070496.6,9193138.06574297,-1052144.8657429698,3991510.6333333333,9098530.412700709,-1115509.1460340428,4171149.8833333333,9320061.846243406,-977762.0795767396,4051516.466666667,9501627.836378306,-1398594.9030449726,4151940.7666666666,9295522.03901793,-991640.5056845965,4051516.466666667,9501627.836378306,-1398594.9030449726
462,4228353.866666666,9764837.872851362,-1308130.13951803,4108383.5,9621285.924609587,-1404518.9246095875,4282918.233333333,9833163.23667273,-1267326.7700060615,4176837.2333333334,10009478.090971671,-1655803.6243050043,4229777.966666667,9766601.267237546,-1307045.3339042123,4176837.2333333334,10009478.090971671,-1655803.6243050043
463,4172522.7333333334,9705811.08992637,-1360765.6232597018,4047034.2666666666,9560187.324789263,-1466118.79145593,4161290.533333333,9689946.20300994,-1367365.1363432733,4045665.966666667,9804586.927563112,-1713254.9942297796,4258764.733333333,9811912.141064204,-1294382.6743975375,4045665.966666667,9804586.927563112,-1713254.9942297796
464,3942167.8666666667,9060781.738459934,-1176446.0051265997,3816544.6333333333,8915845.24218408,-1282755.975517414,3854217.5166666666,8957954.375564639,-1249519.3422313044,3761094.433333333,9061451.481049128,-1539262.6143824612,3955223.9,9076264.59454361,-1165816.7945436104,3761094.433333333,9061451.481049128,-1539262.6143824612
465,3507462.4,7881699.735709846,-866774.9357098457,3404981.5833333335,7759470.09796582,-949506.9312991523,3501814.6333333333,7874644.799764834,-871015.5330981682,3408548.3,8013960.510009937,-1196863.9100099374,3546248.566666667,7930180.869526565,-837683.7361932318,3408548.3,8013960.510009937,-1196863.9100099374
466,4159589.3,9772444.485257123,-1453265.885257123,4076527.933333333,9682985.010117559,-1529929.143450893,4157481.5166666666,9770055.256987683,-1455092.2236543503,4024301.7333333334,9784689.651625026,-1736086.1849583583,4360494.5,10008063.201315358,-1287074.2013153573,4024301.7333333334,9784689.651625026,-1736086.1849583583
467,3827884.8666666667,8661190.573116753,-1005420.8397834203,3737645.566666667,8549815.971872978,-1074524.8385396446,3793006.25,8617385.156944897,-1031372.656944898,3725959.933333333,8872960.337867197,-1421040.4712005309,3814963.3333333335,8644714.75011216,-1014788.0834454917,3725959.933333333,8872960.337867197,-1421040.4712005309
468,3892139.066666667,8459045.82369732,-674767.690363986,3771449.75,8309572.614171078,-766673.1141710784,3853983.0166666666,8412455.782795988,-704489.7494626539,3491781.466666667,8241610.1140593905,-1258047.180726057,3908912.5,8480844.019800888,-663019.0198008884,3491781.466666667,8241610.1140593905,-1258047.180726057
469,3917624.5,8444067.090971801,-608818.0909718024,3746776.4166666665,8225453.232080201,-731900.3987468672,3828805.3833333333,8329150.008177977,-671539.2415113109,3344766.7333333334,7933155.100516202,-1243621.6338495351,4152803.1,8786875.6573709,-481269.4573709001,3344766.7333333334,7933155.100516202,-1243621.6338495351
470,2934257.033333333,6564182.030504895,-695667.9638382294,2832508.1666666665,6426454.286773924,-761437.9534405912,2944342.183333333,6586624.8872151505,-697940.5205484848,2522844.2333333334,6201516.581375146,-1155828.114708479,3217543.966666667,7019106.423737621,-584018.4904042874,2522844.2333333334,6201516.581375146,-1155828.114708479
471,3058041.1,7202553.925831094,-1086471.7258310942,2958747.283333333,7070315.685816467,-1152821.1191498004,3075871.4166666665,7233062.607723768,-1081319.7743904348,2826749.966666667,7064323.327602779,-1410823.394269445,3193071.966666667,7402281.547643669,-1016137.6143103354,2826749.966666667,7064323.327602779,-1410823.394269445
472,3560369.8333333335,8536552.280228069,-1415812.6135614016,3396521.1166666667,8323358.550146602,-1530316.3168132682,3458250.9833333334,8401095.815161187,-1484593.8484945195,3271014.6,8314751.668162584,-1772722.4681625837,3583260.2333333334,8567944.920695594,-1401424.4540289268,3271014.6,8314751.668162584,-1772722.4681625837
473,3627740.4,8918717.97817433,-1663237.1781743304,3453631.8333333335,8712184.43131984,-1804920.7646531737,3609941.6166666667,8899659.288582519,-1679776.0552491858,3459987.6333333333,8849930.338941572,-1929955.0722749052,3782673.433333333,9122795.267511435,-1557448.400844769,3459987.6333333333,8849930.338941572,-1929955.0722749052
474,3909325.0,9732701.791912831,-1914051.7919128323,3772856.6333333333,9574579.023680275,-2028865.7570136092,3985114.3,9831350.808080798,-1861122.2080807984,3637068.6666666665,9507991.489741541,-2233854.156408208,4196892.366666666,10110641.168721939,-1716856.435388606,3637068.6666666665,9507991.489741541,-2233854.156408208
475,3957759.7333333334,9655240.109424725,-1739720.6427580575,3831431.6666666665,9510804.02944417,-1847940.6961108358,4022183.5833333335,9737682.066425478,-1693314.8997588116,3596488.033333333,9332023.295317832,-2139047.228651166,4223419.1,9997843.588792007,-1551005.3887920072,3596488.033333333,9332023.295317832,-2139047.228651166
476,4309061.566666666,10612125.89327145,-1994002.7599381162,4184649.3,10473948.21398098,-2104649.6139809806,4401712.216666667,10725407.1793498,-1921982.746016467,3879406.2333333334,10197325.710074052,-2438513.2434073864,4595428.966666667,10969812.122278996,-1778954.1889456613,3879406.2333333334,10197325.710074052,-2438513.2434073864
477,4029150.533333333,9963668.87740748,-1905367.8107408136,3895249.533333333,9806222.476913212,-2015723.4102465454,4003314.9833333334,9933302.97779489,-1926673.0111282226,3798216.9,9806903.045995805,-2210469.245995805,4156447.433333333,10124590.640255442,-1811695.7735887761,3798216.9,9806903.045995805,-2210469.245995805
478,4484594.133333334,11059739.352438943,-2090551.085772276,4357716.633333334,10909462.475361705,-2194029.2086950364,4475774.2,11048953.237290509,-2097404.8372905087,4133402.2,10747963.82621703,-2481159.426217029,4629271.7,11242358.814013759,-1983815.4140137583,4133402.2,10747963.82621703,-2481159.426217029
479,4783672.133333334,11458431.635368327,-1891087.3687016591,4581243.3,11222597.949288283,-2060111.349288283,4772101.233333333,11444328.037924346,-1900125.5712576797,4179758.7666666666,10825113.992369652,-2465596.4590363195,5082473.666666667,11848827.59441011,-1683880.2610767763,4179758.7666666666,10825113.992369652,-2465596.4590363195
480,4436959.0,10752388.860353597,-1878470.8603535956,4328138.716666667,10625679.630510196,-1969402.1971768616,4534598.9,10879909.260815335,-1810711.4608153347,3989378.7,10336859.787022434,-2358102.3870224347,4675171.433333334,11061123.797362931,-1710780.930696264,3989378.7,10336859.787022434,-2358102.3870224347
481,4787206.1,11895830.301247314,-2321418.1012473153,4669348.55,11760496.392012147,-2421799.2920121476,4842424.383333334,11965927.223060671,-2281078.4563940046,4454186.066666666,11607300.759255283,-2698928.625921949,5027325.233333333,12198936.537245136,-2144286.070578468,4454186.066666666,11607300.759255283,-2698928.625921949
482,4901190.766666667,12199912.043674007,-2397530.510340675,4704182.783333333,11970217.143716294,-2561851.577049627,4872962.4,12165615.226528581,-2419690.4265285805,4444932.566666666,11757933.088411305,-2868067.9550779723,5128223.9,12489596.207214419,-2233148.407214419,4444932.566666666,11757933.088411305,-2868067.9550779723
483,5230852.366666666,13116219.062886173,-2654514.3295528404,5024020.616666666,12881596.278171575,-2833555.044838242,5127424.683333334,12997998.526644085,-2743149.1599774165,4768319.233333333,12677720.354086552,-3141081.887419886,5438715.8,13374156.371639594,-2496724.7716395957,4768319.233333333,12677720.354086552,-3141081.887419886
484,5061189.033333333,12518562.331907673,-2396184.2652410064,4823914.7,12244093.064050645,-2596263.6640506433,4864549.033333333,12289478.285899445,-2560380.219232778,4344196.533333333,11757763.482157294,-3069370.415490628,5137932.5,12614112.965862792,-2338247.965862793,4344196.533333333,11757763.482157294,-3069370.415490628
485,5335997.633333334,13238543.755004976,-2566548.4883383075,5097074.883333334,12964833.191834293,-2770683.425167625,5160680.016666667,13036009.600558352,-2714649.5672250194,4737826.766666667,12636240.876814082,-3160587.343480749,5398190.933333334,13314656.445820458,-2518274.579153791,4737826.766666667,12636240.876814082,-3160587.343480749
486,5342092.366666666,13229152.040625675,-2544967.307292342,5135863.333333333,12997735.315304585,-2726008.6486379188,5266522.266666667,13139296.154137354,-2606251.62080402,4721467.933333334,12620985.585169464,-3178049.718502797,5457242.033333333,13367524.789518997,-2453040.7228523297,4721467.933333334,12620985.585169464,-3178049.718502797
487,5158643.966666667,13033344.221007021,-2716056.2876736876,4977991.883333334,12823659.779966056,-2867676.013299389,5086128.216666667,12942242.662654087,-2769986.2293207543,4871206.0,12803467.696734298,-3061055.696734297,5232488.566666666,13123629.022313194,-2658651.8889798615,4871206.0,12803467.696734298,-3061055.696734297
488,4841125.2,11697448.214075781,-2015197.814075781,4630604.05,11420160.72996078,-2158952.62996078,4632138.15,11414885.922193207,-2150609.622193206,4282940.933333334,11117940.180823036,-2552058.3141563693,4775850.333333333,11608858.21731076,-2057157.5506440932,4282940.933333334,11117940.180823036,-2552058.3141563693
489,5378451.1,12825841.784134638,-2068939.5841346392,5166229.933333334,12531827.229882225,-2199367.363215558,5144661.75,12499176.012796737,-2209852.512796738,4569074.333333333,11920675.786561213,-2782527.1198945474,5455301.2,12937735.938145867,-2027133.5381458662,4569074.333333333,11920675.786561213,-2782527.1198945474
490,5229463.7,12597112.331907978,-2138184.931907978,5074508.9,12408994.13250312,-2259976.3325031195,5115798.05,12459803.23714944,-2228207.13714944,4158247.4,11439960.866877886,-3123466.0668778853,5385575.133333334,12804238.432488672,-2033088.165822004,4158247.4,11439960.866877886,-3123466.0668778853
491,5417529.1,13315077.89520971,-2480019.69520971,5298541.216666667,13176047.279223114,-2578964.8458897797,5335779.033333333,13223843.092452113,-2552285.025785446,4553353.833333333,12402530.65949833,-3295822.992831663,5742623.433333334,13746688.271493794,-2261441.4048271272,4553353.833333333,12402530.65949833,-3295822.992831663
492,5618473.133333334,13541402.648201833,-2304456.381535165,5459160.516666667,13351901.640668962,-2433580.607335629,5473626.416666667,13372962.009324994,-2425709.175991661,4760055.3,12663999.106729485,-3143888.5067294864,5886251.3,13894768.19665527,-2122265.596655269,4760055.3,12663999.106729485,-3143888.5067294864
493,5415103.666666667,13329688.37925798,-2499481.045924646,5178267.266666667,13040527.496829957,-2683992.9634966245,5276334.716666667,13145938.570647882,-2593269.1373145487,4384635.766666667,12225218.647551004,-3455947.1142176697,5533271.733333333,13484853.504407035,-2418310.0377403684,4384635.766666667,12225218.647551004,-3455947.1142176697
494,5810414.1,13780712.658463642,-2159884.4584636437,5591508.016666667,13496490.605524763,-2313474.5721914293,5531705.966666667,13429557.90101577,-2366145.967682437,4306053.033333333,12133431.87074441,-3521325.8040777454,5939593.066666666,13960689.26980739,-2081503.136474059,4306053.033333333,12133431.87074441,-3521325.8040777454
495,5729032.866666666,13668482.322646104,-2210416.5893127723,5483555.566666666,13364495.90455923,-2397384.7712258976,5356407.6,13218128.49649975,-2505313.2964997524,4326989.3,12155285.184818108,-3501306.584818108,5732498.8,13672991.186580885,-2207993.5865808846,4326989.3,12155285.184818108,-3501306.584818108
496,5567266.466666667,13432114.402480828,-2297581.469147494,5370552.816666666,13192761.869672686,-2451656.236339353,5245240.833333333,13049505.827021006,-2559024.1603543404,4276520.866666666,12057336.687552363,-3504294.954219031,5625196.1,13506142.676187906,-2255750.476187907,4276520.866666666,12057336.687552363,-3504294.954219031
497,5406880.333333333,13297712.652269589,-2483951.9856029227,5214453.133333334,13065689.413252696,-2636783.14658603,5196440.066666666,13044101.13061557,-2651220.997282236,4415750.466666667,12247111.763145182,-3415610.8298118487,5489319.4,13402556.433414858,-2423917.633414857,4415750.466666667,12247111.763145182,-3415610.8298118487
498,5496615.666666667,13047527.37868272,-2054296.0453493856,5257647.75,12707889.63307676,-2192594.13307676,5126791.866666666,12533109.78741609,-2279526.054082757,4257401.666666667,11592935.432461958,-3078132.0991286254,5532617.933333334,13101092.990744665,-2035857.1240779972,4257401.666666667,11592935.432461958,-3078132.0991286254
499,5583181.433333334,13552223.584237235,-2385860.7175705675,5347285.733333333,13241240.479607975,-2546669.0129413083,5240046.033333333,13112523.544763587,-2632431.478096922,4538542.466666667,12388580.968208294,-3311496.0348749617,5743174.2,13777899.497643383,-2291551.097643383,4538542.466666667,12388580.968208294,-3311496.0348749617
500,5321815.8,13205254.097724361,-2561622.4977243617,5151833.583333333,13003341.901372302,-2699674.7347056363,5090688.1,12935453.275221318,-2754077.075221318,4381444.8,12215796.689111456,-3452907.0891114557,5449797.6,13368845.474103414,-2469250.2741034133,4381444.8,12215796.689111456,-3452907.0891114557
501,5353562.266666667,13202110.62883754,-2494986.0955042066,5185687.866666666,13004949.862948507,-2633574.1296151746,5263568.983333333,13099160.31488853,-2572022.3482218627,4556569.933333334,12376501.974626767,-3263362.1079600994,5567096.566666666,13476026.789821845,-2341833.6564885117,4556569.933333334,12376501.974626767,-3263362.1079600994
502,5667881.133333334,13603480.217837349,-2267717.95117068,5492219.1,13383501.514233638,-2399063.3142336393,5421644.116666666,13301869.206452284,-2458580.9731189515,4785026.7,12687848.878895346,-3117795.478895345,5883223.6,13897403.764748257,-2130956.5647482583,4785026.7,12687848.878895346,-3117795.478895345
503,6273453.1,15494844.257931042,-2947938.057931043,6144190.9,15333207.703169078,-3044825.903169077,5924164.616666666,15076364.393930778,-3228035.1605974464,5028061.833333333,14165566.566649236,-4109442.899982569,6477256.6,15763511.533054782,-2808998.333054783,5028061.833333333,14165566.566649236,-4109442.899982569
504,6306219.333333333,15220279.6714628,-2607841.0047961352,6189145.95,15074473.162193466,-2696181.2621934647,5897439.65,14731256.044145996,-2936376.744145995,4874257.466666667,13681686.79138001,-3933171.858046677,6481085.933333334,15452592.33813585,-2490420.4714691825,4874257.466666667,13681686.79138001,-3933171.858046677
505,6545698.533333333,15774051.286706753,-2682654.2200400867,6494862.583333333,15711333.643363494,-2721608.4766968293,6394014.766666667,15594755.979442727,-2806726.4461093945,5018122.566666666,14152746.560169972,-4116501.4268366396,6707894.366666666,15983507.87127392,-2567719.1379405865,5018122.566666666,14152746.560169972,-4116501.4268366396
506,5434130.1,12932993.547343003,-2064733.3473430034,5305484.1,12781235.033600561,-2170266.833600562,5317923.2,12800773.851692107,-2164927.4516921053,4318364.766666667,11766027.996460423,-3129298.4631270906,5601066.866666666,13145127.688730475,-1942993.955397142,4318364.766666667,11766027.996460423,-3129298.4631270906
507,5233716.466666667,13086452.412942156,-2619019.4796088235,5101810.033333333,12938153.13194967,-2734533.0652830033,5364261.25,13224637.167940348,-2496114.6679403475,4851919.0,12761418.825468315,-3057580.825468315,5537283.1,13463370.200712398,-2388804.0007123984,4851919.0,12761418.825468315,-3057580.825468315
508,5316515.166666667,12728200.605842616,-2095170.2725092815,5042578.133333334,12402160.43461946,-2317004.1679527937,5198938.533333333,12590226.935853833,-2192349.869187167,4663175.466666667,12106167.18147701,-2779816.2481436776,5397356.833333333,12835580.85487218,-2040867.188205514,4663175.466666667,12106167.18147701,-2779816.2481436776
509,5801185.133333334,13549974.944038538,-1947604.6773718707,5545291.333333333,13208307.558624048,-2117724.8919573817,5382752.116666666,13004097.937797833,-2238593.704464501,4622954.2,12239875.924309917,-2993967.5243099174,5770512.933333334,13509890.555366427,-1968864.6886997605,4622954.2,12239875.924309917,-2993967.5243099174
510,5276533.2,12548507.102616128,-1995440.7026161272,5212730.183333334,12470951.868025586,-2045491.5013589198,5119406.716666667,12362854.973216128,-2124041.539882793,4101546.4,11288948.9102741,-3085856.1102741,5358299.1,12656220.055670366,-1939621.8556703655,4101546.4,11288948.9102741,-3085856.1102741
511,5405475.5,12874506.61764227,-2063555.6176422704,5317094.616666666,12765409.829417922,-2131220.596084589,5302445.866666666,12757026.281438045,-2152134.5481047127,4470717.733333333,11889441.5956151,-2948006.1289484324,5574503.666666667,13096281.466635637,-1947274.133302302,4470717.733333333,11889441.5956151,-2948006.1289484324
512,6060510.266666667,14060447.465006556,-1939426.931673224,5897667.583333333,13846279.001396578,-2050943.8347299118,5782487.066666666,13701337.249137117,-2136363.1158037838,4681165.433333334,12552310.563834067,-3189979.6971674003,6048795.833333333,14045455.908900388,-1947864.2422337206,4681165.433333334,12552310.563834067,-3189979.6971674003
513,6007370.0,14002869.540372286,-1988129.540372286,5959657.516666667,13941833.451926608,-2022518.4185932754,5772699.7,13680531.590160422,-2135132.1901604217,4506490.0,12342710.797713239,-3329730.7977132387,6004214.4,13998401.559707362,-1989972.7597073624,4506490.0,12342710.797713239,-3329730.7977132387
514,6066127.4,13486249.296619825,-1353994.4966198243,5947932.566666666,13339532.656383732,-1443667.5230503995,5616496.3,12914752.669617504,-1681760.0696175052,4300801.966666667,11515148.947148448,-2913545.0138151143,6182959.633333334,13655331.952633334,-1289412.6859666668,4300801.966666667,11515148.947148448,-2913545.0138151143
515,6541828.8,14364753.781370522,-1281096.1813705228,6448214.516666667,14234791.80436927,-1338362.7710359376,6113452.016666667,13771041.907462895,-1544137.8741295626,4395606.3,11895574.395287361,-3104361.7952873623,6675432.2,14566964.029698111,-1216099.6296981117,4395606.3,11895574.395287361,-3104361.7952873623
516,6506641.766666667,14356249.732301163,-1342966.1989678293,6432570.966666667,14247013.346376412,-1381871.413043077,6250137.533333333,13989133.427898686,-1488858.36123202,4368626.966666667,11871638.205955688,-3134384.2726223543,6426669.033333333,14235802.536582869,-1382464.469916203,4368626.966666667,11871638.205955688,-3134384.2726223543
517,6375795.233333333,14485499.676998645,-1733909.2103319792,6186005.466666667,14209473.733037774,-1837462.799704439,6319864.166666667,14329855.220053723,-1690126.8867203891,4672055.8,12494538.00376654,-3150426.4037665417,6177378.233333333,14190731.852587026,-1835975.385920358,4672055.8,12494538.00376654,-3150426.4037665417
518,5820886.066666666,12828850.70284585,-1187078.5695125163,5590814.066666666,12473886.407828491,-1292258.2744951574,5421337.783333333,12225481.087257732,-1382805.5205910644,4193740.3666666667,10871528.79908297,-2484048.0657496373,5780696.9,12765509.473014116,-1204115.6730141146,4193740.3666666667,10871528.79908297,-2484048.0657496373
519,5892997.733333333,12793720.686553245,-1007725.2198865786,5630704.05,12382502.17276678,-1121094.0727667809,5619635.05,12365972.551803187,-1126702.451803186,3959224.1666666665,10415171.08061001,-2496722.747276678,5949546.0,12889427.036169808,-990335.0361698074,3959224.1666666665,10415171.08061001,-2496722.747276678
520,5459612.333333333,12233550.76969378,-1314326.1030271137,5283232.333333333,12008292.685828522,-1441828.0191618558,5152581.566666666,11855403.167429691,-1550240.0340963583,3919632.1333333333,10509108.157482618,-2669843.8908159514,5640841.966666667,12487126.579475168,-1205442.6461418355,3919632.1333333333,10509108.157482618,-2669843.8908159514
521,5750219.9,12908893.003564667,-1408453.2035646662,5584219.133333334,12680070.407329485,-1511632.1406628173,5613210.9,12727884.433073338,-1501462.6330733383,4085011.066666667,11021748.526199551,-2851726.392866217,5961840.7,13227794.104631322,-1304112.7046313211,4085011.066666667,11021748.526199551,-2851726.392866217
522,5548114.866666666,12924407.7103863,-1828177.977052968,5313765.0,12650534.672496263,-2023004.672496263,5390273.933333334,12731374.16505514,-1950826.2983884746,4489107.066666666,11833693.977065189,-2855479.843731856,5563991.933333334,12945092.433389563,-1817108.5667228969,4489107.066666666,11833693.977065189,-2855479.843731856
523,5552249.033333333,13407925.809167122,-2303427.742500456,5387515.0,13226379.997436553,-2451349.997436554,5548660.65,13394319.35699809,-2296998.05699809,4651047.233333333,12499661.24741089,-3197566.780744224,5587936.766666667,13444959.13481874,-2269085.601485408,4651047.233333333,12499661.24741089,-3197566.780744224
524,4544052.0,10937585.88806761,-1849481.8880676096,4507522.766666667,10899826.389422111,-1884780.856088778,4675592.6,11090427.440345345,-1739242.2403453458,3886526.0,10267460.09555956,-2494408.095559559,4551643.133333334,10946205.351865444,-1842919.0851987759,3886526.0,10267460.09555956,-2494408.095559559
525,5274483.2,12352927.361677743,-1803960.9616777431,5246019.483333333,12320681.023868468,-1828642.0572018009,5339196.416666667,12422523.491100552,-1744130.6577672176,4174225.466666667,11182814.014639415,-2834363.0813060803,5320589.833333333,12399743.343278624,-1758563.6766119571,4174225.466666667,11182814.014639415,-2834363.0813060803
526,6140887.6,14355365.86574048,-2073590.6657404806,6115331.733333333,14330516.873378905,-2099853.4067122377,6489498.816666666,14748876.736729689,-1769879.1033963552,4779700.9,12881622.781246834,-3322220.9812468337,6224133.333333333,14470415.903029654,-2022149.2363629872,4779700.9,12881622.781246834,-3322220.9812468337
527,5840631.133333334,13541993.37472403,-1860731.108057363,5833844.033333333,13535408.692290716,-1867720.6256240504,6097472.05,13847030.676165812,-1652086.5761658112,4537943.533333333,12089417.423084654,-3013530.3564179884,5962417.966666667,13711508.879906122,-1786672.9465727871,4537943.533333333,12089417.423084654,-3013530.3564179884
528,4915439.6,11291769.058273219,-1460889.8582732193,4903971.466666667,11281311.173067955,-1473368.2397346217,5088118.95,11489963.730157867,-1313725.8301578667,4210325.366666666,10609136.777535068,-2188486.0442017354,4995591.466666667,11400726.142330345,-1409543.2089970103,4210325.366666666,10609136.777535068,-2188486.0442017354
529,4945272.533333333,10857048.928029206,-966503.8613625383,4912582.916666667,10825601.433346845,-1000435.6000135103,4855231.616666666,10681097.77988872,-970634.5465553859,3914095.966666667,9738109.52576993,-1909917.5924365977,4695147.333333333,10507112.824269023,-1116818.1576023577,3914095.966666667,9738109.52576993,-1909917.5924365977
530,4697688.966666667,10471137.701583102,-1075759.7682497697,4664595.85,10437233.86638418,-1108042.166384181,4721574.866666666,10496253.778096788,-1053104.0447634542,3452072.8333333335,9067426.43183536,-2163280.7651686943,4688742.966666667,10459083.72021842,-1081597.7868850855,3452072.8333333335,9067426.43183536,-2163280.7651686943
531,5229175.933333334,11782939.267484162,-1324587.400817494,5221446.583333333,11775972.22305822,-1333079.056391555,5067459.933333334,11590510.506702604,-1455590.6400359366,3943967.1,10381726.77798526,-2493792.5779852592,5076697.8,11600458.715062167,-1447063.115062167,3943967.1,10381726.77798526,-2493792.5779852592
532,5992856.866666666,14115658.56613579,-2129944.8328024577,5969959.783333333,14091966.887169179,-2152047.320502513,5759856.983333333,13854994.561687255,-2335280.5950205885,4724961.166666667,12799575.276255745,-3349652.9429224124,5785434.5,13883503.276895143,-2312634.276895143,4724961.166666667,12799575.276255745,-3349652.9429224124
533,5899800.1,14173644.662774224,-2374044.4627742236,5838199.066666666,14113989.083328247,-2437590.949994915,5871305.75,14125003.007920127,-2382391.5079201283,4879590.533333333,13135612.13033973,-3376431.063673064,5729711.1,13977781.90532422,-2518359.7053242205,4879590.533333333,13135612.13033973,-3376431.063673064
534,4500612.033333333,10331098.738407452,-1329874.6717407862,4459972.466666667,10290704.11807918,-1370759.1847458463,4718586.366666666,10576909.709273532,-1139736.9759401986,3634243.8,9432728.658925,-2164241.058925001,4488531.866666666,10316318.575427447,-1339254.842094114,3634243.8,9432728.658925,-2164241.058925001
535,5302029.2,12065749.380939726,-1461690.9809397245,5271398.616666666,12034108.256727634,-1491311.0233943015,5684488.716666667,12513634.979953663,-1144657.5466203298,4045931.933333333,10726088.76288993,-2634224.8962232633,5341965.0,12117153.725168027,-1433223.725168028,4045931.933333333,10726088.76288993,-2634224.8962232633
536,5385259.566666666,12068447.012769945,-1297927.8794366112,5385259.566666666,12068447.012769945,-1297927.8794366112,5904679.016666667,12661957.22101586,-852599.1876825262,3928738.966666667,10417229.48910534,-2559751.5557720074,5440844.0,12147218.062349457,-1265530.0623494582,3928738.966666667,10417229.48910534,-2559751.5557720074
537,4956923.3,11173995.5769442,-1260148.9769442007,4956923.3,11173995.5769442,-1260148.9769442007,5173961.2,11318694.626757607,-970772.2267576056,3830612.9,9849618.142480418,-2188392.342480418,4724881.8,10840142.984676428,-1390379.3846764276,3830612.9,9849618.142480418,-2188392.342480418
538,4365348.2,9878875.215370178,-1148178.815370177,4365348.2,9878875.215370178,-1148178.815370177,4528622.266666667,10003213.467025716,-945968.9336923817,3948553.533333333,9598847.960019516,-1701740.8933528494,4129809.6333333333,9569899.510831561,-1310280.2441648939,3948553.533333333,9598847.960019516,-1701740.8933528494
539,4413491.433333334,10056670.463798463,-1229687.597131797,4398194.266666667,10042418.22306075,-1246029.6897274153,4589954.416666667,10232356.907870416,-1052448.0745370807,4037647.6,9855062.801328856,-1779767.6013288568,4369334.966666667,10000309.965045325,-1261640.0317119919,4037647.6,9855062.801328856,-1779767.6013288568
540,4188687.5,8621534.329620793,-244159.3296207944,4139171.6,8572836.091311498,-294492.89131149696,4408445.466666667,8905221.577564295,-88330.6442309618,2732489.533333333,6733883.710580884,-1268904.6439142171,4223844.466666667,8695054.056037314,-247365.12270397972,2732489.533333333,6733883.710580884,-1268904.6439142171
541,3780485.1666666665,7651175.366685817,-90205.03335248446,3748418.1333333333,7617128.119086502,-120291.85241983552,3767510.45,7559184.035549863,-24163.13554986287,2744533.2666666666,6460717.373324718,-971650.8399913847,3603117.8333333335,7351631.405703892,-145395.73903722502,2744533.2666666666,6460717.373324718,-971650.8399913847
542,3528369.3666666667,7291365.822823321,-234627.0894899876,3528369.3666666667,7291365.822823321,-234627.0894899876,3734044.9833333334,7514332.060584921,-46242.09391825413,2845786.566666667,6691753.3206394985,-1000180.1873061652,3389939.6333333333,7065410.685387134,-285531.418720467,2845786.566666667,6691753.3206394985,-1000180.1873061652
543,3410145.3333333335,7410999.391136419,-590708.724469752,3398470.3666666667,7399724.8302478725,-602784.0969145391,3504870.9166666665,7459525.285031756,-449783.45169842336,2727351.033333333,6650906.099177375,-1196204.0325107086,3316999.2333333334,7265291.326347168,-631292.8596805008,2727351.033333333,6650906.099177375,-1196204.0325107086
544,3523224.033333333,7354627.327495339,-308179.2608286729,3475791.55,7306720.966234112,-355137.86623411253,3433092.65,7191914.802180011,-325729.5021800115,2560540.0,6218804.95982652,-1097724.9598265197,3392798.8,7142719.426457044,-357121.82645704364,2560540.0,6218804.95982652,-1097724.9598265197
545,4024672.933333333,8438658.198185217,-389312.33151855087,3984531.1666666665,8394291.473377671,-425229.14004433854,4047729.0,8456824.357341299,-361366.35734129883,2770325.1,6913808.803493026,-1373158.6034930255,3997068.3333333335,8396345.213368472,-402208.5467018052,2770325.1,6913808.803493026,-1373158.6034930255
546,3827600.5,8266735.4788924055,-611534.4788924055,3821325.15,8260539.982325835,-617889.6823258358,3862224.216666667,8298944.429056624,-574495.9957232904,2687432.4,6786037.950394977,-1411173.150394977,3824377.1333333333,8260852.608539833,-612098.3418731657,2687432.4,6786037.950394977,-1411173.150394977
547,3907901.9,8568564.223125769,-752760.4231257685,3890759.3333333335,8552945.450681131,-771426.7840144648,3927555.25,8589273.413357709,-734162.9133577077,2779523.8666666667,6974267.269694751,-1415219.5363614182,3900855.1333333333,8564531.200961113,-762820.9342944468,2779523.8666666667,6974267.269694751,-1415219.5363614182
548,3350846.9,7162105.6742776595,-460411.8742776597,3328876.066666667,7141631.411727414,-483879.27839407977,3272826.0833333335,7001779.081342105,-456126.9146754374,2580669.933333333,6133790.117229346,-972450.25056268,3258227.5,6987627.894558476,-471172.89455847675,2580669.933333333,6133790.117229346,-972450.25056268
549,3546933.566666667,7612688.942374045,-518821.80904071126,3531041.7,7596967.0207497105,-534883.6207497106,3570745.0,7654420.38019805,-512930.3801980498,2739626.7,6582744.820931709,-1103491.420931709,3567479.3333333335,7651098.492688785,-516139.82602211833,2739626.7,6582744.820931709,-1103491.420931709
550,4167976.966666667,8729216.740494985,-393262.80716165155,4108712.1333333333,8671315.461157683,-453891.19449101714,4264876.033333333,8947974.110886011,-418222.04421934485,2575154.933333333,6424500.37430924,-1274190.5076425732,4266682.433333334,8948848.609613251,-415483.74294658285,2575154.933333333,6424500.37430924,-1274190.5076425732
551,4066132.6,8656526.329509364,-524261.1295093647,4022710.3666666667,8613361.867469555,-567941.1341362209,4123480.6333333333,8688043.446749467,-441082.18008280033,2750190.2333333334,6896575.624477278,-1396195.1578106117,4010518.6666666665,8556697.657500181,-535660.3241668488,2750190.2333333334,6896575.624477278,-1396195.1578106117
552,3741997.8333333335,8144368.685311863,-660373.0186451958,3717265.533333333,8121424.626993877,-686893.5603272105,3755687.433333333,8126117.850635355,-614742.9839686896,2697160.7666666666,6764972.362393212,-1370650.8290598784,3692556.4,8058953.119380299,-673840.3193802987,2697160.7666666666,6764972.362393212,-1370650.8290598784
553,3851455.3333333335,8408617.206343492,-705706.539676825,3819259.7666666666,8377985.761646476,-739466.2283131424,3800525.1,8340242.691032404,-739192.4910324044,2725401.8666666667,6978905.402887052,-1528101.669553718,3820017.2666666666,8359434.196350227,-719399.6630168939,2725401.8666666667,6978905.402887052,-1528101.669553718
554,3505438.6,7511944.370887846,-501067.1708878451,3485849.8666666667,7493818.469473934,-522118.7361406009,3468982.533333333,7436999.693992062,-499034.62732539466,2284603.8333333335,5936899.488892512,-1367691.822225846,3452195.2333333334,7420872.7209166465,-516482.25424997974,2284603.8333333335,5936899.488892512,-1367691.822225846
555,3542320.566666667,7510387.73598519,-425746.60265185544,3518382.3333333335,7483058.0863138465,-446293.41964717954,3550646.8666666667,7498314.766222594,-397021.03288926044,2205564.433333333,5763116.9892185535,-1351988.1225518868,3513138.8666666667,7460295.673523556,-434017.9401902226,2205564.433333333,5763116.9892185535,-1351988.1225518868
556,3617016.2333333334,7736387.216443539,-502354.74977687234,3559810.1666666665,7669926.66206762,-550306.3287342866,3625509.35,7750542.696118644,-499523.99611864425,2120470.7,5699205.117295516,-1458263.7172955154,3618608.8333333335,7748087.752480091,-510870.0858134236,2120470.7,5699205.117295516,-1458263.7172955154
557,3798277.9,8302681.524901964,-706125.7249019644,3768294.2,8259779.03870367,-723190.6387036694,3797066.283333333,8274251.03218756,-680118.4655208932,2385678.933333333,6222721.739372019,-1451363.872705352,3762983.933333333,8243200.629330743,-717232.7626640764,2385678.933333333,6222721.739372019,-1451363.872705352
558,3695857.4,8057711.288766537,-665996.4887665366,3674700.466666667,8038293.241985788,-688892.308652454,3551629.0166666666,7775788.445342349,-672530.4120090157,2690349.8333333335,6667630.83015351,-1286931.163486843,3521460.966666667,7747918.698858773,-704996.7655254398,2690349.8333333335,6667630.83015351,-1286931.163486843
559,3964762.2,8615935.083697233,-686410.6836972339,3939245.55,8592375.205003936,-713884.1050039353,4031472.183333333,8732907.366621401,-669962.9999547345,2741736.2333333334,6887806.5640090555,-1404334.0973423887,4008993.3666666667,8711994.410484536,-694007.6771512018,2741736.2333333334,6887806.5640090555,-1404334.0973423887
560,4765668.033333333,10197748.949827842,-666412.8831611751,4723700.05,10138716.823295891,-691316.7232958907,4833027.116666666,10339523.058543969,-673468.8252106365,2652973.2333333334,6793513.148687761,-1487566.682021094,4814006.4,10320765.35872858,-692752.5587285785,2652973.2333333334,6793513.148687761,-1487566.682021094
561,4416953.566666666,9360648.714257237,-526741.5809239047,4401249.916666667,9346499.179470623,-543999.346137289,4139874.9,8752564.392149491,-472814.59214949096,2519494.566666667,6463904.619433528,-1424915.4861001945,4112396.2666666666,8723133.899555974,-498341.3662226405,2519494.566666667,6463904.619433528,-1424915.4861001945
562,3904669.1333333333,8315717.487061467,-506379.2203948009,3892545.7333333334,8304814.698064425,-519723.23139775824,3689282.566666667,7888132.755266018,-509567.6219326849,2328456.6,6164000.913262852,-1507087.7132628518,3655599.033333333,7853555.24734572,-542357.180679054,2328456.6,6164000.913262852,-1507087.7132628518
563,4247714.033333333,9259438.52399741,-764010.4573307429,4236704.8,9249519.466638522,-776109.8666385226,4082222.1666666665,8966717.12913995,-802272.7958066179,2743465.1333333333,7296841.527802547,-1809911.2611358813,4073074.933333333,8958436.67489706,-812286.8082303931,2743465.1333333333,7296841.527802547,-1809911.2611358813
564,3356759.433333333,6876501.841395301,-162982.97472863458,3345672.35,6866604.744285502,-175260.04428550135,3232702.7333333334,6631054.348327082,-165648.88166041486,2090988.1,5151932.528312415,-969956.3283124142,3210660.0,6609815.3348153755,-188495.33481537504,2090988.1,5151932.528312415,-969956.3283124142
565,3742995.033333333,7710732.102147392,-224742.03548072558,3735050.1,7703684.023127669,-233583.82312766835,3716420.8666666667,7636303.70170982,-203461.9683764861,2137791.6,5360104.267712535,-1084521.0677125347,3683842.3,7605786.853703475,-238102.25370347453,2137791.6,5360104.267712535,-1084521.0677125347
566,3870999.0,8152507.387250197,-410509.3872501971,3858816.283333333,8141531.220487546,-423898.65382087976,3887818.316666667,8181416.8954356145,-405780.2621022803,2045600.9666666666,5176261.532216603,-1085059.5988832696,3873088.7,8167855.7715735575,-421678.37157355715,2045600.9666666666,5176261.532216603,-1085059.5988832696
567,4443977.833333333,9611502.360893156,-723546.6942264903,4416792.75,9568693.12014421,-735107.6201442117,4166716.3833333333,8977456.687488444,-644023.9208217771,2467372.933333333,6332946.010696273,-1398200.1440296066,4148584.6,8961070.13901561,-663900.9390156097,2467372.933333333,6332946.010696273,-1398200.1440296066
568,3067069.066666667,6629822.005586995,-495683.8722536606,3045242.533333333,6609725.733165283,-519240.66649861634,2977802.7333333334,6481486.09984041,-525880.6331737428,2322163.1,5746845.383336756,-1102519.1833367567,2943138.1,6449088.056701362,-562811.8567013624,2322163.1,5746845.383336756,-1102519.1833367567
569,3554088.1333333333,7461669.491532784,-353493.22486611735,3518353.35,7413716.686851604,-377009.9868516042,3622290.216666667,7555244.330897799,-310663.8975644652,2511025.466666667,6138208.312180085,-1116157.3788467515,3582069.066666667,7517570.9978001965,-353432.86446686275,2511025.466666667,6138208.312180085,-1116157.3788467515
570,4099257.433333333,8432711.42051414,-234196.55384747358,4020872.1,8300322.749317631,-258578.5493176314,4118100.35,8449740.313608043,-213539.61360804318,2554250.1333333333,6254690.944229754,-1146190.6775630875,4010461.7333333334,8270740.485211918,-249817.01854525134,2554250.1333333333,6254690.944229754,-1146190.6775630875
571,3471142.3333333335,7169279.598482726,-226994.9318160587,3436789.433333333,7124614.271440964,-251035.40477429796,3542363.533333333,7245799.027632399,-161071.96096573304,2569556.033333333,6065493.022811719,-926380.9561450528,3467585.1666666665,7168227.956829227,-233057.62349589355,2569556.033333333,6065493.022811719,-926380.9561450528
572,3022119.2666666666,6386590.280811916,-342351.7474785829,3002226.7333333334,6368327.455181163,-363873.988514496,3071687.0833333335,6439602.746717157,-296228.58005049033,2319131.8666666667,5634634.956710869,-996371.2233775356,3018370.2666666666,6385195.533248104,-348454.9999147705,2319131.8666666667,5634634.956710869,-996371.2233775356
573,3033806.966666667,6350347.650673721,-282733.7173403874,3018447.85,6336397.319125978,-299501.6191259776,3087585.2,6422112.999871127,-246942.59987112647,2483607.433333333,5787678.692866767,-820463.8262001006,3081057.7333333334,6416226.475144759,-254111.00847809203,2483607.433333333,5787678.692866767,-820463.8262001006
574,2710752.2666666666,5529791.088326972,-108286.5549936383,2698021.7666666666,5518335.407707894,-122291.87437456055,2790303.3666666667,5631427.854106772,-50821.120773438364,2193473.7666666666,5016295.035440596,-629347.5021072621,2763654.933333333,5603077.898658973,-75768.03199230693,2193473.7666666666,5016295.035440596,-629347.5021072621
575,2786407.1666666665,5598998.713384878,-26184.380051544867,2775800.55,5589542.741969511,-37941.64196951175,2919838.3666666667,5810482.215616126,29194.517717207782,1980563.5666666667,4687659.811050894,-726532.6777175602,2897486.966666667,5784654.141444553,10319.791888780426,1980563.5666666667,4687659.811050894,-726532.6777175602
576,3230637.966666667,6687309.960138671,-226034.02680533705,3209954.966666667,6659388.815642564,-239478.88230922958,3409918.6,7001680.004635783,-181842.80463578226,2195712.5,5388986.633801786,-997561.6338017867,3346136.066666667,6903224.523116276,-210952.3897829419,2195712.5,5388986.633801786,-997561.6338017867
577,3014585.4,6165689.918597885,-136519.1185978856,2953147.5,6056107.042889712,-149812.0428897119,3028062.3833333333,6166135.101241337,-110010.33457467053,2122358.3333333335,4905023.660271106,-660306.9936044393,2918685.1333333333,5984905.270487624,-147535.00382095762,2122358.3333333335,4905023.660271106,-660306.9936044393
578,2651610.6666666665,5867579.150538179,-564357.8172048461,2633150.05,5850354.5077858465,-584054.4077858469,2633936.6166666667,5828996.419968737,-561123.1866354039,2298125.1,5533489.346732839,-937239.1467328388,2600647.466666667,5797464.380120783,-596169.4467874495,2298125.1,5533489.346732839,-937239.1467328388
579,3258017.7,7028738.266989674,-512702.86698967405,3220599.5833333335,6979500.37008763,-538301.2034209631,3315030.0166666666,7099981.6076502325,-469921.5743168993,2623384.533333333,6256038.705488255,-1009269.6388215893,3240616.033333333,7007593.84794879,-526361.7812821236,2623384.533333333,6256038.705488255,-1009269.6388215893
580,3275064.7333333334,6649444.168286344,-99314.70161967678,3182974.2,6446782.330906777,-80833.93090677634,3218426.3833333333,6407461.371104624,29391.395562042948,1716920.5666666667,3823591.85637269,-389750.7230393563,3086304.2,6186080.866501497,-13472.466501496267,1716920.5666666667,3823591.85637269,-389750.7230393563
581,2683985.7,5244685.6901613455,123285.70983865438,2613453.4166666665,5105010.741535126,121896.09179820679,2800400.8,5384873.922885716,215927.67711428413,1517026.0666666667,3457586.294614142,-423534.16128080874,2569163.933333333,4996965.246360444,141362.62030622177,1517026.0666666667,3457586.294614142,-423534.16128080874
582,2658657.3333333335,5262226.095664663,55088.5710020042,2633943.6,5230913.654401338,36973.54559866246,2791084.5,5481107.594616839,101061.40538316127,1893432.3666666667,4399245.629604457,-612380.896271124,2618997.3333333335,5201622.8179508485,36371.84871581895,1893432.3666666667,4399245.629604457,-612380.896271124
583,2071749.9,4194033.0302147297,-50533.230214729905,2043819.5333333334,4153896.0556508955,-66256.98898422834,2117344.9166666665,4267520.247437088,-32830.41410375433,1545031.5,3535697.9002640266,-445634.90026402636,2096399.6,4247232.9763263315,-54433.776326331776,1545031.5,3535697.9002640266,-445634.90026402636
584,1992310.8333333333,3946499.104024601,38122.56264206534,1963315.15,3908014.5414383477,18615.758561652154,2054462.0,4045608.38315041,63315.616849590326,1411348.5666666667,3201750.402287422,-379053.2689540889,2021277.5,4011513.773579575,31041.226420424646,1411348.5666666667,3201750.402287422,-379053.2689540889
585,2011211.7666666666,3889350.4654876525,133073.06784568098,1981566.7,3831790.0153343966,131343.38466560328,2167691.6,4197499.342880417,137883.857119584,1220749.1,2739797.1717411354,-298298.97174113546,2075070.1333333333,4036566.6632923842,113573.60337428236,1220749.1,2739797.1717411354,-298298.97174113546
586,2201747.8666666667,4638524.173099492,-235028.43976615788,2129214.6,4462506.761366307,-204077.56136630662,2321124.216666667,4939128.07961928,-296879.6462859465,920855.4333333333,1968411.072772711,-126700.20610604435,2247403.0,4770341.527942187,-275535.52794218715,920855.4333333333,1968411.072772711,-126700.20610604435
587,1582899.5333333334,3388986.4614517167,-223187.3947850496,1581549.05,3387672.673223095,-224574.57322309515,1720042.6,3712701.147507715,-272615.9475077151,725017.3333333334,1544086.5966497445,-94051.92998307792,1685452.5666666667,3678612.0657772203,-307706.932443887,725017.3333333334,1544086.5966497445,-94051.92998307792
588,1134832.7,2116894.668876689,152770.7311233111,1133249.6833333333,2115303.7900649663,151195.5766017004,1154350.45,2109360.278140793,199340.62185920682,791261.5333333333,1694609.4208170455,-112086.35415037896,1097093.2333333334,2037480.427161769,156706.03950489778,791261.5333333333,1694609.4208170455,-112086.35415037896
589,1479388.8666666667,2757839.3975225445,200938.33581078867,1474682.8666666667,2753079.2627714155,196286.47056191787,1590911.5,2953194.034786649,228628.96521335072,913759.6333333333,1944136.5520660947,-116617.28539942799,1511534.0666666667,2839571.0103109963,183497.12302233698,913759.6333333333,1944136.5520660947,-116617.28539942799
590,1933309.7666666666,3827118.23968982,39501.29364351323,1924373.2833333334,3817275.6588372216,31470.907829445554,1912213.7666666666,3699226.169405006,125201.3639283271,805936.2333333333,1741776.6480312077,-129904.18136454129,1814020.2333333334,3505048.801759373,122991.66490729386,805936.2333333333,1741776.6480312077,-129904.18136454129
591,1906164.9333333333,3620665.59338445,191664.27328221686,1888907.5666666667,3597258.2524575507,180556.88087578258,1988755.75,3766540.2257963317,210971.27420366835,829979.6333333333,1797614.393976938,-137655.12731027126,1829023.5333333334,3434246.560540296,223800.5061263705,829979.6333333333,1797614.393976938,-137655.12731027126
592,1827103.1333333333,3577367.5064518186,76838.76021484798,1826255.15,3576186.4970767656,76323.80292323418,1807177.7333333334,3520003.0372345736,94352.42943209317,983560.1333333333,2406705.2905927324,-439585.02392606577,1781540.2666666666,3483074.222248313,80006.31108501996,983560.1333333333,2406705.2905927324,-439585.02392606577
593,1784388.3666666667,3591075.6735473247,-22298.94021399133,1769327.9,3574923.3006081004,-36267.500608100556,1745358.8833333333,3516065.964260707,-25348.19759404054,1100170.2333333334,2618245.4536431665,-417904.98697649967,1749433.3333333333,3521535.2845087647,-22668.617842098,1100170.2333333334,2618245.4536431665,-417904.98697649967
594,1612759.1666666667,3114067.7850329587,111450.54830037476,1606743.25,3108166.5281742616,105319.97182573867,1614228.15,3083952.840373297,144503.45962670236,876571.8333333334,1905435.2441587707,-152291.5774921039,1583889.1666666667,3048364.339894352,119413.99343898147,876571.8333333334,1905435.2441587707,-152291.5774921039
595,2049263.0333333334,3985488.9427070455,113037.12395962141,2027130.15,3963061.8053673157,91198.49463268416,2058297.45,3990624.5720353387,125970.32796466141,1025928.4666666667,2296708.7924743607,-244851.85914102744,2042222.0333333334,3967613.8953191238,116830.17134754313,1025928.4666666667,2296708.7924743607,-244851.85914102744
596,2008408.3,3995256.9164458252,21559.683554174844,1971426.2833333334,3948574.96465494,-5722.3979882732965,2039263.0666666667,4064486.717751715,14039.415581618436,1050028.2,2370099.4128649104,-270043.01286491076,2045960.4666666666,4091669.9793819496,250.95395138324238,1050028.2,2370099.4128649104,-270043.01286491076
597,1572106.7333333334,3338695.522550217,-194482.05588355009,1564749.1833333333,3330763.1421485506,-201264.77548188367,1610715.8166666667,3397111.229774128,-175679.59644079488,765307.5666666667,1701405.5604392441,-170790.42710591084,1583672.1666666667,3370644.12965125,-203299.79631791636,765307.5666666667,1701405.5604392441,-170790.42710591084
598,1095746.6,2041743.0103015383,149750.18969846203,1081518.5166666666,2024863.931651109,138173.10168222443,1097037.3833333333,2006862.0747167468,187212.6919499198,805973.3333333334,1803904.9259123297,-191958.25924566295,1054431.7,1953140.790349952,155722.60965004785,805973.3333333334,1803904.9259123297,-191958.25924566295
599,1588015.9333333333,3015821.8579379194,160210.00872874726,1567786.2166666666,2993513.2806957136,142059.15263761953,1721902.2833333334,3281821.2612538626,161983.305412804,730456.3,1663585.5520494625,-202672.95204946236,1663842.7333333334,3205419.79516517,122265.67150149704,730456.3,1663585.5520494625,-202672.95204946236
600,1861909.2,3488254.913151363,235563.48684863723,1802716.25,3425372.5783151407,180059.9216848591,2010406.05,3835444.757626101,185367.34237389918,708463.0333333333,1562227.1986871557,-145301.13202048908,1922843.0,3659025.5840699766,186660.41593002342,708463.0333333333,1562227.1986871557,-145301.13202048908
601,1664937.5666666667,2964960.667222307,364914.466111026,1626008.9,2922436.079709837,329581.72029016237,1792826.5,3263283.34007807,322369.65992192994,845309.6666666666,1815179.2670424718,-124559.93370913854,1715503.8333333333,3067650.24453753,363357.4221291365,845309.6666666666,1815179.2670424718,-124559.93370913854
602,1485739.6333333333,2722357.7386104916,249121.52805617498,1463599.8833333333,2695633.8464073003,231565.92025936628,1557448.1833333333,2871539.902793833,243356.46387283388,799115.9,1849355.5485067428,-251123.74850674265,1494009.8666666667,2735242.6200246243,252777.11330870911,799115.9,1849355.5485067428,-251123.74850674265
603,1398485.8666666667,2676345.8355030725,120625.89783026068,1390814.2666666666,2667151.7895788,114476.74375453289,1422500.6666666667,2701810.924692412,143190.4086409218,907981.5666666667,2108413.9695654344,-292450.8362321013,1401886.7,2681568.5527487034,122204.84725129674,907981.5666666667,2108413.9695654344,-292450.8362321013
604,1474521.2666666666,2615999.178733103,333043.35460023,1448329.1833333333,2587140.5286520505,309517.83801461593,1486344.6666666667,2635571.314470103,337118.0188632307,832051.0333333333,1783961.3262401056,-119859.2595734389,1456572.6666666667,2586025.71737252,327119.6159608138,832051.0333333333,1783961.3262401056,-119859.2595734389
605,1311356.7,2315241.7180213025,307471.6819786972,1261368.7333333334,2250508.080895212,272229.3857714549,1283718.9166666667,2297051.092722155,270386.74061117845,844211.1,1781247.9721869018,-92825.77218690189,1302542.5,2304561.5540946117,300523.44590538833,844211.1,1781247.9721869018,-92825.77218690189
606,1082897.6333333333,1841157.518085156,324637.7485815105,1031368.6833333333,1768458.4320920592,294278.9345746075,1048004.25,1800617.9066435986,295390.5933564014,699400.8666666667,1471398.5848569984,-72596.85152366501,1061837.5333333334,1811291.2647877648,312383.801878902,699400.8666666667,1471398.5848569984,-72596.85152366501
607,937653.7333333333,1708855.9485549147,166451.51811175188,915418.3666666667,1680376.1393133462,150460.59401998704,937969.9333333333,1706357.6593268018,169582.20733986492,664841.4,1455839.7751154369,-126156.97511543683,930228.3666666667,1699198.9594526025,161257.77388073073,664841.4,1455839.7751154369,-126156.97511543683
608,935955.8,1734995.2599912398,136916.34000876045,911301.9666666667,1705085.3911903375,117518.54214299575,974016.4,1796344.6013864188,151688.19861358125,693957.9333333333,1517131.517323412,-129215.65065674542,932717.1,1731936.4597479487,133497.74025205115,693957.9333333333,1517131.517323412,-129215.65065674542
609,1131962.5,2111235.2645966276,152689.73540337256,1095373.4333333333,2067322.5788062005,123424.28786046605,1127389.5166666666,2108034.5280915136,146744.50524181942,804017.1666666666,1747758.4778617653,-139724.14452843217,1133078.5333333334,2113159.7333551003,152997.33331156662,804017.1666666666,1747758.4778617653,-139724.14452843217
610,1232589.2666666666,2180738.073584584,284440.45974874916,1172596.75,2105382.5241022776,239810.97589772253,1212489.6333333333,2155842.2647205126,269137.0019461543,875393.7,1825767.200840815,-74979.80084081518,1245460.4333333333,2199044.077953014,291876.7887136525,875393.7,1825767.200840815,-74979.80084081518
611,1120826.9,2011022.7900162162,230631.00998378347,1060392.45,1935783.3712640835,185001.52873591636,1121406.55,2028353.9889539974,214459.11104600283,847907.5333333333,1763810.582456782,-67995.51579011534,1125205.6666666667,2017032.0892047111,233379.24412862235,847907.5333333333,1763810.582456782,-67995.51579011534
612,838821.8333333334,1440075.5199398624,237568.14672680432,777517.8,1345590.696922909,209444.90307709097,810537.1166666667,1397840.9226303166,223233.31070301693,561175.8,1208733.8493036162,-86382.249303616,840353.7,1441968.1466612527,238739.25333874708,561175.8,1208733.8493036162,-86382.249303616
613,808717.6,1390151.0552161904,227284.14478380966,766536.1833333333,1324565.2119621572,208507.15470450954,813402.1333333333,1390635.6784165178,236168.5882501488,585878.4666666667,1240618.3631336526,-68861.42980031937,822074.1666666666,1410167.3082014727,233981.02513186052,585878.4666666667,1240618.3631336526,-68861.42980031937
614,1314857.1666666667,2334205.6190492227,295508.71428411093,1227845.45,2215738.8648752915,239952.03512470832,1225046.1833333333,2211049.3003913225,239043.0662753441,868741.3,1848243.5852898695,-110760.98528986925,1291973.7666666666,2296760.3941617846,287187.13917154877,868741.3,1848243.5852898695,-110760.98528986925
615,1380743.0666666667,2420445.6516723437,341040.4816609898,1279728.15,2283034.3172763144,276421.98272368545,1311250.45,2348719.081747622,273781.8182523777,677979.0666666667,1468969.881027389,-113011.74769405578,1385358.4,2443266.8058117535,327449.9941882461,677979.0666666667,1468969.881027389,-113011.74769405578
616,1659070.7333333334,3160873.7857474135,157267.68091925303,1553061.0,3038031.0193700986,68090.98062990163,1581086.15,3069717.0641859397,92455.23581406032,703450.2333333333,1550464.5422221287,-143564.07555546227,1627043.2,3122488.6871519904,131597.71284800954,703450.2333333333,1550464.5422221287,-143564.07555546227
617,1474367.1333333333,2902780.704808293,45953.561858373694,1391438.2666666666,2810925.471164971,-28048.937831637915,1441658.5,2934025.0662884274,-50708.06628842768,685379.3,1552862.663330669,-182104.06333066896,1514695.7,3014660.1696912954,14731.230308704544,685379.3,1552862.663330669,-182104.06333066896
618,1048920.1666666667,1937949.9679319682,159890.36540136544,980781.7,1853777.7925436178,107785.60745638213,1003635.5166666667,1880917.77062323,126353.26271010353,691146.0333333333,1566857.985501821,-184565.91883515427,1051332.5,1941829.4170822953,160835.58291770483,691146.0333333333,1566857.985501821,-184565.91883515427
619,1198994.7,2124580.3914794866,273409.00852051354,1104583.7833333334,2005244.4205344468,203923.14613222005,1143648.8333333333,2067525.495947639,219772.17071902764,728235.5666666667,1606705.8970073,-150234.76367396675,1219036.8333333333,2161188.3959716107,276885.27069505583,728235.5666666667,1606705.8970073,-150234.76367396675
620,1403524.7333333334,2445996.164572605,361053.30209406174,1266860.05,2263517.2054830156,270202.89451698435,1351546.75,2404453.090266661,298640.40973333945,810381.1333333333,1759400.4549503012,-138638.1882836346,1438917.0,2521054.846326522,356779.15367347794,810381.1333333333,1759400.4549503012,-138638.1882836346
621,1522899.1,2680958.0592801417,364840.14071985846,1418439.7666666666,2524921.169527364,311958.3638059695,1460228.2666666666,2606324.964884784,314131.56844854937,796914.8,1717758.4229575796,-123928.82295757963,1511416.4666666666,2652142.471625943,370690.4617073899,796914.8,1717758.4229575796,-123928.82295757963
622,1070849.4333333333,1910759.8978932702,230938.96877339645,975565.6333333333,1767845.5824093828,183285.6842572837,996092.4166666666,1802433.79802297,189751.03531036328,557402.9,1260779.0507839778,-145973.2507839779,1071722.0666666667,1911654.850067087,231789.28326624632,557402.9,1260779.0507839778,-145973.2507839779
623,933103.9333333333,1606333.3842527238,259874.48241394293,824263.3666666667,1448875.5208836852,199651.21244964818,840530.5166666667,1468864.1823328761,212196.8510004573,600636.7333333333,1284127.4241098042,-82853.95744313765,934171.2333333333,1608328.0747487377,260014.39191792882,600636.1,1284126.8645021287,-82854.66450212861
624,1207728.0666666667,2077836.2557953384,337619.8775379949,1117133.45,1957223.8273277353,277043.07267226453,1141848.2,1987977.455973457,295718.9440265427,731740.6,1520698.3775196534,-57217.17751965346,1192243.0,2055060.421319723,329425.5786802771,731740.6,1520698.3775196534,-57217.17751965346
625,1383904.8666666667,2527936.343814357,239873.38951897598,1317240.0833333333,2444860.7200043863,189619.44666228024,1328623.85,2441981.90971094,215265.7902890602,572265.6,1216194.6774611715,-71663.47746117157,1369586.7666666666,2494715.766304894,244457.76702843932,572265.6,1216194.6774611715,-71663.47746117157
626,1399592.8,2791530.0671227835,7655.532877216581,1336078.4,2715166.7750932244,-43009.97509322455,1372816.8833333333,2754681.327080898,-9047.560414231615,552944.7,1213089.870087822,-107200.47008782206,1394159.8666666667,2784566.8428839734,3752.890449360246,552944.7,1213089.870087822,-107200.47008782206
627,1195516.8666666667,2541468.2751377393,-150434.54180440563,1142762.2166666666,2479051.7586968923,-193527.32536355942,1177823.7166666666,2513946.578812178,-158299.14547884534,484796.1666666667,1060745.503905186,-91153.17057185265,1195516.8666666667,2541468.2751377393,-150434.54180440563,484796.1666666667,1060745.503905186,-91153.17057185265
628,968501.2666666667,1829457.571989755,107544.96134357853,917679.0166666667,1762781.1067084437,72576.92662488972,991146.2,1901668.2589605032,80624.14103949664,473480.9666666667,1056614.1502514977,-109652.2169181644,1007939.6,1931317.9894328173,84561.21056718274,473479.1,1056612.4843503253,-109654.28435032535
629,1517523.9,2978550.5939839147,56497.20601608488,1443998.0166666666,2892582.1630096515,-4586.129676318262,1477256.3166666667,2925768.688083917,28743.945249416167,575585.5,1242627.1791297225,-91456.17912972264,1517523.9,2978550.5939839147,56497.20601608488,575583.6333333333,1242625.5258244746,-91458.25915780792
630,1710340.4,3209422.907912248,211257.89208775177,1612240.0166666666,3089297.2099011624,135182.8234321708,1629053.7833333334,3106776.1051537227,151331.46151294443,744200.8,1577831.1570911955,-89429.55709119537,1710340.4,3209422.907912248,211257.89208775177,744200.8,1577831.1570911955,-89429.55709119537
631,1495738.2,2773060.071355232,218416.32864476787,1422277.5666666667,2685474.1842349716,159080.94909836166,1542976.0833333333,2965887.1226183316,120065.0440483347,717894.3333333334,1514464.3364331396,-78675.66976647277,1590458.3666666667,3022708.4915731167,158208.24176021642,717894.3333333334,1514464.3364331396,-78675.66976647277
632,1116296.5666666667,2073495.3639468148,159097.7693865185,1034498.4833333333,1955385.5514196586,113611.41524700797,1115317.8833333333,2143910.2699345686,86725.49673209782,552157.8333333334,1218762.7620839372,-114447.09541727044,1169506.2,2223677.1762767043,115335.22372329538,552173.5833333334,1218776.7846147101,-114429.61794804328
633,1089022.1666666667,1934203.7998569089,243840.53347642464,1013399.8666666667,1825503.0139852518,201296.71934808162,1053392.2333333334,1902128.399158659,204656.06750800787,563772.8666666667,1210124.3399799392,-82578.60664660577,1115933.5666666667,1995128.4214823658,236738.7118509675,563773.3,1210124.7232449553,-82578.12324495532
634,1293026.5666666667,2419038.6283832598,167014.50495007355,1215359.3333333333,2316371.8818117767,114346.78485488985,1217673.85,2267666.229050666,167681.47094933433,563325.2333333333,1185214.5392114054,-58564.072544739,1259995.8,2335472.3992810613,184519.20071893884,563327.3333333334,1185216.3872371516,-58561.72057048499
635,1333023.8,2586461.36128649,79586.23871350987,1252327.75,2485659.318337196,18996.18166280398,1299488.4333333333,2570338.404126263,28638.46254040324,465059.1666666667,1030620.3687375423,-100502.03540420899,1353324.7,2641166.1788124116,65483.22118758829,465075.51666666666,1030634.9386566558,-100483.90532332245
636,1476915.8333333333,2916173.819571799,37657.84709486738,1389507.9,2804170.342689839,-25154.542689839378,1415621.2166666666,2830835.9313033307,406.5020300024189,553770.8333333334,1264670.2543995874,-157128.58773292054,1451846.4333333333,2881995.9821503684,21696.884516298305,553770.8333333334,1264670.2543995874,-157128.58773292054
637,1241551.7333333334,2607210.3101193043,-124106.84345263755,1183088.2333333334,2537587.0067356965,-171410.54006902967,1220426.75,2574922.984341775,-134069.48434177483,494311.1666666667,1122545.4255389527,-133923.09220561926,1241156.3,2606707.4025455825,-124394.80254558264,494311.1666666667,1122545.4255389527,-133923.09220561926
638,889673.3333333334,1591141.5280620735,188205.1386045931,832993.8333333334,1510801.502423911,155186.16424275574,881319.0833333334,1573877.4246256757,188760.74204099108,490637.3333333333,1111953.7648412455,-130679.09817457892,897455.2666666667,1608339.9979680805,186570.5353652531,490638.5833333333,1111954.8840912303,-130677.71742456366
639,1200346.0666666667,2155081.280794218,245610.8525391149,1105952.6333333333,2026875.2735604458,185029.99310622097,1069549.65,1909538.274387896,229561.02561210364,594614.0333333333,1342789.4654948001,-153561.39882813348,1132462.0666666667,2008716.2629523533,256207.87038098008,594614.9833333333,1342790.3154838062,-153560.34881713963
640,1340823.8333333333,2333629.613501639,348018.0531650272,1207106.9,2147684.762882498,266529.0371175017,1091366.85,1905593.932349213,277139.76765078725,723295.7,1574691.5064987862,-128100.10649878613,1231959.3,2111032.1680362704,352886.4319637297,723296.5333333333,1574692.246054234,-128099.17938756722
641,1218117.4666666666,2192328.2593931025,243906.67394023086,1128977.1333333333,2068161.932266507,189792.33440015954,1136536.15,2063358.2157201031,209714.0842798968,856207.1666666666,1873183.230339,-160768.89700566663,1146937.5,2082018.7284899638,211856.2715100362,856208.1333333333,1873184.0891974336,-160767.82253076695
642,1162545.4666666666,2169633.456106312,155457.477227021,1057883.2666666666,2015340.691410052,100425.84192328132,1073960.5833333333,2040603.5680020475,107317.59866461903,812320.8333333334,1847495.147821323,-222853.48115465615,1136200.0333333334,2135687.5710573946,136712.4956092724,812336.5833333334,1847509.2610536602,-222836.09438699344
643,1212431.7666666666,2238654.869836677,186208.66349665646,1110092.1333333333,2099270.2368719424,120914.02979472431,1114211.6833333333,2093998.5278602168,134424.8388064499,903070.8666666667,1952677.9805007842,-146536.24716745084,1191025.1333333333,2208362.8854521345,173687.38121453184,903071.6333333333,1952678.659787961,-146535.39312129444
644,1395079.8,2609378.388097573,180781.2119024268,1319246.55,2516421.2029868606,122071.89701313968,1361909.4833333334,2561802.604786358,162016.36188030872,1069200.9333333333,2294021.7019102494,-155619.83524358273,1387254.3,2599542.5918233413,174966.00817665854,1069200.4,2294021.2302464545,-155620.43024645443
645,1380502.5,2494733.730780082,266271.2692199184,1338545.0666666667,2450136.580501128,226953.55283220555,1390074.9166666667,2482967.367594445,297182.46573888813,964913.1,2018896.5438133837,-89070.34381338384,1344188.7,2430682.5614761077,257694.838523892,964926.8166666667,2018908.5974795015,-89054.9641461682
646,1485104.8333333333,2751454.0606351756,218755.60603149096,1392806.4666666666,2627739.0818056175,157873.85152771557,1312600.3333333333,2421535.7544458658,203664.912220801,819077.8333333334,1772900.8216713734,-134745.1550047067,1384835.9666666666,2533305.6094320836,236366.32390124933,819075.9666666667,1772899.1673403564,-134747.23400702293
647,1317694.9333333333,2505121.8793870877,130267.98727957904,1249216.7833333334,2418864.2347857226,79569.33188094432,1202714.4,2302088.781393638,103340.01860636193,963601.9,2091667.3819736396,-164463.58197363943,1239796.2,2359606.4387652306,119985.96123476932,963601.9,2091667.3819736396,-164463.58197363943
648,982350.7333333333,1786096.0923201996,178605.37434646697,924907.2666666667,1710016.0472405734,139798.48609276,928592.9,1685177.0339376384,172008.76606236165,786122.3,1656439.806752354,-84195.2067523537,939494.8666666667,1712717.327811297,166272.40552203625,786122.3,1656439.806752354,-84195.2067523537
649,1115122.6666666667,2019605.2364338036,210640.09689952992,1062951.5833333333,1959367.1706848776,166535.99598178896,1083973.7333333334,1953937.5659253863,214009.90074128064,948231.0666666667,1979448.171651445,-82986.0383181118,1084794.1666666667,1961777.8196123,207810.51372103335,948231.0666666667,1979448.171651445,-82986.0383181118
650,1120635.2,2079893.6727218297,161376.72727817006,1067642.3666666667,2018412.7648111351,116871.96852219827,1007428.6833333333,1863512.8280868428,151344.53857982403,908447.2,1938493.3861680706,-121598.98616807058,1035626.8666666667,1903818.052044746,167435.6812885875,908447.2,1938493.3861680706,-121598.98616807058
651,1143752.9666666666,2094142.1538795824,193363.77945375082,1081616.9666666666,2021271.65574174,141962.2775915932,1096879.3666666667,2032576.7825930086,161181.9507403248,976943.0,2043882.5287057443,-89996.5287057443,1102880.2333333334,2033639.8984160004,172120.56825066637,976943.0,2043882.5287057443,-89996.5287057443
652,875770.9,1509929.4541903846,241612.34580961557,794050.6333333333,1369603.417972009,218497.84869465767,799930.95,1367171.551144266,232690.348855734,635491.6333333333,1343146.0855206517,-72162.81885398505,846868.8333333334,1460807.6605357607,232930.00613090605,635491.6333333333,1343146.0855206517,-72162.81885398505
653,1207379.8666666667,2183441.91637171,231317.81696162315,1087410.7666666666,2013560.498887876,161261.03444545704,1058413.9166666667,1960579.6322450656,156248.20108826773,841660.6,1792833.383975215,-109512.18397521507,1171961.3,2127869.785723713,216052.81427628675,841662.5666666667,1792835.1201239438,-109509.9867906106
654,1151446.6,2480524.288954518,-177631.08895451738,1068597.15,2385911.3535312074,-248717.0535312076,1105249.2166666666,2425298.935437816,-214800.5021044833,954999.2,2295749.926292484,-385751.52629248425,1130120.6,2454997.8608512892,-194756.66085128905,955000.6,2295751.1941970102,-385749.9941970104
655,958965.1,1762097.1837908756,155833.01620912435,865954.7,1629249.8459601346,102659.55403986538,858309.2833333333,1618469.42922601,98149.13744065643,763884.5666666667,1590653.9734434215,-62884.84011008835,958481.4,1761494.3157832366,155468.4842167633,763893.1833333333,1590661.5356600354,-62875.168993368745
656,656262.3,1246690.757422458,65833.8425775423,576950.15,1101127.0969226162,52773.203077383805,591105.25,1120866.6573393778,61343.84266062232,566466.1,1226352.9554284927,-93420.7554284929,656262.3,1246690.757422458,65833.8425775423,566466.1,1226352.9554284927,-93420.7554284929
657,461035.63333333336,834312.3460553301,87758.9206113366,389933.06666666665,672061.6560032854,107804.47733004787,424587.31666666665,732557.4221238978,116617.21120943542,430664.8333333333,958574.6709225662,-97245.00425589964,461035.63333333336,834312.3460553301,87758.9206113366,430664.8333333333,958574.6709225662,-97245.00425589964
658,496623.63333333336,878225.3418466952,115021.9248199715,428674.6,729693.9165863416,127655.28341365844,464789.68333333335,787871.376124541,141707.9905421256,408876.6666666667,905674.2522331332,-87920.91889979987,496623.63333333336,878225.3418466952,115021.9248199715,408876.6666666667,905674.2522331332,-87920.91889979987
659,638945.3,1127522.0042978292,150368.59570217074,541657.3333333334,955432.8767109722,127881.78995569458,564526.55,990802.0607546021,138251.03924539807,394080.7,809922.7333423855,-21761.33334238548,622342.0,1101281.4971195802,143402.50288041984,394080.7,809922.7333423855,-21761.33334238548
660,691221.3,1239833.783123232,142608.81687676825,591437.8833333333,1083907.3186711567,98968.44799551007,647756.85,1186814.3089357568,108699.39106424327,429904.5,925799.12788594,-65990.12788594002,671849.7,1213041.9219327183,130657.47806728166,429903.9666666667,925798.6557999256,-65990.72246659227
661,992336.2,1942117.2649615346,42555.13503846538,880601.5666666667,1787055.4941004282,-25852.360767094884,918896.5833333334,1847681.6201370088,-9888.453470342094,599180.2,1463359.7282892843,-264999.3282892845,977925.7666666667,1925320.0812422852,30531.45209104824,599180.2,1463359.7282892843,-264999.3282892845
662,874221.0333333333,1667074.6880522938,81367.37861437292,772804.7,1492361.2661962598,53248.13380374026,803344.9,1557282.7421294723,49407.05787052773,446683.26666666666,1088088.2328371904,-194721.699503857,857373.8333333334,1634946.4518744359,79801.21479223075,446683.26666666666,1088088.2328371904,-194721.699503857
663,789263.8666666667,1476880.8371722742,101646.89616105915,693799.35,1311800.595505312,75798.10449468787,719162.6333333333,1342087.5716817789,96237.69498488761,425936.63333333336,986747.723437103,-134874.4567704362,789263.8666666667,1476880.8371722742,101646.89616105915,425936.63333333336,986747.723437103,-134874.4567704362
664,660943.2,1153158.0942620793,168728.30573792045,586507.6,1041343.7968574418,131671.40314255818,592883.1,1040342.2825635783,145423.91743642162,308609.6666666667,650996.9256888771,-33777.59235554375,660943.2,1153158.0942620793,168728.30573792045,308609.6666666667,650996.9256888771,-33777.59235554375
665,644485.0,1145226.744182997,143743.2558170032,566500.0833333334,1010077.4801685149,122922.68649815192,548432.8833333333,976847.4987666896,120018.26789997699,343920.9,720549.4048705823,-32707.604870582232,644485.0,1145226.744182997,143743.2558170032,343920.9,720549.4048705823,-32707.604870582232
666,648696.7666666667,1209040.3269742897,88353.20635904372,564319.9333333333,1044238.0558187818,84401.81084788486,557590.35,1029847.0247098741,85333.67529012589,489314.36666666664,1080000.8489582033,-101372.11562487012,621939.2666666667,1152534.0580023935,91344.47533093998,489314.36666666664,1080000.8489582033,-101372.11562487012
667,723846.0,1382799.0922049168,64892.90779508324,646315.4666666667,1250399.2802962456,42231.65303708776,638662.9833333333,1238539.3259280378,38786.640738628805,609621.6,1338055.9172701575,-118812.71727015742,705511.2333333333,1348675.9906383643,62346.47602830222,609621.6,1338055.9172701575,-118812.71727015742
668,701953.0333333333,1293402.1816501943,110503.88501647231,614426.1333333333,1145573.5481320512,83278.71853461536,629185.4,1161241.4758355813,97129.32416441885,547857.3666666667,1174438.1574576802,-78723.42412434681,685570.2,1261709.4948077244,109430.90519227553,547857.3666666667,1174438.1574576802,-78723.42412434681
669,666255.2333333333,1189072.925569899,143437.54109676764,580877.8833333333,1049683.286407573,112072.48025909363,616125.6166666667,1096186.6391831469,136064.59415018657,403680.6,851096.5918761429,-43735.39187614288,666255.2333333333,1189072.925569899,143437.54109676764,403680.6,851096.5918761429,-43735.39187614288
670,682778.3333333334,1242700.7064130139,122855.96025365277,578046.8,1081941.991791445,74151.60820855497,615905.1666666666,1135783.8115035484,96026.5218297849,403574.8333333333,893487.8040706997,-86338.13740403304,702828.9666666667,1275731.2636913182,129926.66964201524,403574.8333333333,893487.8040706997,-86338.13740403304
671,768310.8666666667,1424313.4686943819,112308.2646389514,650047.3,1235815.1563783446,64279.44362165546,692104.8833333333,1299074.8470730651,85134.91959360149,542423.8333333334,1196505.1359646735,-111657.46929800673,766408.0333333333,1416822.6012647706,115993.46540189616,542423.8333333334,1196505.1359646735,-111657.46929800673
672,743193.8666666667,1339136.7580900127,147250.97524332057,624640.2,1121188.500169698,128091.89983030193,650273.8333333334,1164868.0869433382,135679.57972332864,361714.6,786134.899927875,-62705.699927875015,714587.8333333334,1279095.867343881,150079.7993227858,361714.6,786134.899927875,-62705.699927875015
673,759011.3,1368506.3413118916,149516.2586881084,639193.7166666667,1147945.6803181649,130441.75301516854,644935.9666666667,1156161.322748525,133710.61058480834,403309.06666666665,859036.4430718217,-52418.3097384884,731296.3,1320522.94287446,142069.65712553996,403309.06666666665,859036.4430718217,-52418.3097384884
674,533998.9666666667,977863.7454711378,90134.18786219554,465889.56666666665,854131.1244452138,77648.00888811948,510503.63333333336,922963.0204794086,98044.2461872581,334846.06666666665,690493.7199692312,-20801.58663589781,533998.9666666667,977863.7454711378,90134.18786219554,334846.06666666665,690493.7199692312,-20801.58663589781
675,643036.3,1199830.1595329307,86242.44046706939,556183.1666666666,1029761.1089685782,82605.2243647551,572405.8833333333,1057143.5222092748,87668.24445739173,452207.1,957035.0723871025,-52620.872387102514,624551.1,1160195.9534964808,88906.24650351913,452207.1,957035.0723871025,-52620.872387102514
676,643736.8333333334,1261420.9110584152,26052.755608251435,556688.2166666667,1096431.0908503125,16945.342483020853,580778.2666666667,1131227.6714404281,30328.86189290532,503514.56666666665,1115994.225861846,-108965.0925285127,598317.1,1170331.184738339,26303.015261661145,503514.56666666665,1115994.225861846,-108965.0925285127
677,531433.2333333333,1056802.5059406906,6063.960725975921,454283.7833333333,916261.1818998184,-7693.615233151708,508039.3333333333,995729.126958465,20349.5397082016,493805.0,1067016.5851964173,-79406.58519641717,521221.7,1036102.8357240723,6340.5642759277835,493805.0,1067016.5851964173,-79406.58519641717
678,556860.2666666667,1091020.383613734,22700.1497195994,482351.7166666667,954088.4876114354,10614.945721897995,533980.0666666667,1034115.2161916617,33844.91714167164,485305.56666666665,1042548.8707865312,-71937.73745319794,535684.0,1048657.9663138336,22710.033686166396,485305.56666666665,1042548.8707865312,-71937.73745319794
679,846603.1,1565309.709003429,127896.49099657102,756057.2333333333,1429599.5197592988,82514.94690736767,776988.4,1458520.0532617373,95456.74673826282,489137.23333333334,1088850.5014853235,-110576.0348186568,818658.2666666667,1513811.1652109786,123505.36812235485,489137.23333333334,1088850.5014853235,-110576.0348186568
680,862966.7666666667,1625996.5749249635,99936.95840836992,770457.6666666666,1479553.4506318285,61361.88270150474,746333.7,1427926.6787054897,64740.72129451006,381476.76666666666,881123.869374784,-118170.33604145062,800650.5333333333,1492769.7621957397,108531.30447092699,381476.76666666666,881123.869374784,-118170.33604145062
681,767027.5,1526351.4742843974,7703.525715602445,737031.4333333333,1467585.0230701326,6477.843596534105,665561.6833333333,1359624.659799125,-28501.293132458348,420698.1666666667,983198.2836710894,-141801.95033775613,671417.1333333333,1354530.1786608896,-11695.911994223017,420698.1666666667,983198.2836710894,-141801.95033775613
682,551115.9,1108277.3078719114,-6045.507871911395,503471.51666666666,988477.6322379212,18465.401095412148,514355.31666666665,1051513.51350242,-22802.88016908674,249504.96666666667,553930.6644629757,-54920.731129642285,497256.8333333333,1003819.4683004902,-9305.801633823605,249504.96666666667,553930.6644629757,-54920.731129642285
683,608948.2666666667,1146431.706877313,71464.82645602035,555388.05,1053064.7483197441,57711.35168025602,480395.65,891536.5642145504,69254.73578544962,249645.43333333332,527180.5718097845,-27889.70514311784,522761.6,954984.4319404975,90538.76805950247,249645.43333333332,527180.5718097845,-27889.70514311784
684,571356.3666666667,1091597.5237049563,51115.20962837717,530543.9333333333,1018760.6260867978,42327.24057986884,434697.48333333334,821370.6921307289,48024.27453593782,188558.4,377236.4734037705,-119.67340377051733,495743.3333333333,926497.8782621096,64988.78840455698,188558.4,377236.4734037705,-119.67340377051733
685,699145.7666666667,1302202.0514122385,96089.48192109494,658098.1333333333,1226052.5931501363,90143.67351653031,573672.7166666667,1019751.2626935008,127594.17063983245,285619.0,550158.3939813403,21079.606018659717,631130.0666666667,1141724.2114006844,120535.92193264898,285619.0,550158.3939813403,21079.606018659717
686,1026474.6666666666,2258133.2332991892,-205183.8999658561,985338.0333333333,2204620.928200556,-233944.8615338892,812807.8166666667,1710698.2143938544,-85082.58106052107,348251.1666666667,725763.92048745,-29261.587154116656,796732.1333333333,1597993.3595811597,-4529.092914493056,348251.1666666667,725763.92048745,-29261.587154116656
687,828486.6666666666,1824546.9041736713,-167573.57084033813,787218.1,1771202.321278923,-196766.121278923,663313.3333333334,1400671.652359589,-74044.98569292238,356837.56666666665,784682.4422325327,-71007.30889919936,620133.2333333333,1234771.6865390665,5494.780127600185,356837.56666666665,784682.4422325327,-71007.30889919936
688,767610.6,1522881.032746319,12340.167253680993,720476.8333333334,1448262.8387160655,-7309.17204939865,643607.8166666667,1234235.3994936212,52980.23383971222,374932.5,790419.2051538697,-40554.205153869756,624541.0333333333,1161341.4387396853,87740.6279269812,374932.5,790419.2051538697,-40554.205153869756
689,979291.0666666667,2209957.1793065057,-251375.0459731724,931433.6833333333,2145956.721926175,-283089.3552595086,754017.9333333333,1611770.3577967477,-103734.491130081,291812.3333333333,611960.0901331382,-28335.423466471606,725068.1,1515938.103753567,-65801.90375356702,291812.3333333333,611960.0901331382,-28335.423466471606
690,1145495.6333333333,2587293.032417794,-296301.7657511276,1090313.3333333333,2504042.3602679316,-323415.6936012651,807703.7833333333,1710302.3358247215,-94894.76915805473,239784.23333333334,479022.3988434401,546.0678232265345,831255.2333333333,1721464.9331131661,-58954.46644649957,239784.23333333334,479022.3988434401,546.0678232265345
691,494248.36666666664,1001834.5140697542,-13337.780736420944,459650.18333333335,907916.8251508756,11383.54151579109,497308.4166666667,986296.2138197776,8320.619513555837,240434.86666666667,508608.75510738394,-27739.021774050576,449380.6666666667,912736.7758867939,-13975.442553460482,240434.86666666667,508608.75510738394,-27739.021774050576
692,515662.5333333333,1047604.0174491002,-16278.950782433501,465203.25,908140.9773376002,22265.522662399802,501077.88333333336,980645.734077369,21510.03258929774,234648.96666666667,471187.2529398101,-1889.3196064767544,442166.23333333334,879941.7683876432,4390.698279023578,234648.96666666667,471187.2529398101,-1889.3196064767544
693,666517.5666666667,1240450.5031049687,92584.63022836461,599228.5333333333,1092105.1243319355,106351.94233473117,593582.1166666667,1083939.8512743646,103224.38205896883,279549.8333333333,564064.5294293127,-4964.862762646051,582084.3,1072404.193250557,91764.40674944315,279549.8333333333,564064.5294293127,-4964.862762646051
694,666385.7333333333,1308156.1858669154,24615.28079975117,619568.2833333333,1229258.9256625092,9877.641004157485,629407.0,1210335.4385230932,48478.56147690676,221935.5,410943.1261399817,32927.87386001833,590130.7,1107541.499132207,72719.90086779307,221935.5,410943.1261399817,32927.87386001833
695,644500.5666666667,1314235.8893897561,-25234.756056422833,596924.1,1236942.2944452716,-43094.094445271534,581160.5666666667,1156297.8391821492,6023.294151184033,177657.06666666668,342170.52755258355,13143.605780749815,539914.5333333333,1033551.6343353593,46277.432331307384,177657.06666666668,342170.52755258355,13143.605780749815
696,1025834.5,2272474.0334040252,-220805.03340402525,955712.4166666666,2187082.8050345858,-275657.9717012526,813978.8666666667,1702208.9656086233,-74251.23227528983,181133.4,367271.07092319755,-5004.27092319759,722998.8333333334,1441643.171218903,4354.4954477637075,181133.4,367271.07092319755,-5004.27092319759
697,906209.5333333333,1696239.238625559,116179.82804110751,833374.1333333333,1599581.1769361768,67167.08973048977,799789.45,1448969.3949031606,150609.50509683928,414399.23333333334,862428.8107189108,-33630.34405224415,712626.4333333333,1261195.6958458838,164057.1708207829,414399.23333333334,862428.8107189108,-33630.34405224415
698,764977.5,1327243.4409181937,202711.55908180645,688784.7833333333,1216743.4616746837,160826.10499198304,680362.4166666666,1171727.4343674849,188997.39896584832,449031.06666666665,932429.1068989141,-34366.97356558085,647004.9333333333,1099723.6913351025,194286.1753315642,449031.06666666665,932429.1068989141,-34366.97356558085
699,784561.6333333333,1338669.3186725443,230453.9479941224,707686.8833333333,1222613.535939829,192760.23072683776,727235.0166666667,1240324.3055694865,214145.72776384704,508995.3,1050752.6114718437,-32762.011471843638,697527.3,1192079.4872000176,202975.1127999826,508995.3,1050752.6114718437,-32762.011471843638
700,790509.2333333333,1390086.8727521577,190931.59391450882,675273.8333333334,1196135.78416814,154411.8824985267,664745.35,1180355.2721538667,149135.42784613319,441230.63333333336,926912.2188676317,-44450.952200965025,730721.1,1304840.7201251728,156601.47987482732,441230.63333333336,926912.2188676317,-44450.952200965025
701,608330.0,1062159.9350068918,154500.0649931081,519270.6666666667,900217.3515226053,138323.9818107281,537370.7333333333,922561.1973093969,152180.26935726963,294125.73333333334,585058.0248516167,3193.4418150499114,528161.9,908412.1271795568,147911.67282044323,294125.73333333334,585058.0248516167,3193.4418150499114
702,519951.76666666666,896353.5765771682,143549.95675616513,464300.73333333334,807247.9709700034,121353.49569666322,478320.2833333333,819180.5379192547,137460.02874741185,290333.6,604875.6385983673,-24208.438598367386,421140.2,701091.6667070223,141188.73329297762,290333.6,604875.6385983673,-24208.438598367386
703,732976.7666666667,1298405.1636899218,167548.3696434116,665726.4166666666,1204109.6854221746,127343.1479111585,668936.75,1203521.6822487472,134351.8177512528,428949.8,911763.8488639246,-53864.2488639247,673682.0333333333,1194117.888596823,153246.1780698438,428949.8,911763.8488639246,-53864.2488639247
704,861331.8,1615130.6200312357,107532.97996876435,754780.0166666667,1458299.2367702224,51260.79656311101,654356.2833333333,1170521.9535514698,138190.61311519676,252082.96666666667,481339.6453771731,22826.28795616029,693293.3666666667,1218554.3150408783,168032.41829245514,252082.96666666667,481339.6453771731,22826.28795616029
705,1573971.0,3640853.728327344,-492911.7283273442,1477061.4166666667,3519048.0544267953,-564925.2210934618,1157991.3666666667,2549785.194422938,-233802.46108960477,300261.8,583206.964999282,17316.635000717943,1122577.8333333333,2411453.486238566,-166297.81957189995,300261.8,583206.964999282,17316.635000717943
706,1760687.5333333334,4237593.139410555,-716218.0727438882,1682259.4666666666,4136556.9383647395,-772038.0050314066,1189207.35,2661600.9488888187,-283186.2488888183,277716.23333333334,559426.7885356641,-3994.3218689973583,1153805.8333333333,2540218.112774957,-232606.44610829046,277716.23333333334,559426.7885356641,-3994.3218689973583
707,1188724.4333333333,2605097.175952285,-227648.30928561836,1119994.75,2525261.8286820496,-285272.32868204964,860031.9333333333,1728276.0377540858,-8212.171087419032,319508.8,668424.0381297087,-29406.438129708695,815988.7666666667,1595217.6678225598,36759.86551077361,319508.8,668424.0381297087,-29406.438129708695
708,1016655.3666666667,2049425.3786591035,-16114.645325770252,940293.5,1958887.3129764055,-78300.31297640549,823370.4333333333,1535648.9501785291,111091.91648813768,329238.9666666667,715095.104049011,-56617.17071567767,796325.0,1444749.5454897068,147900.4545102932,329238.9666666667,715095.104049011,-56617.17071567767
709,1680723.5333333334,3812154.3911031364,-450707.32443646924,1587428.0666666667,3696631.729948527,-521775.5966151941,1332361.1166666667,2834842.090981594,-170119.85764826043,426177.56666666665,915406.4539354914,-63051.320602158026,1318448.4666666666,2766191.1031888225,-129294.1698554894,426177.56666666665,915406.4539354914,-63051.320602158026
710,1593724.9,3319096.23647154,-131646.43647154002,1439709.6833333333,3136335.839363494,-256916.4726968275,1206675.2666666666,2419866.983532627,-6516.450199293671,401140.56666666665,827489.2190826556,-25208.085749322316,1272553.5,2435993.1953761755,109113.80462382454,401140.56666666665,827489.2190826556,-25208.085749322316
711,1447014.3333333333,2956793.7017712845,-62765.035104618175,1287101.4,2757407.233153326,-183204.43315332616,1090942.4666666666,2117856.6923867813,64028.24094655167,368100.3,794096.1770247864,-57895.57702478644,1111120.2666666666,2085899.0350332318,136341.49830010138,368100.3,794096.1770247864,-57895.57702478644
712,1118821.4333333333,2242438.6919450564,-4795.8252783895,1019212.7833333333,2121732.2326538046,-83306.66598713782,919282.7,1710780.720838639,127784.67916136095,341947.86666666664,735361.611038248,-51465.877704914776,887926.2,1619513.6300675059,156338.76993249392,341947.86666666664,735361.611038248,-51465.877704914776
713,1545881.0666666667,3341913.314467904,-250151.18113457062,1438600.6333333333,3223607.5637173243,-346406.2970506579,1275405.4166666667,2618930.3515760284,-68119.5182426949,350371.5,706684.2202884066,-5941.220288406534,1257861.5666666667,2541551.874875728,-25828.74154239497,350371.5,706684.2202884066,-5941.220288406534
714,1728520.5333333334,3715512.2604842996,-258471.1938176325,1528948.0833333333,3464955.992856752,-407059.8261900854,1378959.1666666667,2978045.207607552,-220126.87427421845,323270.8333333333,667964.0128004577,-21422.346133791085,1506001.6666666667,3098388.772776074,-86385.43944274005,323270.8333333333,667964.0128004577,-21422.346133791085
715,2094455.5,4706347.098253067,-517436.09825306665,1884404.2833333334,4437038.8381946245,-668230.2715279574,1575446.7166666666,3513358.5544746127,-362465.1211412796,459606.43333333335,1031165.9723376307,-111953.105670964,1691905.5666666667,3602123.4588176375,-218312.325484304,459606.43333333335,1031165.9723376307,-111953.105670964
716,2033863.9333333333,4708566.459173437,-640838.5925067703,1867061.1166666667,4501617.435531335,-767495.2021980011,1752995.1166666667,4149042.8224658663,-643052.589132533,432966.76666666666,1008883.206902557,-142949.67356922379,1793605.5333333334,4098847.6032646783,-511636.53659801115,432966.76666666666,1008883.206902557,-142949.67356922379
717,1863756.6333333333,4297014.032822802,-569500.7661561351,1738209.9666666666,4161951.7867650166,-685531.8534316837,1505262.45,3414799.4295517216,-404274.5295517219,337150.4,760289.7719908345,-85988.9719908344,1500632.8333333333,3278131.0228168825,-276865.35615021596,337150.4,760289.7719908345,-85988.9719908344
718,1262068.9,2665303.315120955,-141165.51512095518,1161343.35,2550339.7024374064,-227653.00243740622,1099418.05,2255199.7270591827,-56363.627059182385,356844.6,818887.3691951367,-105198.16919513675,1034900.7333333333,2037704.7157224533,32096.750944213127,356844.6,818887.3691951367,-105198.16919513675
719,1761784.9,4048407.314244189,-524837.514244189,1610480.0,3852650.8689352614,-631690.8689352614,1441141.6666666667,3203099.048844437,-320815.7155111034,445196.63333333336,1097915.6955918598,-207522.4289251931,1425827.3,3092911.896304589,-241257.29630458914,445196.4666666667,1097915.54398384,-207522.61065050657
720,1787174.0333333334,4053689.8166707633,-479341.75000409666,1602944.5,3841245.591151328,-635356.5911513278,1333653.7666666666,2948634.4608283774,-281326.9274950442,423979.23333333334,1080956.803372394,-232998.33670572744,1461580.8333333333,3113118.4804340987,-189956.81376743224,423979.06666666665,1080956.6509537399,-232998.51762040658
721,1349820.6666666667,2853277.0450858884,-153635.71175255487,1152188.1,2596610.109525997,-292233.90952599724,968738.5833333334,1988128.870105857,-50651.703439190285,273394.6,599934.6921673617,-53145.49216736172,1084169.7333333334,2158249.604726488,10089.861940178787,273393.8333333333,599934.0105273735,-53146.3438607069
722,1087643.7333333334,2181491.695678866,-6204.229012199212,954475.2666666667,2004854.443285428,-95903.90995209466,844892.7166666667,1629802.7036779653,59982.729655367904,210206.7,444184.564481735,-23771.164481735002,902209.6,1710076.9219408995,94342.27805910062,210206.7,444184.564481735,-23771.164481735002
723,1100324.8333333333,2338805.764650698,-138156.0979840313,986759.8166666667,2201916.6789060077,-228397.0455726746,870546.15,1774184.783707599,-33092.483707598876,188814.16666666666,359596.13202904013,18032.20130429321,949110.8333333334,1889002.8859038386,9218.780762828304,188815.16666666666,359596.98558825604,18033.347745077277
724,1068010.0666666667,2504257.167734567,-368237.034401234,992319.3333333334,2424226.5235790713,-439587.85691240465,944621.8,2162851.0962166665,-273607.4962166664,220207.4,411123.4583328028,29291.34166719718,932397.2333333333,2144431.931185476,-279637.46451880934,220198.31666666668,411115.76172832085,29280.871605012508
725,1372860.8,3282183.067869385,-536461.4678693844,1264979.25,3146791.9258299964,-616833.4258299961,1161819.1,2784790.2917385725,-461152.0917385721,221938.66666666666,444687.0578568646,-809.724523531273,1234650.4333333333,2866383.619468438,-397082.7528017713,221923.7,444674.06230321014,-826.6623032100906
726,1614043.4,4038435.0276253987,-810348.2276253989,1496212.75,3900042.4389267373,-907616.9389267373,1479328.45,3765035.53410591,-806378.6341059098,228521.13333333333,477019.62144263246,-19977.354775965796,1537210.2333333334,3827751.097396949,-753330.630730282,228521.13333333333,477019.62144263246,-19977.354775965796
727,1425369.3333333333,3480027.848411342,-629289.1817446754,1317484.5,3363597.928530331,-728628.9285303308,1006651.2833333333,2385786.2826845795,-372483.7160179127,238533.96666666667,523280.0942016169,-46212.160868283536,1064564.9,2451430.0716267577,-322300.2716267579,238533.96666666667,523280.0942016169,-46212.160868283536
728,1061122.8333333333,2484778.2129498348,-362532.546283168,960846.5833333334,2371955.6508140364,-450262.4841473695,835588.8833333333,1836255.9500819407,-165078.18341527414,286150.9666666667,632196.9761905499,-59895.042857216555,836604.8,1835132.2057886147,-161922.60578861448,286150.9666666667,632196.9761905499,-59895.042857216555
729,1282396.5333333334,3080293.4671283914,-515500.4004617245,1156833.8833333333,2929593.3082356555,-615925.5415689892,1097802.5666666667,2603504.3890930526,-407899.25575971906,318491.6666666667,721624.4204436892,-84641.0871103559,1104590.1333333333,2608176.3628365807,-398996.0961699139,318491.6666666667,721624.4204436892,-84641.0871103559
730,1568973.2666666666,3817399.790870665,-679453.2575373319,1442367.3166666667,3681953.1485582395,-797218.5152249064,1122985.0333333334,2664092.0466422746,-418121.97997560794,294033.06666666665,641698.0070767219,-53631.87374338863,1191387.8333333333,2741061.332408621,-358285.66574195446,294033.06666666665,641698.0070767219,-53631.87374338863
731,1360532.0333333334,3220812.064760227,-499747.99809356034,1263269.85,3115126.820003596,-588587.1200035962,1078123.4,2399013.314441437,-242766.51444143732,300312.8,652758.199080864,-52132.59908086405,1053548.5333333334,2359067.9030095534,-251970.8363428868,300312.8,652758.199080864,-52132.59908086405
732,1067735.0333333334,2266877.0575679624,-131406.99090129556,954517.1166666667,2134453.0813297285,-225418.84799639485,907167.9,1795351.7337077237,18984.066292276373,293574.43333333335,618562.7750678217,-31413.90840115503,898598.3,1781296.6843585637,15899.915641436353,293574.43333333335,618562.7750678217,-31413.90840115503
733,1174430.4666666666,2573367.7535299947,-224506.82019666187,1056494.2833333334,2438769.839545176,-325781.272878509,1063351.8833333333,2267339.286376465,-140635.51970979827,282192.2,550799.6418901081,13584.758109891845,1061784.9666666666,2269322.6107240254,-145752.6773906923,282192.2,550799.6418901081,13584.758109891845
734,1117702.7333333334,2570953.980670809,-335548.5140041418,1035584.5666666667,2484614.307118999,-413445.1737856658,1048309.15,2346155.3695662464,-249537.06956624624,263418.63333333336,508620.87812365673,18216.38854300999,1044479.4333333333,2340192.956819717,-251234.09015305014,263418.63333333336,508620.87812365673,18216.38854300999
735,1476952.8333333333,3566118.172656971,-612212.5059903048,1389392.65,3460117.94700394,-681332.6470039401,1403156.3833333333,3288775.23865752,-482462.47199085355,307219.1666666667,606303.4205287923,8134.912804541062,1374045.1,3254812.400091662,-506722.2000916619,307219.1666666667,606303.4205287923,8134.912804541062
736,1648478.0,4117466.013267914,-820510.0132679138,1564981.9666666666,4019911.2794748684,-889947.3461415356,1644540.3166666667,4063189.4412587313,-774108.8079253978,304569.93333333335,652076.4430408312,-42936.57637416461,1622914.5,4039713.027898802,-793884.027898802,304569.93333333335,652076.4430408312,-42936.57637416461
737,1777255.0333333334,4498278.53648516,-943768.4698184931,1677843.2,4397758.469402923,-1042072.0694029236,1569386.4333333333,3877284.05480632,-738511.1881396531,320761.0,732372.5017179514,-90850.50171795132,1557075.8666666667,3831892.683828623,-717740.9504952896,320761.0,732372.5017179514,-90850.50171795132
738,1140024.3,2651893.3137004455,-371844.71370044537,1038224.0833333334,2543783.3020698437,-467335.1354031769,952367.35,2049367.2439150182,-144632.54391501832,334036.2,768567.5656420488,-100495.16564204881,947250.8,2035222.710257744,-140721.11025774386,334036.2,768567.5656420488,-100495.16564204881
739,1417812.2666666666,3368141.7935408857,-532517.2602075527,1290490.7833333334,3220490.933781677,-639509.3671150103,1355539.45,3204107.210031025,-493028.31003102544,324993.43333333335,727894.8145539183,-77907.94788725162,1384458.7666666666,3229590.6734717516,-460673.1401384182,324993.43333333335,727894.8145539183,-77907.94788725162
740,1433268.3666666667,3401807.1025831085,-535270.3692497753,1298928.8333333333,3258731.0391050754,-660873.3724384087,1350952.9833333334,3262024.5483588614,-560118.5816921946,309640.9,686658.3122023975,-67376.5122023974,1412547.9666666666,3330502.9667424066,-505407.03340907325,309640.9,686658.3122023975,-67376.5122023974
741,1334972.4333333333,3174953.3688395647,-505008.50217289804,1231803.5,3064828.127317184,-601221.1273171841,1306653.9333333333,3059854.4582414706,-446546.5915748039,307963.8333333333,675001.3869490807,-59073.72028241411,1286486.6,3010966.9138576426,-437993.7138576426,307963.8333333333,675001.3869490807,-59073.72028241411
742,1240368.6333333333,2741417.69422096,-260680.42755429354,1092122.1,2563185.4186480474,-378941.2186480474,1184084.95,2578505.886330236,-210335.9863302363,336436.76666666666,746196.2333713761,-73322.70003804268,1180085.3666666667,2586793.2858833815,-226622.5525500481,340879.11666666664,750247.760581115,-68489.5272477818
743,1282783.0666666667,2809595.9440239184,-244029.81069058483,1150899.7666666666,2654229.8394488054,-352430.3061154722,1204077.1833333333,2637395.4182072035,-229241.0515405368,315355.6,648516.8285080799,-17805.628508079913,1269587.6666666667,2730562.513635054,-191387.18030172097,315355.5333333333,648516.7702006678,-17805.703534001135
744,1421194.8,3096511.1663362645,-254121.56633626437,1240375.5833333333,2869808.6486363835,-389057.48196971696,1296577.1333333333,2866058.8539007585,-272904.5872340917,367998.1666666667,793883.9761539005,-57887.642820567125,1338766.5666666667,2920379.2265262315,-242846.0931928982,367997.06666666665,793883.002042046,-57888.868708712806
745,1698299.1333333333,3828069.9628404905,-431471.6961738239,1526914.9333333333,3628796.991154976,-574967.1244883093,1566152.8666666667,3581410.571706977,-449104.8383736438,426878.3333333333,928289.4662803712,-74532.79961370456,1614435.7666666666,3640766.757973325,-411895.22463999176,426885.0833333333,928295.4553438968,-74525.28867723019
746,1871038.0333333334,4347673.439896684,-605597.3732300175,1712145.1833333333,4162618.4410422808,-738328.0743756138,1689106.55,3999105.772123278,-620892.6721232778,409680.3333333333,886021.2585497429,-66660.5918830763,1792005.4333333333,4115366.0577959027,-531355.1911292358,409678.4666666667,886019.6045389426,-66662.67120560922
747,1781062.8333333333,4080490.4670642074,-518364.80039754114,1604160.7,3884202.7090431685,-675881.3090431683,1613181.65,3822930.4739669706,-596567.1739669708,407931.76666666666,918233.605864374,-102370.07253104064,1675691.9333333333,3868853.4574629357,-517469.59079626924,407929.9,918231.9368538982,-102372.13685389812
748,1188460.0333333334,2390009.8928619917,-13089.826195324771,1020200.6,2178431.4593829177,-138030.25938291766,1048354.0333333333,2145968.721511958,-49260.6548452914,430237.7,969893.0988175871,-109417.69881758717,1070009.4666666666,2163886.5942863813,-23867.66095304815,430245.2,969899.806949527,-109409.40694952704
749,1662415.3,3625916.0499272947,-301085.4499272946,1458227.0,3387018.7351192124,-470564.7351192122,1461171.2833333334,3259236.68688401,-336894.12021734356,408019.1,916011.0956594679,-99972.89565946796,1554900.1333333333,3388712.7409991156,-278912.47433244926,408019.9666666667,916011.8701175823,-99971.93678424892
750,2055659.0333333334,4673452.488328171,-562134.4216615038,1801381.7166666666,4377756.035659957,-774992.6023266234,1852270.9,4424236.900138494,-719695.1001384943,318599.5,657666.6640546354,-20467.664054635447,2052540.6,4669287.767618254,-564206.5676182541,318599.56666666665,657666.722423289,-20467.589089955727
751,1598938.1333333333,3633442.8666376215,-435566.59997095494,1421294.1833333333,3438234.8748913994,-595646.5082247325,1373260.15,3274251.7153348466,-527731.4153348466,299172.23333333334,620706.2325908154,-22361.765924148727,1533395.7,3453054.1904551014,-386262.7904551015,299172.2,620706.2033657379,-22361.8033657379
752,1385520.6333333333,2921238.2869028402,-150197.02023617388,1199013.8333333333,2703779.8225716976,-305752.15590503113,1226904.1166666667,2664386.6504149702,-210578.41708163684,332091.8333333333,695360.941324536,-31177.27465786942,1234160.7,2677611.7803723374,-209290.38037233776,332092.0333333333,695361.1171051994,-31177.050438532722
753,1097401.8,2004946.3849239917,189857.21507600823,907035.6666666666,1735633.994800298,78437.33853303525,905453.7833333333,1712928.6889446483,97978.8777220184,334272.5333333333,665753.1762108706,2791.890455796034,1044633.5333333333,1921477.1823458262,167789.88432084047,334273.1,665753.6671827608,2792.5328172391164
754,1138512.2666666666,2153375.838794249,123648.69453908433,930615.15,1849768.5207103994,11461.779289600672,884814.4833333333,1753843.1905411743,15785.776125492179,344041.23333333334,703419.4689123926,-15337.002245725947,1091313.2333333334,2065470.1795152216,117156.28715144517,344051.2166666667,703428.1867332424,-15325.753399909008
755,1374154.8333333333,2704729.490410415,43580.17625625152,1133894.8333333333,2378177.4872232443,-110387.820556578,1066396.1666666667,2233316.0066304263,-100523.67329709302,378960.1666666667,781643.0605521961,-23722.72721886268,1295299.8666666667,2532896.63214123,57703.10119210323,378936.86666666664,781622.6624679593,-23748.929134626116
756,1334823.2333333334,2776900.434939159,-107253.96827249229,1151304.6333333333,2546373.3875267105,-243764.1208600439,1155947.9333333333,2567360.74612003,-255464.87945336313,320314.0,662135.2666878832,-21507.26668788318,1302583.4666666666,2737516.7605645196,-132349.82723118644,320304.4,662126.8578192655,-21518.05781926535
757,1121239.6333333333,2336314.40169187,-93835.135025203,962848.2833333333,2149303.3231502865,-223606.75648361968,938130.4333333333,2078217.9552982843,-201957.0886316176,296450.3333333333,626176.4644142154,-33275.797747548786,1067617.3,2206740.1196517153,-71505.51965171541,296450.3333333333,626176.4644142154,-33275.797747548786
758,931874.3666666667,1734832.9627908529,128915.77054248063,758620.2333333333,1494954.649348554,22285.81731811259,769128.8166666667,1470315.8053200957,67941.82801323745,343378.5333333333,727032.7490807868,-40275.68241412018,856176.0666666667,1600483.1385381094,111868.99479522393,343378.5333333333,727032.7490807868,-40275.68241412018
759,1157060.4333333333,2147377.6911517307,166743.17551493575,920605.95,1785525.0840188605,55686.815981139545,939836.1333333333,1769692.4186346126,109979.84803205391,392161.36666666664,819676.7194058222,-35353.986072488944,1114263.7666666666,2097544.1988374908,130983.33449584269,392160.8333333333,819676.2508787217,-35354.58421205508
760,1056131.0333333334,1959879.789985162,152382.2766815049,808742.5333333333,1533865.430068674,83619.6365979925,842731.4833333333,1587051.9559269773,98411.01073968923,311747.0,621812.8771295196,1681.122870480467,1093128.2333333334,2052901.158782919,133355.30788374774,311747.0,621812.8771295196,1681.122870480467
761,817641.9333333333,1400618.8959247596,234664.97074190725,650043.85,1142674.5061248532,157413.1938751469,697634.0166666667,1215092.5954457666,180175.43788756675,325797.73333333334,661321.207795664,-9725.741128997237,791889.3,1367446.2483330686,216332.35166693153,325798.85,661322.1808335895,-9724.480833589623
762,864951.7666666667,1476720.7581701677,253182.77516316576,666195.1333333333,1113376.9733874446,219013.29327922204,710865.1,1184388.527876079,237341.67212392087,373148.0333333333,768088.9565965962,-21792.889929929457,829998.5333333333,1439841.1647236617,220155.9019430048,373146.06666666665,768087.236043197,-21795.102709863684
763,1025912.4666666667,1832787.0724161703,219037.86091716308,827848.25,1510885.2423738441,144811.25762615574,907600.8833333333,1588380.9992413525,226820.76742531417,391921.9666666667,779098.1477573446,4745.7855759887025,1023317.9,1821222.6798292745,225413.1201707255,391922.0833333333,779098.2487806892,4745.917885977426
764,953218.8333333334,1745254.2435321924,161183.4231344742,805162.5666666667,1550556.9471559557,59768.18617737747,838373.8833333333,1547973.824835497,128773.94183116965,396343.5333333333,783950.3015553793,8736.765111287299,968134.3666666667,1736982.9779581558,199285.75537517748,396344.13333333336,783950.820284243,8737.446382423746
765,1089215.6666666667,1932343.5057538901,246087.82757944334,931391.6,1725244.9267693362,137538.27323066373,983067.55,1754040.914096817,212094.1859031833,494079.1666666667,968375.8066302247,19782.526703108742,1101529.5666666667,1928373.424183264,274685.7091500693,494081.43333333335,968377.7605308818,19785.10613578488
766,888695.9,1633694.3548776102,143697.4451223897,760598.9666666667,1470535.8332286011,50662.100104732206,848489.9166666666,1575021.7792053372,121958.05412799609,374538.76666666666,764614.6722639562,-15537.138930622896,919488.3666666667,1680615.9142623763,158360.81907095702,374559.31666666665,764632.6217838489,-15513.988450515491
767,766468.0,1474631.3284805543,58304.67151944584,708872.3166666667,1408256.9094675814,9487.723865751876,756227.0666666667,1438729.5771551575,73724.55617817584,472877.23333333334,999795.5444691223,-54041.07780245558,806543.6,1496383.7503061872,116703.44969381264,472877.23333333334,999795.5444691223,-54041.07780245558
768,1074577.5333333334,2213836.787048596,-64681.72038192884,977787.0166666667,2063307.0703779445,-107733.03704461094,928447.75,1786545.7819917905,70349.7180082096,487409.43333333335,1026087.1159396883,-51268.24927302159,1014212.5,1954176.321371041,74248.678628959,487409.43333333335,1026087.1159396883,-51268.24927302159
769,856451.2333333333,1621805.3112867293,91097.15537993715,664871.5,1182939.0813696026,146803.9186303974,700911.1666666666,1208188.4717343624,193633.86159897083,432862.06666666665,891401.6295101487,-25677.49617681536,930139.2,1760866.9005129947,99411.49948700517,432861.7166666667,891401.3232728164,-25677.889939483022
770,817002.6333333333,1577956.767154884,56048.49951178266,616014.1666666666,1112210.4069347247,119817.92639860872,610729.35,1061762.2168718535,159696.48312814644,383875.8333333333,774907.4419835547,-7155.775316888175,891531.7,1715237.3942452187,67826.00575478119,383875.4,774907.0649956736,-7156.264995673555
771,663703.8333333334,1189874.5800657654,137533.08660090144,518091.73333333334,898426.7269445132,137756.73972215352,626579.0,1089637.9882351668,163520.01176483335,334818.8333333333,692998.7515818127,-23361.084915146115,708126.5,1243195.1243907649,173057.87560923514,334818.8333333333,692998.7515818127,-23361.084915146115
772,779370.1,1510198.9918105653,48541.20818943449,564342.05,1016003.4774122094,112680.62258779071,591823.4833333333,1033862.0713961786,149784.89527048805,338219.0,723369.1173179792,-46931.117317979166,838622.6666666666,1603492.185399303,73753.14793403028,338219.0,723369.1173179792,-46931.117317979166
773,859467.7333333333,1590289.126223553,128646.3404431137,673724.2833333333,1196104.2319272847,151344.33473938197,742543.8333333334,1263422.4880940332,221665.17857263342,395263.73333333334,811975.7096530382,-21448.242986371508,916889.7666666667,1668684.360071293,165095.17326204025,395263.73333333334,811975.7096530382,-21448.242986371508
774,743286.4666666667,1325489.4163673748,161083.51696595864,601973.2166666667,1058015.6557232912,145930.77761004207,649811.5333333333,1125007.9703447246,174615.09632194194,393263.73333333334,818857.5658523849,-32330.099185718223,782953.0333333333,1392165.546096253,173740.52057041368,393263.73333333334,818857.5658523849,-32330.099185718223
775,649621.3333333334,1142531.6102210218,156711.05644564482,542108.45,975147.5069222132,109069.39307778666,630426.4166666666,1095854.8377351935,164997.9955981397,242551.33333333334,505914.6167331374,-20811.950066470687,702312.4666666667,1204938.0686702286,199686.86466310476,242551.33333333334,505914.6167331374,-20811.950066470687
776,727508.5,1310838.1018627787,144178.89813722135,621807.3166666667,1144223.9370125001,99390.69632083323,721127.9333333333,1269546.1377329435,172709.72893372306,254924.06666666668,538189.5272024648,-28341.393869131425,792348.1,1393653.7793629589,191042.42063704098,254924.06666666668,538189.5272024648,-28341.393869131425
777,697692.6,1356999.4244271507,38385.77557284909,579962.7833333333,1154585.015459456,5340.551207210636,687443.8666666667,1275913.242510294,98974.49082303944,230879.16666666666,500501.6610295464,-38743.32769621306,722654.1,1357829.184696389,87479.01530361094,230879.16666666666,500501.6610295464,-38743.32769621306
778,537316.8,1056980.8563663436,17652.74363365647,391779.7,735521.2957917264,48038.10420827358,516512.7833333333,954231.1094209887,78794.45724567794,317214.4,705409.8303166374,-70981.0303166373,608057.7333333333,1184948.853110871,31166.613555795513,317214.4,705409.8303166374,-70981.0303166373
779,406667.6,758602.9870379322,54732.2129620678,330648.75,634463.8518274406,26833.64817255945,424707.23333333334,786290.6077227677,63123.85894389893,326984.1666666667,743915.417747014,-89947.0844136806,479241.86666666664,881289.1103253176,77194.62300801574,326984.1666666667,743915.417747014,-89947.0844136806
780,441913.9666666667,819671.0706726147,64156.862660718616,337266.38333333336,615284.3178305093,59248.44883615745,416000.01666666666,752718.5890056998,79281.44432763342,223277.16666666666,488626.6058575291,-42072.27252419581,506526.36666666664,935326.9413620668,77725.7919712665,223277.16666666666,488626.6058575291,-42072.27252419581
781,322437.06666666665,577778.1070723425,67096.02626099074,255895.28333333333,457673.9137896775,54116.65287698916,338402.61666666664,618132.1588141969,58673.0745191364,231595.23333333334,512259.7426153426,-49069.27594867593,410989.1,718976.3189876275,103001.88101237244,231595.23333333334,512259.7426153426,-49069.27594867593
782,420176.5333333333,797357.0149479377,42996.051718728966,299303.01666666666,551030.1264656351,47575.906867698155,356916.98333333334,645290.6868687582,68543.27979790856,290866.0333333333,671500.5996600273,-89768.53299336066,510336.0333333333,943097.8987235226,77574.1679431441,290866.0333333333,671500.5996600273,-89768.53299336066
783,799653.9333333333,1575482.081628691,23825.785037975875,659287.15,1357432.952726051,-38858.65272605093,673759.5666666667,1314992.2584546076,32526.874878725735,234725.6,510392.5834126463,-40941.38341264633,835914.7,1601123.6171544478,70705.78284555208,234725.41666666666,510392.4207516699,-40941.587418336625
784,972180.0,2066625.0052102713,-122265.00521027134,845632.35,1909340.349761913,-218075.64976191323,821996.5333333333,1781012.2640082971,-137019.19734163035,187558.6,399493.32253833796,-24376.12253833795,964085.7666666667,1966259.783790316,-38088.25045698241,187560.16666666666,399494.7055625035,-24374.37222917017
785,1332445.1333333333,2971816.179051483,-306925.9123848167,1174980.7666666666,2759496.5675184294,-409535.03418509616,1121212.95,2555525.773471398,-313099.8734713979,210016.5,447772.3670144372,-27739.367014437186,1284106.7666666666,2754016.4589512837,-185802.9256179505,210026.1,447780.84442583367,-27728.644425833627
786,1403396.6,3215425.8005118547,-408632.6005118543,1263467.0833333333,3044531.507628806,-517597.34096213966,1233730.05,2872580.4893978983,-405120.389397898,197675.53333333333,421480.44551030564,-26129.378843638988,1408629.8,3105969.9059647517,-288710.3059647514,197675.53333333333,421480.44551030564,-26129.378843638988
787,1372988.7333333334,3253307.9420914697,-507330.4754248031,1256042.4,3125829.806662474,-613745.0066624742,1250823.75,3001377.80726187,-499730.3072618698,218278.76666666666,444483.7798467894,-7926.246513456048,1379815.0666666667,3148549.7016148274,-388919.5682814941,218278.76666666666,444483.7798467894,-7926.246513456048
788,990322.6,2085492.9642614373,-104847.76426143723,866359.1333333333,1926570.4005713812,-193852.1339047146,888231.5,1855038.0068007947,-78575.00680079474,253417.4,537561.2196656768,-30726.419665676804,1024233.9,2043660.6498358417,4807.1501641582,253415.56666666668,537559.6027065042,-30728.46937317084
789,1062115.8333333333,2160049.9784135916,-35818.311746925116,876907.8,1876056.5461848713,-122240.94618487114,935810.1166666667,1951467.4785578586,-79847.2452245251,243500.73333333334,527531.1538333809,-40529.687166714284,1106714.3333333333,2213877.939189389,-449.2725227223709,243500.73333333334,527531.1538333809,-40529.687166714284
790,899693.6333333333,1843365.2915289877,-43978.02486232098,750958.5333333333,1611699.9113492705,-109782.84468260396,785981.2833333333,1623468.1590532626,-51505.592386595905,179855.23333333334,372364.67446524673,-12654.207798580028,948619.2333333333,1905919.8740194864,-8681.407352819806,179855.46666666667,372364.8789214626,-12653.945588129223
791,873227.5333333333,1795747.752374705,-49292.685708038276,726175.55,1576074.778300117,-123723.67830011691,764680.6,1576933.7075489704,-47572.50754897052,221763.43333333332,459878.90641858685,-16352.039751920238,880355.4666666667,1765567.1129527483,-4856.179619414965,221763.43333333332,459878.90641858685,-16352.039751920238
792,842433.2666666667,1561890.0047249973,122976.52860833611,640280.4,1211066.6997521608,69494.10024783912,637029.3833333333,1182934.581021352,91124.18564531463,309070.1,668370.2961326856,-50230.09613268572,819575.4333333333,1496012.6347345728,143138.23193209397,309070.1,668370.2961326856,-50230.09613268572
793,803362.3666666667,1486979.0610682701,119745.67226506327,663668.1833333333,1276074.3889925117,51261.977674154914,769878.4833333333,1431632.4994016143,108124.46726505226,277037.9,570286.736158234,-16210.936158233904,839185.2666666667,1543029.4782534586,135341.05507987482,277037.9,570286.736158234,-16210.936158233904
794,995432.0666666667,1943531.4871682646,47332.64616506873,812745.5166666667,1614281.635723387,11209.397609946434,842424.5166666667,1611701.3246673332,73147.70866600028,258467.63333333333,534354.5519764285,-17419.28530976185,998536.8333333334,1906761.0969936792,90312.56967298745,258467.63333333333,534354.5519764285,-17419.28530976185
795,1141800.0,2262416.0231740666,21183.976825933438,959317.2,1999093.6604956365,-80459.26049563661,968565.4833333333,1949200.4271675665,-12069.460500900052,248062.93333333332,516823.08315978583,-20697.216493119166,1123242.8,2192448.121165435,54037.478834565496,248062.93333333332,516823.08315978583,-20697.216493119166
796,1214797.2666666666,2562042.4425557177,-132447.90922238445,1054378.2333333334,2369986.8406426087,-261230.37397594168,1078361.3333333333,2334421.059631656,-177698.39296498965,212639.8,448060.72470931814,-22781.12470931813,1159962.1333333333,2441235.608396208,-121311.34172954131,212639.8,448060.72470931814,-22781.12470931813
797,1133447.0,2405676.377810238,-138782.37781023816,973696.2,2210526.627443591,-263134.2274435912,955409.05,2083209.3782120855,-172391.27821208537,204950.16666666666,422261.1958694464,-12360.862536113098,1053560.3333333333,2211187.834406914,-104067.16774024768,204957.51666666666,422267.6280800954,-12352.594746762072
798,882028.0666666667,1709408.5795775102,54647.55375582317,725915.4333333333,1483844.8213709854,-32013.95470431866,737702.3333333334,1441903.6952707353,33500.97139593132,243078.8,508241.3921233909,-22083.792123390944,863550.3333333334,1647689.9739810885,79410.69268557813,243077.53333333333,508240.27925233677,-22085.212585670117
799,1320814.7666666666,2858652.1870785747,-217022.65374524123,1129860.1166666667,2611917.589973313,-352197.3566399792,1087576.4666666666,2493673.1240569744,-318520.1907236411,221064.9,457152.26637498627,-15022.466374986281,1329790.6666666667,2826725.490265704,-167144.15693237074,221064.9,457152.26637498627,-15022.466374986281
800,1096572.8666666667,2286932.5691969134,-93786.83586358023,903375.6833333333,2005939.710183198,-199188.3435165314,849364.4666666667,1861660.9090613348,-162931.97572800145,160739.96666666667,345186.9202531015,-23706.986919768155,1101253.1,2261628.556828531,-59122.356828530785,160740.48333333334,345187.3772771357,-23706.410610469
801,954674.0333333333,2036287.7432562658,-126939.676589599,814570.55,1857700.5117997532,-228559.41179975297,785330.3666666667,1719345.0344456977,-148684.30111236428,173876.7,360516.0542125981,-12762.654212598049,946702.9666666667,1960645.6780319468,-67239.74469861342,173877.8,360517.0184733892,-12761.418473389233
802,833296.7333333333,1596934.4819701249,69658.98469654156,684344.7666666667,1396278.6796826618,-27589.146349328337,671962.4666666667,1318501.8663495905,25423.06698374299,221013.5,455275.00384156173,-13248.00384156176,844984.7666666667,1607172.0631530317,82797.47018030158,221013.5,455275.00384156173,-13248.00384156176
803,1069172.4666666666,2035236.4306933538,103108.50263997936,856759.8166666667,1708977.0466253147,4542.58670801844,844444.4166666666,1641530.2385957213,47358.594737611944,264371.63333333336,561558.408773348,-32815.14210668125,1062887.3666666667,2030888.6253710152,94886.10796231823,264371.9666666667,561558.702827526,-32814.76949419273
804,1217133.0666666667,2462310.62446067,-28044.491127337096,1043732.65,2224482.3249285705,-137017.0249285706,972907.1166666667,2025526.8893618644,-79712.65602853103,292843.93333333335,642375.3946359737,-56687.52796930703,1249020.2666666666,2439994.3138516396,58046.21948169381,296514.0,645712.9723354131,-52684.9723354131
805,1366908.5,2954096.222280455,-220279.22228045505,1217806.1166666667,2758279.624695507,-322667.39136217325,1178421.7833333334,2607588.2038093386,-250744.63714267197,301206.1,652417.4084901192,-50005.2084901192,1330316.1,2771435.7053908934,-110803.5053908932,305556.5833333333,656378.0837272276,-45264.91706056101
806,1473831.2666666666,3219731.4653598233,-272068.9320264901,1304966.5,3016653.6644232525,-406720.6644232522,1269965.6833333333,2860610.31483428,-320678.948167613,260545.46666666667,553546.2731908369,-32455.33985750348,1439588.5,3102758.2766091954,-223581.2766091954,260545.46666666667,553546.2731908369,-32455.33985750348
807,1422290.2333333334,3136538.4652651837,-291957.99859851715,1295909.5833333333,3002921.919556614,-411102.75288994727,1259046.1166666667,2839871.3214963824,-321779.0881630487,327539.4,703107.0628060391,-48028.26280603913,1364481.0,2962252.0302264933,-233290.0302264935,327539.4,703107.0628060391,-48028.26280603913
808,1077158.3333333333,2124674.696925164,29641.969741502544,960369.75,1989976.2722641197,-69236.77226411959,921630.6166666667,1854121.077883543,-10859.844550209702,412181.0333333333,860782.0901068358,-36420.02344016911,1059059.9666666666,2032520.5087290239,85599.42460430926,412181.0333333333,860782.0901068358,-36420.02344016911
809,1486258.3,3327450.3829513,-354933.78295130003,1348037.1833333333,3150096.231063342,-454021.8643966755,1319270.6666666667,2996792.2617065236,-358250.9283731899,371813.6,767955.1832368405,-24327.983236840577,1438870.3666666667,3108750.6900344365,-231009.95670110313,371813.6,767955.1832368405,-24327.983236840577
810,1282588.5333333334,2873060.7767610215,-307883.7100943546,1169992.15,2751478.4840291725,-411494.18402917264,1198203.4666666666,2703913.237369162,-307506.30403582915,274121.8333333333,564364.5817281812,-16120.915061514592,1277495.3333333333,2804281.4691342167,-249290.80246755015,274123.55,564366.0836524789,-16118.983652478899
811,1285427.3666666667,2851517.727303491,-280662.99397015735,1151614.5666666667,2704107.4649803317,-400878.3316469984,1130965.9166666667,2588838.507953209,-326906.6746198754,302725.3333333333,618441.5414976673,-12990.87483100075,1263232.4,2748249.3246989306,-221784.52469893056,302725.3333333333,618441.5414976673,-12990.87483100075
812,1253462.8,2516253.0577499657,-9327.4577499656,1083183.9166666667,2303076.676027164,-136708.8426938306,1033838.0166666667,2121905.926682491,-54229.8933491573,417272.3,855449.1976548893,-20904.597654889338,1191497.7,2344709.2274213317,38286.17257866822,417271.6666666667,855448.6442141116,-20905.31088077824
813,1413256.4666666666,2873844.5681039337,-47331.634770600824,1244111.8,2673359.154292389,-185135.5542923885,1191186.9,2498171.2064579115,-115797.40645791171,441991.5333333333,910710.4583363975,-26727.391669730947,1355472.1666666667,2711939.348651641,-995.0153183073271,441991.5333333333,910710.4583363975,-26727.391669730947
814,1332434.5333333334,2706845.1954355594,-41976.12876889226,1189470.0666666667,2525169.643391669,-146229.51005833526,1149749.1166666667,2353650.732481965,-54152.49914863147,415778.76666666666,869058.1199892913,-37500.58665595803,1306078.8,2572858.94813905,39298.65186095005,416169.43333333335,869401.961234201,-37063.09456753422
815,1591759.4333333333,3389392.6368801026,-205873.77021343587,1429886.8166666667,3175811.178050596,-316037.5447172625,1418887.3166666667,3049466.5888831452,-211691.95554981194,382148.6666666667,782391.4747111145,-18094.14137778111,1582187.1333333333,3268719.588469629,-104345.32180296234,382148.6666666667,782391.4747111145,-18094.14137778111
816,1823799.0666666667,4264864.056804608,-617265.9234712746,1667566.7333333334,4066931.2569309375,-731797.7902642707,1632256.45,3911911.712530799,-647398.8125307991,256772.43333333332,527804.6327492738,-14259.766082607122,1775099.6,4110683.2959777312,-560484.095977731,256772.43333333332,527804.6327492738,-14259.766082607122
817,1860695.1,4519079.667040026,-797689.4670400261,1725541.4666666666,4376940.809227649,-925857.8758943158,1714404.4166666667,4308456.017635295,-879647.1843019619,272306.8333333333,547695.0555962666,-3081.3889296000125,1864010.4,4474903.152219975,-746882.352219976,272306.8333333333,547695.0555962666,-3081.3889296000125
818,1213055.2333333334,2621128.616355201,-195018.1496885342,1083762.7166666666,2460294.832597833,-292769.39926450024,1067301.8166666667,2362096.3368280986,-227492.7034947651,307889.43333333335,638274.2986487255,-22495.43198205874,1202488.7333333334,2532660.116883353,-127682.65021668607,307889.43333333335,638274.2986487255,-22495.43198205874
819,1531844.7,3493973.710197271,-430284.3101972712,1398113.0166666666,3335793.532770835,-539567.4994375017,1404641.6333333333,3261440.673749035,-452157.40708236885,299389.23333333334,654863.360692483,-56084.89402581635,1557260.1,3446068.9244429776,-331548.72444297746,299389.23333333334,654863.360692483,-56084.89402581635
820,1567404.7,3708639.9739568187,-573830.573956819,1451047.95,3587886.774810615,-685790.8748106153,1458999.0333333334,3499800.178679839,-581802.1120131717,253608.23333333334,561345.3906237137,-54128.92395704705,1628416.2333333334,3698373.2355011143,-441540.7688344477,253606.36666666667,561343.7277150305,-54130.99438169724
821,1305858.3,2901429.713993972,-289713.1139939723,1158404.6666666667,2728911.8735050587,-412102.5401717252,1145185.05,2597172.3728341646,-306802.27283416456,281636.1666666667,591056.0666577179,-27783.73332438455,1315560.2333333334,2830606.322621027,-199485.85595436045,281636.1666666667,591056.0666577179,-27783.73332438455
822,1220505.6,2626776.7645312035,-185765.56453120313,1059863.6,2436876.7660728283,-317149.5660728279,1040370.1333333333,2331311.4051963063,-250571.13852963946,299399.5333333333,638858.9004899357,-40059.83382326906,1116480.7666666666,2448734.118934199,-215772.585600866,299397.6666666667,638857.2518963845,-40061.91856305115
823,1424586.5333333334,3287958.645248832,-438785.57858216506,1283402.85,3133353.8295073276,-566548.1295073277,1218121.15,2909558.1854327703,-473315.8854327705,306311.43333333335,664749.1455185176,-52126.27885185089,1305767.8666666667,3038342.5439227717,-426806.81058943854,306327.7833333333,664763.6460830648,-52108.07941639813
824,1267200.3,2924273.543095979,-389872.94309597905,1157084.1666666667,2776631.6557540772,-462463.32242074376,1116785.9166666667,2600648.1972349724,-367076.36390163866,283273.9666666667,609367.2621757651,-42819.328842431714,1195018.0333333334,2682303.4985156516,-292267.4318489847,283271.7,609365.2563120824,-42821.85631208238
825,1727334.7333333334,4068799.047910062,-614129.5812433953,1595129.1833333333,3893958.8401017515,-703700.473435085,1628436.45,3888297.3953586295,-631424.4953586299,319579.9,694203.2564667306,-55043.45646673057,1674391.4333333333,3908706.6333395615,-559923.7666728946,319579.9,694203.2564667306,-55043.45646673057
826,1985461.3333333333,4730686.4110066,-759763.7443399334,1834645.3166666667,4539829.068676875,-870538.4353435414,1826865.35,4494341.664422017,-840610.9644220169,294978.5,643032.3027745569,-53075.30277455697,1939262.3333333333,4679570.640409259,-801045.9737425924,294978.5,643032.3027745569,-53075.30277455697
827,1773769.9,4537696.9066291675,-990157.1066291672,1642303.5333333334,4387270.0630610995,-1102662.9963944324,1651629.3,4404993.5052697575,-1101734.9052697571,170266.06666666668,425183.1764636503,-84651.04313031698,1727251.5333333334,4486370.720032498,-1031867.6533658311,170266.06666666668,425183.1764636503,-84651.04313031698
828,1535835.4333333333,3704907.73171404,-633236.8650473731,1383646.1,3502553.8736642045,-735261.6736642043,1352972.1666666667,3328463.043735137,-622518.7104018037,172027.2,417760.97184629785,-73706.5718462978,1456682.1666666667,3444961.9087175066,-531597.5753841731,172027.2,417760.97184629785,-73706.5718462978
829,1714459.7,4230672.685262042,-801753.285262042,1585821.75,4059676.183200435,-888032.6832004348,1677751.1333333333,4187849.6555408994,-832347.3888742328,188743.46666666667,460086.58651607664,-82599.65318274329,1794053.1666666667,4302682.46244863,-714576.1291152958,188743.46666666667,460086.58651607664,-82599.65318274329
830,1768929.0666666667,4535046.428318085,-997188.2949847521,1668249.2833333334,4407586.45824622,-1071087.8915795528,1584284.5666666667,4014167.8608331215,-845598.7274997884,212663.23333333334,543049.3967669334,-117722.9301002667,1687161.3666666667,4154261.923189615,-779939.1898562815,212663.23333333334,543049.3967669334,-117722.9301002667
831,1616003.2666666666,4010557.0110132894,-778550.4776799562,1483614.6666666667,3860374.858051738,-893145.5247184045,1291729.8666666667,3233718.41286112,-650258.6795277863,209788.7,527185.3348844016,-107607.93488440168,1387915.4,3343546.153900133,-567715.3539001332,209788.7,527185.3348844016,-107607.93488440168
832,1439089.0333333334,3491438.7410832783,-613260.6744166114,1289886.5666666667,3304908.676499335,-725135.5431660018,1106550.5,2711918.036843654,-498817.036843654,209483.63333333333,519132.7492188037,-100165.48255213708,1199311.5,2822029.7242789073,-423406.72427890706,209483.63333333333,519132.7492188037,-100165.48255213708
833,1471249.8666666667,3588692.291378324,-646192.5580449905,1325890.0666666667,3400210.1494793575,-748430.016146024,1325525.4333333333,3289040.7340439837,-637989.867377317,206932.13333333333,497318.4950782361,-83454.22841156946,1463380.6666666667,3488489.4195869844,-561728.0862536507,206947.83333333334,497332.7147604163,-83437.04809374959
834,1362059.6333333333,3371814.9981355844,-647695.7314689178,1250566.4666666666,3221470.0531645613,-720337.1198312279,1240087.2166666666,3130807.3671509307,-650632.9338175976,145081.7,309986.19959863543,-19822.799598635407,1369957.1,3288922.572110097,-549008.3721100967,145081.7,309986.19959863543,-19822.799598635407
835,1569025.9666666666,3861022.8047209904,-722970.8713876575,1441450.55,3695717.3359932266,-812816.2359932268,1477956.0833333333,3714556.5408463096,-758644.3741796429,142374.7,299960.0580994983,-15210.65809949825,1559507.5666666667,3846600.3830280146,-727585.2496946815,142374.7,299960.0580994983,-15210.65809949825
836,1674418.3666666667,4261744.861082211,-912908.1277488777,1567256.6833333333,4120706.1958095133,-986192.8291428464,1641613.4,4266759.206227984,-983532.406227984,121005.0,272372.97637176234,-30362.976371762343,1677473.0,4316980.824827006,-962034.8248270061,121005.0,272372.97637176234,-30362.976371762343
837,1688353.2,4368477.94598183,-991771.5459818302,1563110.8833333333,4215203.476608385,-1088981.7099417187,1631948.8333333333,4343799.20802273,-1079901.5413560637,124243.2,281646.9617641686,-33160.56176416857,1658687.5666666667,4374577.817876047,-1057202.684542714,124243.2,281646.9617641686,-33160.56176416857
838,1555325.1,3886057.6817914266,-775407.4817914264,1402468.2333333334,3684956.811278913,-880020.3446122464,1398263.9666666666,3588431.9931109576,-791904.0597776242,137721.26666666666,333507.0664677457,-58064.53313441234,1474681.5,3709954.742308323,-760591.7423083228,137721.26666666666,333507.0664677457,-58064.53313441234
839,1575666.8333333333,4030052.5129790585,-878718.8463123923,1465400.5166666666,3915342.154883893,-984541.12155056,1494023.7666666666,3841245.4098459636,-853197.8765126304,125220.23333333334,307551.9412995701,-57111.47463290341,1535694.3,3893349.5162593713,-821960.9162593714,125220.23333333334,307551.9412995701,-57111.47463290341
840,889076.5,2165828.7681304156,-387675.7681304156,811318.5333333333,2081060.1603716244,-458423.09370495763,807122.3,1893626.9878080145,-279382.3878080144,72297.63333333333,178092.42039561563,-33497.15372894898,808126.1333333333,1895935.5612882755,-279683.2946216089,72296.16666666667,178091.0864367374,-33498.75310340403
841,883614.4666666667,1960178.920073647,-192949.98674031382,779577.3666666667,1846313.5255245927,-287158.79219125933,725528.1666666666,1583715.3680896277,-132659.03475629445,168709.86666666667,454249.10112725245,-116829.36779391914,726069.6333333333,1579487.136529945,-127347.86986327847,168709.86666666667,454249.10112725245,-116829.36779391914
842,822954.2,1835031.7245721344,-189123.32457213453,734344.5833333334,1739795.2513934502,-271106.08472678345,712090.3333333334,1531781.3581715298,-107600.69150486309,172857.83333333334,453966.5885767491,-108250.92191008237,731587.2666666667,1556148.5511849613,-92974.0178516279,172874.05,453981.48607493564,-108233.38607493567
843,1212830.3,2959393.0556834475,-533732.4556834474,1125011.9,2869523.2436541235,-619499.4436541235,1119823.5833333333,2687394.563776005,-447747.3971093383,142187.96666666667,353745.1076378015,-69369.17430446815,1156266.5333333334,2731606.9477709024,-419073.88110423554,142188.46666666667,353745.5631253072,-69368.62979197383
844,1395079.0666666667,3473566.394027451,-683408.260694118,1304378.0666666667,3347637.912449016,-738881.7791156825,1322271.6666666667,3198791.7113514855,-554248.378018152,170860.53333333333,379282.40084274,-37561.334176073375,1301501.8666666667,3156072.506697675,-553068.773364342,170858.83333333334,379280.8854085051,-37563.21874183841
845,1783534.1333333333,4620468.886909869,-1053400.6202432024,1699076.8833333333,4517124.9719938375,-1118971.205327171,1695203.9666666666,4356616.036728265,-966208.1033949319,155477.63333333333,355096.981144489,-44141.71447782233,1726054.3,4432111.335526588,-980002.7355265885,155470.18333333332,355090.2989157599,-44149.932249093225
846,1542625.4333333333,3994847.324988067,-909596.4583214007,1471557.6666666667,3925017.0659808563,-981901.732647523,1423597.75,3692590.615607554,-845395.1156075541,128517.83333333333,333686.609200094,-76650.94253342734,1442091.9333333333,3711006.6337078465,-826822.76704118,128508.23333333334,333677.8048711119,-76661.33820444523
847,1139912.1,2641046.578140458,-361222.3781404579,1064186.4333333333,2565057.732526214,-436684.86585954716,977675.6666666666,2232495.1740189027,-277143.84068556956,245078.5,534827.8721807349,-44670.87218073488,1002819.9666666667,2257922.8658909695,-252282.93255763606,245078.5,534827.8721807349,-44670.87218073488
848,1068956.5333333334,2292758.41539191,-154845.34872524324,972163.1666666666,2190876.7034807014,-246550.3701473683,953084.2666666667,1982806.780009165,-76638.24667583138,292053.3,613329.926015417,-29223.326015417,979829.1,2016316.7939919927,-56658.593991992646,292055.0,613331.4213193327,-29221.421319332672
849,1292400.5,3015096.2676971443,-430295.2676971443,1186297.3333333333,2887853.581663979,-515258.91499731294,1196299.5,2766430.182977331,-373831.1829773311,228362.63333333333,503882.3812094054,-47157.11454273868,1206253.2,2796888.274880676,-384381.87488067616,228364.03333333333,503883.62750864925,-47155.5608419826
850,1156691.4333333333,2828815.2078255164,-515432.3411588494,1112789.8333333333,2785421.46052335,-559841.7938566837,1110317.2,2599944.0420352314,-379309.64203523146,229835.0,508765.91029229714,-49095.910292297136,1079434.9333333333,2562658.5780118736,-403788.71134520695,229835.81666666668,508766.637828544,-49095.004495210625
851,1039472.7666666667,2592393.253535016,-513447.7202016824,998333.9,2551569.5412330125,-554901.7412330125,985217.8166666667,2353320.5653281966,-382884.9319948631,185114.9,416134.8841398404,-45905.084139840386,968372.8333333334,2330872.64802483,-394126.9813581634,185115.36666666667,416135.3012732456,-45904.56793991229
852,849759.1333333333,1960075.6777772233,-260557.41111055668,814085.5,1921105.49884893,-292934.49884893,805514.65,1746753.8264551586,-135724.52645515848,230688.93333333332,492564.81576580973,-31186.949099143123,772188.4333333333,1711215.2691190527,-166838.40245238598,230705.33333333334,492579.303963761,-31168.637297094334
853,1253835.5666666667,3081849.9629385835,-574178.8296052499,1199081.1,3011372.945145019,-613210.7451450187,1055834.6166666667,2482309.1842570715,-370639.95092373807,210399.8,438609.6079649798,-17810.0079649798,1067439.4333333333,2513707.3723973716,-378828.50573070464,210399.16666666666,438609.05197752395,-17810.71864419061
854,1331622.2,3346657.4257146735,-683413.0257146733,1301102.7666666666,3298051.67456818,-695846.1412348466,1056228.9,2472069.1439696425,-359611.34396964265,240192.2,492322.46702961694,-11938.067029616883,1058884.1666666667,2459957.7222274262,-342189.388894093,240192.78333333333,492322.97675077955,-11937.410084112926
855,1905736.3666666667,4944548.70933926,-1133075.9760059267,1858035.8666666667,4855527.641263717,-1139455.9079303835,1508417.7833333334,3675381.00741098,-658545.4407443127,262392.2,546866.8542610904,-22082.454261090374,1466217.5666666667,3599982.5168600827,-667547.3835267492,266630.01666666666,550707.8537398179,-17447.820406484534
856,1958024.3666666667,5148665.775227897,-1232617.0418945635,1903765.4,5056190.3804746345,-1248659.5804746347,1701317.3166666667,4343366.233420994,-940731.6000876606,234087.53333333333,506398.42698132567,-38223.36031465902,1737708.6666666667,4461940.338226839,-986523.0048935057,234087.53333333333,506398.42698132567,-38223.36031465902
857,1689485.9,4357145.354204958,-978173.5542049585,1652720.9833333334,4308403.38002723,-1002961.4133605631,1517372.4666666666,3778686.701681965,-743941.7683486317,269009.0,594291.1961386043,-56273.19613860431,1508897.0666666667,3795412.056843547,-777617.9235102141,269009.0,594291.1961386043,-56273.19613860431
858,2201685.1,5798525.58801429,-1395155.3880142896,2161274.75,5720946.269447681,-1398396.76944768,1782694.15,4466581.393969052,-901193.0939690517,398871.0333333333,906139.9726004878,-108397.90593382111,1853456.8666666667,4683030.251163625,-976116.5178302918,398872.73333333334,906141.4955363824,-108396.02886971575
859,2191460.066666667,5787511.712622754,-1404591.5792894205,2121309.816666667,5613386.199320747,-1370766.5659874133,1599255.25,3921621.7152082617,-723111.2152082617,352372.73333333334,822870.7766697303,-118125.31000306364,1671382.8,4141733.608179055,-798968.0081790553,352372.73333333334,822870.7766697303,-118125.31000306364
860,1428535.4,3625104.9833565587,-768034.1833565589,1414029.7,3608884.214337975,-780824.8143379751,1118284.0666666667,2656592.7158611175,-420024.58252778416,290057.93333333335,652226.0118473924,-72110.14518072567,1199450.0333333334,2841929.8731565382,-443029.8064898711,290057.4,652225.5350878321,-72110.73508783209
861,1210630.3,3016766.6798760174,-595506.0798760175,1184334.9333333333,2990498.6820320045,-621828.8153653378,971622.1333333333,2284699.606825181,-341455.3401585142,276219.6666666667,615716.5412377552,-63277.20790442184,1019979.5666666667,2432986.5247464087,-393027.3914130756,276219.6666666667,615716.5412377552,-63277.20790442184
862,1182182.3333333333,2889219.9422189826,-524855.2755523163,1145980.95,2851711.7943958575,-559749.8943958574,984640.8,2198037.631306057,-228756.031306057,283529.6,617705.1462587421,-50645.94625874219,1012109.9333333333,2369846.31761628,-345626.45094961324,283529.6,617705.1462587421,-50645.94625874219
863,1406228.6666666667,3547016.2832049327,-734558.949871599,1292663.7833333334,3297588.275929981,-712260.709263314,931366.1833333333,2146101.3032282065,-283368.93656153977,250172.76666666666,526629.0965244751,-26283.563191141875,1044171.4,2467047.510405232,-378704.71040523227,250174.65,526630.7541227996,-26281.454122799652
864,1655702.2666666666,4312841.635655684,-1001437.1023223507,1557705.4666666666,4068499.7218474317,-953088.7885140984,1151606.5,2812685.4789686454,-509472.47896864545,253774.56666666668,522980.91892027936,-15431.785586945975,1277495.4666666666,3137116.6303019766,-582125.6969686432,253774.56666666668,522980.91892027936,-15431.785586945975
865,1837982.9333333333,4700335.742834603,-1024369.8761679365,1731676.9,4447891.759891491,-984537.9598914911,1328792.0333333334,3199216.649125944,-541632.5824592768,289324.36666666664,596319.4089778655,-17670.675644532195,1428496.4,3493950.222811601,-636957.4228116011,289324.36666666664,596319.4089778655,-17670.675644532195
866,1930971.8,5012244.115158929,-1150300.5151589282,1841284.85,4812516.633274925,-1129946.9332749248,1408404.2666666666,3483454.516099766,-666645.9827664329,282185.63333333336,614727.010564519,-50355.743897852255,1500012.1666666667,3758803.1151016904,-758778.7817683567,282185.63333333336,614727.010564519,-50355.743897852255
867,1709394.7666666666,4384458.150836365,-965668.6175030321,1636713.0666666667,4233431.121564627,-960004.9882312936,1160508.2166666666,2772217.1409887816,-451200.70765544847,285857.1,613411.8656057642,-41697.665605764254,1214563.5,2942905.077809996,-513778.07780999574,285857.1,613411.8656057642,-41697.665605764254
868,1600009.8333333333,4061349.9319784837,-861330.2653118174,1533895.55,3897147.612093498,-829356.5120934977,1193402.6333333333,2846121.642716658,-459316.37604999123,355677.6666666667,778389.9142540381,-67034.5809207047,1340218.6,3227587.4319625814,-547150.2319625814,355677.6666666667,778389.9142540381,-67034.5809207047
869,2130243.1,5695519.747618673,-1435033.5476186732,2046697.4333333333,5482504.88808737,-1389110.021420704,1385960.45,3452064.9442140004,-680144.0442140005,299498.1666666667,659136.7870883632,-60140.45375502977,1496847.6333333333,3749583.418344419,-755888.1516777524,299498.1666666667,659136.7870883632,-60140.45375502977
870,2023581.0,5429558.2181427255,-1382396.218142726,1931738.6333333333,5191425.31122154,-1327948.0445548738,1272697.0666666667,3209972.3577989554,-664578.2244656221,249034.53333333333,551772.1241826618,-53703.05751599505,1385996.2,3463765.3658488826,-691772.9658488827,249034.53333333333,551772.1241826618,-53703.05751599505
871,1663955.9,4392705.711321772,-1064793.9113217723,1585770.4833333334,4209691.0841425145,-1038150.1174758477,1117916.2833333334,2699957.944189607,-464125.37752294005,239766.86666666667,538277.7914468134,-58744.058113480074,1162521.8,2885108.0264041205,-560064.4264041204,239766.86666666667,538277.7914468134,-58744.058113480074
872,1866079.5333333334,4921056.521445576,-1188897.4547789095,1773211.5166666666,4708571.110333036,-1162148.0769997025,1049941.3333333333,2419152.3705275655,-319269.70386089874,270984.36666666664,593785.4530685225,-51816.71973518928,1108423.6,2674882.171122573,-458034.97112257266,270984.36666666664,593785.4530685225,-51816.71973518928
873,1888301.1,4918284.953575281,-1141682.7535752817,1762811.5166666666,4655326.129614203,-1129703.09628087,1049291.6666666667,2468245.16792275,-369661.8345894166,262565.6666666667,581412.8415802857,-56281.50824695226,1168394.8333333333,2814373.76416525,-477584.0974985836,262565.6666666667,581412.8415802857,-56281.50824695226
874,2085817.5,5518443.073811617,-1346808.0738116163,1966399.25,5227236.256898826,-1294437.756898826,1292807.7,3153760.7276886934,-568145.3276886933,300121.6666666667,655669.8082598699,-55426.47492653655,1433668.1666666667,3542346.248029759,-675009.9146964259,300121.6666666667,655669.8082598699,-55426.47492653655
875,2304691.533333333,6018877.159323625,-1409494.0926569584,2114569.1,5536772.863982486,-1307634.6639824854,1483743.1,3636790.4814334414,-669304.2814334412,326308.13333333336,706910.5026400748,-54294.23597340804,1674574.8,4112637.5329589983,-763487.932958998,326308.13333333336,706910.5026400748,-54294.23597340804
876,1898179.4333333333,4833855.738415899,-1037496.8717492323,1808455.3166666667,4624141.415084395,-1007230.7817510616,1165199.1666666667,2692810.2254174454,-362411.8920841119,318648.26666666666,721610.1218043462,-84313.58847101289,1320033.6333333333,3062552.32782953,-422485.0611628634,318648.26666666666,721610.1218043462,-84313.58847101289
877,1663989.6666666667,4366208.553878015,-1038229.2205446812,1595315.3666666667,4194250.0387656903,-1003619.3054323569,891655.8166666667,2129904.3057581335,-346592.67242480046,275224.9666666667,681217.6104110877,-130767.67707775446,1024986.9666666667,2442907.1744432584,-392933.241109925,275224.9666666667,681217.6104110877,-130767.67707775446
878,1018269.6,2491122.4368676124,-454583.23686761234,987352.0833333334,2410886.7236745306,-436182.55700786377,712110.3,1635296.3283138676,-211075.72831386747,260246.63333333333,613636.8141798663,-93143.54751319971,822620.3666666667,1836973.7329419493,-191732.999608616,260246.63333333333,613636.8141798663,-93143.54751319971
879,1463357.8666666667,3707539.5096387193,-780823.7763053859,1443943.1333333333,3660047.554282865,-772161.2876161984,857279.5666666667,1979084.852762335,-264525.7194290017,305129.26666666666,719996.1264952808,-109737.59316194738,961696.1333333333,2157872.431345207,-234480.16467854055,305129.26666666666,719996.1264952808,-109737.59316194738
880,1148598.9666666666,2859329.0001446228,-562131.0668112896,1128070.6,2799966.7987402724,-543825.5987402725,734480.9833333333,1669404.7154429974,-200442.74877633096,298025.23333333334,746211.2916822704,-150160.82501560374,821116.8333333334,1829359.5182499993,-187125.85158333252,298025.23333333334,746211.2916822704,-150160.82501560374
881,831697.0333333333,1953424.1462169946,-290030.0795503281,795628.5666666667,1871652.8412437914,-280395.7079104581,583380.1,1296036.4795937426,-129276.27959374269,257274.93333333332,652252.4966522447,-137702.6299855781,673874.3666666667,1457008.7374025988,-109260.00406926556,257274.93333333332,652252.4966522447,-137702.6299855781
882,885506.5333333333,2042830.135358139,-271817.0686914724,811270.2666666667,1893497.8600652781,-270957.3267319446,556521.35,1194662.9711120655,-81620.27111206565,266208.5,701697.1384009558,-169280.13840095588,612842.5333333333,1341935.2244506087,-116250.15778394195,266208.5,701697.1384009558,-169280.13840095588
883,1316196.2,3243181.2007124713,-610788.8007124711,1198316.75,2972954.544718275,-576321.0447182748,710855.0166666667,1575429.654912802,-153719.6215794686,314666.13333333336,837796.5075176178,-208464.24085095106,850053.6333333333,1940961.1910729366,-240853.92440627003,314666.13333333336,837796.5075176178,-208464.24085095106
884,1196680.7666666666,3026107.1310450104,-632745.5977116772,1110767.85,2807515.3410386387,-585979.6410386383,704709.4666666667,1625300.9837470134,-215882.0504136799,243833.1,603803.766249458,-116137.56624945797,845533.2666666667,2005709.635502954,-314643.1021696207,243833.1,603803.766249458,-116137.56624945797
885,1677814.3333333333,4352862.602587778,-997233.9359211114,1591959.9,4152261.8526553186,-968342.0526553188,1143977.9833333334,2814152.136574162,-526196.1699074956,287280.43333333335,708408.8626209575,-133847.99595429085,1343057.7,3383447.321951532,-697331.9219515317,287280.43333333335,708408.8626209575,-133847.99595429085
886,1742011.4333333333,4545157.587264132,-1061134.7205974648,1604867.8,4197919.908757356,-988184.3087573557,1162184.5166666666,2856533.6788934823,-532164.6455601491,350946.8333333333,915684.3709130343,-213790.70424636774,1325222.5333333334,3360844.8353672773,-710399.7687006101,350946.8333333333,915684.3709130343,-213790.70424636774
887,1323399.5,3421001.3610603483,-774202.3610603483,1244769.2333333334,3235777.26554148,-746238.7988748131,937562.9833333333,2321831.5422688355,-446705.5756021688,292576.26666666666,797223.2883677218,-212070.7550343885,1103169.1666666667,2786000.861528958,-579662.5281956249,292576.26666666666,797223.2883677218,-212070.7550343885
888,1071016.3666666667,2631071.7845940925,-489039.0512607589,980580.3,2409641.701208876,-448481.1012088759,707986.7333333333,1634799.9293883932,-218826.46272172662,302486.86666666664,780897.7629001208,-175924.0295667876,909165.3333333334,2182371.685540917,-364041.01887425,302486.86666666664,780897.7629001208,-175924.0295667876
889,1386430.2333333334,3385753.3540144963,-612892.8873478293,1341607.1666666667,3300951.2020779075,-617736.8687445738,794526.9666666667,1770646.648290792,-181592.71495745855,327231.86666666664,812939.6396547314,-158475.9063213981,904514.9,1995392.2500944813,-186362.45009448135,327231.86666666664,812939.6396547314,-158475.9063213981
890,1482776.0666666667,3816229.96870144,-850677.8353681064,1357701.2666666666,3505128.996581829,-789726.463248496,1024722.7166666667,2448373.2253977754,-398927.79206444195,284085.7,725053.5216638786,-156882.1216638785,1107664.6333333333,2722392.57035324,-507063.30368657294,284085.7,725053.5216638786,-156882.1216638785
891,1235815.9666666666,3115391.474146394,-643759.540813061,1142676.85,2892387.2249562275,-607033.524956227,742380.8166666667,1626165.463176937,-141403.82984360377,235736.33333333334,608878.290017653,-137405.62335098637,806094.0333333333,1892123.2107554162,-279935.1440887494,235736.33333333334,608878.290017653,-137405.62335098637
892,980520.4666666667,2631196.8816708284,-670155.9483374952,894326.9,2442400.1205586614,-653746.3205586612,530055.3333333334,1205687.5967443823,-145576.93007771554,97839.53333333334,219879.09263430198,-24200.025967635287,648688.9666666667,1704500.3430825453,-407122.40974921186,97839.53333333334,219879.09263430198,-24200.025967635287
893,950211.0333333333,2532629.73618992,-632207.6695232535,849705.7666666667,2303292.5405138023,-603881.0071804688,602054.05,1415948.6319941648,-211840.5319941647,81614.66666666667,175300.5940454186,-12071.260712085248,874638.0333333333,2365564.8303727335,-616288.763706067,81616.41666666667,175302.1421718198,-12069.308838486482
894,1052441.3333333333,2854806.798036268,-749924.1313696012,934666.55,2527834.654877637,-658501.554877637,786216.7333333333,1978402.61622468,-405969.14955801365,99819.83333333333,214430.04164605917,-14790.374979392509,1064389.3,2866537.199684633,-737758.5996846326,99796.56666666667,214409.4495898508,-14816.316256517457
895,1262302.5,3381922.2929811543,-857317.2929811543,1099051.8,2957562.47394141,-759458.8739414099,1032367.4166666666,2642181.279391515,-577446.4460581817,98575.2,218555.66179678423,-21405.261796784238,1247663.2666666666,3353907.130795654,-858580.5974623207,98552.26666666666,218535.21512345056,-21430.681790117218
896,1516587.4333333333,4225961.991801994,-1192787.125135327,1324035.6833333333,3686834.46318822,-1038763.0965215534,1146760.85,3012166.719255857,-718645.0192558572,88093.16666666667,206850.66923728242,-30664.335903949075,1394536.4,3843230.088973057,-1054157.2889730572,88093.16666666667,206850.66923728242,-30664.335903949075
897,1312387.3333333333,3674705.5352128865,-1049930.8685462202,1213464.6,3436432.6608976806,-1009503.4608976804,1220958.0,3352120.8754719314,-910204.8754719314,59726.1,135380.95350100042,-15928.753501000414,1313320.9666666666,3672095.961554557,-1045454.0282212242,59726.1,135380.95350100042,-15928.753501000414
898,970614.5666666667,2703154.611703668,-761925.4783703345,898054.7833333333,2506501.2330607143,-710391.6663940478,860868.8,2288665.4826989044,-566927.8826989043,105950.56666666667,233733.16983978185,-21832.036506448523,969618.4333333333,2702192.746807754,-762955.8801410871,105950.56666666667,233733.16983978185,-21832.036506448523
899,1208557.9333333333,3379495.1226136824,-962379.2559470155,1084477.7,3030516.257399273,-861560.8573992732,961226.8833333333,2558883.669549253,-636429.9028825862,129771.6,305624.08336705505,-46080.88336705504,1199391.4666666666,3315551.9314756105,-916768.9981422776,129771.6,305624.08336705505,-46080.88336705504
900,1223877.7333333334,3487546.9057046333,-1039791.4390379665,1096984.1333333333,3123223.779937582,-929255.5132709153,767186.3,2072630.3765752623,-538257.7765752622,82131.4,202307.57411757763,-38044.77411757766,969571.2333333333,2683297.2435242594,-744154.776857593,82131.4,202307.57411757763,-38044.77411757766
901,1249211.6,3394145.1545545664,-895721.9545545662,1103667.85,3053951.637547937,-846615.937547937,673652.8333333334,1678492.4212021572,-331186.7545354903,101249.86666666667,227571.53002869777,-25071.796695364435,841425.3,2225538.4711716436,-542687.8711716437,101249.86666666667,227571.53002869777,-25071.796695364435
902,1025848.2666666667,2725597.1065015085,-673900.5731681752,919782.9666666667,2506527.7658086247,-666961.8324752912,581155.7333333333,1345460.5012393962,-183149.03457272972,101212.8,229445.5284793412,-27019.928479341208,759894.3,1983873.721921809,-464085.1219218089,101212.8,229445.5284793412,-27019.928479341208
903,1127055.6,2984347.3509345343,-730236.1509345344,960217.85,2588067.340893816,-667631.6408938164,669756.2833333333,1642502.0227872832,-302989.4561206165,107967.76666666666,229804.44343924223,-13868.9101059089,854415.9666666667,2227117.297918973,-518285.3645856398,107968.25,229804.87003786085,-13868.370037860848
904,1077380.7333333334,2862288.2645894513,-707526.7979227847,913346.7166666667,2439051.225584214,-612357.7922508809,559918.4,1383242.639009399,-263405.83900939906,111591.06666666667,252369.0310964674,-29186.897763134053,791172.8333333334,2025003.4776614918,-442657.8109948252,111591.06666666667,252369.0310964674,-29186.897763134053
905,1297774.7666666666,3400623.629690831,-805074.0963574979,1108670.25,2909478.0018211757,-692137.5018211757,795494.8833333333,1958964.8281203553,-367975.06145368866,162011.8,389380.16928442306,-65356.56928442308,973810.4,2497410.7708000215,-549789.9708000213,162011.8,389380.16928442306,-65356.56928442308
906,1463522.4,3996606.170019522,-1069561.370019522,1300031.4,3558030.517036225,-957967.7170362254,1023911.15,2656037.890794225,-608215.5907942251,129349.03333333334,324821.7289239787,-66123.66225731203,1160278.4333333333,3087890.1075641476,-767333.2408974811,129349.03333333334,324821.7289239787,-66123.66225731203
907,1494224.1,4195326.63135058,-1206878.4313505795,1380438.85,3909740.963406957,-1148863.263406957,890584.85,2455529.6242650608,-674359.9242650609,97775.26666666666,215852.4982770639,-20301.964943730578,1089819.2666666666,3040893.557013928,-861255.023680595,97775.26666666666,215852.4982770639,-20301.964943730578
908,1063406.0,2850106.9591813916,-723294.9591813914,956266.2166666667,2575697.1290449705,-663164.6957116373,673132.0333333333,1723038.7686625766,-376774.7019959098,138280.73333333334,303320.33662633924,-26758.869959672564,832670.0333333333,2186069.447961612,-520729.3812949456,138280.73333333334,303320.33662633924,-26758.869959672564
909,1213887.9333333333,3243205.36112129,-815429.4944546232,1059072.1166666667,2836967.6593066626,-718823.4259733292,884545.4833333333,2292107.5222039428,-523016.5555372763,160086.93333333332,357302.69480728614,-37128.82814061947,987996.7,2590646.242292835,-614652.842292835,160088.28333333333,357303.8996598964,-37127.332993229735
910,1402795.3,3890186.3347123545,-1084595.7347123541,1255468.05,3496445.340819164,-985509.2408191639,964251.5333333333,2608892.0195845757,-680388.9529179091,111489.6,259111.7379865985,-36132.5379865985,1109016.7,3029885.6000680216,-811852.2000680214,111489.06666666667,259111.25798768835,-36133.12465435504
911,1022937.7333333333,2814304.2436018847,-768428.776935218,914024.6833333333,2533848.434729698,-705799.0680630316,643055.6333333333,1712367.5039070705,-426256.2372404039,102301.9,240850.5275674535,-36246.72756745352,806908.4,2195834.93430544,-582018.1343054402,102301.9,240850.5275674535,-36246.72756745352
912,1056926.7,2858282.717074357,-744429.3170743571,937940.7166666667,2556853.0256681647,-680971.5923348315,598708.4333333333,1499142.1633085909,-301725.2966419242,149357.9,328853.80633952,-30138.006339519983,763650.9666666667,1992873.5855594915,-465571.6522261583,149357.9,328853.80633952,-30138.006339519983
913,1133061.7,3051066.8875601953,-784943.4875601951,981339.8,2672522.280743832,-709842.6807438317,617860.8333333334,1532149.4175730827,-296427.750906416,120187.86666666667,252278.48397789095,-11902.750644557615,744960.7333333333,1932164.8484203462,-442243.3817536797,120187.7,252278.33739947795,-11902.937399477945
914,1176972.6333333333,3116683.441702975,-762738.1750363081,1037655.3833333333,2782026.296403465,-706715.529736798,741364.2333333333,1852235.936757695,-369507.47009102826,115691.5,252330.67582925744,-20947.675829257438,863386.1,2229134.17749608,-502361.97749607975,115691.5,252330.67582925744,-20947.675829257438
915,1521345.0,4085868.0292185806,-1043178.0292185806,1346735.0,3621624.2274271804,-928154.2274271804,1114084.3333333333,2884427.767390265,-656259.1007235986,162775.26666666666,367287.76405555924,-41737.23072222591,1300105.7666666666,3462103.4179150085,-861891.8845816753,162775.26666666666,367287.76405555924,-41737.23072222591
916,2077960.6666666667,5770757.381966409,-1614836.0486330756,1856192.3166666667,5165442.744208324,-1453058.1108749907,1507303.75,4071149.3961279527,-1056541.8961279527,147507.33333333334,325735.3051464207,-30720.638479754038,1742189.6666666667,4806160.854264687,-1321781.5209313536,147507.33333333334,325735.3051464207,-30720.638479754038
917,2226157.6666666665,6232213.614139888,-1779898.2808065554,2047739.3833333333,5779981.2555014305,-1684502.4888347643,1640560.35,4516696.63118846,-1235575.93118846,147947.7,316212.0332063787,-20316.633206378698,1777067.7666666666,4956280.074254625,-1402144.5409212913,147947.7,316212.0332063787,-20316.633206378698
918,1357147.5333333334,3607076.811759347,-892781.7450926804,1239026.85,3329189.1081131487,-851135.4081131485,1003523.6333333333,2581986.120940958,-574938.8542742915,177033.66666666666,374414.40973391116,-20347.07640057782,1144865.4,3028732.6476695323,-739001.8476695323,177033.66666666666,374414.40973391116,-20347.07640057782
919,1593556.1,4197822.139835525,-1010709.9398355256,1423799.25,3784449.5953182606,-936851.0953182606,1123482.55,2839441.369702285,-592476.2697022853,230326.43333333332,493773.5242966303,-33120.65762996368,1213417.6,3129363.592005834,-702528.3920058338,230326.43333333332,493773.5242966303,-33120.65762996368
920,1776275.1,4769525.227726637,-1216975.0277266372,1600050.5833333333,4334318.591015127,-1134217.4243484603,1238557.7666666666,3209332.457691089,-732216.9243577556,173128.5,376096.2442942371,-29839.24429423714,1296356.1666666667,3403229.234844911,-810516.9015115772,173128.35,376096.1112419948,-29839.411241994792
921,1291301.6,3433201.4932126426,-850598.2932126424,1170989.8166666667,3139276.4248284334,-797296.7914951004,737021.35,1787310.079841429,-313267.37984142906,179667.33333333334,374107.24772162025,-14772.581054953596,821816.9,2065383.9189587738,-421750.1189587737,179667.33333333334,374107.24772162025,-14772.581054953596
922,1095430.0666666667,2765831.988379204,-574971.8550458709,994040.75,2530403.3205678146,-542321.8205678146,644880.4,1399013.4622628784,-109252.66226287838,245815.83333333334,507243.22050739184,-15611.553840725188,708763.3,1638007.5026104657,-220480.90261046565,245815.83333333334,507243.22050739184,-15611.553840725188
923,1184904.8666666667,2953327.2511922885,-583517.5178589553,1007966.5333333333,2531663.994590868,-515730.92792420124,631101.2666666667,1316708.4605868482,-54505.927253514645,210443.9,424529.4868798835,-3641.6868798835203,728462.2666666667,1635093.2204948105,-178168.68716147705,210443.86666666667,424529.4578870599,-3641.7245537265844
924,1198840.3666666667,2973087.08228592,-575406.3489525868,1000412.0,2515459.1450855085,-514635.14508550847,608063.7833333333,1305515.7537088147,-89388.1870421482,172163.9,364569.7769008033,-20241.97690080336,687362.0333333333,1549723.534459895,-174999.46779322845,172163.9,364569.7769008033,-20241.97690080336
925,1420781.7,3553578.9489759635,-712015.5489759638,1202893.85,3038299.20984511,-632511.5098451094,897968.8666666667,2039589.2503236597,-243651.51699032634,196218.56666666668,414311.67491072626,-21874.541577392927,999060.3666666667,2372114.0951048154,-373993.3617714818,196218.56666666668,414311.67491072626,-21874.541577392927
926,1426011.2666666666,3730680.625284151,-878658.091950818,1237216.2,3260812.22653577,-786379.8265357704,986215.7333333333,2380053.592296599,-407622.12562993227,157388.03333333333,356096.68395650585,-41320.617289839225,1084237.8666666667,2746228.2993719233,-577752.5660385899,157388.03333333333,356096.68395650585,-41320.617289839225
927,1345107.9,3676817.8433736386,-986602.0433736388,1186895.8333333333,3310876.581753809,-937084.9150871427,857406.9,2261118.4781555757,-546304.6781555755,81457.26666666666,176652.06947849592,-13737.536145162594,1066470.9666666666,2908904.5497150784,-775962.6163817451,81457.26666666666,176652.06947849592,-13737.536145162594
928,1113264.3666666667,2806264.341317515,-579735.6079841817,960574.9166666666,2480017.432047759,-558867.598714426,715725.45,1683896.3384355875,-252445.43843558757,157089.43333333332,322297.5433851691,-8118.67671850248,1056237.8666666667,2703808.5243983762,-591332.7910650426,157089.43333333332,322297.5433851691,-8118.67671850248
929,1256968.6666666667,3116169.4913801765,-602232.1580468428,1046737.9833333333,2640555.6260602153,-547079.6593935488,727783.5666666667,1615006.7254718565,-159439.59213852335,205654.3,447203.79246167256,-35895.19246167262,865608.7333333333,2037787.4760202863,-306570.00935361965,205654.3,447203.79246167256,-35895.19246167262
930,1156005.8,2948818.881638392,-636807.2816383918,973295.7833333333,2523632.8435664787,-577041.2768998122,785087.8666666667,1867114.8777622394,-296939.14442890603,129354.76666666666,273903.18470286153,-15193.651369528205,884098.2666666667,2177250.5913862204,-409054.0580528871,129354.76666666666,273903.18470286153,-15193.651369528205
931,1090418.0666666667,2851972.6373948986,-671136.5040615655,942263.9833333333,2525432.3444444505,-640904.377777784,561380.0666666667,1311971.0609722845,-189210.9276389511,106473.13333333333,219528.35734070273,-6582.090674036081,672172.8333333334,1681920.6799607603,-337575.01329409354,106473.13333333333,219528.35734070273,-6582.090674036081
932,963404.6333333333,2461608.8896169825,-534799.6229503159,825498.4,2181256.777827369,-530259.9778273689,494077.8,1104942.6465265774,-116787.04652657738,119802.46666666666,261762.4721235878,-22157.53879025446,619020.8666666667,1525557.096363592,-287515.36303025857,119802.51666666666,261762.51653402732,-22157.483200693998
933,1090933.4333333333,2751795.311774592,-569928.4451079252,895569.9166666666,2319283.832661263,-528143.9993279298,627685.3833333333,1376148.62642738,-120777.8597607133,122867.93333333333,241692.7444220122,4043.122244654456,820237.3666666667,1970375.6009665148,-329900.8676331814,122867.95,241692.75880574435,4043.141194255644
934,1011502.2666666667,2542744.4879036373,-519739.954570304,810746.1,2060465.8257093048,-438973.62570930494,556160.4333333333,1225324.9525147364,-113004.08584806963,118738.76666666666,247869.01232367914,-10391.478990345815,729263.3666666667,1746685.5531432184,-288158.819809885,118738.76666666666,247869.01232367914,-10391.478990345815
935,1142074.9333333333,2920712.133830212,-636562.2671635454,925228.3666666667,2397383.403293336,-546926.6699600024,716812.8333333334,1692239.752374143,-258614.08570747636,111420.16666666667,255255.28074653907,-32414.947413205737,994622.6666666666,2555658.4491096437,-566413.1157763106,111420.16666666667,255255.28074653907,-32414.947413205737
936,1270244.1666666667,3234044.7482304485,-693556.414897115,1063299.5,2739433.7552418103,-612834.7552418101,771824.15,1786301.2438403375,-242652.94384033745,143415.73333333334,349662.5763255106,-62831.109658843954,898363.2,2204486.0941190715,-407759.6941190716,143416.0,349662.8184300747,-62830.81843007475
937,1100120.2,2868825.0892837937,-668584.6892837938,938421.1666666666,2507694.883233163,-630852.5498998297,620752.6833333333,1494042.6998522424,-252537.33318557567,107393.53333333334,246591.6368418662,-31804.570175199493,689346.3666666667,1723856.9653078686,-345164.23197453516,107393.53333333334,246591.6368418662,-31804.570175199493
938,942657.7,2358777.637677569,-473462.23767756904,826353.2,2117313.715249774,-464607.3152497739,570977.3666666667,1293089.0982309238,-151134.36489759036,150852.63333333333,343573.3065133105,-41868.039846643864,794287.2333333333,1961118.2982231812,-372543.8315565145,150852.66666666666,343573.3363903067,-41868.00305697342
939,1124503.6666666667,2814070.1570679396,-565062.8237346059,942541.0166666667,2398242.7914941506,-513160.7581608171,582846.05,1255965.225515793,-90273.12551579287,163329.9,374520.21190329525,-47860.41190329529,700833.9333333333,1594041.6276240088,-192373.76095734222,163329.91666666666,374520.2268624885,-47860.393529155175
940,1103379.2,2742693.380069923,-535934.9800699232,899306.1,2272588.0491254046,-473975.8491254045,497438.88333333336,1043225.2883616067,-48347.521694939875,129468.16666666667,311679.2088597109,-52742.87552637757,636600.8333333334,1401393.2937819662,-128191.62711529946,129468.18333333333,311679.2239576396,-52742.85729097294
941,939655.9,2382794.284649777,-503482.48464977706,840585.8333333334,2188118.3048809296,-506946.638214263,433090.55,931798.1984225416,-65617.09842254163,100912.96666666666,240104.6618947591,-38278.72856142577,558277.6666666666,1304230.3589758915,-187675.02564255835,100912.95,240104.64682866755,-38278.74682866757
942,791470.5,1930762.6569172007,-347821.65691720066,657131.35,1643224.1159271598,-328961.41592715983,403237.7,820307.9156668306,-13832.515666830586,112628.13333333333,240168.81855872902,-14912.551892062358,564470.9333333333,1293478.365666622,-164536.49899995537,112628.25,240168.9215781546,-14912.421578154623
943,1080486.1666666667,2437191.0115459906,-276218.6782126571,920101.6166666667,2090571.5183531244,-250368.285019791,695473.25,1310113.8710939144,80832.62890608574,266594.6666666667,618125.9650007847,-84936.63166745135,869066.4,1856910.0518402252,-118777.25184022507,266594.75,618126.0399623268,-84936.53996232676
944,1112718.7333333334,2549750.0406133523,-324312.5739466853,952470.5666666667,2173723.1983276415,-268782.06499430817,681686.55,1308779.633791435,54593.466208565165,309821.63333333336,717486.9903343285,-97843.72366766178,830742.2333333333,1782162.4587947924,-120677.99212812586,309821.0,717486.4207598676,-97844.42075986764
945,1297008.3666666667,2983876.54623148,-389859.81289814645,1094485.8,2492214.904097953,-303243.30409795255,811129.9666666667,1569825.9942878052,52433.93904552818,359881.86666666664,845793.824244393,-126030.0909110597,979736.1666666666,2109180.722743391,-149708.38941005792,359881.23333333334,845793.2530461586,-126030.78637949191
946,1353407.2,3024069.433440809,-317255.033440809,1159943.5333333334,2581601.1577694914,-261714.09110282455,877607.1833333333,1708099.7883776326,47114.57828903408,352655.56666666665,823692.9836199281,-118381.85028659488,932579.3666666667,1913095.899876332,-47937.1665429984,352655.56666666665,823692.9836199281,-118381.85028659488
947,1392367.6666666667,3217892.7033523493,-433157.37001901586,1240756.1,2880347.6010885993,-398835.4010885991,835250.0333333333,1659553.714679636,10946.35198703059,294024.23333333334,700625.0766647281,-112576.60999806144,941062.9,1996370.2232411136,-114244.42324111366,294024.0333333333,700624.8958218071,-112576.82915514044
948,1326679.3333333333,2919352.0331411297,-265993.3664744634,1137859.6,2517865.5653526313,-242146.36535263108,910677.55,1754564.2702857773,66790.82971422281,338491.06666666665,822158.1363668266,-145176.0030334933,1094494.6666666667,2297272.226259229,-108282.89292589528,338489.56666666665,822156.7754000435,-145177.64206671022
949,1196566.4,2673366.2872552522,-280233.48725525243,984005.4333333333,2183848.5265236255,-215837.659856959,732127.8333333334,1378755.0711540708,85500.59551259596,283552.1666666667,657451.4159938062,-90347.08266047278,867176.7666666667,1755331.8931988468,-20978.359865513397,283552.1,657451.3560244383,-90347.15602443839
950,1163785.3666666667,2645760.2230774453,-318189.4897441119,969695.0333333333,2182575.358751725,-243185.29208505817,662814.5333333333,1240015.84159787,85613.22506879666,289863.1666666667,661556.9477538499,-81830.61442051647,737398.3333333334,1442653.0121254036,32143.65454126324,289856.35,661550.8344719538,-81838.13447195385
951,1134441.0,2528478.964262609,-259596.9642626089,1016860.85,2308421.4301186693,-274699.73011866945,709245.1833333333,1355593.2909828764,62897.075683790375,241507.4,577021.673860308,-94006.87386030806,759247.0,1547390.870607939,-28896.870607938967,241507.43333333332,577021.7040152462,-94006.83734857963
952,827298.8,1795930.1446493317,-141332.5446493316,722549.1666666666,1599351.3631980321,-154253.029864699,574327.7333333333,1051879.9661713035,96775.50049536303,229107.43333333332,547545.297224088,-89330.43055742132,614663.0,1240001.6130559891,-10675.61305598903,229107.4,547545.2670675367,-89330.46706753675
953,791902.1333333333,1697806.4517508992,-114002.1850842326,632992.05,1371417.6317418036,-105433.53174180351,542464.3833333333,968780.5235354629,116148.2431312037,243469.9,564423.0428871321,-77483.24288713213,578545.3,1143183.3557435018,13907.244256498292,243466.46666666667,564419.9541908521,-77487.02085751877
954,814325.2,1830988.6264353236,-202338.2264353236,664943.75,1496820.3004923146,-166932.8004923145,538814.7833333333,973515.6029770094,104113.96368965728,266899.5,593987.8840875496,-60188.88408754964,577985.5,1164894.0527475048,-8923.052747504902,266899.5,593987.8840875496,-60188.88408754964
955,923862.4,2106807.6217436623,-259082.82174366235,773565.6833333333,1773952.8799226289,-226821.51325596217,552765.45,1049967.576074722,55563.32392527786,305404.9,666068.7360849612,-55258.93608496117,611199.7333333333,1257092.2658152368,-34692.79914857028,305404.9,666068.7360849612,-55258.93608496117
956,1053202.0,2469673.666255677,-363269.66625567735,916679.0166666667,2189928.0808896953,-356570.047556362,640408.55,1252024.8759163083,28792.22408369195,335884.73333333334,765428.8390369974,-93659.37237033073,649643.3333333334,1351696.9670431498,-52410.30037648301,335884.73333333334,765428.8390369974,-93659.37237033073
957,1087812.9333333333,2535586.2547876574,-359960.3881209905,958395.6333333333,2271882.327953679,-355091.0612870124,677383.3166666667,1314041.2287671757,40725.40456615761,328880.1,762097.0393192638,-104336.83931926388,687866.4666666667,1428732.281044585,-52999.34771125158,328880.1,762097.0393192638,-104336.83931926388
958,1022471.3666666667,2190243.449815473,-145300.71648213966,919115.2833333333,2029358.2298520086,-191127.6631853421,781406.0,1484854.8480894794,77957.15191052062,365311.4,838832.8087458481,-108210.00874584808,732526.4666666667,1439930.646710523,25122.28662281041,365311.4,838832.8087458481,-108210.00874584808
959,1071603.3333333333,2484066.121525607,-340859.4548589403,887278.1333333333,2067092.6120631236,-292536.345396457,705446.8,1389626.2857850213,21267.31421497895,260189.73333333334,576775.3036792949,-56395.83701262821,804876.3666666667,1755080.425742206,-145327.69240887254,260189.73333333334,576775.3036792949,-56395.83701262821
960,1015832.5666666667,2344081.5052952357,-312416.37196190236,848474.9833333333,1967812.258783877,-270862.2921172102,594911.9833333333,1170651.692804644,19172.273862022557,286702.23333333334,614123.5297150081,-40719.06304834137,733565.3666666667,1544018.7448932508,-76888.01155991736,286702.2166666667,614123.514981555,-40719.08164822165
961,885018.9,1867702.7868854026,-97664.98688540258,782672.0833333334,1698951.365419827,-133607.1987531603,606296.1,1109342.7774834852,103249.42251651478,299848.9,647004.0280341057,-47306.228034105676,696360.6333333333,1376381.7314119402,16339.53525472642,299848.9,647004.0280341057,-47306.228034105676
962,777953.9,1620648.7207843484,-64740.92078434827,677125.6833333333,1440802.1103832545,-86550.7437165879,554355.6833333333,978390.7865317176,130320.58013494906,253555.4,560677.1083669629,-53566.308366962854,567361.3333333334,1076092.9040094516,58629.762657215004,253555.48333333334,560677.1825868085,-53566.21592014172
963,722853.1666666666,1441576.2771825842,4130.056150749093,578558.0166666667,1164428.0810690538,-7312.047735720407,526222.8166666667,927133.9682314451,125311.66510188824,212953.3,456567.85714991216,-30661.257149912155,626091.8,1216658.429216539,35525.170783460955,212953.4,456567.9455703447,-30661.14557034473
964,935725.4333333333,1971832.2559113512,-100381.38924468448,785271.8333333334,1670222.6568252828,-99678.9901586161,611819.4166666666,1112393.4741876784,111245.35914565483,304374.4666666667,662119.1476825118,-53370.21434917848,687164.8333333334,1345890.8659836987,28438.800682967994,304374.4166666667,662119.103317668,-53370.26998433453
965,981671.0,2156639.2584655164,-193297.2584655166,856394.6833333333,1906122.0742453975,-193332.70757873077,697973.0666666667,1340110.3674282448,55835.76590508851,326009.0,760912.0515149895,-108894.05151498946,917416.9333333333,1957796.6877006483,-122962.82103398151,326009.0,760912.0515149895,-108894.05151498946
966,1160318.3333333333,2633652.257414278,-313015.5907476116,940614.3833333333,2120058.621368771,-238829.85470210435,753656.2666666667,1429076.7209633782,78235.81236995524,343414.73333333334,780393.1614356271,-93563.69476896041,885353.6333333333,1861638.9797607693,-90931.71309410268,343414.73333333334,780393.1614356271,-93563.69476896041
967,1135656.6333333333,2479553.015115518,-208239.7484488513,988473.9166666666,2179021.1944446247,-202073.36111129133,825423.0166666667,1534154.2661187113,116691.76721462212,393638.4,891963.8657274144,-104687.06572741427,880252.7333333333,1739828.9861074598,20676.480559206684,393638.4,891963.8657274144,-104687.06572741427
968,805208.0333333333,1713488.4600526986,-103072.39338603197,727086.1166666667,1602191.591214725,-148019.35788139165,607440.2833333333,1167616.0968175842,47264.46984908241,291098.5333333333,754375.6112737054,-172178.54460703873,589248.1333333333,1167014.5049306396,11481.761736027081,291098.5333333333,754375.6112737054,-172178.54460703873
969,675220.7333333333,1476524.731366934,-126083.26470026746,564194.1166666667,1283455.864077305,-155067.63074397168,478077.6,942991.9838098092,13163.216190190811,178926.26666666666,461058.87142972683,-103206.3380963935,457735.8,922831.3140832238,-7359.7140832238365,178926.28333333333,461058.88669623155,-103206.3200295649
970,719019.8,1607946.5742567743,-169906.97425677418,615732.0166666667,1426176.3633961054,-194712.3300627719,548375.7833333333,1128488.582154793,-31737.015488126315,156034.86666666667,380410.22965037625,-68340.49631704288,540243.1,1116791.833303641,-36305.63330364111,156034.86666666667,380410.22965037625,-68340.49631704288
971,793028.6,1676143.189198142,-90085.98919814196,671752.4,1468747.7724770817,-125242.9724770817,593610.0833333334,1139683.0818821206,47537.08478454605,225909.2,587998.7442704578,-136180.34427045775,504615.0333333333,982875.3938375728,26354.672829093877,225909.2,587998.7442704578,-136180.34427045775
972,672368.2333333333,1373262.9378191633,-28526.471152496873,566651.4166666666,1203654.2206334318,-70351.38730009843,545895.7833333333,1028926.5266269522,62865.04003971437,203958.46666666667,559537.0601895789,-151620.12685624562,413388.6,809437.4411560262,17339.758843973745,203958.5,559537.0909901541,-151620.090990154
973,639006.1,1297251.4721025939,-19239.27210259391,510875.3333333333,1057930.5863638732,-36179.919697206526,498371.93333333335,915739.2818483935,81004.5848182732,123406.4,275105.79464011826,-28292.99464011824,395556.26666666666,738222.0959350478,52890.43739828543,123406.41666666667,275105.8095107745,-28292.976177441175
974,630451.3,1355418.1480545704,-94515.54805457045,505262.3333333333,1095428.9703415036,-84904.30367483705,484299.06666666665,902363.0078005805,66235.12553275289,163285.33333333334,346235.37673561636,-19664.710068949673,395992.93333333335,747420.6001008201,44565.26656584663,163284.81666666668,346234.9211364492,-19665.287803115876
975,734659.3666666667,1768183.3589413785,-298864.62560804514,557534.1166666667,1373595.582984914,-258527.3496515808,504610.06666666665,1059030.0536660315,-49809.920332698035,95354.7,233687.3950018637,-42977.9950018637,382423.5,850914.2589640856,-86067.2589640856,95353.95,233686.7134374795,-42978.81343747953
976,874781.0333333333,2211891.4601676688,-462329.393501002,650566.0333333333,1669702.3572850549,-368570.29061838833,619698.5833333334,1400458.8508405308,-161061.68417386408,103640.83333333333,305628.2620701644,-98346.5954034977,529097.0,1236417.0302589163,-178223.0302589162,103640.83333333333,305628.2620701644,-98346.5954034977
977,868797.3,2184459.956376629,-446865.35637662886,683645.4333333333,1747434.4432311617,-380143.576564495,661070.7166666667,1534626.6495541348,-212485.21622080158,122439.56666666667,361966.86764689314,-117087.73431355979,592389.8333333334,1377617.6929759418,-192838.02630927507,122439.56666666667,361966.86764689314,-117087.73431355979
978,781105.5,1781557.9815447708,-219346.98154477077,681427.0,1604131.9004961527,-241277.9004961528,555417.65,1130889.6493162166,-20054.34931621654,189824.53333333333,548583.0673915532,-168934.0007248865,429842.9,896657.8897768448,-36972.08977684472,189824.53333333333,548583.0673915532,-168934.0007248865
979,761682.3,1922424.5527000988,-399059.95270009874,596287.2833333333,1530399.7369701036,-337825.1703034369,529694.7666666667,1163075.3585131546,-103685.825179821,96562.5,285673.32551590074,-92548.32551590074,395904.4,890793.2367148777,-98984.43671487767,96562.48333333334,285673.30997651874,-92548.34330985209
980,797092.1333333333,2014522.1347117044,-420337.86804503785,626944.9666666667,1606714.1122527756,-352824.1789194421,582912.7333333333,1289378.0696953672,-123552.60302870069,114099.7,337714.2287422604,-109514.82874226045,486772.76666666666,1143483.5001910294,-169937.966857696,114099.66666666667,337714.19766192185,-109514.86432858852
981,630180.9,1623854.9404275757,-363493.1404275758,580280.4,1504121.910365962,-343561.1103659618,455237.23333333334,1013369.878210095,-102895.41154342837,142249.36666666667,421056.7736122536,-136558.0402789203,316566.73333333334,769169.9991585431,-136036.53249187645,142249.2,421056.61820861686,-136558.21820861683
982,487188.4,1199088.0554069844,-224711.25540698448,456135.01666666666,1143329.8646776772,-231059.83134434378,387188.4,797344.0340752432,-22967.234075243177,112414.5,332738.6070429281,-107909.60704292808,257781.8,577535.9580426604,-61972.3580426604,112414.5,332738.6070429281,-107909.60704292808
983,506624.6666666667,1332262.4325624784,-319013.0992291449,417667.01666666666,1102491.9681388466,-267157.9348055132,366894.88333333336,802394.9124768521,-68605.14581018541,49317.3,145974.54463945518,-47339.94463945518,211483.46666666667,508961.9544064875,-85995.02107315417,49317.26666666667,145974.51355885205,-47339.9802255187
984,408444.5333333333,1104648.5961258,-287759.5294591333,353682.43333333335,943295.8478090178,-235930.98114235105,315613.36666666664,670303.445919381,-39076.71258604765,49780.4,125098.08284095817,-25537.282840958163,184223.0,445262.7703159087,-76816.77031590874,49780.4,125098.08284095817,-25537.282840958163
985,471096.9666666667,1252024.7596201156,-309830.8262867823,378873.6,997047.0161945779,-239299.81619457796,350058.95,773744.0763349289,-73626.17633492878,72899.0,190485.1606699287,-44687.16066992871,199588.1,484730.7694509382,-85554.56945093817,72899.0,190485.1606699287,-44687.16066992871
986,215244.7,492691.96507914865,-62202.565079148626,206766.96666666667,483523.2620342898,-69989.32870095642,267014.06666666665,530633.3019609913,3394.831372341956,101283.5,299766.0453372729,-97199.0453372729,117359.4,283434.3802633415,-48715.580263341515,101283.5,299766.0453372729,-97199.0453372729
987,340035.36666666664,765658.6379981245,-85587.90466479119,332337.25,757936.0128460028,-93261.51284600276,377251.88333333336,768245.075425775,-13741.308759108244,171549.33333333334,482374.74341153086,-139276.07674486414,186489.5,466147.33882586105,-93168.33882586105,171549.33333333334,482374.74341153086,-139276.07674486414
988,317616.8333333333,794048.361592709,-158814.69492604234,317616.8333333333,794048.361592709,-158814.69492604234,371604.5333333333,846049.0369941358,-102839.97032746917,257089.33333333334,723676.0858560067,-209497.41918934006,275895.73333333334,741550.5704203543,-189759.10375368758,257089.33333333334,723676.0858560067,-209497.41918934006
989,512965.2,1289774.3363894175,-263843.93638941745,463997.9666666667,1162381.8790415348,-234385.94570820162,445260.0,960511.0565452902,-69991.05654529016,130357.2,371131.4117540834,-110417.0117540834,262988.36666666664,612517.7848565738,-86541.05152324052,130357.2,371131.4117540834,-110417.0117540834
990,660741.3,1713401.6023536932,-391919.0023536931,613237.75,1590910.6775139398,-364435.1775139398,550433.95,1268605.1939269057,-167737.29392690584,135451.5,400935.42620870314,-130032.42620870314,321544.76666666666,777551.8266753056,-134462.29334197234,135451.5,400935.42620870314,-130032.42620870314
991,734191.0,1682868.7524590332,-214486.75245903316,721435.5666666667,1670387.247690229,-227516.11435689568,651428.8333333334,1418097.7281311834,-115240.0614645168,344993.56666666665,992096.900084491,-302109.7667511577,495086.9,1162619.8247160066,-172446.0247160066,344992.73333333334,992096.1255965461,-302110.65892987937
992,594645.5333333333,1344660.562463798,-155369.49579713144,576876.9333333333,1326220.6080569387,-172466.74139027204,514939.43333333335,1083130.2246170568,-53251.357950390084,254977.03333333333,718438.4546166528,-208484.38794998615,374276.86666666664,850800.2062789702,-102246.4729456369,254976.15,718437.6356482386,-208485.33564823857
993,636797.8333333334,1371388.5849506287,-97792.91828396183,581445.6333333333,1296767.0415251656,-133875.77485849895,550495.4833333333,1093131.4851560337,7859.481510633021,211733.66666666666,579138.8914036345,-155671.5580703011,449280.9,920061.7545466099,-21499.954546609835,211733.66666666666,579138.8914036345,-155671.5580703011
994,662400.2666666667,1477496.9608171112,-152696.42748377786,596242.5833333334,1351344.5373879499,-158859.37072128302,602816.65,1202742.1903388158,2891.1096611842513,219264.23333333334,591760.8879002272,-153232.4212335606,448818.5333333333,927348.1345524013,-29711.067885734665,219258.36666666667,591755.4780089252,-153238.74467559185
995,762735.3,1830382.2869398373,-304911.6869398372,628101.6833333333,1538959.6113575324,-282756.24469086586,613594.4,1335054.0474277344,-107865.2474277342,132735.4,348807.1263690186,-83336.32636901858,448979.0,961464.1835457778,-63506.183545777865,132691.45,348766.66331353056,-83383.76331353054
996,916032.1333333333,2287693.213385612,-455628.94671894494,750880.9,1917152.921142281,-415391.1211422811,763825.1666666666,1820042.8981485865,-292392.56481525314,117588.06666666667,348042.49731301144,-112866.36397967809,530763.4333333333,1222035.9305327046,-160509.06386603776,117588.06666666667,348042.49731301144,-112866.36397967809
997,947406.7666666667,2294174.64808831,-399361.1147549766,841200.8166666667,2103914.336434313,-421512.7031009798,712351.4333333333,1635246.2254527514,-210543.3587860847,135307.96666666667,366242.661422684,-95626.7280893506,519856.1666666667,1154622.5543790096,-114910.22104567633,135307.96666666667,366242.661422684,-95626.7280893506
998,748233.0666666667,1681515.4401293271,-185049.30679599382,703567.7,1631955.328127747,-224819.92812774703,632121.3166666667,1292830.8338392982,-28588.200505964807,241163.43333333332,670753.9340036735,-188427.06733700688,511677.4,1058358.561563355,-35003.76156335487,241163.43333333332,670753.9340036735,-188427.06733700688
999,642906.2333333333,1626884.252821209,-341071.78615454247,549055.3666666667,1420864.5295592481,-322753.79622591485,574744.6,1298276.3220127765,-148787.12201277656,90655.33333333333,241972.36587801256,-60661.69921134591,408086.7,901834.680832491,-85661.28083249106,90655.33333333333,241972.36587801256,-60661.69921134591
1000,697620.9666666667,1772431.6322804186,-377189.6989470854,578800.6333333333,1501345.7211039355,-343744.454437269,617967.6,1483633.5188857,-247698.31888570008,68471.7,202675.15062475594,-65731.75062475596,484791.0333333333,1118554.0266877655,-148971.96002109873,68471.55,202675.01076072134,-65731.91076072132
