x,meanNoByzantine,upNoByzantine,lowNoByzantine,meanCapacityLie,upCapacityLie,lowCapacityLie,meanDemandLie,upDemandLie,lowDemandLie,meanInterferenceLie,upInterferenceLie,lowInterferenceLie,meanObsNoise,upObsNoise,lowObsNoise,meanUserDirLie,upUserDirLie,lowUserDirLie
1,544777.1333333333,1301732.3031695047,-212178.03650283825,544777.1333333333,1301732.3031695047,-212178.03650283825,544777.1333333333,1301732.3031695047,-212178.03650283825,544777.1333333333,1301732.3031695047,-212178.03650283825,544777.1333333333,1301732.3031695047,-212178.03650283825,544777.1333333333,1301732.3031695047,-212178.03650283825
2,475937.26666666666,1122989.8705745786,-171115.33724124526,475937.26666666666,1122989.8705745786,-171115.33724124526,475937.26666666666,1122989.8705745786,-171115.33724124526,475937.26666666666,1122989.8705745786,-171115.33724124526,475937.26666666666,1122989.8705745786,-171115.33724124526,475937.26666666666,1122989.8705745786,-171115.33724124526
3,485963.43333333335,1236705.6518526855,-264778.7851860187,485963.43333333335,1236705.6518526855,-264778.7851860187,485963.43333333335,1236705.6518526855,-264778.7851860187,485963.43333333335,1236705.6518526855,-264778.7851860187,485963.43333333335,1236705.6518526855,-264778.7851860187,485963.43333333335,1236705.6518526855,-264778.7851860187
4,826275.0333333333,1794618.7650883268,-142068.69842166,826275.0333333333,1794618.7650883268,-142068.69842166,826275.0333333333,1794618.7650883268,-142068.69842166,826275.0333333333,1794618.7650883268,-142068.69842166,826275.0333333333,1794618.7650883268,-142068.69842166,826275.0333333333,1794618.7650883268,-142068.69842166
5,702571.9666666667,1562038.6641406287,-156894.73080729542,702571.9666666667,1562038.6641406287,-156894.73080729542,702571.9666666667,1562038.6641406287,-156894.73080729542,702571.9666666667,1562038.6641406287,-156894.73080729542,702571.9666666667,1562038.6641406287,-156894.73080729542,702571.9666666667,1562038.6641406287,-156894.73080729542
6,649773.8666666667,1405649.075139062,-106101.3418057285,649773.8666666667,1405649.075139062,-106101.3418057285,649773.8666666667,1405649.075139062,-106101.3418057285,649773.8666666667,1405649.075139062,-106101.3418057285,649773.8666666667,1405649.075139062,-106101.3418057285,649773.8666666667,1405649.075139062,-106101.3418057285
7,621674.0,1336890.5418784427,-93542.54187844275,621674.0,1336890.5418784427,-93542.54187844275,621674.0,1336890.5418784427,-93542.54187844275,621674.0,1336890.5418784427,-93542.54187844275,621674.0,1336890.5418784427,-93542.54187844275,621674.0,1336890.5418784427,-93542.54187844275
8,529801.6,1118329.3383775856,-58726.1383775858,529801.6,1118329.3383775856,-58726.1383775858,529801.6,1118329.3383775856,-58726.1383775858,529801.6,1118329.3383775856,-58726.1383775858,529801.6,1118329.3383775856,-58726.1383775858,529801.6,1118329.3383775856,-58726.1383775858
9,600263.9666666667,1280595.435195269,-80067.50186193583,600263.9666666667,1280595.435195269,-80067.50186193583,600263.9666666667,1280595.435195269,-80067.50186193583,600263.9666666667,1280595.435195269,-80067.50186193583,600263.9666666667,1280595.435195269,-80067.50186193583,600263.9666666667,1280595.435195269,-80067.50186193583
10,581681.0,1178276.343848472,-14914.343848471879,581681.0,1178276.343848472,-14914.343848471879,581681.0,1178276.343848472,-14914.343848471879,581681.0,1178276.343848472,-14914.343848471879,581681.0,1178276.343848472,-14914.343848471879,581681.0,1178276.343848472,-14914.343848471879
11,282687.86666666664,662671.1679096927,-97295.43457635952,282687.86666666664,662671.1679096927,-97295.43457635952,282687.86666666664,662671.1679096927,-97295.43457635952,282687.86666666664,662671.1679096927,-97295.43457635952,282687.86666666664,662671.1679096927,-97295.43457635952,282687.86666666664,662671.1679096927,-97295.43457635952
12,335565.1,787091.9235518982,-115961.72355189826,335565.1,787091.9235518982,-115961.72355189826,335565.1,787091.9235518982,-115961.72355189826,335565.1,787091.9235518982,-115961.72355189826,335565.1,787091.9235518982,-115961.72355189826,335565.1,787091.9235518982,-115961.72355189826
13,115172.3,261310.7003349837,-30966.100334983683,115172.3,261310.7003349837,-30966.100334983683,115172.3,261310.7003349837,-30966.100334983683,115172.3,261310.7003349837,-30966.100334983683,115172.3,261310.7003349837,-30966.100334983683,115172.3,261310.7003349837,-30966.100334983683
14,76143.1,183227.26792347655,-30941.06792347654,76143.1,183227.26792347655,-30941.06792347654,76143.1,183227.26792347655,-30941.06792347654,76143.1,183227.26792347655,-30941.06792347654,76143.1,183227.26792347655,-30941.06792347654,76143.1,183227.26792347655,-30941.06792347654
15,77668.93333333333,185424.7365242132,-30086.869857546524,77668.93333333333,185424.7365242132,-30086.869857546524,77668.93333333333,185424.7365242132,-30086.869857546524,77668.93333333333,185424.7365242132,-30086.869857546524,77668.93333333333,185424.7365242132,-30086.869857546524,77668.93333333333,185424.7365242132,-30086.869857546524
16,77423.73333333334,184296.66296292163,-29449.19629625496,77423.73333333334,184296.66296292163,-29449.19629625496,77423.73333333334,184296.66296292163,-29449.19629625496,77423.73333333334,184296.66296292163,-29449.19629625496,77423.73333333334,184296.66296292163,-29449.19629625496,77423.73333333334,184296.66296292163,-29449.19629625496
17,78080.73333333334,184755.40883052736,-28593.942163860687,78080.73333333334,184755.40883052736,-28593.942163860687,78080.73333333334,184755.40883052736,-28593.942163860687,78080.73333333334,184755.40883052736,-28593.942163860687,78080.73333333334,184755.40883052736,-28593.942163860687,78080.73333333334,184755.40883052736,-28593.942163860687
18,99060.8,234314.4591492011,-36192.85914920112,99060.8,234314.4591492011,-36192.85914920112,99060.8,234314.4591492011,-36192.85914920112,99060.8,234314.4591492011,-36192.85914920112,99060.8,234314.4591492011,-36192.85914920112,99060.8,234314.4591492011,-36192.85914920112
19,82642.1,195555.53272978525,-30271.332729785223,82642.1,195555.53272978525,-30271.332729785223,82642.1,195555.53272978525,-30271.332729785223,82642.1,195555.53272978525,-30271.332729785223,82642.1,195555.53272978525,-30271.332729785223,82642.1,195555.53272978525,-30271.332729785223
20,121544.26666666666,270668.1133179302,-27579.579984596872,121544.26666666666,270668.1133179302,-27579.579984596872,121544.26666666666,270668.1133179302,-27579.579984596872,121544.26666666666,270668.1133179302,-27579.579984596872,121544.26666666666,270668.1133179302,-27579.579984596872,121544.26666666666,270668.1133179302,-27579.579984596872
21,148795.63333333333,327399.25433193764,-29807.98766527095,148795.63333333333,327399.25433193764,-29807.98766527095,148795.63333333333,327399.25433193764,-29807.98766527095,148795.63333333333,327399.25433193764,-29807.98766527095,148795.63333333333,327399.25433193764,-29807.98766527095,148795.63333333333,327399.25433193764,-29807.98766527095
22,150378.43333333332,376209.4474339532,-75452.5807672865,150378.43333333332,376209.4474339532,-75452.5807672865,150378.43333333332,376209.4474339532,-75452.5807672865,150378.43333333332,376209.4474339532,-75452.5807672865,150378.43333333332,376209.4474339532,-75452.5807672865,150378.43333333332,376209.4474339532,-75452.5807672865
23,129857.16666666667,384377.21333333326,-124662.87999999993,129857.16666666667,384377.21333333326,-124662.87999999993,129857.16666666667,384377.21333333326,-124662.87999999993,129857.16666666667,384377.21333333326,-124662.87999999993,129857.16666666667,384377.21333333326,-124662.87999999993,129857.16666666667,384377.21333333326,-124662.87999999993
24,417699.9666666667,1155227.2886576257,-319827.3553242923,417699.9666666667,1155227.2886576257,-319827.3553242923,417699.9666666667,1155227.2886576257,-319827.3553242923,417699.9666666667,1155227.2886576257,-319827.3553242923,417699.9666666667,1155227.2886576257,-319827.3553242923,417699.9666666667,1155227.2886576257,-319827.3553242923
25,754371.7333333333,1721092.926854127,-212349.46018746065,754371.7333333333,1721092.926854127,-212349.46018746065,754371.7333333333,1721092.926854127,-212349.46018746065,754371.7333333333,1721092.926854127,-212349.46018746065,754371.7333333333,1721092.926854127,-212349.46018746065,754371.7333333333,1721092.926854127,-212349.46018746065
26,580859.6333333333,1384803.3921170076,-223084.12545034103,580859.6333333333,1384803.3921170076,-223084.12545034103,580859.6333333333,1384803.3921170076,-223084.12545034103,580859.6333333333,1384803.3921170076,-223084.12545034103,580859.6333333333,1384803.3921170076,-223084.12545034103,580859.6333333333,1384803.3921170076,-223084.12545034103
27,581766.9666666667,1337920.2446032343,-174386.311269901,581766.9666666667,1337920.2446032343,-174386.311269901,581766.9666666667,1337920.2446032343,-174386.311269901,581766.9666666667,1337920.2446032343,-174386.311269901,581766.9666666667,1337920.2446032343,-174386.311269901,581766.9666666667,1337920.2446032343,-174386.311269901
28,632172.0333333333,1460244.2006372656,-195900.13397059892,632172.0333333333,1460244.2006372656,-195900.13397059892,632172.0333333333,1460244.2006372656,-195900.13397059892,632172.0333333333,1460244.2006372656,-195900.13397059892,632172.0333333333,1460244.2006372656,-195900.13397059892,632172.0333333333,1460244.2006372656,-195900.13397059892
29,528440.1666666666,1231618.599021066,-174738.26568773272,528440.1666666666,1231618.599021066,-174738.26568773272,528440.1666666666,1231618.599021066,-174738.26568773272,528440.1666666666,1231618.599021066,-174738.26568773272,528440.1666666666,1231618.599021066,-174738.26568773272,528440.1666666666,1231618.599021066,-174738.26568773272
30,699998.0666666667,1628256.3668767891,-228260.23354345583,699998.0666666667,1628256.3668767891,-228260.23354345583,699998.0666666667,1628256.3668767891,-228260.23354345583,699998.0666666667,1628256.3668767891,-228260.23354345583,699998.0666666667,1628256.3668767891,-228260.23354345583,699998.0666666667,1628256.3668767891,-228260.23354345583
31,635626.6,1483982.5336176825,-212729.33361768257,635626.6,1483982.5336176825,-212729.33361768257,635626.6,1483982.5336176825,-212729.33361768257,635626.6,1483982.5336176825,-212729.33361768257,635626.6,1483982.5336176825,-212729.33361768257,635626.6,1483982.5336176825,-212729.33361768257
32,627746.8666666667,1458335.3301756075,-202841.5968422742,627746.8666666667,1458335.3301756075,-202841.5968422742,627746.8666666667,1458335.3301756075,-202841.5968422742,627746.8666666667,1458335.3301756075,-202841.5968422742,627746.8666666667,1458335.3301756075,-202841.5968422742,627746.8666666667,1458335.3301756075,-202841.5968422742
33,741030.2,1570876.9841964561,-88816.58419645613,741030.2,1570876.9841964561,-88816.58419645613,741030.2,1570876.9841964561,-88816.58419645613,741030.2,1570876.9841964561,-88816.58419645613,741030.2,1570876.9841964561,-88816.58419645613,741030.2,1570876.9841964561,-88816.58419645613
34,689334.8666666667,1445177.6050658543,-66507.87173252087,689334.8666666667,1445177.6050658543,-66507.87173252087,689334.8666666667,1445177.6050658543,-66507.87173252087,689334.8666666667,1445177.6050658543,-66507.87173252087,689334.8666666667,1445177.6050658543,-66507.87173252087,689334.8666666667,1445177.6050658543,-66507.87173252087
35,706059.1666666666,1423622.3797895312,-11504.046456197859,706059.1666666666,1423622.3797895312,-11504.046456197859,706059.1666666666,1423622.3797895312,-11504.046456197859,706059.1666666666,1423622.3797895312,-11504.046456197859,706059.1666666666,1423622.3797895312,-11504.046456197859,706059.1666666666,1423622.3797895312,-11504.046456197859
36,692618.0333333333,1337290.0264299705,47946.040236696135,692618.0333333333,1337290.0264299705,47946.040236696135,692618.0333333333,1337290.0264299705,47946.040236696135,692618.0333333333,1337290.0264299705,47946.040236696135,692618.0333333333,1337290.0264299705,47946.040236696135,692618.0333333333,1337290.0264299705,47946.040236696135
37,714297.6666666666,1408793.647036349,19801.686296984437,714297.6666666666,1408793.647036349,19801.686296984437,714297.6666666666,1408793.647036349,19801.686296984437,714297.6666666666,1408793.647036349,19801.686296984437,714297.6666666666,1408793.647036349,19801.686296984437,714297.6666666666,1408793.647036349,19801.686296984437
38,1181280.3666666667,2476017.1998507883,-113456.46651745471,1181280.3666666667,2476017.1998507883,-113456.46651745471,1181280.3666666667,2476017.1998507883,-113456.46651745471,1181280.3666666667,2476017.1998507883,-113456.46651745471,1181280.3666666667,2476017.1998507883,-113456.46651745471,1181280.3666666667,2476017.1998507883,-113456.46651745471
39,1281327.6333333333,2843226.910210675,-280571.6435440085,1281327.6333333333,2843226.910210675,-280571.6435440085,1281327.6333333333,2843226.910210675,-280571.6435440085,1281327.6333333333,2843226.910210675,-280571.6435440085,1281327.6333333333,2843226.910210675,-280571.6435440085,1281327.6333333333,2843226.910210675,-280571.6435440085
40,1335433.6,3048375.3593690144,-377508.15936901397,1335433.6,3048375.3593690144,-377508.15936901397,1335433.6,3048375.3593690144,-377508.15936901397,1335433.6,3048375.3593690144,-377508.15936901397,1335433.6,3048375.3593690144,-377508.15936901397,1335433.6,3048375.3593690144,-377508.15936901397
41,1683375.6333333333,3583867.350413842,-217116.08374717552,1683375.6333333333,3583867.350413842,-217116.08374717552,1683375.6333333333,3583867.350413842,-217116.08374717552,1683375.6333333333,3583867.350413842,-217116.08374717552,1683375.6333333333,3583867.350413842,-217116.08374717552,1683375.6333333333,3583867.350413842,-217116.08374717552
42,1702861.8,3637737.2503804695,-232013.65038046916,1702861.8,3637737.2503804695,-232013.65038046916,1702861.8,3637737.2503804695,-232013.65038046916,1702861.8,3637737.2503804695,-232013.65038046916,1702861.8,3637737.2503804695,-232013.65038046916,1702861.8,3637737.2503804695,-232013.65038046916
43,1814096.1333333333,4045842.4854048407,-417650.21873817407,1814096.1333333333,4045842.4854048407,-417650.21873817407,1814096.1333333333,4045842.4854048407,-417650.21873817407,1814096.1333333333,4045842.4854048407,-417650.21873817407,1814096.1333333333,4045842.4854048407,-417650.21873817407,1814096.1333333333,4045842.4854048407,-417650.21873817407
44,2136943.3333333335,4550458.448536821,-276571.78187015373,2136943.3333333335,4550458.448536821,-276571.78187015373,2136943.3333333335,4550458.448536821,-276571.78187015373,2136943.3333333335,4550458.448536821,-276571.78187015373,2136943.3333333335,4550458.448536821,-276571.78187015373,2136943.3333333335,4550458.448536821,-276571.78187015373
45,2266234.1,4884048.642232489,-351580.4422324891,2266234.1,4884048.642232489,-351580.4422324891,2266234.1,4884048.642232489,-351580.4422324891,2266234.1,4884048.642232489,-351580.4422324891,2266234.1,4884048.642232489,-351580.4422324891,2266234.1,4884048.642232489,-351580.4422324891
46,2398434.1,5169888.574206784,-373020.3742067837,2398434.1,5169888.574206784,-373020.3742067837,2398434.1,5169888.574206784,-373020.3742067837,2398434.1,5169888.574206784,-373020.3742067837,2398434.1,5169888.574206784,-373020.3742067837,2398434.1,5169888.574206784,-373020.3742067837
47,2591731.2,5710239.987237197,-526777.587237197,2591731.2,5710239.987237197,-526777.587237197,2591731.2,5710239.987237197,-526777.587237197,2591731.2,5710239.987237197,-526777.587237197,2591731.2,5710239.987237197,-526777.587237197,2591731.2,5710239.987237197,-526777.587237197
48,2552767.1666666665,5595498.4733016435,-489964.13996831,2552767.1666666665,5595498.4733016435,-489964.13996831,2552767.1666666665,5595498.4733016435,-489964.13996831,2552767.1666666665,5595498.4733016435,-489964.13996831,2552767.1666666665,5595498.4733016435,-489964.13996831,2552767.1666666665,5595498.4733016435,-489964.13996831
49,3168942.1,6651495.608002605,-313611.4080026052,3168942.1,6651495.608002605,-313611.4080026052,3168942.1,6651495.608002605,-313611.4080026052,3168942.1,6651495.608002605,-313611.4080026052,3168942.1,6651495.608002605,-313611.4080026052,3168942.1,6651495.608002605,-313611.4080026052
50,3027858.7333333334,6465353.899034003,-409636.432367336,3027858.7333333334,6465353.899034003,-409636.432367336,3027858.7333333334,6465353.899034003,-409636.432367336,3027858.7333333334,6465353.899034003,-409636.432367336,3027858.7333333334,6465353.899034003,-409636.432367336,3027858.7333333334,6465353.899034003,-409636.432367336
51,3156078.433333333,6592403.05607645,-280246.1894097836,3156078.433333333,6592403.05607645,-280246.1894097836,3156078.433333333,6592403.05607645,-280246.1894097836,3156078.433333333,6592403.05607645,-280246.1894097836,3156078.433333333,6592403.05607645,-280246.1894097836,3156078.433333333,6592403.05607645,-280246.1894097836
52,3587162.2333333334,7442519.0483144615,-268194.5816477942,3587162.2333333334,7442519.0483144615,-268194.5816477942,3587162.2333333334,7442519.0483144615,-268194.5816477942,3587162.2333333334,7442519.0483144615,-268194.5816477942,3587162.2333333334,7442519.0483144615,-268194.5816477942,3587162.2333333334,7442519.0483144615,-268194.5816477942
53,3361291.2,7308702.365412786,-586119.9654127853,3361291.2,7308702.365412786,-586119.9654127853,3361291.2,7308702.365412786,-586119.9654127853,3361291.2,7308702.365412786,-586119.9654127853,3361291.2,7308702.365412786,-586119.9654127853,3361291.2,7308702.365412786,-586119.9654127853
54,3273790.1333333333,7195108.139090186,-647527.8724235189,3273790.1333333333,7195108.139090186,-647527.8724235189,3273790.1333333333,7195108.139090186,-647527.8724235189,3273790.1333333333,7195108.139090186,-647527.8724235189,3273790.1333333333,7195108.139090186,-647527.8724235189,3273790.1333333333,7195108.139090186,-647527.8724235189
55,3723621.066666667,8150001.664660642,-702759.5313273086,3723621.066666667,8150001.664660642,-702759.5313273086,3723621.066666667,8150001.664660642,-702759.5313273086,3723621.066666667,8150001.664660642,-702759.5313273086,3723621.066666667,8150001.664660642,-702759.5313273086,3723621.066666667,8150001.664660642,-702759.5313273086
56,3235626.2333333334,6919916.449351629,-448663.98268496245,3235626.2333333334,6919916.449351629,-448663.98268496245,3235626.2333333334,6919916.449351629,-448663.98268496245,3235626.2333333334,6919916.449351629,-448663.98268496245,3235626.2333333334,6919916.449351629,-448663.98268496245,3235626.2333333334,6919916.449351629,-448663.98268496245
57,4237594.733333333,8883640.716616925,-408451.249950259,4237594.733333333,8883640.716616925,-408451.249950259,4237594.733333333,8883640.716616925,-408451.249950259,4237594.733333333,8883640.716616925,-408451.249950259,4237594.733333333,8883640.716616925,-408451.249950259,4237594.733333333,8883640.716616925,-408451.249950259
58,4107924.1333333333,8760119.14197757,-544270.875310902,4107924.1333333333,8760119.14197757,-544270.875310902,4107924.1333333333,8760119.14197757,-544270.875310902,4107924.1333333333,8760119.14197757,-544270.875310902,4107924.1333333333,8760119.14197757,-544270.875310902,4107924.1333333333,8760119.14197757,-544270.875310902
59,3966207.9,8286599.622490395,-354183.8224903946,3966207.9,8286599.622490395,-354183.8224903946,3966207.9,8286599.622490395,-354183.8224903946,3966207.9,8286599.622490395,-354183.8224903946,3966207.9,8286599.622490395,-354183.8224903946,3966207.9,8286599.622490395,-354183.8224903946
60,3646555.033333333,7559906.624704929,-266796.5580382631,3646555.033333333,7559906.624704929,-266796.5580382631,3646555.033333333,7559906.624704929,-266796.5580382631,3646555.033333333,7559906.624704929,-266796.5580382631,3646555.033333333,7559906.624704929,-266796.5580382631,3646555.033333333,7559906.624704929,-266796.5580382631
61,3480703.1333333333,7277567.450227328,-316161.1835606615,3480703.1333333333,7277567.450227328,-316161.1835606615,3480703.1333333333,7277567.450227328,-316161.1835606615,3480703.1333333333,7277567.450227328,-316161.1835606615,3480703.1333333333,7277567.450227328,-316161.1835606615,3480703.1333333333,7277567.450227328,-316161.1835606615
62,3342100.7666666666,7092096.933032343,-407895.3996990104,3342100.7666666666,7092096.933032343,-407895.3996990104,3342100.7666666666,7092096.933032343,-407895.3996990104,3342100.7666666666,7092096.933032343,-407895.3996990104,3342100.7666666666,7092096.933032343,-407895.3996990104,3342100.7666666666,7092096.933032343,-407895.3996990104
63,3263690.3666666667,6945757.466569621,-418376.7332362882,3263690.3666666667,6945757.466569621,-418376.7332362882,3263690.3666666667,6945757.466569621,-418376.7332362882,3263690.3666666667,6945757.466569621,-418376.7332362882,3263690.3666666667,6945757.466569621,-418376.7332362882,3263690.3666666667,6945757.466569621,-418376.7332362882
64,3297360.1333333333,6965424.893173436,-370704.62650676956,3297360.1333333333,6965424.893173436,-370704.62650676956,3297360.1333333333,6965424.893173436,-370704.62650676956,3297360.1333333333,6965424.893173436,-370704.62650676956,3297360.1333333333,6965424.893173436,-370704.62650676956,3297360.1333333333,6965424.893173436,-370704.62650676956
65,3250987.066666667,7001214.594322485,-499240.46098915115,3250987.066666667,7001214.594322485,-499240.46098915115,3250987.066666667,7001214.594322485,-499240.46098915115,3250987.066666667,7001214.594322485,-499240.46098915115,3250987.066666667,7001214.594322485,-499240.46098915115,3250987.066666667,7001214.594322485,-499240.46098915115
66,2895202.6333333333,6305879.844960669,-515474.5782940029,2895202.6333333333,6305879.844960669,-515474.5782940029,2895202.6333333333,6305879.844960669,-515474.5782940029,2895202.6333333333,6305879.844960669,-515474.5782940029,2895202.6333333333,6305879.844960669,-515474.5782940029,2895202.6333333333,6305879.844960669,-515474.5782940029
67,2875508.1666666665,6255017.069776724,-504000.73644339107,2875508.1666666665,6255017.069776724,-504000.73644339107,2875508.1666666665,6255017.069776724,-504000.73644339107,2875508.1666666665,6255017.069776724,-504000.73644339107,2875508.1666666665,6255017.069776724,-504000.73644339107,2875508.1666666665,6255017.069776724,-504000.73644339107
68,2894692.433333333,6115378.7140958,-325993.84742913395,2894692.433333333,6115378.7140958,-325993.84742913395,2894692.433333333,6115378.7140958,-325993.84742913395,2894692.433333333,6115378.7140958,-325993.84742913395,2894692.433333333,6115378.7140958,-325993.84742913395,2894692.433333333,6115378.7140958,-325993.84742913395
69,2899632.7,6058142.546239176,-258877.14623917546,2899632.7,6058142.546239176,-258877.14623917546,2899632.7,6058142.546239176,-258877.14623917546,2899632.7,6058142.546239176,-258877.14623917546,2899632.7,6058142.546239176,-258877.14623917546,2899632.7,6058142.546239176,-258877.14623917546
70,3420967.7666666666,7547706.396097772,-705770.8627644391,3420967.7666666666,7547706.396097772,-705770.8627644391,3420967.7666666666,7547706.396097772,-705770.8627644391,3420967.7666666666,7547706.396097772,-705770.8627644391,3420967.7666666666,7547706.396097772,-705770.8627644391,3420967.7666666666,7547706.396097772,-705770.8627644391
71,3494445.8,7606412.690609511,-617521.0906095114,3494445.8,7606412.690609511,-617521.0906095114,3494445.8,7606412.690609511,-617521.0906095114,3494445.8,7606412.690609511,-617521.0906095114,3494445.8,7606412.690609511,-617521.0906095114,3494445.8,7606412.690609511,-617521.0906095114
72,3809472.8,8337877.701555462,-718932.101555462,3809472.8,8337877.701555462,-718932.101555462,3809472.8,8337877.701555462,-718932.101555462,3809472.8,8337877.701555462,-718932.101555462,3809472.8,8337877.701555462,-718932.101555462,3809472.8,8337877.701555462,-718932.101555462
73,3882117.3999999994,8392087.34402622,-627852.5440262193,3882117.3999999994,8392087.34402622,-627852.5440262193,3882117.3999999994,8392087.34402622,-627852.5440262193,3882117.3999999994,8392087.34402622,-627852.5440262193,3882117.3999999994,8392087.34402622,-627852.5440262193,3882117.3999999994,8392087.34402622,-627852.5440262193
74,3985112.2,8631087.288093433,-660862.8880934315,3985112.2,8631087.288093433,-660862.8880934315,3985112.2,8631087.288093433,-660862.8880934315,3985112.2,8631087.288093433,-660862.8880934315,3985112.2,8631087.288093433,-660862.8880934315,3985112.2,8631087.288093433,-660862.8880934315
75,4076217.2,8834609.70198413,-682175.3019841304,4076217.2,8834609.70198413,-682175.3019841304,4076217.2,8834609.70198413,-682175.3019841304,4076217.2,8834609.70198413,-682175.3019841304,4076217.2,8834609.70198413,-682175.3019841304,4076217.2,8834609.70198413,-682175.3019841304
76,4122925.2666666666,8893540.241369147,-647689.7080358146,4122925.2666666666,8893540.241369147,-647689.7080358146,4122925.2666666666,8893540.241369147,-647689.7080358146,4122925.2666666666,8893540.241369147,-647689.7080358146,4122925.2666666666,8893540.241369147,-647689.7080358146,4122925.2666666666,8893540.241369147,-647689.7080358146
77,4328697.033333333,9416450.45090836,-759056.3842416937,4328697.033333333,9416450.45090836,-759056.3842416937,4328697.033333333,9416450.45090836,-759056.3842416937,4328697.033333333,9416450.45090836,-759056.3842416937,4328697.033333333,9416450.45090836,-759056.3842416937,4328697.033333333,9416450.45090836,-759056.3842416937
78,4567736.166666667,9816307.377082711,-680835.0437493771,4567736.166666667,9816307.377082711,-680835.0437493771,4567736.166666667,9816307.377082711,-680835.0437493771,4567736.166666667,9816307.377082711,-680835.0437493771,4567736.166666667,9816307.377082711,-680835.0437493771,4567736.166666667,9816307.377082711,-680835.0437493771
79,4948590.233333333,10759501.85536741,-862321.3887007441,4948590.233333333,10759501.85536741,-862321.3887007441,4948590.233333333,10759501.85536741,-862321.3887007441,4948590.233333333,10759501.85536741,-862321.3887007441,4948590.233333333,10759501.85536741,-862321.3887007441,4948590.233333333,10759501.85536741,-862321.3887007441
80,5292931.9,11876987.925977023,-1291124.1259770226,5292931.9,11876987.925977023,-1291124.1259770226,5292931.9,11876987.925977023,-1291124.1259770226,5292931.9,11876987.925977023,-1291124.1259770226,5292931.9,11876987.925977023,-1291124.1259770226,5292931.9,11876987.925977023,-1291124.1259770226
81,4460102.8,10065436.648313219,-1145231.048313219,4460102.8,10065436.648313219,-1145231.048313219,4460102.8,10065436.648313219,-1145231.048313219,4460102.8,10065436.648313219,-1145231.048313219,4460102.8,10065436.648313219,-1145231.048313219,4460102.8,10065436.648313219,-1145231.048313219
82,4989308.5,11393700.883475663,-1415083.8834756631,4989308.5,11393700.883475663,-1415083.8834756631,4989308.5,11393700.883475663,-1415083.8834756631,4989308.5,11393700.883475663,-1415083.8834756631,4989308.5,11393700.883475663,-1415083.8834756631,4989308.5,11393700.883475663,-1415083.8834756631
83,4512411.133333334,10043824.3551238,-1019002.0884571318,4512411.133333334,10043824.3551238,-1019002.0884571318,4512411.133333334,10043824.3551238,-1019002.0884571318,4512411.133333334,10043824.3551238,-1019002.0884571318,4512411.133333334,10043824.3551238,-1019002.0884571318,4512411.133333334,10043824.3551238,-1019002.0884571318
84,5046776.666666667,11624969.911632013,-1531416.5782986796,5046776.666666667,11624969.911632013,-1531416.5782986796,5046776.666666667,11624969.911632013,-1531416.5782986796,5046776.666666667,11624969.911632013,-1531416.5782986796,5046776.666666667,11624969.911632013,-1531416.5782986796,5046776.666666667,11624969.911632013,-1531416.5782986796
85,5380146.333333333,12321210.950358097,-1560918.2836914305,5380146.333333333,12321210.950358097,-1560918.2836914305,5380146.333333333,12321210.950358097,-1560918.2836914305,5380146.333333333,12321210.950358097,-1560918.2836914305,5380146.333333333,12321210.950358097,-1560918.2836914305,5380146.333333333,12321210.950358097,-1560918.2836914305
86,5410644.1,12226580.29815485,-1405292.0981548512,5410644.1,12226580.29815485,-1405292.0981548512,5410644.1,12226580.29815485,-1405292.0981548512,5410644.1,12226580.29815485,-1405292.0981548512,5410644.1,12226580.29815485,-1405292.0981548512,5410644.1,12226580.29815485,-1405292.0981548512
87,5534650.133333334,12332260.154723339,-1262959.8880566722,5534650.133333334,12332260.154723339,-1262959.8880566722,5534650.133333334,12332260.154723339,-1262959.8880566722,5534650.133333334,12332260.154723339,-1262959.8880566722,5534650.133333334,12332260.154723339,-1262959.8880566722,5534650.133333334,12332260.154723339,-1262959.8880566722
88,5388837.766666667,11650276.028360473,-872600.4950271398,5388837.766666667,11650276.028360473,-872600.4950271398,5388837.766666667,11650276.028360473,-872600.4950271398,5388837.766666667,11650276.028360473,-872600.4950271398,5388837.766666667,11650276.028360473,-872600.4950271398,5388837.766666667,11650276.028360473,-872600.4950271398
89,5437060.9,11677559.51517877,-803437.7151787682,5437060.9,11677559.51517877,-803437.7151787682,5437060.9,11677559.51517877,-803437.7151787682,5437060.9,11677559.51517877,-803437.7151787682,5437060.9,11677559.51517877,-803437.7151787682,5437060.9,11677559.51517877,-803437.7151787682
90,5975760.833333333,12706702.43640442,-755180.769737754,5975760.833333333,12706702.43640442,-755180.769737754,5975760.833333333,12706702.43640442,-755180.769737754,5975760.833333333,12706702.43640442,-755180.769737754,5975760.833333333,12706702.43640442,-755180.769737754,5975760.833333333,12706702.43640442,-755180.769737754
91,5911663.333333333,12389389.76303463,-566063.0963679636,5911663.333333333,12389389.76303463,-566063.0963679636,5911663.333333333,12389389.76303463,-566063.0963679636,5911663.333333333,12389389.76303463,-566063.0963679636,5911663.333333333,12389389.76303463,-566063.0963679636,5911663.333333333,12389389.76303463,-566063.0963679636
92,6527954.166666667,13379905.333641775,-323997.00030844007,6527954.166666667,13379905.333641775,-323997.00030844007,6527954.166666667,13379905.333641775,-323997.00030844007,6527954.166666667,13379905.333641775,-323997.00030844007,6527954.166666667,13379905.333641775,-323997.00030844007,6527954.166666667,13379905.333641775,-323997.00030844007
93,7410766.6,14907563.442586634,-86030.24258663412,7410766.6,14907563.442586634,-86030.24258663412,7410766.6,14907563.442586634,-86030.24258663412,7410766.6,14907563.442586634,-86030.24258663412,7410766.6,14907563.442586634,-86030.24258663412,7410766.6,14907563.442586634,-86030.24258663412
94,6706116.2,12757583.091178918,654649.3088210821,6706116.2,12757583.091178918,654649.3088210821,6706116.2,12757583.091178918,654649.3088210821,6706116.2,12757583.091178918,654649.3088210821,6706116.2,12757583.091178918,654649.3088210821,6706116.2,12757583.091178918,654649.3088210821
95,7347346.833333333,13882695.813227372,811997.8534392938,7347346.833333333,13882695.813227372,811997.8534392938,7347346.833333333,13882695.813227372,811997.8534392938,7347346.833333333,13882695.813227372,811997.8534392938,7347346.833333333,13882695.813227372,811997.8534392938,7347346.833333333,13882695.813227372,811997.8534392938
96,7492732.7,14038994.597003296,946470.8029967034,7492732.7,14038994.597003296,946470.8029967034,7492732.7,14038994.597003296,946470.8029967034,7492732.7,14038994.597003296,946470.8029967034,7492732.7,14038994.597003296,946470.8029967034,7492732.7,14038994.597003296,946470.8029967034
97,7688264.333333333,15124461.800656587,252066.8660100801,7688264.333333333,15124461.800656587,252066.8660100801,7688264.333333333,15124461.800656587,252066.8660100801,7688264.333333333,15124461.800656587,252066.8660100801,7688264.333333333,15124461.800656587,252066.8660100801,7688264.333333333,15124461.800656587,252066.8660100801
98,7684069.666666667,15300695.655410169,67443.67792316526,7684069.666666667,15300695.655410169,67443.67792316526,7684069.666666667,15300695.655410169,67443.67792316526,7684069.666666667,15300695.655410169,67443.67792316526,7684069.666666667,15300695.655410169,67443.67792316526,7684069.666666667,15300695.655410169,67443.67792316526
99,8192206.166666667,16160417.684553258,223994.64878007676,8192206.166666667,16160417.684553258,223994.64878007676,8192206.166666667,16160417.684553258,223994.64878007676,8192206.166666667,16160417.684553258,223994.64878007676,8192206.166666667,16160417.684553258,223994.64878007676,8192206.166666667,16160417.684553258,223994.64878007676
100,7440865.0,14974076.813450187,-92346.81345018651,7440865.0,14974076.813450187,-92346.81345018651,7440865.0,14974076.813450187,-92346.81345018651,7440865.0,14974076.813450187,-92346.81345018651,7440865.0,14974076.813450187,-92346.81345018651,7440865.0,14974076.813450187,-92346.81345018651
101,7585832.066666666,15283579.102910494,-111914.9695771616,7585832.066666666,15283579.102910494,-111914.9695771616,7585832.066666666,15283579.102910494,-111914.9695771616,7585832.066666666,15283579.102910494,-111914.9695771616,7585832.066666666,15283579.102910494,-111914.9695771616,7585832.066666666,15283579.102910494,-111914.9695771616
102,8335821.8,16279490.25176674,392153.3482332602,8335821.8,16279490.25176674,392153.3482332602,8335821.8,16279490.25176674,392153.3482332602,8335821.8,16279490.25176674,392153.3482332602,8335821.8,16279490.25176674,392153.3482332602,8335821.8,16279490.25176674,392153.3482332602
103,8231525.1,16091603.996283915,371446.20371608436,8231525.1,16091603.996283915,371446.20371608436,8231525.1,16091603.996283915,371446.20371608436,8231525.1,16091603.996283915,371446.20371608436,8231525.1,16091603.996283915,371446.20371608436,8231525.1,16091603.996283915,371446.20371608436
104,7715335.633333334,15461799.493354298,-31128.22668763064,7715335.633333334,15461799.493354298,-31128.22668763064,7715335.633333334,15461799.493354298,-31128.22668763064,7715335.633333334,15461799.493354298,-31128.22668763064,7715335.633333334,15461799.493354298,-31128.22668763064,7715335.633333334,15461799.493354298,-31128.22668763064
105,7948755.4,15674736.47355907,222774.3264409313,7948755.4,15674736.47355907,222774.3264409313,7948755.4,15674736.47355907,222774.3264409313,7948755.4,15674736.47355907,222774.3264409313,7948755.4,15674736.47355907,222774.3264409313,7948755.4,15674736.47355907,222774.3264409313
106,9029389.5,17369808.72925735,688970.270742652,9029389.5,17369808.72925735,688970.270742652,9029389.5,17369808.72925735,688970.270742652,9029389.5,17369808.72925735,688970.270742652,9029389.5,17369808.72925735,688970.270742652,9029389.5,17369808.72925735,688970.270742652
107,9031405.333333334,17399758.668246824,663051.9984198445,9031405.333333334,17399758.668246824,663051.9984198445,9031405.333333334,17399758.668246824,663051.9984198445,9031405.333333334,17399758.668246824,663051.9984198445,9031405.333333334,17399758.668246824,663051.9984198445,9031405.333333334,17399758.668246824,663051.9984198445
108,9088117.933333334,17538197.845556118,638038.0211105496,9088117.933333334,17538197.845556118,638038.0211105496,9088117.933333334,17538197.845556118,638038.0211105496,9088117.933333334,17538197.845556118,638038.0211105496,9088117.933333334,17538197.845556118,638038.0211105496,9088117.933333334,17538197.845556118,638038.0211105496
109,8819478.4,17385483.361612733,253473.4383872673,8819478.4,17385483.361612733,253473.4383872673,8819478.4,17385483.361612733,253473.4383872673,8819478.4,17385483.361612733,253473.4383872673,8819478.4,17385483.361612733,253473.4383872673,8819478.4,17385483.361612733,253473.4383872673
110,8880775.9,16984042.883535773,777508.9164642282,8880775.9,16984042.883535773,777508.9164642282,8880775.9,16984042.883535773,777508.9164642282,8880775.9,16984042.883535773,777508.9164642282,8880775.9,16984042.883535773,777508.9164642282,8880775.9,16984042.883535773,777508.9164642282
111,8155763.633333334,15331535.441426726,979991.8252399415,8155763.633333334,15331535.441426726,979991.8252399415,8155763.633333334,15331535.441426726,979991.8252399415,8155763.633333334,15331535.441426726,979991.8252399415,8155763.633333334,15331535.441426726,979991.8252399415,8155763.633333334,15331535.441426726,979991.8252399415
112,8004441.233333333,15216157.883703336,792724.5829633316,8004441.233333333,15216157.883703336,792724.5829633316,8004441.233333333,15216157.883703336,792724.5829633316,8004441.233333333,15216157.883703336,792724.5829633316,8004441.233333333,15216157.883703336,792724.5829633316,8004441.233333333,15216157.883703336,792724.5829633316
113,8672643.5,16322816.20426061,1022470.795739389,8672643.5,16322816.20426061,1022470.795739389,8672643.5,16322816.20426061,1022470.795739389,8672643.5,16322816.20426061,1022470.795739389,8672643.5,16322816.20426061,1022470.795739389,8672643.5,16322816.20426061,1022470.795739389
114,7849429.6,14757193.735971268,941665.46402873,7849429.6,14757193.735971268,941665.46402873,7849429.6,14757193.735971268,941665.46402873,7849429.6,14757193.735971268,941665.46402873,7849429.6,14757193.735971268,941665.46402873,7849429.6,14757193.735971268,941665.46402873
115,7228549.866666666,12908737.42243198,1548362.3109013531,7228549.866666666,12908737.42243198,1548362.3109013531,7228549.866666666,12908737.42243198,1548362.3109013531,7228549.866666666,12908737.42243198,1548362.3109013531,7228549.866666666,12908737.42243198,1548362.3109013531,7228549.866666666,12908737.42243198,1548362.3109013531
116,7914799.066666666,13864522.996117929,1965075.1372154038,7914799.066666666,13864522.996117929,1965075.1372154038,7914799.066666666,13864522.996117929,1965075.1372154038,7914799.066666666,13864522.996117929,1965075.1372154038,7914799.066666666,13864522.996117929,1965075.1372154038,7914799.066666666,13864522.996117929,1965075.1372154038
117,7709134.733333333,13898278.08974503,1519991.376921638,7709134.733333333,13898278.08974503,1519991.376921638,7709134.733333333,13898278.08974503,1519991.376921638,7709134.733333333,13898278.08974503,1519991.376921638,7709134.733333333,13898278.08974503,1519991.376921638,7709134.733333333,13898278.08974503,1519991.376921638
118,6537768.4,11895338.624327404,1180198.1756725963,6537768.4,11895338.624327404,1180198.1756725963,6537768.4,11895338.624327404,1180198.1756725963,6537768.4,11895338.624327404,1180198.1756725963,6537768.4,11895338.624327404,1180198.1756725963,6537768.4,11895338.624327404,1180198.1756725963
119,7246929.833333333,12913157.908054553,1580701.7586121121,7246929.833333333,12913157.908054553,1580701.7586121121,7246929.833333333,12913157.908054553,1580701.7586121121,7246929.833333333,12913157.908054553,1580701.7586121121,7246929.833333333,12913157.908054553,1580701.7586121121,7246929.833333333,12913157.908054553,1580701.7586121121
120,8072793.866666666,14564426.023626935,1581161.7097063987,8072793.866666666,14564426.023626935,1581161.7097063987,8072793.866666666,14564426.023626935,1581161.7097063987,8072793.866666666,14564426.023626935,1581161.7097063987,8072793.866666666,14564426.023626935,1581161.7097063987,8072793.866666666,14564426.023626935,1581161.7097063987
121,7176586.533333333,12900488.741153438,1452684.3255132278,7176586.533333333,12900488.741153438,1452684.3255132278,7176586.533333333,12900488.741153438,1452684.3255132278,7176586.533333333,12900488.741153438,1452684.3255132278,7176586.533333333,12900488.741153438,1452684.3255132278,7176586.533333333,12900488.741153438,1452684.3255132278
122,7197133.8,13030647.2778367,1363620.3221632987,7197133.8,13030647.2778367,1363620.3221632987,7197133.8,13030647.2778367,1363620.3221632987,7197133.8,13030647.2778367,1363620.3221632987,7197133.8,13030647.2778367,1363620.3221632987,7197133.8,13030647.2778367,1363620.3221632987
123,7189631.433333334,12912066.379038636,1467196.4876280325,7189631.433333334,12912066.379038636,1467196.4876280325,7189631.433333334,12912066.379038636,1467196.4876280325,7189631.433333334,12912066.379038636,1467196.4876280325,7189631.433333334,12912066.379038636,1467196.4876280325,7189631.433333334,12912066.379038636,1467196.4876280325
124,6709102.166666667,11995377.28592839,1422827.047404944,6709102.166666667,11995377.28592839,1422827.047404944,6709102.166666667,11995377.28592839,1422827.047404944,6709102.166666667,11995377.28592839,1422827.047404944,6709102.166666667,11995377.28592839,1422827.047404944,6709102.166666667,11995377.28592839,1422827.047404944
125,7753821.933333334,13696632.657351902,1811011.2093147654,7753821.933333334,13696632.657351902,1811011.2093147654,7753821.933333334,13696632.657351902,1811011.2093147654,7753821.933333334,13696632.657351902,1811011.2093147654,7753821.933333334,13696632.657351902,1811011.2093147654,7753821.933333334,13696632.657351902,1811011.2093147654
126,7426523.866666666,12804413.34231379,2048634.3910195418,7426523.866666666,12804413.34231379,2048634.3910195418,7426523.866666666,12804413.34231379,2048634.3910195418,7426523.866666666,12804413.34231379,2048634.3910195418,7426523.866666666,12804413.34231379,2048634.3910195418,7426523.866666666,12804413.34231379,2048634.3910195418
127,8092124.066666666,14128319.848664666,2055928.2846686672,8092124.066666666,14128319.848664666,2055928.2846686672,8092124.066666666,14128319.848664666,2055928.2846686672,8092124.066666666,14128319.848664666,2055928.2846686672,8092124.066666666,14128319.848664666,2055928.2846686672,8092124.066666666,14128319.848664666,2055928.2846686672
128,8453249.433333334,15161482.536682602,1745016.329984066,8453249.433333334,15161482.536682602,1745016.329984066,8453249.433333334,15161482.536682602,1745016.329984066,8453249.433333334,15161482.536682602,1745016.329984066,8453249.433333334,15161482.536682602,1745016.329984066,8453249.433333334,15161482.536682602,1745016.329984066
129,7810352.666666667,14259282.6552428,1361422.6780905342,7810352.666666667,14259282.6552428,1361422.6780905342,7810352.666666667,14259282.6552428,1361422.6780905342,7810352.666666667,14259282.6552428,1361422.6780905342,7810352.666666667,14259282.6552428,1361422.6780905342,7810352.666666667,14259282.6552428,1361422.6780905342
130,7853200.566666666,14422095.809948547,1284305.323384786,7853200.566666666,14422095.809948547,1284305.323384786,7853200.566666666,14422095.809948547,1284305.323384786,7853200.566666666,14422095.809948547,1284305.323384786,7853200.566666666,14422095.809948547,1284305.323384786,7853200.566666666,14422095.809948547,1284305.323384786
131,7660146.4,14193328.033862095,1126964.7661379045,7660146.4,14193328.033862095,1126964.7661379045,7660146.4,14193328.033862095,1126964.7661379045,7660146.4,14193328.033862095,1126964.7661379045,7660146.4,14193328.033862095,1126964.7661379045,7660146.4,14193328.033862095,1126964.7661379045
132,7955555.033333333,14679825.671078358,1231284.3955883095,7955555.033333333,14679825.671078358,1231284.3955883095,7955555.033333333,14679825.671078358,1231284.3955883095,7955555.033333333,14679825.671078358,1231284.3955883095,7955555.033333333,14679825.671078358,1231284.3955883095,7955555.033333333,14679825.671078358,1231284.3955883095
133,8009387.766666667,14844207.80273876,1174567.7305945726,8009387.766666667,14844207.80273876,1174567.7305945726,8009387.766666667,14844207.80273876,1174567.7305945726,8009387.766666667,14844207.80273876,1174567.7305945726,8009387.766666667,14844207.80273876,1174567.7305945726,8009387.766666667,14844207.80273876,1174567.7305945726
134,8290775.433333334,14685585.855750617,1895965.0109160505,8290775.433333334,14685585.855750617,1895965.0109160505,8290775.433333334,14685585.855750617,1895965.0109160505,8290775.433333334,14685585.855750617,1895965.0109160505,8290775.433333334,14685585.855750617,1895965.0109160505,8290775.433333334,14685585.855750617,1895965.0109160505
135,8317178.4,14884365.052275036,1749991.7477249652,8317178.4,14884365.052275036,1749991.7477249652,8317178.4,14884365.052275036,1749991.7477249652,8317178.4,14884365.052275036,1749991.7477249652,8317178.4,14884365.052275036,1749991.7477249652,8317178.4,14884365.052275036,1749991.7477249652
136,7824601.4,14367472.787664693,1281730.0123353088,7824601.4,14367472.787664693,1281730.0123353088,7824601.4,14367472.787664693,1281730.0123353088,7824601.4,14367472.787664693,1281730.0123353088,7824601.4,14367472.787664693,1281730.0123353088,7824601.4,14367472.787664693,1281730.0123353088
137,8170073.866666666,14994693.836909043,1345453.8964242898,8170073.866666666,14994693.836909043,1345453.8964242898,8170073.866666666,14994693.836909043,1345453.8964242898,8170073.866666666,14994693.836909043,1345453.8964242898,8170073.866666666,14994693.836909043,1345453.8964242898,8170073.866666666,14994693.836909043,1345453.8964242898
138,8967842.9,17122581.376755457,813104.4232445424,8967842.9,17122581.376755457,813104.4232445424,8967842.9,17122581.376755457,813104.4232445424,8967842.9,17122581.376755457,813104.4232445424,8967842.9,17122581.376755457,813104.4232445424,8967842.9,17122581.376755457,813104.4232445424
139,9154004.633333333,17767775.577114586,540233.6895520799,9154004.633333333,17767775.577114586,540233.6895520799,9154004.633333333,17767775.577114586,540233.6895520799,9154004.633333333,17767775.577114586,540233.6895520799,9154004.633333333,17767775.577114586,540233.6895520799,9154004.633333333,17767775.577114586,540233.6895520799
140,9214417.4,17240074.99860702,1188759.801392979,9214417.4,17240074.99860702,1188759.801392979,9214417.4,17240074.99860702,1188759.801392979,9214417.4,17240074.99860702,1188759.801392979,9214417.4,17240074.99860702,1188759.801392979,9214417.4,17240074.99860702,1188759.801392979
141,9280159.966666667,17390645.595821418,1169674.3375119176,9280159.966666667,17390645.595821418,1169674.3375119176,9280159.966666667,17390645.595821418,1169674.3375119176,9280159.966666667,17390645.595821418,1169674.3375119176,9280159.966666667,17390645.595821418,1169674.3375119176,9280159.966666667,17390645.595821418,1169674.3375119176
142,10110750.633333333,18858242.41233626,1363258.8543304075,10110750.633333333,18858242.41233626,1363258.8543304075,10110750.633333333,18858242.41233626,1363258.8543304075,10110750.633333333,18858242.41233626,1363258.8543304075,10110750.633333333,18858242.41233626,1363258.8543304075,10110750.633333333,18858242.41233626,1363258.8543304075
143,10259840.866666667,19334281.66942356,1185400.0639097728,10259840.866666667,19334281.66942356,1185400.0639097728,10259840.866666667,19334281.66942356,1185400.0639097728,10259840.866666667,19334281.66942356,1185400.0639097728,10259840.866666667,19334281.66942356,1185400.0639097728,10259840.866666667,19334281.66942356,1185400.0639097728
144,9607822.1,18284818.307941943,930825.892058054,9607822.1,18284818.307941943,930825.892058054,9607822.1,18284818.307941943,930825.892058054,9607822.1,18284818.307941943,930825.892058054,9607822.1,18284818.307941943,930825.892058054,9607822.1,18284818.307941943,930825.892058054
145,9889292.133333333,18647919.481733296,1130664.7849333696,9889292.133333333,18647919.481733296,1130664.7849333696,9889292.133333333,18647919.481733296,1130664.7849333696,9889292.133333333,18647919.481733296,1130664.7849333696,9889292.133333333,18647919.481733296,1130664.7849333696,9889292.133333333,18647919.481733296,1130664.7849333696
146,10477921.033333333,19695075.40424406,1260766.6624226049,10477921.033333333,19695075.40424406,1260766.6624226049,10477921.033333333,19695075.40424406,1260766.6624226049,10477921.033333333,19695075.40424406,1260766.6624226049,10477921.033333333,19695075.40424406,1260766.6624226049,10477921.033333333,19695075.40424406,1260766.6624226049
147,10378586.4,19532355.871538755,1224816.9284612462,10378586.4,19532355.871538755,1224816.9284612462,10378586.4,19532355.871538755,1224816.9284612462,10378586.4,19532355.871538755,1224816.9284612462,10378586.4,19532355.871538755,1224816.9284612462,10378586.4,19532355.871538755,1224816.9284612462
148,9742752.1,18475555.57913343,1009948.6208665706,9742752.1,18475555.57913343,1009948.6208665706,9742752.1,18475555.57913343,1009948.6208665706,9742752.1,18475555.57913343,1009948.6208665706,9742752.1,18475555.57913343,1009948.6208665706,9742752.1,18475555.57913343,1009948.6208665706
149,9681031.1,18523730.56625408,838331.633745918,9681031.1,18523730.56625408,838331.633745918,9681031.1,18523730.56625408,838331.633745918,9681031.1,18523730.56625408,838331.633745918,9681031.1,18523730.56625408,838331.633745918,9681031.1,18523730.56625408,838331.633745918
150,10205044.566666666,19371914.35771293,1038174.7756204046,10205044.566666666,19371914.35771293,1038174.7756204046,10205044.566666666,19371914.35771293,1038174.7756204046,10205044.566666666,19371914.35771293,1038174.7756204046,10205044.566666666,19371914.35771293,1038174.7756204046,10205044.566666666,19371914.35771293,1038174.7756204046
151,10341015.633333333,19592080.47918441,1089950.787482256,10341015.633333333,19592080.47918441,1089950.787482256,10341015.633333333,19592080.47918441,1089950.787482256,10341015.633333333,19592080.47918441,1089950.787482256,10341015.633333333,19592080.47918441,1089950.787482256,10341015.633333333,19592080.47918441,1089950.787482256
152,9949348.6,18829767.28770181,1068929.9122981876,9949348.6,18829767.28770181,1068929.9122981876,9949348.6,18829767.28770181,1068929.9122981876,9949348.6,18829767.28770181,1068929.9122981876,9949348.6,18829767.28770181,1068929.9122981876,9949348.6,18829767.28770181,1068929.9122981876
153,11434155.366666667,21942593.667528637,925717.0658046994,11434155.366666667,21942593.667528637,925717.0658046994,11434155.366666667,21942593.667528637,925717.0658046994,11434155.366666667,21942593.667528637,925717.0658046994,11434155.366666667,21942593.667528637,925717.0658046994,11434155.366666667,21942593.667528637,925717.0658046994
154,10814578.033333333,20354758.302421674,1274397.7642449923,10814578.033333333,20354758.302421674,1274397.7642449923,10814578.033333333,20354758.302421674,1274397.7642449923,10814578.033333333,20354758.302421674,1274397.7642449923,10814578.033333333,20354758.302421674,1274397.7642449923,10814578.033333333,20354758.302421674,1274397.7642449923
155,11404937.8,22078544.90853592,731330.6914640814,11404937.8,22078544.90853592,731330.6914640814,11404937.8,22078544.90853592,731330.6914640814,11404937.8,22078544.90853592,731330.6914640814,11404937.8,22078544.90853592,731330.6914640814,11404937.8,22078544.90853592,731330.6914640814
156,10630645.166666666,20992206.62054285,269083.71279048175,10630645.166666666,20992206.62054285,269083.71279048175,10630645.166666666,20992206.62054285,269083.71279048175,10630645.166666666,20992206.62054285,269083.71279048175,10630645.166666666,20992206.62054285,269083.71279048175,10630645.166666666,20992206.62054285,269083.71279048175
157,11561662.866666667,22377576.2147041,745749.5186292343,11561662.866666667,22377576.2147041,745749.5186292343,11561662.866666667,22377576.2147041,745749.5186292343,11561662.866666667,22377576.2147041,745749.5186292343,11561662.866666667,22377576.2147041,745749.5186292343,11561662.866666667,22377576.2147041,745749.5186292343
158,12692613.633333333,23898762.334496655,1486464.9321700092,12692613.633333333,23898762.334496655,1486464.9321700092,12692613.633333333,23898762.334496655,1486464.9321700092,12692613.633333333,23898762.334496655,1486464.9321700092,12692613.633333333,23898762.334496655,1486464.9321700092,12692613.633333333,23898762.334496655,1486464.9321700092
159,11848648.1,22396584.726529147,1300711.4734708518,11848648.1,22396584.726529147,1300711.4734708518,11848648.1,22396584.726529147,1300711.4734708518,11848648.1,22396584.726529147,1300711.4734708518,11848648.1,22396584.726529147,1300711.4734708518,11848648.1,22396584.726529147,1300711.4734708518
160,12556841.333333334,23405333.05338674,1708349.6132799275,12556841.333333334,23405333.05338674,1708349.6132799275,12556841.333333334,23405333.05338674,1708349.6132799275,12556841.333333334,23405333.05338674,1708349.6132799275,12556841.333333334,23405333.05338674,1708349.6132799275,12556841.333333334,23405333.05338674,1708349.6132799275
161,13409889.133333333,25444719.650043797,1375058.616622869,13409889.133333333,25444719.650043797,1375058.616622869,13409889.133333333,25444719.650043797,1375058.616622869,13409889.133333333,25444719.650043797,1375058.616622869,13409889.133333333,25444719.650043797,1375058.616622869,13409889.133333333,25444719.650043797,1375058.616622869
162,13917387.7,27046006.29444146,788769.1055585388,13917387.7,27046006.29444146,788769.1055585388,13917387.7,27046006.29444146,788769.1055585388,13917387.7,27046006.29444146,788769.1055585388,13917387.7,27046006.29444146,788769.1055585388,13917387.7,27046006.29444146,788769.1055585388
163,14186275.2,27284376.927354984,1088173.4726450145,14186275.2,27284376.927354984,1088173.4726450145,14186275.2,27284376.927354984,1088173.4726450145,14186275.2,27284376.927354984,1088173.4726450145,14186275.2,27284376.927354984,1088173.4726450145,14186275.2,27284376.927354984,1088173.4726450145
164,14241410.566666666,27523858.228160758,958962.9051725753,14241410.566666666,27523858.228160758,958962.9051725753,14241410.566666666,27523858.228160758,958962.9051725753,14241410.566666666,27523858.228160758,958962.9051725753,14241410.566666666,27523858.228160758,958962.9051725753,14241410.566666666,27523858.228160758,958962.9051725753
165,12828569.133333333,25160641.65617808,496496.610488588,12828569.133333333,25160641.65617808,496496.610488588,12828569.133333333,25160641.65617808,496496.610488588,12828569.133333333,25160641.65617808,496496.610488588,12828569.133333333,25160641.65617808,496496.610488588,12828569.133333333,25160641.65617808,496496.610488588
166,13925261.833333334,26939348.30277096,911175.3638957068,13925261.833333334,26939348.30277096,911175.3638957068,13925261.833333334,26939348.30277096,911175.3638957068,13925261.833333334,26939348.30277096,911175.3638957068,13925261.833333334,26939348.30277096,911175.3638957068,13925261.833333334,26939348.30277096,911175.3638957068
167,12539643.8,24139327.277879007,939960.3221209925,12539643.8,24139327.277879007,939960.3221209925,12539643.8,24139327.277879007,939960.3221209925,12539643.8,24139327.277879007,939960.3221209925,12539643.8,24139327.277879007,939960.3221209925,12539643.8,24139327.277879007,939960.3221209925
168,13133664.9,24357631.67542362,1909698.1245763823,13133664.9,24357631.67542362,1909698.1245763823,13133664.9,24357631.67542362,1909698.1245763823,13133664.9,24357631.67542362,1909698.1245763823,13133664.9,24357631.67542362,1909698.1245763823,13133664.9,24357631.67542362,1909698.1245763823
169,13495009.333333334,24987356.9751537,2002661.6915129684,13495009.333333334,24987356.9751537,2002661.6915129684,13495009.333333334,24987356.9751537,2002661.6915129684,13495009.333333334,24987356.9751537,2002661.6915129684,13495009.333333334,24987356.9751537,2002661.6915129684,13495009.333333334,24987356.9751537,2002661.6915129684
170,13381013.0,24773567.156058714,1988458.8439412862,13381013.0,24773567.156058714,1988458.8439412862,13381013.0,24773567.156058714,1988458.8439412862,13381013.0,24773567.156058714,1988458.8439412862,13381013.0,24773567.156058714,1988458.8439412862,13381013.0,24773567.156058714,1988458.8439412862
171,13988634.0,25782558.735470362,2194709.264529636,13988634.0,25782558.735470362,2194709.264529636,13988634.0,25782558.735470362,2194709.264529636,13988634.0,25782558.735470362,2194709.264529636,13988634.0,25782558.735470362,2194709.264529636,13988634.0,25782558.735470362,2194709.264529636
172,13515016.533333333,25170318.11931007,1859714.9473565966,13515016.533333333,25170318.11931007,1859714.9473565966,13515016.533333333,25170318.11931007,1859714.9473565966,13515016.533333333,25170318.11931007,1859714.9473565966,13515016.533333333,25170318.11931007,1859714.9473565966,13515016.533333333,25170318.11931007,1859714.9473565966
173,13932172.733333332,26000937.729835257,1863407.7368314099,13932172.733333332,26000937.729835257,1863407.7368314099,13932172.733333332,26000937.729835257,1863407.7368314099,13932172.733333332,26000937.729835257,1863407.7368314099,13932172.733333332,26000937.729835257,1863407.7368314099,13932172.733333332,26000937.729835257,1863407.7368314099
174,12620943.1,23642612.61986132,1599273.5801386777,12620943.1,23642612.61986132,1599273.5801386777,12620943.1,23642612.61986132,1599273.5801386777,12620943.1,23642612.61986132,1599273.5801386777,12620943.1,23642612.61986132,1599273.5801386777,12620943.1,23642612.61986132,1599273.5801386777
175,13235162.633333333,24780194.95248775,1690130.3141789138,13235162.633333333,24780194.95248775,1690130.3141789138,13235162.633333333,24780194.95248775,1690130.3141789138,13235162.633333333,24780194.95248775,1690130.3141789138,13235162.633333333,24780194.95248775,1690130.3141789138,13235162.633333333,24780194.95248775,1690130.3141789138
176,13042569.7,24488905.350364827,1596234.049635172,13042569.7,24488905.350364827,1596234.049635172,13042569.7,24488905.350364827,1596234.049635172,13042569.7,24488905.350364827,1596234.049635172,13042569.7,24488905.350364827,1596234.049635172,13042569.7,24488905.350364827,1596234.049635172
177,11999904.366666667,22210880.73763744,1788927.9956958927,11999904.366666667,22210880.73763744,1788927.9956958927,11999904.366666667,22210880.73763744,1788927.9956958927,11999904.366666667,22210880.73763744,1788927.9956958927,11999904.366666667,22210880.73763744,1788927.9956958927,11999904.366666667,22210880.73763744,1788927.9956958927
178,11978997.966666667,21922828.74342432,2035167.189909013,11978997.966666667,21922828.74342432,2035167.189909013,11978997.966666667,21922828.74342432,2035167.189909013,11978997.966666667,21922828.74342432,2035167.189909013,11978997.966666667,21922828.74342432,2035167.189909013,11978997.966666667,21922828.74342432,2035167.189909013
179,10351773.166666666,18812931.54793497,1890614.7853983585,10351773.166666666,18812931.54793497,1890614.7853983585,10351773.166666666,18812931.54793497,1890614.7853983585,10351773.166666666,18812931.54793497,1890614.7853983585,10351773.166666666,18812931.54793497,1890614.7853983585,10351773.166666666,18812931.54793497,1890614.7853983585
180,9963406.233333332,18323840.214527473,1602972.2521391911,9963406.233333332,18323840.214527473,1602972.2521391911,9963406.233333332,18323840.214527473,1602972.2521391911,9963406.233333332,18323840.214527473,1602972.2521391911,9963406.233333332,18323840.214527473,1602972.2521391911,9963406.233333332,18323840.214527473,1602972.2521391911
181,9946137.833333334,18187811.255273663,1704464.4113930073,9946137.833333334,18187811.255273663,1704464.4113930073,9946137.833333334,18187811.255273663,1704464.4113930073,9946137.833333334,18187811.255273663,1704464.4113930073,9946137.833333334,18187811.255273663,1704464.4113930073,9946137.833333334,18187811.255273663,1704464.4113930073
182,10909239.266666668,19818910.52300265,1999568.0103306845,10909239.266666668,19818910.52300265,1999568.0103306845,10909239.266666668,19818910.52300265,1999568.0103306845,10909239.266666668,19818910.52300265,1999568.0103306845,10909239.266666668,19818910.52300265,1999568.0103306845,10909239.266666668,19818910.52300265,1999568.0103306845
183,9558197.6,17017455.769209705,2098939.430790292,9558197.6,17017455.769209705,2098939.430790292,9558197.6,17017455.769209705,2098939.430790292,9558197.6,17017455.769209705,2098939.430790292,9558197.6,17017455.769209705,2098939.430790292,9558197.6,17017455.769209705,2098939.430790292
184,9957840.566666666,17671656.577282377,2244024.5560509553,9957840.566666666,17671656.577282377,2244024.5560509553,9957840.566666666,17671656.577282377,2244024.5560509553,9957840.566666666,17671656.577282377,2244024.5560509553,9957840.566666666,17671656.577282377,2244024.5560509553,9957840.566666666,17671656.577282377,2244024.5560509553
185,10164044.933333334,18203103.166649573,2124986.7000170965,10164044.933333334,18203103.166649573,2124986.7000170965,10164044.933333334,18203103.166649573,2124986.7000170965,10164044.933333334,18203103.166649573,2124986.7000170965,10164044.933333334,18203103.166649573,2124986.7000170965,10164044.933333334,18203103.166649573,2124986.7000170965
186,10050132.333333334,18665985.831610948,1434278.835055722,10050132.333333334,18665985.831610948,1434278.835055722,10050132.333333334,18665985.831610948,1434278.835055722,10050132.333333334,18665985.831610948,1434278.835055722,10050132.333333334,18665985.831610948,1434278.835055722,10050132.333333334,18665985.831610948,1434278.835055722
187,10035489.433333334,18642651.169764593,1428327.696902074,10035489.433333334,18642651.169764593,1428327.696902074,10035489.433333334,18642651.169764593,1428327.696902074,10035489.433333334,18642651.169764593,1428327.696902074,10035489.433333334,18642651.169764593,1428327.696902074,10035489.433333334,18642651.169764593,1428327.696902074
188,10071318.766666668,18692919.521419533,1449718.0119138043,10071318.766666668,18692919.521419533,1449718.0119138043,10071318.766666668,18692919.521419533,1449718.0119138043,10071318.766666668,18692919.521419533,1449718.0119138043,10071318.766666668,18692919.521419533,1449718.0119138043,10071318.766666668,18692919.521419533,1449718.0119138043
189,9447636.866666667,17700599.84532778,1194673.8880055547,9447636.866666667,17700599.84532778,1194673.8880055547,9447636.866666667,17700599.84532778,1194673.8880055547,9447636.866666667,17700599.84532778,1194673.8880055547,9447636.866666667,17700599.84532778,1194673.8880055547,9447636.866666667,17700599.84532778,1194673.8880055547
190,10493148.933333334,19581735.326682396,1404562.539984271,10493148.933333334,19581735.326682396,1404562.539984271,10493148.933333334,19581735.326682396,1404562.539984271,10493148.933333334,19581735.326682396,1404562.539984271,10493148.933333334,19581735.326682396,1404562.539984271,10493148.933333334,19581735.326682396,1404562.539984271
191,11310524.233333332,21004605.35842397,1616443.1082426943,11310524.233333332,21004605.35842397,1616443.1082426943,11310524.233333332,21004605.35842397,1616443.1082426943,11310524.233333332,21004605.35842397,1616443.1082426943,11310524.233333332,21004605.35842397,1616443.1082426943,11310524.233333332,21004605.35842397,1616443.1082426943
192,10240397.366666667,18829031.51072599,1651763.2226073444,10240397.366666667,18829031.51072599,1651763.2226073444,10240397.366666667,18829031.51072599,1651763.2226073444,10240397.366666667,18829031.51072599,1651763.2226073444,10240397.366666667,18829031.51072599,1651763.2226073444,10240397.366666667,18829031.51072599,1651763.2226073444
193,10549907.333333334,19446664.022147074,1653150.6445195936,10549907.333333334,19446664.022147074,1653150.6445195936,10549907.333333334,19446664.022147074,1653150.6445195936,10549907.333333334,19446664.022147074,1653150.6445195936,10549907.333333334,19446664.022147074,1653150.6445195936,10549907.333333334,19446664.022147074,1653150.6445195936
194,11895520.8,22129226.122543454,1661815.4774565492,11895520.8,22129226.122543454,1661815.4774565492,11895520.8,22129226.122543454,1661815.4774565492,11895520.8,22129226.122543454,1661815.4774565492,11895520.8,22129226.122543454,1661815.4774565492,11895520.8,22129226.122543454,1661815.4774565492
195,11119730.333333334,20870445.81484967,1369014.851816997,11119730.333333334,20870445.81484967,1369014.851816997,11119730.333333334,20870445.81484967,1369014.851816997,11119730.333333334,20870445.81484967,1369014.851816997,11119730.333333334,20870445.81484967,1369014.851816997,11119730.333333334,20870445.81484967,1369014.851816997
196,11970686.833333334,22384648.26211856,1556725.4045481086,11970686.833333334,22384648.26211856,1556725.4045481086,11970686.833333334,22384648.26211856,1556725.4045481086,11970686.833333334,22384648.26211856,1556725.4045481086,11970686.833333334,22384648.26211856,1556725.4045481086,11970686.833333334,22384648.26211856,1556725.4045481086
197,11979320.9,22389109.449044466,1569532.3509555347,11979320.9,22389109.449044466,1569532.3509555347,11979320.9,22389109.449044466,1569532.3509555347,11979320.9,22389109.449044466,1569532.3509555347,11979320.9,22389109.449044466,1569532.3509555347,11979320.9,22389109.449044466,1569532.3509555347
198,12290519.533333333,22889535.289311223,1691503.7773554455,12290519.533333333,22889535.289311223,1691503.7773554455,12290519.533333333,22889535.289311223,1691503.7773554455,12290519.533333333,22889535.289311223,1691503.7773554455,12290519.533333333,22889535.289311223,1691503.7773554455,12290519.533333333,22889535.289311223,1691503.7773554455
199,11213471.366666667,21099192.313767944,1327750.4195653908,11213471.366666667,21099192.313767944,1327750.4195653908,11213471.366666667,21099192.313767944,1327750.4195653908,11213471.366666667,21099192.313767944,1327750.4195653908,11213471.366666667,21099192.313767944,1327750.4195653908,11213471.366666667,21099192.313767944,1327750.4195653908
200,4647585.3,8020410.632603619,1274759.9673963808,4647585.3,8020410.632603619,1274759.9673963808,4647585.3,8020410.632603619,1274759.9673963808,4647585.3,8020410.632603619,1274759.9673963808,4647585.3,8020410.632603619,1274759.9673963808,4647585.3,8020410.632603619,1274759.9673963808
201,5073515.766666667,8737390.820461858,1409640.7128714751,5073515.766666667,8737390.820461858,1409640.7128714751,5073515.766666667,8737390.820461858,1409640.7128714751,5073515.766666667,8737390.820461858,1409640.7128714751,5073515.766666667,8737390.820461858,1409640.7128714751,5073515.766666667,8737390.820461858,1409640.7128714751
202,6433635.4,11184884.857425015,1682385.9425749853,6433635.4,11184884.857425015,1682385.9425749853,6433635.4,11184884.857425015,1682385.9425749853,6433635.4,11184884.857425015,1682385.9425749853,6433635.4,11184884.857425015,1682385.9425749853,6433635.4,11184884.857425015,1682385.9425749853
203,4884461.133333334,8477032.283139635,1291889.9835270322,4884461.133333334,8477032.283139635,1291889.9835270322,4884461.133333334,8477032.283139635,1291889.9835270322,4884461.133333334,8477032.283139635,1291889.9835270322,4884461.133333334,8477032.283139635,1291889.9835270322,4884461.133333334,8477032.283139635,1291889.9835270322
204,4968653.266666667,8610165.060557604,1327141.4727757303,4968653.266666667,8610165.060557604,1327141.4727757303,4968653.266666667,8610165.060557604,1327141.4727757303,4968653.266666667,8610165.060557604,1327141.4727757303,4968653.266666667,8610165.060557604,1327141.4727757303,4968653.266666667,8610165.060557604,1327141.4727757303
205,4837037.0,8160900.736912383,1513173.2630876172,4837037.0,8160900.736912383,1513173.2630876172,4837037.0,8160900.736912383,1513173.2630876172,4837037.0,8160900.736912383,1513173.2630876172,4837037.0,8160900.736912383,1513173.2630876172,4837037.0,8160900.736912383,1513173.2630876172
206,4111039.6666666665,7239556.687319383,982522.6460139495,4111039.6666666665,7239556.687319383,982522.6460139495,4111039.6666666665,7239556.687319383,982522.6460139495,4111039.6666666665,7239556.687319383,982522.6460139495,4111039.6666666665,7239556.687319383,982522.6460139495,4111039.6666666665,7239556.687319383,982522.6460139495
207,4004896.0,7042509.820497012,967282.1795029887,4004896.0,7042509.820497012,967282.1795029887,4004896.0,7042509.820497012,967282.1795029887,4004896.0,7042509.820497012,967282.1795029887,4004896.0,7042509.820497012,967282.1795029887,4004896.0,7042509.820497012,967282.1795029887
208,4685602.666666667,8602096.41954275,769108.9137905831,4685602.666666667,8602096.41954275,769108.9137905831,4685602.666666667,8602096.41954275,769108.9137905831,4685602.666666667,8602096.41954275,769108.9137905831,4685602.666666667,8602096.41954275,769108.9137905831,4685602.666666667,8602096.41954275,769108.9137905831
209,4118824.7,7259823.590503389,977825.8094966114,4118824.7,7259823.590503389,977825.8094966114,4118824.7,7259823.590503389,977825.8094966114,4118824.7,7259823.590503389,977825.8094966114,4118824.7,7259823.590503389,977825.8094966114,4118824.7,7259823.590503389,977825.8094966114
210,4731443.4,8755530.022816667,707356.7771833339,4731443.4,8755530.022816667,707356.7771833339,4731443.4,8755530.022816667,707356.7771833339,4731443.4,8755530.022816667,707356.7771833339,4731443.4,8755530.022816667,707356.7771833339,4731443.4,8755530.022816667,707356.7771833339
211,4570929.333333333,8454455.795819588,687402.8708470776,4570929.333333333,8454455.795819588,687402.8708470776,4570929.333333333,8454455.795819588,687402.8708470776,4570929.333333333,8454455.795819588,687402.8708470776,4570929.333333333,8454455.795819588,687402.8708470776,4570929.333333333,8454455.795819588,687402.8708470776
212,4695853.2,8003489.79403929,1388216.6059607095,4695853.2,8003489.79403929,1388216.6059607095,4695853.2,8003489.79403929,1388216.6059607095,4695853.2,8003489.79403929,1388216.6059607095,4695853.2,8003489.79403929,1388216.6059607095,4695853.2,8003489.79403929,1388216.6059607095
213,5238679.3,9268720.210842635,1208638.3891573646,5238679.3,9268720.210842635,1208638.3891573646,5238679.3,9268720.210842635,1208638.3891573646,5238679.3,9268720.210842635,1208638.3891573646,5238679.3,9268720.210842635,1208638.3891573646,5238679.3,9268720.210842635,1208638.3891573646
214,4808206.566666666,8559629.10842345,1056784.0249098847,4808206.566666666,8559629.10842345,1056784.0249098847,4808206.566666666,8559629.10842345,1056784.0249098847,4808206.566666666,8559629.10842345,1056784.0249098847,4808206.566666666,8559629.10842345,1056784.0249098847,4808206.566666666,8559629.10842345,1056784.0249098847
215,5688277.266666667,9917666.024268948,1458888.5090643847,5688277.266666667,9917666.024268948,1458888.5090643847,5688277.266666667,9917666.024268948,1458888.5090643847,5688277.266666667,9917666.024268948,1458888.5090643847,5688277.266666667,9917666.024268948,1458888.5090643847,5688277.266666667,9917666.024268948,1458888.5090643847
216,4756653.733333333,7932500.561527642,1580806.9051390244,4756653.733333333,7932500.561527642,1580806.9051390244,4756653.733333333,7932500.561527642,1580806.9051390244,4756653.733333333,7932500.561527642,1580806.9051390244,4756653.733333333,7932500.561527642,1580806.9051390244,4756653.733333333,7932500.561527642,1580806.9051390244
217,4268117.766666667,7193672.164789844,1342563.368543489,4268117.766666667,7193672.164789844,1342563.368543489,4268117.766666667,7193672.164789844,1342563.368543489,4268117.766666667,7193672.164789844,1342563.368543489,4268117.766666667,7193672.164789844,1342563.368543489,4268117.766666667,7193672.164789844,1342563.368543489
218,2481099.466666667,4271263.538635852,690935.3946974822,2481099.466666667,4271263.538635852,690935.3946974822,2481099.466666667,4271263.538635852,690935.3946974822,2481099.466666667,4271263.538635852,690935.3946974822,2481099.466666667,4271263.538635852,690935.3946974822,2481099.466666667,4271263.538635852,690935.3946974822
219,3261763.9,5465620.317065312,1057907.4829346887,3261763.9,5465620.317065312,1057907.4829346887,3261763.9,5465620.317065312,1057907.4829346887,3261763.9,5465620.317065312,1057907.4829346887,3261763.9,5465620.317065312,1057907.4829346887,3261763.9,5465620.317065312,1057907.4829346887
220,2729937.466666667,4675383.848081491,784491.0852518426,2729937.466666667,4675383.848081491,784491.0852518426,2729937.466666667,4675383.848081491,784491.0852518426,2729937.466666667,4675383.848081491,784491.0852518426,2729937.466666667,4675383.848081491,784491.0852518426,2729937.466666667,4675383.848081491,784491.0852518426
221,3025701.3666666667,5127512.497383669,923890.2359496644,3025701.3666666667,5127512.497383669,923890.2359496644,3025701.3666666667,5127512.497383669,923890.2359496644,3025701.3666666667,5127512.497383669,923890.2359496644,3025701.3666666667,5127512.497383669,923890.2359496644,3025701.3666666667,5127512.497383669,923890.2359496644
222,2372295.1666666665,4000765.949923646,743824.3834096869,2372295.1666666665,4000765.949923646,743824.3834096869,2372295.1666666665,4000765.949923646,743824.3834096869,2372295.1666666665,4000765.949923646,743824.3834096869,2372295.1666666665,4000765.949923646,743824.3834096869,2372295.1666666665,4000765.949923646,743824.3834096869
223,2845797.2333333334,4987867.356787951,703727.1098787161,2845797.2333333334,4987867.356787951,703727.1098787161,2845797.2333333334,4987867.356787951,703727.1098787161,2845797.2333333334,4987867.356787951,703727.1098787161,2845797.2333333334,4987867.356787951,703727.1098787161,2845797.2333333334,4987867.356787951,703727.1098787161
224,3195764.6333333333,5665759.278940419,725769.9877262474,3195764.6333333333,5665759.278940419,725769.9877262474,3195764.6333333333,5665759.278940419,725769.9877262474,3195764.6333333333,5665759.278940419,725769.9877262474,3195764.6333333333,5665759.278940419,725769.9877262474,3195764.6333333333,5665759.278940419,725769.9877262474
225,3612261.033333333,7059349.910062352,165172.15660431376,3612261.033333333,7059349.910062352,165172.15660431376,3612261.033333333,7059349.910062352,165172.15660431376,3612261.033333333,7059349.910062352,165172.15660431376,3612261.033333333,7059349.910062352,165172.15660431376,3612261.033333333,7059349.910062352,165172.15660431376
226,3363264.8666666667,6255691.968538071,470837.76479526237,3363264.8666666667,6255691.968538071,470837.76479526237,3363264.8666666667,6255691.968538071,470837.76479526237,3363264.8666666667,6255691.968538071,470837.76479526237,3363264.8666666667,6255691.968538071,470837.76479526237,3363264.8666666667,6255691.968538071,470837.76479526237
227,4439133.8,7676536.984619558,1201730.6153804422,4439133.8,7676536.984619558,1201730.6153804422,4439133.8,7676536.984619558,1201730.6153804422,4439133.8,7676536.984619558,1201730.6153804422,4439133.8,7676536.984619558,1201730.6153804422,4439133.8,7676536.984619558,1201730.6153804422
228,4194850.633333334,7467738.306722373,921962.9599442948,4194850.633333334,7467738.306722373,921962.9599442948,4194850.633333334,7467738.306722373,921962.9599442948,4194850.633333334,7467738.306722373,921962.9599442948,4194850.633333334,7467738.306722373,921962.9599442948,4194850.633333334,7467738.306722373,921962.9599442948
229,4947648.3,8541676.930157784,1353619.6698422157,4947648.3,8541676.930157784,1353619.6698422157,4947648.3,8541676.930157784,1353619.6698422157,4947648.3,8541676.930157784,1353619.6698422157,4947648.3,8541676.930157784,1353619.6698422157,4947648.3,8541676.930157784,1353619.6698422157
230,4347833.733333333,8208861.398516286,486806.0681503806,4347833.733333333,8208861.398516286,486806.0681503806,4347833.733333333,8208861.398516286,486806.0681503806,4347833.733333333,8208861.398516286,486806.0681503806,4347833.733333333,8208861.398516286,486806.0681503806,4347833.733333333,8208861.398516286,486806.0681503806
231,5106205.3,9333343.940751512,879066.6592484871,5106205.3,9333343.940751512,879066.6592484871,5106205.3,9333343.940751512,879066.6592484871,5106205.3,9333343.940751512,879066.6592484871,5106205.3,9333343.940751512,879066.6592484871,5106205.3,9333343.940751512,879066.6592484871
232,4649048.266666667,8410665.263631243,887431.26970209,4649048.266666667,8410665.263631243,887431.26970209,4649048.266666667,8410665.263631243,887431.26970209,4649048.266666667,8410665.263631243,887431.26970209,4649048.266666667,8410665.263631243,887431.26970209,4649048.266666667,8410665.263631243,887431.26970209
233,6087707.0,10967273.46101206,1208140.5389879402,6087707.0,10967273.46101206,1208140.5389879402,6087707.0,10967273.46101206,1208140.5389879402,6087707.0,10967273.46101206,1208140.5389879402,6087707.0,10967273.46101206,1208140.5389879402,6087707.0,10967273.46101206,1208140.5389879402
234,4685613.133333334,8722093.421541471,649132.845125196,4685613.133333334,8722093.421541471,649132.845125196,4685613.133333334,8722093.421541471,649132.845125196,4685613.133333334,8722093.421541471,649132.845125196,4685613.133333334,8722093.421541471,649132.845125196,4685613.133333334,8722093.421541471,649132.845125196
235,4928172.3,8794102.002607375,1062242.5973926247,4928172.3,8794102.002607375,1062242.5973926247,4928172.3,8794102.002607375,1062242.5973926247,4928172.3,8794102.002607375,1062242.5973926247,4928172.3,8794102.002607375,1062242.5973926247,4928172.3,8794102.002607375,1062242.5973926247
236,3712802.1333333333,6544825.467335417,880778.7993312497,3712802.1333333333,6544825.467335417,880778.7993312497,3712802.1333333333,6544825.467335417,880778.7993312497,3712802.1333333333,6544825.467335417,880778.7993312497,3712802.1333333333,6544825.467335417,880778.7993312497,3712802.1333333333,6544825.467335417,880778.7993312497
237,3661673.8666666667,7457291.508611355,-133943.77527802205,3661673.8666666667,7457291.508611355,-133943.77527802205,3661673.8666666667,7457291.508611355,-133943.77527802205,3661673.8666666667,7457291.508611355,-133943.77527802205,3661673.8666666667,7457291.508611355,-133943.77527802205,3661673.8666666667,7457291.508611355,-133943.77527802205
238,2910880.6666666665,5739858.462089159,81902.8712441749,2910880.6666666665,5739858.462089159,81902.8712441749,2910880.6666666665,5739858.462089159,81902.8712441749,2910880.6666666665,5739858.462089159,81902.8712441749,2910880.6666666665,5739858.462089159,81902.8712441749,2910880.6666666665,5739858.462089159,81902.8712441749
239,4107017.1,7834429.9941530265,379604.2058469737,4107017.1,7834429.9941530265,379604.2058469737,4107017.1,7834429.9941530265,379604.2058469737,4107017.1,7834429.9941530265,379604.2058469737,4107017.1,7834429.9941530265,379604.2058469737,4107017.1,7834429.9941530265,379604.2058469737
240,4144051.466666667,7795723.225063824,492379.7082695095,4144051.466666667,7795723.225063824,492379.7082695095,4144051.466666667,7795723.225063824,492379.7082695095,4144051.466666667,7795723.225063824,492379.7082695095,4144051.466666667,7795723.225063824,492379.7082695095,4144051.466666667,7795723.225063824,492379.7082695095
241,4227808.333333333,7877740.248323532,577876.4183431338,4227808.333333333,7877740.248323532,577876.4183431338,4227808.333333333,7877740.248323532,577876.4183431338,4227808.333333333,7877740.248323532,577876.4183431338,4227808.333333333,7877740.248323532,577876.4183431338,4227808.333333333,7877740.248323532,577876.4183431338
242,5542250.3,9911124.055409772,1173376.5445902273,5542250.3,9911124.055409772,1173376.5445902273,5542250.3,9911124.055409772,1173376.5445902273,5542250.3,9911124.055409772,1173376.5445902273,5542250.3,9911124.055409772,1173376.5445902273,5542250.3,9911124.055409772,1173376.5445902273
243,5653209.766666667,9744333.901812464,1562085.6315208687,5653209.766666667,9744333.901812464,1562085.6315208687,5653209.766666667,9744333.901812464,1562085.6315208687,5653209.766666667,9744333.901812464,1562085.6315208687,5653209.766666667,9744333.901812464,1562085.6315208687,5653209.766666667,9744333.901812464,1562085.6315208687
244,5017572.5,9613004.618721265,422140.38127873465,5017572.5,9613004.618721265,422140.38127873465,5017572.5,9613004.618721265,422140.38127873465,5017572.5,9613004.618721265,422140.38127873465,5017572.5,9613004.618721265,422140.38127873465,5017572.5,9613004.618721265,422140.38127873465
245,5264641.266666667,9867516.907885257,661765.6254480751,5264641.266666667,9867516.907885257,661765.6254480751,5264641.266666667,9867516.907885257,661765.6254480751,5264641.266666667,9867516.907885257,661765.6254480751,5264641.266666667,9867516.907885257,661765.6254480751,5264641.266666667,9867516.907885257,661765.6254480751
246,4922181.4,9588479.660598487,255883.13940151315,4922181.4,9588479.660598487,255883.13940151315,4922181.4,9588479.660598487,255883.13940151315,4922181.4,9588479.660598487,255883.13940151315,4922181.4,9588479.660598487,255883.13940151315,4922181.4,9588479.660598487,255883.13940151315
247,5292031.8,9654865.631398205,929197.9686017958,5292031.8,9654865.631398205,929197.9686017958,5292031.8,9654865.631398205,929197.9686017958,5292031.8,9654865.631398205,929197.9686017958,5292031.8,9654865.631398205,929197.9686017958,5292031.8,9654865.631398205,929197.9686017958
248,5992021.533333333,11095635.434936848,888407.6317298198,5992021.533333333,11095635.434936848,888407.6317298198,5992021.533333333,11095635.434936848,888407.6317298198,5992021.533333333,11095635.434936848,888407.6317298198,5992021.533333333,11095635.434936848,888407.6317298198,5992021.533333333,11095635.434936848,888407.6317298198
249,6431740.2,11913386.001450162,950094.398549838,6431740.2,11913386.001450162,950094.398549838,6431740.2,11913386.001450162,950094.398549838,6431740.2,11913386.001450162,950094.398549838,6431740.2,11913386.001450162,950094.398549838,6431740.2,11913386.001450162,950094.398549838
250,5045107.166666667,9184095.155572971,906119.1777603622,5045107.166666667,9184095.155572971,906119.1777603622,5045107.166666667,9184095.155572971,906119.1777603622,5045107.166666667,9184095.155572971,906119.1777603622,5045107.166666667,9184095.155572971,906119.1777603622,5045107.166666667,9184095.155572971,906119.1777603622
251,5917769.066666666,10191153.21707483,1644384.9162585018,5917769.066666666,10191153.21707483,1644384.9162585018,5917769.066666666,10191153.21707483,1644384.9162585018,5917769.066666666,10191153.21707483,1644384.9162585018,5917769.066666666,10191153.21707483,1644384.9162585018,5917769.066666666,10191153.21707483,1644384.9162585018
252,5878628.133333334,10125192.3154548,1632063.951211867,5878628.133333334,10125192.3154548,1632063.951211867,5878628.133333334,10125192.3154548,1632063.951211867,5878628.133333334,10125192.3154548,1632063.951211867,5878628.133333334,10125192.3154548,1632063.951211867,5878628.133333334,10125192.3154548,1632063.951211867
253,4661645.2,8348382.398213029,974908.001786971,4661645.2,8348382.398213029,974908.001786971,4661645.2,8348382.398213029,974908.001786971,4661645.2,8348382.398213029,974908.001786971,4661645.2,8348382.398213029,974908.001786971,4661645.2,8348382.398213029,974908.001786971
254,4569239.533333333,8134177.1473862175,1004301.9192804489,4569239.533333333,8134177.1473862175,1004301.9192804489,4569239.533333333,8134177.1473862175,1004301.9192804489,4569239.533333333,8134177.1473862175,1004301.9192804489,4569239.533333333,8134177.1473862175,1004301.9192804489,4569239.533333333,8134177.1473862175,1004301.9192804489
255,4215921.3,7862110.564696539,569732.0353034604,4215921.3,7862110.564696539,569732.0353034604,4215921.3,7862110.564696539,569732.0353034604,4215921.3,7862110.564696539,569732.0353034604,4215921.3,7862110.564696539,569732.0353034604,4215921.3,7862110.564696539,569732.0353034604
256,4746929.9,9003201.298271526,490658.501728476,4746929.9,9003201.298271526,490658.501728476,4746929.9,9003201.298271526,490658.501728476,4746929.9,9003201.298271526,490658.501728476,4746929.9,9003201.298271526,490658.501728476,4746929.9,9003201.298271526,490658.501728476
257,5109243.966666667,9154261.862232175,1064226.0711011584,5109243.966666667,9154261.862232175,1064226.0711011584,5109243.966666667,9154261.862232175,1064226.0711011584,5109243.966666667,9154261.862232175,1064226.0711011584,5109243.966666667,9154261.862232175,1064226.0711011584,5109243.966666667,9154261.862232175,1064226.0711011584
258,4466419.1,8063452.596982467,869385.6030175323,4466419.1,8063452.596982467,869385.6030175323,4466419.1,8063452.596982467,869385.6030175323,4466419.1,8063452.596982467,869385.6030175323,4466419.1,8063452.596982467,869385.6030175323,4466419.1,8063452.596982467,869385.6030175323
259,5691947.233333333,10540686.425770074,843208.0408965917,5691947.233333333,10540686.425770074,843208.0408965917,5691947.233333333,10540686.425770074,843208.0408965917,5691947.233333333,10540686.425770074,843208.0408965917,5691947.233333333,10540686.425770074,843208.0408965917,5691947.233333333,10540686.425770074,843208.0408965917
260,4219864.766666667,7805816.831114135,633912.7022191985,4219864.766666667,7805816.831114135,633912.7022191985,4219864.766666667,7805816.831114135,633912.7022191985,4219864.766666667,7805816.831114135,633912.7022191985,4219864.766666667,7805816.831114135,633912.7022191985,4219864.766666667,7805816.831114135,633912.7022191985
261,6176930.233333333,11551937.846428778,801922.6202378897,6176930.233333333,11551937.846428778,801922.6202378897,6176930.233333333,11551937.846428778,801922.6202378897,6176930.233333333,11551937.846428778,801922.6202378897,6176930.233333333,11551937.846428778,801922.6202378897,6176930.233333333,11551937.846428778,801922.6202378897
262,6892274.933333334,13471835.954463473,312713.9122031946,6892274.933333334,13471835.954463473,312713.9122031946,6892274.933333334,13471835.954463473,312713.9122031946,6892274.933333334,13471835.954463473,312713.9122031946,6892274.933333334,13471835.954463473,312713.9122031946,6892274.933333334,13471835.954463473,312713.9122031946
263,7155805.466666667,13981387.933416523,330222.99991681054,7155805.466666667,13981387.933416523,330222.99991681054,7155805.466666667,13981387.933416523,330222.99991681054,7155805.466666667,13981387.933416523,330222.99991681054,7155805.466666667,13981387.933416523,330222.99991681054,7155805.466666667,13981387.933416523,330222.99991681054
264,7261614.333333333,15472751.470081344,-949522.8034146773,7261614.333333333,15472751.470081344,-949522.8034146773,7261614.333333333,15472751.470081344,-949522.8034146773,7261614.333333333,15472751.470081344,-949522.8034146773,7261614.333333333,15472751.470081344,-949522.8034146773,7261614.333333333,15472751.470081344,-949522.8034146773
265,7629651.033333333,16334012.178577112,-1074710.1119104456,7629651.033333333,16334012.178577112,-1074710.1119104456,7629651.033333333,16334012.178577112,-1074710.1119104456,7629651.033333333,16334012.178577112,-1074710.1119104456,7629651.033333333,16334012.178577112,-1074710.1119104456,7629651.033333333,16334012.178577112,-1074710.1119104456
266,7425183.4,16098922.881434169,-1248556.081434168,7425183.4,16098922.881434169,-1248556.081434168,7425183.4,16098922.881434169,-1248556.081434168,7425183.4,16098922.881434169,-1248556.081434168,7425183.4,16098922.881434169,-1248556.081434168,7425183.4,16098922.881434169,-1248556.081434168
267,7453070.866666666,14947935.233821243,-41793.50048790965,7453070.866666666,14947935.233821243,-41793.50048790965,7453070.866666666,14947935.233821243,-41793.50048790965,7453070.866666666,14947935.233821243,-41793.50048790965,7453070.866666666,14947935.233821243,-41793.50048790965,7453070.866666666,14947935.233821243,-41793.50048790965
268,6743889.033333333,13901265.758667935,-413487.69200126734,6743889.033333333,13901265.758667935,-413487.69200126734,6743889.033333333,13901265.758667935,-413487.69200126734,6743889.033333333,13901265.758667935,-413487.69200126734,6743889.033333333,13901265.758667935,-413487.69200126734,6743889.033333333,13901265.758667935,-413487.69200126734
269,6535698.666666667,13548671.474272743,-477274.140939408,6535698.666666667,13548671.474272743,-477274.140939408,6535698.666666667,13548671.474272743,-477274.140939408,6535698.666666667,13548671.474272743,-477274.140939408,6535698.666666667,13548671.474272743,-477274.140939408,6535698.666666667,13548671.474272743,-477274.140939408
270,5994346.8,11714870.392058382,273823.2079416178,5994346.8,11714870.392058382,273823.2079416178,5994346.8,11714870.392058382,273823.2079416178,5994346.8,11714870.392058382,273823.2079416178,5994346.8,11714870.392058382,273823.2079416178,5994346.8,11714870.392058382,273823.2079416178
271,6286778.433333334,12269392.938106846,304163.92855982203,6286778.433333334,12269392.938106846,304163.92855982203,6286778.433333334,12269392.938106846,304163.92855982203,6286778.433333334,12269392.938106846,304163.92855982203,6286778.433333334,12269392.938106846,304163.92855982203,6286778.433333334,12269392.938106846,304163.92855982203
272,6327850.433333334,12493253.92583342,162446.94083324634,6327850.433333334,12493253.92583342,162446.94083324634,6327850.433333334,12493253.92583342,162446.94083324634,6327850.433333334,12493253.92583342,162446.94083324634,6327850.433333334,12493253.92583342,162446.94083324634,6327850.433333334,12493253.92583342,162446.94083324634
273,6931343.133333334,13930845.564217115,-68159.29755044729,6931343.133333334,13930845.564217115,-68159.29755044729,6931343.133333334,13930845.564217115,-68159.29755044729,6931343.133333334,13930845.564217115,-68159.29755044729,6931343.133333334,13930845.564217115,-68159.29755044729,6931343.133333334,13930845.564217115,-68159.29755044729
274,7052652.4,13612482.432146795,492822.3678532047,7052652.4,13612482.432146795,492822.3678532047,7052652.4,13612482.432146795,492822.3678532047,7052652.4,13612482.432146795,492822.3678532047,7052652.4,13612482.432146795,492822.3678532047,7052652.4,13612482.432146795,492822.3678532047
275,6319274.833333333,12109963.5094034,528586.1572632669,6319274.833333333,12109963.5094034,528586.1572632669,6319274.833333333,12109963.5094034,528586.1572632669,6319274.833333333,12109963.5094034,528586.1572632669,6319274.833333333,12109963.5094034,528586.1572632669,6319274.833333333,12109963.5094034,528586.1572632669
276,5078971.933333334,10226823.077964257,-68879.21129759122,5078971.933333334,10226823.077964257,-68879.21129759122,5078971.933333334,10226823.077964257,-68879.21129759122,5078971.933333334,10226823.077964257,-68879.21129759122,5078971.933333334,10226823.077964257,-68879.21129759122,5078971.933333334,10226823.077964257,-68879.21129759122
277,4997183.233333333,10311798.27431104,-317431.8076443728,4997183.233333333,10311798.27431104,-317431.8076443728,4997183.233333333,10311798.27431104,-317431.8076443728,4997183.233333333,10311798.27431104,-317431.8076443728,4997183.233333333,10311798.27431104,-317431.8076443728,4997183.233333333,10311798.27431104,-317431.8076443728
278,5275235.566666666,10977361.95237571,-426890.8190423772,5275235.566666666,10977361.95237571,-426890.8190423772,5275235.566666666,10977361.95237571,-426890.8190423772,5275235.566666666,10977361.95237571,-426890.8190423772,5275235.566666666,10977361.95237571,-426890.8190423772,5275235.566666666,10977361.95237571,-426890.8190423772
279,5491358.566666666,11563450.83758246,-580733.7042491268,5491358.566666666,11563450.83758246,-580733.7042491268,5491358.566666666,11563450.83758246,-580733.7042491268,5491358.566666666,11563450.83758246,-580733.7042491268,5491358.566666666,11563450.83758246,-580733.7042491268,5491358.566666666,11563450.83758246,-580733.7042491268
280,6373411.966666667,12445951.132722322,300872.8006110117,6373411.966666667,12445951.132722322,300872.8006110117,6373411.966666667,12445951.132722322,300872.8006110117,6373411.966666667,12445951.132722322,300872.8006110117,6373411.966666667,12445951.132722322,300872.8006110117,6373411.966666667,12445951.132722322,300872.8006110117
281,6164821.133333334,11901981.908515735,427660.35815093294,6164821.133333334,11901981.908515735,427660.35815093294,6164821.133333334,11901981.908515735,427660.35815093294,6164821.133333334,11901981.908515735,427660.35815093294,6164821.133333334,11901981.908515735,427660.35815093294,6164821.133333334,11901981.908515735,427660.35815093294
282,7990151.866666666,14236222.080650501,1744081.6526828306,7990151.866666666,14236222.080650501,1744081.6526828306,7990151.866666666,14236222.080650501,1744081.6526828306,7990151.866666666,14236222.080650501,1744081.6526828306,7990151.866666666,14236222.080650501,1744081.6526828306,7990151.866666666,14236222.080650501,1744081.6526828306
283,7757636.9,14182952.222853787,1332321.5771462126,7757636.9,14182952.222853787,1332321.5771462126,7757636.9,14182952.222853787,1332321.5771462126,7757636.9,14182952.222853787,1332321.5771462126,7757636.9,14182952.222853787,1332321.5771462126,7757636.9,14182952.222853787,1332321.5771462126
284,6709286.333333333,12371497.748158215,1047074.9185084514,6709286.333333333,12371497.748158215,1047074.9185084514,6709286.333333333,12371497.748158215,1047074.9185084514,6709286.333333333,12371497.748158215,1047074.9185084514,6709286.333333333,12371497.748158215,1047074.9185084514,6709286.333333333,12371497.748158215,1047074.9185084514
285,7559717.0,13125186.190440662,1994247.8095593369,7559717.0,13125186.190440662,1994247.8095593369,7559717.0,13125186.190440662,1994247.8095593369,7559717.0,13125186.190440662,1994247.8095593369,7559717.0,13125186.190440662,1994247.8095593369,7559717.0,13125186.190440662,1994247.8095593369
286,7606739.766666667,14035617.28160961,1177862.2517237244,7606739.766666667,14035617.28160961,1177862.2517237244,7606739.766666667,14035617.28160961,1177862.2517237244,7606739.766666667,14035617.28160961,1177862.2517237244,7606739.766666667,14035617.28160961,1177862.2517237244,7606739.766666667,14035617.28160961,1177862.2517237244
287,7756713.4,14162565.206399523,1350861.593600477,7756713.4,14162565.206399523,1350861.593600477,7756713.4,14162565.206399523,1350861.593600477,7756713.4,14162565.206399523,1350861.593600477,7756713.4,14162565.206399523,1350861.593600477,7756713.4,14162565.206399523,1350861.593600477
288,8238431.5,14949741.93915052,1527121.0608494803,8238431.5,14949741.93915052,1527121.0608494803,8238431.5,14949741.93915052,1527121.0608494803,8238431.5,14949741.93915052,1527121.0608494803,8238431.5,14949741.93915052,1527121.0608494803,8238431.5,14949741.93915052,1527121.0608494803
289,8447253.0,15437651.325844798,1456854.6741552027,8447253.0,15437651.325844798,1456854.6741552027,8447253.0,15437651.325844798,1456854.6741552027,8447253.0,15437651.325844798,1456854.6741552027,8447253.0,15437651.325844798,1456854.6741552027,8447253.0,15437651.325844798,1456854.6741552027
290,8856278.833333334,16480978.114906114,1231579.5517605534,8856278.833333334,16480978.114906114,1231579.5517605534,8856278.833333334,16480978.114906114,1231579.5517605534,8856278.833333334,16480978.114906114,1231579.5517605534,8856278.833333334,16480978.114906114,1231579.5517605534,8856278.833333334,16480978.114906114,1231579.5517605534
291,8716621.2,15465179.852055214,1968062.5479447832,8716621.2,15465179.852055214,1968062.5479447832,8716621.2,15465179.852055214,1968062.5479447832,8716621.2,15465179.852055214,1968062.5479447832,8716621.2,15465179.852055214,1968062.5479447832,8716621.2,15465179.852055214,1968062.5479447832
292,10197240.6,17586170.351043243,2808310.848956757,10197240.6,17586170.351043243,2808310.848956757,10197240.6,17586170.351043243,2808310.848956757,10197240.6,17586170.351043243,2808310.848956757,10197240.6,17586170.351043243,2808310.848956757,10197240.6,17586170.351043243,2808310.848956757
293,9521987.533333333,16488641.683688667,2555333.3829779997,9521987.533333333,16488641.683688667,2555333.3829779997,9521987.533333333,16488641.683688667,2555333.3829779997,9521987.533333333,16488641.683688667,2555333.3829779997,9521987.533333333,16488641.683688667,2555333.3829779997,9521987.533333333,16488641.683688667,2555333.3829779997
294,8673788.833333334,15117257.956594171,2230319.710072497,8673788.833333334,15117257.956594171,2230319.710072497,8673788.833333334,15117257.956594171,2230319.710072497,8673788.833333334,15117257.956594171,2230319.710072497,8673788.833333334,15117257.956594171,2230319.710072497,8673788.833333334,15117257.956594171,2230319.710072497
295,9484619.7,16156401.691393707,2812837.7086062925,9484619.7,16156401.691393707,2812837.7086062925,9484619.7,16156401.691393707,2812837.7086062925,9484619.7,16156401.691393707,2812837.7086062925,9484619.7,16156401.691393707,2812837.7086062925,9484619.7,16156401.691393707,2812837.7086062925
296,9297058.066666666,15841895.307682028,2752220.825651305,9297058.066666666,15841895.307682028,2752220.825651305,9297058.066666666,15841895.307682028,2752220.825651305,9297058.066666666,15841895.307682028,2752220.825651305,9297058.066666666,15841895.307682028,2752220.825651305,9297058.066666666,15841895.307682028,2752220.825651305
297,8737693.466666667,14989337.626050979,2486049.3072823547,8737693.466666667,14989337.626050979,2486049.3072823547,8737693.466666667,14989337.626050979,2486049.3072823547,8737693.466666667,14989337.626050979,2486049.3072823547,8737693.466666667,14989337.626050979,2486049.3072823547,8737693.466666667,14989337.626050979,2486049.3072823547
298,8599212.433333334,14823169.878449772,2375254.9882168947,8599212.433333334,14823169.878449772,2375254.9882168947,8599212.433333334,14823169.878449772,2375254.9882168947,8599212.433333334,14823169.878449772,2375254.9882168947,8599212.433333334,14823169.878449772,2375254.9882168947,8599212.433333334,14823169.878449772,2375254.9882168947
299,8372272.533333333,14757731.747301323,1986813.319365343,8372272.533333333,14757731.747301323,1986813.319365343,8372272.533333333,14757731.747301323,1986813.319365343,8372272.533333333,14757731.747301323,1986813.319365343,8372272.533333333,14757731.747301323,1986813.319365343,8372272.533333333,14757731.747301323,1986813.319365343
300,8612197.066666666,15251774.34677445,1972619.7865588833,8612197.066666666,15251774.34677445,1972619.7865588833,8612197.066666666,15251774.34677445,1972619.7865588833,8612197.066666666,15251774.34677445,1972619.7865588833,8612197.066666666,15251774.34677445,1972619.7865588833,8612197.066666666,15251774.34677445,1972619.7865588833
301,8595987.166666666,15399197.271714382,1792777.0616189493,8595987.166666666,15399197.271714382,1792777.0616189493,8595987.166666666,15399197.271714382,1792777.0616189493,8595987.166666666,15399197.271714382,1792777.0616189493,8595987.166666666,15399197.271714382,1792777.0616189493,8595987.166666666,15399197.271714382,1792777.0616189493
302,8918703.833333334,16210398.908101622,1627008.7585650468,8918703.833333334,16210398.908101622,1627008.7585650468,8918703.833333334,16210398.908101622,1627008.7585650468,8918703.833333334,16210398.908101622,1627008.7585650468,8918703.833333334,16210398.908101622,1627008.7585650468,8918703.833333334,16210398.908101622,1627008.7585650468
303,9026022.1,16903022.32686348,1149021.8731365213,9026022.1,16903022.32686348,1149021.8731365213,9026022.1,16903022.32686348,1149021.8731365213,9026022.1,16903022.32686348,1149021.8731365213,9026022.1,16903022.32686348,1149021.8731365213,9026022.1,16903022.32686348,1149021.8731365213
304,9770977.133333333,17878083.227990005,1663871.0386766605,9770977.133333333,17878083.227990005,1663871.0386766605,9770977.133333333,17878083.227990005,1663871.0386766605,9770977.133333333,17878083.227990005,1663871.0386766605,9770977.133333333,17878083.227990005,1663871.0386766605,9770977.133333333,17878083.227990005,1663871.0386766605
305,10440939.5,18654441.218035184,2227437.781964817,10440939.5,18654441.218035184,2227437.781964817,10440939.5,18654441.218035184,2227437.781964817,10440939.5,18654441.218035184,2227437.781964817,10440939.5,18654441.218035184,2227437.781964817,10440939.5,18654441.218035184,2227437.781964817
306,10805639.766666668,19673534.319165252,1937745.2141680848,10805639.766666668,19673534.319165252,1937745.2141680848,10805639.766666668,19673534.319165252,1937745.2141680848,10805639.766666668,19673534.319165252,1937745.2141680848,10805639.766666668,19673534.319165252,1937745.2141680848,10805639.766666668,19673534.319165252,1937745.2141680848
307,10280782.6,17844117.82959431,2717447.370405689,10280782.6,17844117.82959431,2717447.370405689,10280782.6,17844117.82959431,2717447.370405689,10280782.6,17844117.82959431,2717447.370405689,10280782.6,17844117.82959431,2717447.370405689,10280782.6,17844117.82959431,2717447.370405689
308,11664772.1,20978971.805118334,2350572.3948816657,11664772.1,20978971.805118334,2350572.3948816657,11664772.1,20978971.805118334,2350572.3948816657,11664772.1,20978971.805118334,2350572.3948816657,11664772.1,20978971.805118334,2350572.3948816657,11664772.1,20978971.805118334,2350572.3948816657
309,10682476.8,19414810.485903606,1950143.1140963975,10682476.8,19414810.485903606,1950143.1140963975,10682476.8,19414810.485903606,1950143.1140963975,10682476.8,19414810.485903606,1950143.1140963975,10682476.8,19414810.485903606,1950143.1140963975,10682476.8,19414810.485903606,1950143.1140963975
310,10798742.466666667,20159385.281038664,1438099.6522946712,10798742.466666667,20159385.281038664,1438099.6522946712,10798742.466666667,20159385.281038664,1438099.6522946712,10798742.466666667,20159385.281038664,1438099.6522946712,10798742.466666667,20159385.281038664,1438099.6522946712,10798742.466666667,20159385.281038664,1438099.6522946712
311,12291544.7,22655087.7723372,1928001.627662802,12291544.7,22655087.7723372,1928001.627662802,12291544.7,22655087.7723372,1928001.627662802,12291544.7,22655087.7723372,1928001.627662802,12291544.7,22655087.7723372,1928001.627662802,12291544.7,22655087.7723372,1928001.627662802
312,12766692.1,23734362.059709713,1799022.1402902864,12766692.1,23734362.059709713,1799022.1402902864,12766692.1,23734362.059709713,1799022.1402902864,12766692.1,23734362.059709713,1799022.1402902864,12766692.1,23734362.059709713,1799022.1402902864,12766692.1,23734362.059709713,1799022.1402902864
313,13064452.233333332,24262311.15723843,1866593.3094282355,13064452.233333332,24262311.15723843,1866593.3094282355,13064452.233333332,24262311.15723843,1866593.3094282355,13064452.233333332,24262311.15723843,1866593.3094282355,13064452.233333332,24262311.15723843,1866593.3094282355,13064452.233333332,24262311.15723843,1866593.3094282355
314,13336171.1,24801739.28819304,1870602.9118069597,13336171.1,24801739.28819304,1870602.9118069597,13336171.1,24801739.28819304,1870602.9118069597,13336171.1,24801739.28819304,1870602.9118069597,13336171.1,24801739.28819304,1870602.9118069597,13336171.1,24801739.28819304,1870602.9118069597
315,13100846.866666667,24310013.99641843,1891679.736914901,13100846.866666667,24310013.99641843,1891679.736914901,13100846.866666667,24310013.99641843,1891679.736914901,13100846.866666667,24310013.99641843,1891679.736914901,13100846.866666667,24310013.99641843,1891679.736914901,13100846.866666667,24310013.99641843,1891679.736914901
316,12766481.2,23161426.522290096,2371535.877709901,12766481.2,23161426.522290096,2371535.877709901,12766481.2,23161426.522290096,2371535.877709901,12766481.2,23161426.522290096,2371535.877709901,12766481.2,23161426.522290096,2371535.877709901,12766481.2,23161426.522290096,2371535.877709901
317,12566080.833333334,22998279.84448615,2133881.822180517,12566080.833333334,22998279.84448615,2133881.822180517,12566080.833333334,22998279.84448615,2133881.822180517,12566080.833333334,22998279.84448615,2133881.822180517,12566080.833333334,22998279.84448615,2133881.822180517,12566080.833333334,22998279.84448615,2133881.822180517
318,12157361.466666667,22038341.425266907,2276381.508066429,12157361.466666667,22038341.425266907,2276381.508066429,12157361.466666667,22038341.425266907,2276381.508066429,12157361.466666667,22038341.425266907,2276381.508066429,12157361.466666667,22038341.425266907,2276381.508066429,12157361.466666667,22038341.425266907,2276381.508066429
319,12441022.666666666,22971295.00560282,1910750.3277305104,12441022.666666666,22971295.00560282,1910750.3277305104,12441022.666666666,22971295.00560282,1910750.3277305104,12441022.666666666,22971295.00560282,1910750.3277305104,12441022.666666666,22971295.00560282,1910750.3277305104,12441022.666666666,22971295.00560282,1910750.3277305104
320,12831421.233333332,23832963.269912094,1829879.196754573,12831421.233333332,23832963.269912094,1829879.196754573,12831421.233333332,23832963.269912094,1829879.196754573,12831421.233333332,23832963.269912094,1829879.196754573,12831421.233333332,23832963.269912094,1829879.196754573,12831421.233333332,23832963.269912094,1829879.196754573
321,12396629.5,23328762.901846457,1464496.0981535427,12396629.5,23328762.901846457,1464496.0981535427,12396629.5,23328762.901846457,1464496.0981535427,12396629.5,23328762.901846457,1464496.0981535427,12396629.5,23328762.901846457,1464496.0981535427,12396629.5,23328762.901846457,1464496.0981535427
322,11323320.066666666,20752422.345905505,1894217.7874278259,11323320.066666666,20752422.345905505,1894217.7874278259,11323320.066666666,20752422.345905505,1894217.7874278259,11323320.066666666,20752422.345905505,1894217.7874278259,11323320.066666666,20752422.345905505,1894217.7874278259,11323320.066666666,20752422.345905505,1894217.7874278259
323,12036544.333333334,21956753.174849205,2116335.4918174613,12036544.333333334,21956753.174849205,2116335.4918174613,12036544.333333334,21956753.174849205,2116335.4918174613,12036544.333333334,21956753.174849205,2116335.4918174613,12036544.333333334,21956753.174849205,2116335.4918174613,12036544.333333334,21956753.174849205,2116335.4918174613
324,10233787.933333334,18252713.040821094,2214862.825845574,10233787.933333334,18252713.040821094,2214862.825845574,10233787.933333334,18252713.040821094,2214862.825845574,10233787.933333334,18252713.040821094,2214862.825845574,10233787.933333334,18252713.040821094,2214862.825845574,10233787.933333334,18252713.040821094,2214862.825845574
325,10510173.933333334,19188586.557363197,1831761.309303468,10510173.933333334,19188586.557363197,1831761.309303468,10510173.933333334,19188586.557363197,1831761.309303468,10510173.933333334,19188586.557363197,1831761.309303468,10510173.933333334,19188586.557363197,1831761.309303468,10510173.933333334,19188586.557363197,1831761.309303468
326,10013692.4,18162590.472931016,1864794.3270689854,10013692.4,18162590.472931016,1864794.3270689854,10013692.4,18162590.472931016,1864794.3270689854,10013692.4,18162590.472931016,1864794.3270689854,10013692.4,18162590.472931016,1864794.3270689854,10013692.4,18162590.472931016,1864794.3270689854
327,10132876.933333334,18615229.67389784,1650524.1927688252,10132876.933333334,18615229.67389784,1650524.1927688252,10132876.933333334,18615229.67389784,1650524.1927688252,10132876.933333334,18615229.67389784,1650524.1927688252,10132876.933333334,18615229.67389784,1650524.1927688252,10132876.933333334,18615229.67389784,1650524.1927688252
328,9774281.766666668,17837374.843954083,1711188.6893792525,9774281.766666668,17837374.843954083,1711188.6893792525,9774281.766666668,17837374.843954083,1711188.6893792525,9774281.766666668,17837374.843954083,1711188.6893792525,9774281.766666668,17837374.843954083,1711188.6893792525,9774281.766666668,17837374.843954083,1711188.6893792525
329,9439403.033333333,17082296.695020974,1796509.3716456909,9439403.033333333,17082296.695020974,1796509.3716456909,9439403.033333333,17082296.695020974,1796509.3716456909,9439403.033333333,17082296.695020974,1796509.3716456909,9439403.033333333,17082296.695020974,1796509.3716456909,9439403.033333333,17082296.695020974,1796509.3716456909
330,9143976.033333333,16728406.078920668,1559545.9877459984,9143976.033333333,16728406.078920668,1559545.9877459984,9143976.033333333,16728406.078920668,1559545.9877459984,9143976.033333333,16728406.078920668,1559545.9877459984,9143976.033333333,16728406.078920668,1559545.9877459984,9143976.033333333,16728406.078920668,1559545.9877459984
331,9986973.966666667,17839542.381135594,2134405.5521977395,9986973.966666667,17839542.381135594,2134405.5521977395,9986973.966666667,17839542.381135594,2134405.5521977395,9986973.966666667,17839542.381135594,2134405.5521977395,9986973.966666667,17839542.381135594,2134405.5521977395,9986973.966666667,17839542.381135594,2134405.5521977395
332,10033546.266666668,18095450.788866468,1971641.7444668682,10033546.266666668,18095450.788866468,1971641.7444668682,10033546.266666668,18095450.788866468,1971641.7444668682,10033546.266666668,18095450.788866468,1971641.7444668682,10033546.266666668,18095450.788866468,1971641.7444668682,10033546.266666668,18095450.788866468,1971641.7444668682
333,10052358.533333333,18047025.32642895,2057691.7402377147,10052358.533333333,18047025.32642895,2057691.7402377147,10052358.533333333,18047025.32642895,2057691.7402377147,10052358.533333333,18047025.32642895,2057691.7402377147,10052358.533333333,18047025.32642895,2057691.7402377147,10052358.533333333,18047025.32642895,2057691.7402377147
334,10160972.9,18142292.45712839,2179653.342871612,10160972.9,18142292.45712839,2179653.342871612,10160972.9,18142292.45712839,2179653.342871612,10160972.9,18142292.45712839,2179653.342871612,10160972.9,18142292.45712839,2179653.342871612,10160972.9,18142292.45712839,2179653.342871612
335,9779918.2,17603479.65549559,1956356.744504409,9779918.2,17603479.65549559,1956356.744504409,9779918.2,17603479.65549559,1956356.744504409,9779918.2,17603479.65549559,1956356.744504409,9779918.2,17603479.65549559,1956356.744504409,9779918.2,17603479.65549559,1956356.744504409
336,10000155.166666666,18067493.337185044,1932816.9961482873,10000155.166666666,18067493.337185044,1932816.9961482873,10000155.166666666,18067493.337185044,1932816.9961482873,10000155.166666666,18067493.337185044,1932816.9961482873,10000155.166666666,18067493.337185044,1932816.9961482873,10000155.166666666,18067493.337185044,1932816.9961482873
337,10237568.333333334,18375819.122330315,2099317.5443363534,10237568.333333334,18375819.122330315,2099317.5443363534,10237568.333333334,18375819.122330315,2099317.5443363534,10237568.333333334,18375819.122330315,2099317.5443363534,10237568.333333334,18375819.122330315,2099317.5443363534,10237568.333333334,18375819.122330315,2099317.5443363534
338,10481492.833333334,18622662.777135193,2340322.8895314727,10481492.833333334,18622662.777135193,2340322.8895314727,10481492.833333334,18622662.777135193,2340322.8895314727,10481492.833333334,18622662.777135193,2340322.8895314727,10481492.833333334,18622662.777135193,2340322.8895314727,10481492.833333334,18622662.777135193,2340322.8895314727
339,10307032.4,18159043.93052361,2455020.86947639,10307032.4,18159043.93052361,2455020.86947639,10307032.4,18159043.93052361,2455020.86947639,10307032.4,18159043.93052361,2455020.86947639,10307032.4,18159043.93052361,2455020.86947639,10307032.4,18159043.93052361,2455020.86947639
340,10344059.966666667,18282245.73509495,2405874.198238382,10344059.966666667,18282245.73509495,2405874.198238382,10344059.966666667,18282245.73509495,2405874.198238382,10344059.966666667,18282245.73509495,2405874.198238382,10344059.966666667,18282245.73509495,2405874.198238382,10344059.966666667,18282245.73509495,2405874.198238382
341,10903624.033333333,19137134.727861017,2670113.3388056513,10903624.033333333,19137134.727861017,2670113.3388056513,10903624.033333333,19137134.727861017,2670113.3388056513,10903624.033333333,19137134.727861017,2670113.3388056513,10903624.033333333,19137134.727861017,2670113.3388056513,10903624.033333333,19137134.727861017,2670113.3388056513
342,11735198.4,21259977.33891753,2210419.4610824715,11735198.4,21259977.33891753,2210419.4610824715,11735198.4,21259977.33891753,2210419.4610824715,11735198.4,21259977.33891753,2210419.4610824715,11735198.4,21259977.33891753,2210419.4610824715,11735198.4,21259977.33891753,2210419.4610824715
343,12484374.066666666,22131192.83535313,2837555.2979802024,12484374.066666666,22131192.83535313,2837555.2979802024,12484374.066666666,22131192.83535313,2837555.2979802024,12484374.066666666,22131192.83535313,2837555.2979802024,12484374.066666666,22131192.83535313,2837555.2979802024,12484374.066666666,22131192.83535313,2837555.2979802024
344,12048524.2,21645105.573698744,2451942.826301256,12048524.2,21645105.573698744,2451942.826301256,12048524.2,21645105.573698744,2451942.826301256,12048524.2,21645105.573698744,2451942.826301256,12048524.2,21645105.573698744,2451942.826301256,12048524.2,21645105.573698744,2451942.826301256
345,11569503.566666666,21043664.870907795,2095342.2624255382,11569503.566666666,21043664.870907795,2095342.2624255382,11569503.566666666,21043664.870907795,2095342.2624255382,11569503.566666666,21043664.870907795,2095342.2624255382,11569503.566666666,21043664.870907795,2095342.2624255382,11569503.566666666,21043664.870907795,2095342.2624255382
346,11077784.6,19502383.173667006,2653186.026332993,11077784.6,19502383.173667006,2653186.026332993,11077784.6,19502383.173667006,2653186.026332993,11077784.6,19502383.173667006,2653186.026332993,11077784.6,19502383.173667006,2653186.026332993,11077784.6,19502383.173667006,2653186.026332993
347,10752698.133333333,19225948.056369282,2279448.2102973834,10752698.133333333,19225948.056369282,2279448.2102973834,10752698.133333333,19225948.056369282,2279448.2102973834,10752698.133333333,19225948.056369282,2279448.2102973834,10752698.133333333,19225948.056369282,2279448.2102973834,10752698.133333333,19225948.056369282,2279448.2102973834
348,10557227.366666667,18882854.958796006,2231599.7745373277,10557227.366666667,18882854.958796006,2231599.7745373277,10557227.366666667,18882854.958796006,2231599.7745373277,10557227.366666667,18882854.958796006,2231599.7745373277,10557227.366666667,18882854.958796006,2231599.7745373277,10557227.366666667,18882854.958796006,2231599.7745373277
349,9925986.533333333,17871088.203468498,1980884.8631981676,9925986.533333333,17871088.203468498,1980884.8631981676,9925986.533333333,17871088.203468498,1980884.8631981676,9925986.533333333,17871088.203468498,1980884.8631981676,9925986.533333333,17871088.203468498,1980884.8631981676,9925986.533333333,17871088.203468498,1980884.8631981676
350,10624789.133333333,18840217.618132215,2409360.6485344516,10624789.133333333,18840217.618132215,2409360.6485344516,10624789.133333333,18840217.618132215,2409360.6485344516,10624789.133333333,18840217.618132215,2409360.6485344516,10624789.133333333,18840217.618132215,2409360.6485344516,10624789.133333333,18840217.618132215,2409360.6485344516
351,10514639.566666666,18737884.70585652,2291394.427476812,10514639.566666666,18737884.70585652,2291394.427476812,10514639.566666666,18737884.70585652,2291394.427476812,10514639.566666666,18737884.70585652,2291394.427476812,10514639.566666666,18737884.70585652,2291394.427476812,10514639.566666666,18737884.70585652,2291394.427476812
352,10631919.533333333,18965016.44340474,2298822.6232619258,10631919.533333333,18965016.44340474,2298822.6232619258,10631919.533333333,18965016.44340474,2298822.6232619258,10631919.533333333,18965016.44340474,2298822.6232619258,10631919.533333333,18965016.44340474,2298822.6232619258,10631919.533333333,18965016.44340474,2298822.6232619258
353,11087804.966666667,20219918.374158192,1955691.5591751412,11087804.966666667,20219918.374158192,1955691.5591751412,11087804.966666667,20219918.374158192,1955691.5591751412,11087804.966666667,20219918.374158192,1955691.5591751412,11087804.966666667,20219918.374158192,1955691.5591751412,11087804.966666667,20219918.374158192,1955691.5591751412
354,10985020.5,19348553.07752883,2621487.9224711703,10985020.5,19348553.07752883,2621487.9224711703,10985020.5,19348553.07752883,2621487.9224711703,10985020.5,19348553.07752883,2621487.9224711703,10985020.5,19348553.07752883,2621487.9224711703,10985020.5,19348553.07752883,2621487.9224711703
355,11406423.766666668,19982441.47384945,2830406.0594838858,11406423.766666668,19982441.47384945,2830406.0594838858,11406423.766666668,19982441.47384945,2830406.0594838858,11406423.766666668,19982441.47384945,2830406.0594838858,11406423.766666668,19982441.47384945,2830406.0594838858,11406423.766666668,19982441.47384945,2830406.0594838858
356,10885319.333333334,19253440.513835896,2517198.152830772,10885319.333333334,19253440.513835896,2517198.152830772,10885319.333333334,19253440.513835896,2517198.152830772,10885319.333333334,19253440.513835896,2517198.152830772,10885319.333333334,19253440.513835896,2517198.152830772,10885319.333333334,19253440.513835896,2517198.152830772
357,11535053.1,20236712.4178783,2833393.7821216974,11535053.1,20236712.4178783,2833393.7821216974,11535053.1,20236712.4178783,2833393.7821216974,11535053.1,20236712.4178783,2833393.7821216974,11535053.1,20236712.4178783,2833393.7821216974,11535053.1,20236712.4178783,2833393.7821216974
358,11239935.933333334,20182424.719984952,2297447.146681715,11239935.933333334,20182424.719984952,2297447.146681715,11239935.933333334,20182424.719984952,2297447.146681715,11239935.933333334,20182424.719984952,2297447.146681715,11239935.933333334,20182424.719984952,2297447.146681715,11239935.933333334,20182424.719984952,2297447.146681715
359,11952432.7,21211236.88596858,2693628.5140314195,11952432.7,21211236.88596858,2693628.5140314195,11952432.7,21211236.88596858,2693628.5140314195,11952432.7,21211236.88596858,2693628.5140314195,11952432.7,21211236.88596858,2693628.5140314195,11952432.7,21211236.88596858,2693628.5140314195
360,11634205.533333333,20768512.329694904,2499898.73697176,11634205.533333333,20768512.329694904,2499898.73697176,11634205.533333333,20768512.329694904,2499898.73697176,11634205.533333333,20768512.329694904,2499898.73697176,11634205.533333333,20768512.329694904,2499898.73697176,11634205.533333333,20768512.329694904,2499898.73697176
361,12021534.1,21467793.715139575,2575274.484860422,12021534.1,21467793.715139575,2575274.484860422,12021534.1,21467793.715139575,2575274.484860422,12021534.1,21467793.715139575,2575274.484860422,12021534.1,21467793.715139575,2575274.484860422,12021534.1,21467793.715139575,2575274.484860422
362,12323425.866666667,21803289.931893013,2843561.801440319,12323425.866666667,21803289.931893013,2843561.801440319,12323425.866666667,21803289.931893013,2843561.801440319,12323425.866666667,21803289.931893013,2843561.801440319,12323425.866666667,21803289.931893013,2843561.801440319,12323425.866666667,21803289.931893013,2843561.801440319
363,11854803.3,21175377.282506123,2534229.3174938783,11854803.3,21175377.282506123,2534229.3174938783,11854803.3,21175377.282506123,2534229.3174938783,11854803.3,21175377.282506123,2534229.3174938783,11854803.3,21175377.282506123,2534229.3174938783,11854803.3,21175377.282506123,2534229.3174938783
364,12146566.466666667,21749515.83578239,2543617.0975509435,12146566.466666667,21749515.83578239,2543617.0975509435,12146566.466666667,21749515.83578239,2543617.0975509435,12146566.466666667,21749515.83578239,2543617.0975509435,12146566.466666667,21749515.83578239,2543617.0975509435,12146566.466666667,21749515.83578239,2543617.0975509435
365,12169831.466666667,21793449.07326758,2546213.8600657545,12169831.466666667,21793449.07326758,2546213.8600657545,12169831.466666667,21793449.07326758,2546213.8600657545,12169831.466666667,21793449.07326758,2546213.8600657545,12169831.466666667,21793449.07326758,2546213.8600657545,12169831.466666667,21793449.07326758,2546213.8600657545
366,12313367.4,21950202.238516215,2676532.5614837855,12313367.4,21950202.238516215,2676532.5614837855,12313367.4,21950202.238516215,2676532.5614837855,12313367.4,21950202.238516215,2676532.5614837855,12313367.4,21950202.238516215,2676532.5614837855,12313367.4,21950202.238516215,2676532.5614837855
367,12771488.566666666,22517495.768885203,3025481.364448132,12771488.566666666,22517495.768885203,3025481.364448132,12771488.566666666,22517495.768885203,3025481.364448132,12771488.566666666,22517495.768885203,3025481.364448132,12771488.566666666,22517495.768885203,3025481.364448132,12771488.566666666,22517495.768885203,3025481.364448132
368,12684340.066666666,22435765.037769817,2932915.095563518,12684340.066666666,22435765.037769817,2932915.095563518,12684340.066666666,22435765.037769817,2932915.095563518,12684340.066666666,22435765.037769817,2932915.095563518,12684340.066666666,22435765.037769817,2932915.095563518,12684340.066666666,22435765.037769817,2932915.095563518
369,12260585.033333333,21862169.50635159,2659000.560315078,12260585.033333333,21862169.50635159,2659000.560315078,12260585.033333333,21862169.50635159,2659000.560315078,12260585.033333333,21862169.50635159,2659000.560315078,12260585.033333333,21862169.50635159,2659000.560315078,12260585.033333333,21862169.50635159,2659000.560315078
370,11963958.733333332,21256988.195268467,2670929.2713981997,11963958.733333332,21256988.195268467,2670929.2713981997,11963958.733333332,21256988.195268467,2670929.2713981997,11963958.733333332,21256988.195268467,2670929.2713981997,11963958.733333332,21256988.195268467,2670929.2713981997,11963958.733333332,21256988.195268467,2670929.2713981997
371,11792366.566666666,21274619.582403295,2310113.550930036,11792366.566666666,21274619.582403295,2310113.550930036,11792366.566666666,21274619.582403295,2310113.550930036,11792366.566666666,21274619.582403295,2310113.550930036,11792366.566666666,21274619.582403295,2310113.550930036,11792366.566666666,21274619.582403295,2310113.550930036
372,12281471.433333334,21790010.99556593,2772931.871100737,12281471.433333334,21790010.99556593,2772931.871100737,12281471.433333334,21790010.99556593,2772931.871100737,12281471.433333334,21790010.99556593,2772931.871100737,12281471.433333334,21790010.99556593,2772931.871100737,12281471.433333334,21790010.99556593,2772931.871100737
373,12277498.933333334,21799935.328849673,2755062.537816992,12277498.933333334,21799935.328849673,2755062.537816992,12277498.933333334,21799935.328849673,2755062.537816992,12277498.933333334,21799935.328849673,2755062.537816992,12277498.933333334,21799935.328849673,2755062.537816992,12277498.933333334,21799935.328849673,2755062.537816992
374,12392125.1,21923870.264983397,2860379.9350166023,12392125.1,21923870.264983397,2860379.9350166023,12392125.1,21923870.264983397,2860379.9350166023,12392125.1,21923870.264983397,2860379.9350166023,12392125.1,21923870.264983397,2860379.9350166023,12392125.1,21923870.264983397,2860379.9350166023
375,12078389.333333334,21487691.967411295,2669086.699255375,12078389.333333334,21487691.967411295,2669086.699255375,12078389.333333334,21487691.967411295,2669086.699255375,12078389.333333334,21487691.967411295,2669086.699255375,12078389.333333334,21487691.967411295,2669086.699255375,12078389.333333334,21487691.967411295,2669086.699255375
376,12214412.166666666,21492980.872725718,2935843.4606076125,12214412.166666666,21492980.872725718,2935843.4606076125,12214412.166666666,21492980.872725718,2935843.4606076125,12214412.166666666,21492980.872725718,2935843.4606076125,12214412.166666666,21492980.872725718,2935843.4606076125,12214412.166666666,21492980.872725718,2935843.4606076125
377,12136378.933333334,20318542.321059447,3954215.5456072195,12136378.933333334,20318542.321059447,3954215.5456072195,12136378.933333334,20318542.321059447,3954215.5456072195,12136378.933333334,20318542.321059447,3954215.5456072195,12136378.933333334,20318542.321059447,3954215.5456072195,12136378.933333334,20318542.321059447,3954215.5456072195
378,12333284.966666667,20912141.51048578,3754428.422847554,12333284.966666667,20912141.51048578,3754428.422847554,12333284.966666667,20912141.51048578,3754428.422847554,12333284.966666667,20912141.51048578,3754428.422847554,12333284.966666667,20912141.51048578,3754428.422847554,12333284.966666667,20912141.51048578,3754428.422847554
379,11945774.166666666,20500021.966222614,3391526.367110716,11945774.166666666,20500021.966222614,3391526.367110716,11945774.166666666,20500021.966222614,3391526.367110716,11945774.166666666,20500021.966222614,3391526.367110716,11945774.166666666,20500021.966222614,3391526.367110716,11945774.166666666,20500021.966222614,3391526.367110716
380,11598918.733333332,20136868.441591173,3060969.0250754934,11598918.733333332,20136868.441591173,3060969.0250754934,11598918.733333332,20136868.441591173,3060969.0250754934,11598918.733333332,20136868.441591173,3060969.0250754934,11598918.733333332,20136868.441591173,3060969.0250754934,11598918.733333332,20136868.441591173,3060969.0250754934
381,11337957.8,19148585.804526012,3527329.795473989,11337957.8,19148585.804526012,3527329.795473989,11337957.8,19148585.804526012,3527329.795473989,11337957.8,19148585.804526012,3527329.795473989,11337957.8,19148585.804526012,3527329.795473989,11337957.8,19148585.804526012,3527329.795473989
382,9957190.7,17510486.001206584,2403895.3987934124,9957190.7,17510486.001206584,2403895.3987934124,9957190.7,17510486.001206584,2403895.3987934124,9957190.7,17510486.001206584,2403895.3987934124,9957190.7,17510486.001206584,2403895.3987934124,9957190.7,17510486.001206584,2403895.3987934124
383,10638633.133333333,18230133.858759616,3047132.407907049,10638633.133333333,18230133.858759616,3047132.407907049,10638633.133333333,18230133.858759616,3047132.407907049,10638633.133333333,18230133.858759616,3047132.407907049,10638633.133333333,18230133.858759616,3047132.407907049,10638633.133333333,18230133.858759616,3047132.407907049
384,10772188.8,18416781.942216344,3127595.6577836564,10772188.8,18416781.942216344,3127595.6577836564,10772188.8,18416781.942216344,3127595.6577836564,10772188.8,18416781.942216344,3127595.6577836564,10772188.8,18416781.942216344,3127595.6577836564,10772188.8,18416781.942216344,3127595.6577836564
385,11443462.166666666,19988422.0664383,2898502.2668950334,11443462.166666666,19988422.0664383,2898502.2668950334,11443462.166666666,19988422.0664383,2898502.2668950334,11443462.166666666,19988422.0664383,2898502.2668950334,11443462.166666666,19988422.0664383,2898502.2668950334,11443462.166666666,19988422.0664383,2898502.2668950334
386,10200663.3,17484155.562192824,2917171.037807177,10200663.3,17484155.562192824,2917171.037807177,10200663.3,17484155.562192824,2917171.037807177,10200663.3,17484155.562192824,2917171.037807177,10200663.3,17484155.562192824,2917171.037807177,10200663.3,17484155.562192824,2917171.037807177
387,9642497.533333333,16915615.712918468,2369379.3537481977,9642497.533333333,16915615.712918468,2369379.3537481977,9642497.533333333,16915615.712918468,2369379.3537481977,9642497.533333333,16915615.712918468,2369379.3537481977,9642497.533333333,16915615.712918468,2369379.3537481977,9642497.533333333,16915615.712918468,2369379.3537481977
388,9776029.2,17098841.14388176,2453217.25611824,9776029.2,17098841.14388176,2453217.25611824,9776029.2,17098841.14388176,2453217.25611824,9776029.2,17098841.14388176,2453217.25611824,9776029.2,17098841.14388176,2453217.25611824,9776029.2,17098841.14388176,2453217.25611824
389,9798449.6,17387614.274783447,2209284.925216553,9798449.6,17387614.274783447,2209284.925216553,9798449.6,17387614.274783447,2209284.925216553,9798449.6,17387614.274783447,2209284.925216553,9798449.6,17387614.274783447,2209284.925216553,9798449.6,17387614.274783447,2209284.925216553
390,10041642.933333334,17746888.29582,2336397.5708466647,10041642.933333334,17746888.29582,2336397.5708466647,10041642.933333334,17746888.29582,2336397.5708466647,10041642.933333334,17746888.29582,2336397.5708466647,10041642.933333334,17746888.29582,2336397.5708466647,10041642.933333334,17746888.29582,2336397.5708466647
391,9842368.366666667,17473318.77104851,2211417.9622848276,9842368.366666667,17473318.77104851,2211417.9622848276,9842368.366666667,17473318.77104851,2211417.9622848276,9842368.366666667,17473318.77104851,2211417.9622848276,9842368.366666667,17473318.77104851,2211417.9622848276,9842368.366666667,17473318.77104851,2211417.9622848276
392,10106087.333333334,18497487.4906805,1714687.175986169,10106087.333333334,18497487.4906805,1714687.175986169,10106087.333333334,18497487.4906805,1714687.175986169,10106087.333333334,18497487.4906805,1714687.175986169,10106087.333333334,18497487.4906805,1714687.175986169,10106087.333333334,18497487.4906805,1714687.175986169
393,10902451.166666666,20270443.66525469,1534458.6680786423,10902451.166666666,20270443.66525469,1534458.6680786423,10902451.166666666,20270443.66525469,1534458.6680786423,10902451.166666666,20270443.66525469,1534458.6680786423,10902451.166666666,20270443.66525469,1534458.6680786423,10902451.166666666,20270443.66525469,1534458.6680786423
394,10949628.233333332,20109966.532877274,1789289.9337893892,10949628.233333332,20109966.532877274,1789289.9337893892,10949628.233333332,20109966.532877274,1789289.9337893892,10949628.233333332,20109966.532877274,1789289.9337893892,10949628.233333332,20109966.532877274,1789289.9337893892,10949628.233333332,20109966.532877274,1789289.9337893892
395,11285175.766666668,20675208.952425547,1895142.58090779,11285175.766666668,20675208.952425547,1895142.58090779,11285175.766666668,20675208.952425547,1895142.58090779,11285175.766666668,20675208.952425547,1895142.58090779,11285175.766666668,20675208.952425547,1895142.58090779,11285175.766666668,20675208.952425547,1895142.58090779
396,11693215.2,21198108.4149937,2188321.985006299,11693215.2,21198108.4149937,2188321.985006299,11693215.2,21198108.4149937,2188321.985006299,11693215.2,21198108.4149937,2188321.985006299,11693215.2,21198108.4149937,2188321.985006299,11693215.2,21198108.4149937,2188321.985006299
397,11724026.433333334,21237230.413749933,2210822.452916734,11724026.433333334,21237230.413749933,2210822.452916734,11724026.433333334,21237230.413749933,2210822.452916734,11724026.433333334,21237230.413749933,2210822.452916734,11724026.433333334,21237230.413749933,2210822.452916734,11724026.433333334,21237230.413749933,2210822.452916734
398,11341332.466666667,20400438.44759401,2282226.4857393242,11341332.466666667,20400438.44759401,2282226.4857393242,11341332.466666667,20400438.44759401,2282226.4857393242,11341332.466666667,20400438.44759401,2282226.4857393242,11341332.466666667,20400438.44759401,2282226.4857393242,11341332.466666667,20400438.44759401,2282226.4857393242
399,9861115.833333334,17829368.739595618,1892862.9270710489,9861115.833333334,17829368.739595618,1892862.9270710489,9861115.833333334,17829368.739595618,1892862.9270710489,9861115.833333334,17829368.739595618,1892862.9270710489,9861115.833333334,17829368.739595618,1892862.9270710489,9861115.833333334,17829368.739595618,1892862.9270710489
400,9979319.833333334,17831102.90834405,2127536.75832262,9979319.833333334,17831102.90834405,2127536.75832262,9979319.833333334,17831102.90834405,2127536.75832262,9979319.833333334,17831102.90834405,2127536.75832262,9979319.833333334,17831102.90834405,2127536.75832262,9979319.833333334,17831102.90834405,2127536.75832262
401,10221913.866666667,18207299.54204932,2236528.1912840176,10221913.866666667,18207299.54204932,2236528.1912840176,10221913.866666667,18207299.54204932,2236528.1912840176,10221913.866666667,18207299.54204932,2236528.1912840176,10221913.866666667,18207299.54204932,2236528.1912840176,10221913.866666667,18207299.54204932,2236528.1912840176
402,9591358.866666667,17045087.616195768,2137630.1171375653,9591358.866666667,17045087.616195768,2137630.1171375653,9591358.866666667,17045087.616195768,2137630.1171375653,9591358.866666667,17045087.616195768,2137630.1171375653,9591358.866666667,17045087.616195768,2137630.1171375653,9591358.866666667,17045087.616195768,2137630.1171375653
403,9730082.3,17071193.455840796,2388971.144159207,9730082.3,17071193.455840796,2388971.144159207,9730082.3,17071193.455840796,2388971.144159207,9730082.3,17071193.455840796,2388971.144159207,9730082.3,17071193.455840796,2388971.144159207,9730082.3,17071193.455840796,2388971.144159207
404,9753151.7,17248725.113503914,2257578.2864960833,9753151.7,17248725.113503914,2257578.2864960833,9753151.7,17248725.113503914,2257578.2864960833,9753151.7,17248725.113503914,2257578.2864960833,9753151.7,17248725.113503914,2257578.2864960833,9753151.7,17248725.113503914,2257578.2864960833
405,10136106.566666666,17864131.173406847,2408081.959926485,10136106.566666666,17864131.173406847,2408081.959926485,10136106.566666666,17864131.173406847,2408081.959926485,10136106.566666666,17864131.173406847,2408081.959926485,10136106.566666666,17864131.173406847,2408081.959926485,10136106.566666666,17864131.173406847,2408081.959926485
406,10256489.6,17867124.423018932,2645854.776981065,10256489.6,17867124.423018932,2645854.776981065,10256489.6,17867124.423018932,2645854.776981065,10256489.6,17867124.423018932,2645854.776981065,10256489.6,17867124.423018932,2645854.776981065,10256489.6,17867124.423018932,2645854.776981065
407,10641137.4,18237605.744340673,3044669.055659326,10641137.4,18237605.744340673,3044669.055659326,10641137.4,18237605.744340673,3044669.055659326,10641137.4,18237605.744340673,3044669.055659326,10641137.4,18237605.744340673,3044669.055659326,10641137.4,18237605.744340673,3044669.055659326
408,10429153.8,17832995.015146937,3025312.584853065,10429153.8,17832995.015146937,3025312.584853065,10429153.8,17832995.015146937,3025312.584853065,10429153.8,17832995.015146937,3025312.584853065,10429153.8,17832995.015146937,3025312.584853065,10429153.8,17832995.015146937,3025312.584853065
409,11564418.466666667,19641829.57304378,3487007.360289556,11564418.466666667,19641829.57304378,3487007.360289556,11564418.466666667,19641829.57304378,3487007.360289556,11564418.466666667,19641829.57304378,3487007.360289556,11564418.466666667,19641829.57304378,3487007.360289556,11564418.466666667,19641829.57304378,3487007.360289556
410,11306660.333333334,19325169.70767232,3288150.9589943467,11306660.333333334,19325169.70767232,3288150.9589943467,11306660.333333334,19325169.70767232,3288150.9589943467,11306660.333333334,19325169.70767232,3288150.9589943467,11306660.333333334,19325169.70767232,3288150.9589943467,11306660.333333334,19325169.70767232,3288150.9589943467
411,11653852.2,20467198.95455672,2840505.445443282,11653852.2,20467198.95455672,2840505.445443282,11653852.2,20467198.95455672,2840505.445443282,11653852.2,20467198.95455672,2840505.445443282,11653852.2,20467198.95455672,2840505.445443282,11653852.2,20467198.95455672,2840505.445443282
412,11020666.366666667,19037344.984338827,3003987.748994505,11020666.366666667,19037344.984338827,3003987.748994505,11020666.366666667,19037344.984338827,3003987.748994505,11020666.366666667,19037344.984338827,3003987.748994505,11020666.366666667,19037344.984338827,3003987.748994505,11020666.366666667,19037344.984338827,3003987.748994505
413,11279934.166666666,19462924.070381366,3096944.2629519654,11279934.166666666,19462924.070381366,3096944.2629519654,11279934.166666666,19462924.070381366,3096944.2629519654,11279934.166666666,19462924.070381366,3096944.2629519654,11279934.166666666,19462924.070381366,3096944.2629519654,11279934.166666666,19462924.070381366,3096944.2629519654
414,11879538.5,19929562.2606327,3829514.7393673006,11879538.5,19929562.2606327,3829514.7393673006,11879538.5,19929562.2606327,3829514.7393673006,11879538.5,19929562.2606327,3829514.7393673006,11879538.5,19929562.2606327,3829514.7393673006,11879538.5,19929562.2606327,3829514.7393673006
415,12355571.666666666,20965361.36843714,3745781.964896191,12355571.666666666,20965361.36843714,3745781.964896191,12355571.666666666,20965361.36843714,3745781.964896191,12355571.666666666,20965361.36843714,3745781.964896191,12355571.666666666,20965361.36843714,3745781.964896191,12355571.666666666,20965361.36843714,3745781.964896191
416,12050807.933333334,20840345.912801895,3261269.953864772,12050807.933333334,20840345.912801895,3261269.953864772,12050807.933333334,20840345.912801895,3261269.953864772,12050807.933333334,20840345.912801895,3261269.953864772,12050807.933333334,20840345.912801895,3261269.953864772,12050807.933333334,20840345.912801895,3261269.953864772
417,12438738.766666668,20879330.02247849,3998147.510854846,12438738.766666668,20879330.02247849,3998147.510854846,12438738.766666668,20879330.02247849,3998147.510854846,12438738.766666668,20879330.02247849,3998147.510854846,12438738.766666668,20879330.02247849,3998147.510854846,12438738.766666668,20879330.02247849,3998147.510854846
418,11863221.033333333,19916242.9929575,3810199.0737091666,11863221.033333333,19916242.9929575,3810199.0737091666,11863221.033333333,19916242.9929575,3810199.0737091666,11863221.033333333,19916242.9929575,3810199.0737091666,11863221.033333333,19916242.9929575,3810199.0737091666,11863221.033333333,19916242.9929575,3810199.0737091666
419,10987096.433333334,18801544.432886686,3172648.43377998,10987096.433333334,18801544.432886686,3172648.43377998,10987096.433333334,18801544.432886686,3172648.43377998,10987096.433333334,18801544.432886686,3172648.43377998,10987096.433333334,18801544.432886686,3172648.43377998,10987096.433333334,18801544.432886686,3172648.43377998
420,10876861.666666666,18433674.54001175,3320048.7933215853,10876861.666666666,18433674.54001175,3320048.7933215853,10876861.666666666,18433674.54001175,3320048.7933215853,10876861.666666666,18433674.54001175,3320048.7933215853,10876861.666666666,18433674.54001175,3320048.7933215853,10876861.666666666,18433674.54001175,3320048.7933215853
421,10697088.0,17918903.31898936,3475272.681010643,10697088.0,17918903.31898936,3475272.681010643,10697088.0,17918903.31898936,3475272.681010643,10697088.0,17918903.31898936,3475272.681010643,10697088.0,17918903.31898936,3475272.681010643,10697088.0,17918903.31898936,3475272.681010643
422,10822394.166666666,18095031.14210883,3549757.1912245015,10822394.166666666,18095031.14210883,3549757.1912245015,10822394.166666666,18095031.14210883,3549757.1912245015,10822394.166666666,18095031.14210883,3549757.1912245015,10822394.166666666,18095031.14210883,3549757.1912245015,10822394.166666666,18095031.14210883,3549757.1912245015
423,10785645.066666666,18159791.930472642,3411498.202860689,10785645.066666666,18159791.930472642,3411498.202860689,10785645.066666666,18159791.930472642,3411498.202860689,10785645.066666666,18159791.930472642,3411498.202860689,10785645.066666666,18159791.930472642,3411498.202860689,10785645.066666666,18159791.930472642,3411498.202860689
424,10644266.633333333,18005868.395513024,3282664.8711536424,10644266.633333333,18005868.395513024,3282664.8711536424,10644266.633333333,18005868.395513024,3282664.8711536424,10644266.633333333,18005868.395513024,3282664.8711536424,10644266.633333333,18005868.395513024,3282664.8711536424,10644266.633333333,18005868.395513024,3282664.8711536424
425,10817725.866666667,18315927.53573479,3319524.197598542,10817725.866666667,18315927.53573479,3319524.197598542,10817725.866666667,18315927.53573479,3319524.197598542,10817725.866666667,18315927.53573479,3319524.197598542,10817725.866666667,18315927.53573479,3319524.197598542,10817725.866666667,18315927.53573479,3319524.197598542
426,10882002.966666667,18456177.08370611,3307828.849627224,10882002.966666667,18456177.08370611,3307828.849627224,10882002.966666667,18456177.08370611,3307828.849627224,10882002.966666667,18456177.08370611,3307828.849627224,10882002.966666667,18456177.08370611,3307828.849627224,10882002.966666667,18456177.08370611,3307828.849627224
427,10899425.3,18597830.26857447,3201020.331425531,10899425.3,18597830.26857447,3201020.331425531,10899425.3,18597830.26857447,3201020.331425531,10899425.3,18597830.26857447,3201020.331425531,10899425.3,18597830.26857447,3201020.331425531,10899425.3,18597830.26857447,3201020.331425531
428,10955524.3,18538433.372059,3372615.2279410018,10955524.3,18538433.372059,3372615.2279410018,10955524.3,18538433.372059,3372615.2279410018,10955524.3,18538433.372059,3372615.2279410018,10955524.3,18538433.372059,3372615.2279410018,10955524.3,18538433.372059,3372615.2279410018
429,11071030.833333334,18738950.486240193,3403111.180426473,11071030.833333334,18738950.486240193,3403111.180426473,11071030.833333334,18738950.486240193,3403111.180426473,11071030.833333334,18738950.486240193,3403111.180426473,11071030.833333334,18738950.486240193,3403111.180426473,11071030.833333334,18738950.486240193,3403111.180426473
430,11913060.233333332,19986478.61967188,3839641.8469947847,11913060.233333332,19986478.61967188,3839641.8469947847,11913060.233333332,19986478.61967188,3839641.8469947847,11913060.233333332,19986478.61967188,3839641.8469947847,11913060.233333332,19986478.61967188,3839641.8469947847,11913060.233333332,19986478.61967188,3839641.8469947847
431,11191781.033333333,18790028.03632422,3593534.030342444,11191781.033333333,18790028.03632422,3593534.030342444,11191781.033333333,18790028.03632422,3593534.030342444,11191781.033333333,18790028.03632422,3593534.030342444,11191781.033333333,18790028.03632422,3593534.030342444,11191781.033333333,18790028.03632422,3593534.030342444
432,11172167.3,18731788.923440807,3612545.676559194,11172167.3,18731788.923440807,3612545.676559194,11172167.3,18731788.923440807,3612545.676559194,11172167.3,18731788.923440807,3612545.676559194,11172167.3,18731788.923440807,3612545.676559194,11172167.3,18731788.923440807,3612545.676559194
433,12432784.766666668,20804379.574475534,4061189.9588578,12432784.766666668,20804379.574475534,4061189.9588578,12432784.766666668,20804379.574475534,4061189.9588578,12432784.766666668,20804379.574475534,4061189.9588578,12432784.766666668,20804379.574475534,4061189.9588578,12432784.766666668,20804379.574475534,4061189.9588578
434,11718450.4,19762949.515609473,3673951.284390526,11718450.4,19762949.515609473,3673951.284390526,11718450.4,19762949.515609473,3673951.284390526,11718450.4,19762949.515609473,3673951.284390526,11718450.4,19762949.515609473,3673951.284390526,11718450.4,19762949.515609473,3673951.284390526
435,12296183.433333334,20556859.31727153,4035507.5493951347,12296183.433333334,20556859.31727153,4035507.5493951347,12296183.433333334,20556859.31727153,4035507.5493951347,12296183.433333334,20556859.31727153,4035507.5493951347,12296183.433333334,20556859.31727153,4035507.5493951347,12296183.433333334,20556859.31727153,4035507.5493951347
436,11326365.4,19080397.844795335,3572332.9552046647,11326365.4,19080397.844795335,3572332.9552046647,11326365.4,19080397.844795335,3572332.9552046647,11326365.4,19080397.844795335,3572332.9552046647,11326365.4,19080397.844795335,3572332.9552046647,11326365.4,19080397.844795335,3572332.9552046647
437,11672275.933333334,19539263.53605764,3805288.3306090273,11672275.933333334,19539263.53605764,3805288.3306090273,11672275.933333334,19539263.53605764,3805288.3306090273,11672275.933333334,19539263.53605764,3805288.3306090273,11672275.933333334,19539263.53605764,3805288.3306090273,11672275.933333334,19539263.53605764,3805288.3306090273
438,10868441.0,18480055.22343357,3256826.776566433,10868441.0,18480055.22343357,3256826.776566433,10868441.0,18480055.22343357,3256826.776566433,10868441.0,18480055.22343357,3256826.776566433,10868441.0,18480055.22343357,3256826.776566433,10868441.0,18480055.22343357,3256826.776566433
439,11151787.133333333,18822887.248231675,3480687.0184349893,11151787.133333333,18822887.248231675,3480687.0184349893,11151787.133333333,18822887.248231675,3480687.0184349893,11151787.133333333,18822887.248231675,3480687.0184349893,11151787.133333333,18822887.248231675,3480687.0184349893,11151787.133333333,18822887.248231675,3480687.0184349893
440,10994094.566666666,18157067.52418231,3831121.6091510244,10994094.566666666,18157067.52418231,3831121.6091510244,10994094.566666666,18157067.52418231,3831121.6091510244,10994094.566666666,18157067.52418231,3831121.6091510244,10994094.566666666,18157067.52418231,3831121.6091510244,10994094.566666666,18157067.52418231,3831121.6091510244
441,10765922.033333333,17924819.52006836,3607024.546598308,10765922.033333333,17924819.52006836,3607024.546598308,10765922.033333333,17924819.52006836,3607024.546598308,10765922.033333333,17924819.52006836,3607024.546598308,10765922.033333333,17924819.52006836,3607024.546598308,10765922.033333333,17924819.52006836,3607024.546598308
442,11311233.466666667,18731806.378270842,3890660.5550624896,11311233.466666667,18731806.378270842,3890660.5550624896,11311233.466666667,18731806.378270842,3890660.5550624896,11311233.466666667,18731806.378270842,3890660.5550624896,11311233.466666667,18731806.378270842,3890660.5550624896,11311233.466666667,18731806.378270842,3890660.5550624896
443,11418673.866666667,19372205.782996967,3465141.9503363688,11418673.866666667,19372205.782996967,3465141.9503363688,11418673.866666667,19372205.782996967,3465141.9503363688,11418673.866666667,19372205.782996967,3465141.9503363688,11418673.866666667,19372205.782996967,3465141.9503363688,11418673.866666667,19372205.782996967,3465141.9503363688
444,11783706.333333334,19902527.002187915,3664885.664478751,11783706.333333334,19902527.002187915,3664885.664478751,11783706.333333334,19902527.002187915,3664885.664478751,11783706.333333334,19902527.002187915,3664885.664478751,11783706.333333334,19902527.002187915,3664885.664478751,11783706.333333334,19902527.002187915,3664885.664478751
445,11134974.066666666,19166334.441544782,3103613.6917885514,11134974.066666666,19166334.441544782,3103613.6917885514,11134974.066666666,19166334.441544782,3103613.6917885514,11134974.066666666,19166334.441544782,3103613.6917885514,11134974.066666666,19166334.441544782,3103613.6917885514,11134974.066666666,19166334.441544782,3103613.6917885514
446,11591451.3,19619486.99889145,3563415.601108553,11591451.3,19619486.99889145,3563415.601108553,11591451.3,19619486.99889145,3563415.601108553,11591451.3,19619486.99889145,3563415.601108553,11591451.3,19619486.99889145,3563415.601108553,11591451.3,19619486.99889145,3563415.601108553
447,12273774.166666666,20894315.384526923,3653232.948806409,12273774.166666666,20894315.384526923,3653232.948806409,12273774.166666666,20894315.384526923,3653232.948806409,12273774.166666666,20894315.384526923,3653232.948806409,12273774.166666666,20894315.384526923,3653232.948806409,12273774.166666666,20894315.384526923,3653232.948806409
448,12618781.233333332,21993439.57164564,3244122.895021025,12618781.233333332,21993439.57164564,3244122.895021025,12618781.233333332,21993439.57164564,3244122.895021025,12618781.233333332,21993439.57164564,3244122.895021025,12618781.233333332,21993439.57164564,3244122.895021025,12618781.233333332,21993439.57164564,3244122.895021025
449,12526048.666666666,21814118.03115788,3237979.302175451,12526048.666666666,21814118.03115788,3237979.302175451,12526048.666666666,21814118.03115788,3237979.302175451,12526048.666666666,21814118.03115788,3237979.302175451,12526048.666666666,21814118.03115788,3237979.302175451,12526048.666666666,21814118.03115788,3237979.302175451
450,13405691.5,23418448.18657033,3392934.8134296704,13405691.5,23418448.18657033,3392934.8134296704,13405691.5,23418448.18657033,3392934.8134296704,13405691.5,23418448.18657033,3392934.8134296704,13405691.5,23418448.18657033,3392934.8134296704,13405691.5,23418448.18657033,3392934.8134296704
451,13893911.3,24165639.394886695,3622183.2051133066,13893911.3,24165639.394886695,3622183.2051133066,13893911.3,24165639.394886695,3622183.2051133066,13893911.3,24165639.394886695,3622183.2051133066,13893911.3,24165639.394886695,3622183.2051133066,13893911.3,24165639.394886695,3622183.2051133066
452,13914939.433333334,24432695.47924926,3397183.3874174077,13914939.433333334,24432695.47924926,3397183.3874174077,13914939.433333334,24432695.47924926,3397183.3874174077,13914939.433333334,24432695.47924926,3397183.3874174077,13914939.433333334,24432695.47924926,3397183.3874174077,13914939.433333334,24432695.47924926,3397183.3874174077
453,14467274.6,25581757.944569886,3352791.2554301117,14467274.6,25581757.944569886,3352791.2554301117,14467274.6,25581757.944569886,3352791.2554301117,14467274.6,25581757.944569886,3352791.2554301117,14467274.6,25581757.944569886,3352791.2554301117,14467274.6,25581757.944569886,3352791.2554301117
454,15329359.6,26920995.089069735,3737724.110930264,15329359.6,26920995.089069735,3737724.110930264,15329359.6,26920995.089069735,3737724.110930264,15329359.6,26920995.089069735,3737724.110930264,15329359.6,26920995.089069735,3737724.110930264,15329359.6,26920995.089069735,3737724.110930264
455,14995143.8,26847552.42452305,3142735.1754769497,14995143.8,26847552.42452305,3142735.1754769497,14995143.8,26847552.42452305,3142735.1754769497,14995143.8,26847552.42452305,3142735.1754769497,14995143.8,26847552.42452305,3142735.1754769497,14995143.8,26847552.42452305,3142735.1754769497
456,14660188.5,26371155.819331832,2949221.180668168,14660188.5,26371155.819331832,2949221.180668168,14660188.5,26371155.819331832,2949221.180668168,14660188.5,26371155.819331832,2949221.180668168,14660188.5,26371155.819331832,2949221.180668168,14660188.5,26371155.819331832,2949221.180668168
457,15429858.233333332,27321736.39751649,3537980.069150174,15429858.233333332,27321736.39751649,3537980.069150174,15429858.233333332,27321736.39751649,3537980.069150174,15429858.233333332,27321736.39751649,3537980.069150174,15429858.233333332,27321736.39751649,3537980.069150174,15429858.233333332,27321736.39751649,3537980.069150174
458,14798608.7,26150742.428326014,3446474.971673984,14798608.7,26150742.428326014,3446474.971673984,14798608.7,26150742.428326014,3446474.971673984,14798608.7,26150742.428326014,3446474.971673984,14798608.7,26150742.428326014,3446474.971673984,14798608.7,26150742.428326014,3446474.971673984
459,15387617.3,27262681.726768337,3512552.8732316624,15387617.3,27262681.726768337,3512552.8732316624,15387617.3,27262681.726768337,3512552.8732316624,15387617.3,27262681.726768337,3512552.8732316624,15387617.3,27262681.726768337,3512552.8732316624,15387617.3,27262681.726768337,3512552.8732316624
460,13994140.1,25197336.10629123,2790944.0937087685,13994140.1,25197336.10629123,2790944.0937087685,13994140.1,25197336.10629123,2790944.0937087685,13994140.1,25197336.10629123,2790944.0937087685,13994140.1,25197336.10629123,2790944.0937087685,13994140.1,25197336.10629123,2790944.0937087685
461,13363609.733333332,23874082.983448848,2853136.483217817,13363609.733333332,23874082.983448848,2853136.483217817,13363609.733333332,23874082.983448848,2853136.483217817,13363609.733333332,23874082.983448848,2853136.483217817,13363609.733333332,23874082.983448848,2853136.483217817,13363609.733333332,23874082.983448848,2853136.483217817
462,13329717.133333333,23241888.8136902,3417545.452976467,13329717.133333333,23241888.8136902,3417545.452976467,13329717.133333333,23241888.8136902,3417545.452976467,13329717.133333333,23241888.8136902,3417545.452976467,13329717.133333333,23241888.8136902,3417545.452976467,13329717.133333333,23241888.8136902,3417545.452976467
463,13843553.733333332,24368759.598323166,3318347.8683435004,13843553.733333332,24368759.598323166,3318347.8683435004,13843553.733333332,24368759.598323166,3318347.8683435004,13843553.733333332,24368759.598323166,3318347.8683435004,13843553.733333332,24368759.598323166,3318347.8683435004,13843553.733333332,24368759.598323166,3318347.8683435004
464,13279462.866666667,24264393.73599285,2294531.9973404873,13279462.866666667,24264393.73599285,2294531.9973404873,13279462.866666667,24264393.73599285,2294531.9973404873,13279462.866666667,24264393.73599285,2294531.9973404873,13279462.866666667,24264393.73599285,2294531.9973404873,13279462.866666667,24264393.73599285,2294531.9973404873
465,14235515.866666667,25917774.663662687,2553257.0696706455,14235515.866666667,25917774.663662687,2553257.0696706455,14235515.866666667,25917774.663662687,2553257.0696706455,14235515.866666667,25917774.663662687,2553257.0696706455,14235515.866666667,25917774.663662687,2553257.0696706455,14235515.866666667,25917774.663662687,2553257.0696706455
466,13539285.866666667,24651625.73793255,2426945.9954007827,13539285.866666667,24651625.73793255,2426945.9954007827,13539285.866666667,24651625.73793255,2426945.9954007827,13539285.866666667,24651625.73793255,2426945.9954007827,13539285.866666667,24651625.73793255,2426945.9954007827,13539285.866666667,24651625.73793255,2426945.9954007827
467,13191957.7,23963497.774311557,2420417.625688441,13191957.7,23963497.774311557,2420417.625688441,13191957.7,23963497.774311557,2420417.625688441,13191957.7,23963497.774311557,2420417.625688441,13191957.7,23963497.774311557,2420417.625688441,13191957.7,23963497.774311557,2420417.625688441
468,14922671.6,27281538.9373077,2563804.2626922987,14922671.6,27281538.9373077,2563804.2626922987,14922671.6,27281538.9373077,2563804.2626922987,14922671.6,27281538.9373077,2563804.2626922987,14922671.6,27281538.9373077,2563804.2626922987,14922671.6,27281538.9373077,2563804.2626922987
469,14704738.933333334,26378850.30253324,3030627.564133426,14704738.933333334,26378850.30253324,3030627.564133426,14704738.933333334,26378850.30253324,3030627.564133426,14704738.933333334,26378850.30253324,3030627.564133426,14704738.933333334,26378850.30253324,3030627.564133426,14704738.933333334,26378850.30253324,3030627.564133426
470,15065028.7,27118545.577593043,3011511.822406957,15065028.7,27118545.577593043,3011511.822406957,15065028.7,27118545.577593043,3011511.822406957,15065028.7,27118545.577593043,3011511.822406957,15065028.7,27118545.577593043,3011511.822406957,15065028.7,27118545.577593043,3011511.822406957
471,13761661.466666667,24740291.4723016,2783031.461031735,13761661.466666667,24740291.4723016,2783031.461031735,13761661.466666667,24740291.4723016,2783031.461031735,13761661.466666667,24740291.4723016,2783031.461031735,13761661.466666667,24740291.4723016,2783031.461031735,13761661.466666667,24740291.4723016,2783031.461031735
472,14194393.6,25352759.96140432,3036027.2385956794,14194393.6,25352759.96140432,3036027.2385956794,14194393.6,25352759.96140432,3036027.2385956794,14194393.6,25352759.96140432,3036027.2385956794,14194393.6,25352759.96140432,3036027.2385956794,14194393.6,25352759.96140432,3036027.2385956794
473,13403603.866666667,22712534.58568577,4094673.1476475634,13403603.866666667,22712534.58568577,4094673.1476475634,13403603.866666667,22712534.58568577,4094673.1476475634,13403603.866666667,22712534.58568577,4094673.1476475634,13403603.866666667,22712534.58568577,4094673.1476475634,13403603.866666667,22712534.58568577,4094673.1476475634
474,14033042.133333333,23963317.11009685,4102767.156569816,14033042.133333333,23963317.11009685,4102767.156569816,14033042.133333333,23963317.11009685,4102767.156569816,14033042.133333333,23963317.11009685,4102767.156569816,14033042.133333333,23963317.11009685,4102767.156569816,14033042.133333333,23963317.11009685,4102767.156569816
475,13782078.133333333,23082814.811500914,4481341.455165753,13782078.133333333,23082814.811500914,4481341.455165753,13782078.133333333,23082814.811500914,4481341.455165753,13782078.133333333,23082814.811500914,4481341.455165753,13782078.133333333,23082814.811500914,4481341.455165753,13782078.133333333,23082814.811500914,4481341.455165753
476,14884354.966666667,25402173.57079505,4366536.362538282,14884354.966666667,25402173.57079505,4366536.362538282,14884354.966666667,25402173.57079505,4366536.362538282,14884354.966666667,25402173.57079505,4366536.362538282,14884354.966666667,25402173.57079505,4366536.362538282,14884354.966666667,25402173.57079505,4366536.362538282
477,15587802.2,26757186.663443804,4418417.736556195,15587802.2,26757186.663443804,4418417.736556195,15587802.2,26757186.663443804,4418417.736556195,15587802.2,26757186.663443804,4418417.736556195,15587802.2,26757186.663443804,4418417.736556195,15587802.2,26757186.663443804,4418417.736556195
478,15614355.866666667,27125872.397746164,4102839.33558717,15614355.866666667,27125872.397746164,4102839.33558717,15614355.866666667,27125872.397746164,4102839.33558717,15614355.866666667,27125872.397746164,4102839.33558717,15614355.866666667,27125872.397746164,4102839.33558717,15614355.866666667,27125872.397746164,4102839.33558717
479,15487190.9,26784152.30166191,4190229.498338094,15487190.9,26784152.30166191,4190229.498338094,15487190.9,26784152.30166191,4190229.498338094,15487190.9,26784152.30166191,4190229.498338094,15487190.9,26784152.30166191,4190229.498338094,15487190.9,26784152.30166191,4190229.498338094
480,14961711.066666666,25641589.556184493,4281832.577148842,14961711.066666666,25641589.556184493,4281832.577148842,14961711.066666666,25641589.556184493,4281832.577148842,14961711.066666666,25641589.556184493,4281832.577148842,14961711.066666666,25641589.556184493,4281832.577148842,14961711.066666666,25641589.556184493,4281832.577148842
481,14114938.766666668,23878390.15702887,4351487.376304464,14114938.766666668,23878390.15702887,4351487.376304464,14114938.766666668,23878390.15702887,4351487.376304464,14114938.766666668,23878390.15702887,4351487.376304464,14114938.766666668,23878390.15702887,4351487.376304464,14114938.766666668,23878390.15702887,4351487.376304464
482,13704019.433333334,22823867.43980005,4584171.426866617,13704019.433333334,22823867.43980005,4584171.426866617,13704019.433333334,22823867.43980005,4584171.426866617,13704019.433333334,22823867.43980005,4584171.426866617,13704019.433333334,22823867.43980005,4584171.426866617,13704019.433333334,22823867.43980005,4584171.426866617
483,14402518.466666667,24087904.23670834,4717132.696624994,14402518.466666667,24087904.23670834,4717132.696624994,14402518.466666667,24087904.23670834,4717132.696624994,14402518.466666667,24087904.23670834,4717132.696624994,14402518.466666667,24087904.23670834,4717132.696624994,14402518.466666667,24087904.23670834,4717132.696624994
484,14475706.133333333,24062901.84101098,4888510.4256556835,14475706.133333333,24062901.84101098,4888510.4256556835,14475706.133333333,24062901.84101098,4888510.4256556835,14475706.133333333,24062901.84101098,4888510.4256556835,14475706.133333333,24062901.84101098,4888510.4256556835,14475706.133333333,24062901.84101098,4888510.4256556835
485,14038532.5,23522974.13720735,4554090.8627926465,14038532.5,23522974.13720735,4554090.8627926465,14038532.5,23522974.13720735,4554090.8627926465,14038532.5,23522974.13720735,4554090.8627926465,14038532.5,23522974.13720735,4554090.8627926465,14038532.5,23522974.13720735,4554090.8627926465
486,14728781.166666666,24304461.26254367,5153101.070789659,14728781.166666666,24304461.26254367,5153101.070789659,14728781.166666666,24304461.26254367,5153101.070789659,14728781.166666666,24304461.26254367,5153101.070789659,14728781.166666666,24304461.26254367,5153101.070789659,14728781.166666666,24304461.26254367,5153101.070789659
487,14875520.0,24612680.951399107,5138359.0486008935,14875520.0,24612680.951399107,5138359.0486008935,14875520.0,24612680.951399107,5138359.0486008935,14875520.0,24612680.951399107,5138359.0486008935,14875520.0,24612680.951399107,5138359.0486008935,14875520.0,24612680.951399107,5138359.0486008935
488,14469597.966666667,24052790.782362882,4886405.1509704515,14469597.966666667,24052790.782362882,4886405.1509704515,14469597.966666667,24052790.782362882,4886405.1509704515,14469597.966666667,24052790.782362882,4886405.1509704515,14469597.966666667,24052790.782362882,4886405.1509704515,14469597.966666667,24052790.782362882,4886405.1509704515
489,14394015.966666667,23931384.58117892,4856647.352154417,14394015.966666667,23931384.58117892,4856647.352154417,14394015.966666667,23931384.58117892,4856647.352154417,14394015.966666667,23931384.58117892,4856647.352154417,14394015.966666667,23931384.58117892,4856647.352154417,14394015.966666667,23931384.58117892,4856647.352154417
490,14072750.366666667,23541046.641776405,4604454.091556931,14072750.366666667,23541046.641776405,4604454.091556931,14072750.366666667,23541046.641776405,4604454.091556931,14072750.366666667,23541046.641776405,4604454.091556931,14072750.366666667,23541046.641776405,4604454.091556931,14072750.366666667,23541046.641776405,4604454.091556931
491,14234170.133333333,23576869.756637238,4891470.51002943,14234170.133333333,23576869.756637238,4891470.51002943,14234170.133333333,23576869.756637238,4891470.51002943,14234170.133333333,23576869.756637238,4891470.51002943,14234170.133333333,23576869.756637238,4891470.51002943,14234170.133333333,23576869.756637238,4891470.51002943
492,14528042.266666668,23893763.383006297,5162321.150327038,14528042.266666668,23893763.383006297,5162321.150327038,14528042.266666668,23893763.383006297,5162321.150327038,14528042.266666668,23893763.383006297,5162321.150327038,14528042.266666668,23893763.383006297,5162321.150327038,14528042.266666668,23893763.383006297,5162321.150327038
493,13916140.333333334,23161080.18702677,4671200.479639899,13916140.333333334,23161080.18702677,4671200.479639899,13916140.333333334,23161080.18702677,4671200.479639899,13916140.333333334,23161080.18702677,4671200.479639899,13916140.333333334,23161080.18702677,4671200.479639899,13916140.333333334,23161080.18702677,4671200.479639899
494,14034213.533333333,23424068.726783,4644358.339883665,14034213.533333333,23424068.726783,4644358.339883665,14034213.533333333,23424068.726783,4644358.339883665,14034213.533333333,23424068.726783,4644358.339883665,14034213.533333333,23424068.726783,4644358.339883665,14034213.533333333,23424068.726783,4644358.339883665
495,13497003.033333333,22784056.60390631,4209949.462760355,13497003.033333333,22784056.60390631,4209949.462760355,13497003.033333333,22784056.60390631,4209949.462760355,13497003.033333333,22784056.60390631,4209949.462760355,13497003.033333333,22784056.60390631,4209949.462760355,13497003.033333333,22784056.60390631,4209949.462760355
496,14456426.533333333,23964533.646875583,4948319.419791082,14456426.533333333,23964533.646875583,4948319.419791082,14456426.533333333,23964533.646875583,4948319.419791082,14456426.533333333,23964533.646875583,4948319.419791082,14456426.533333333,23964533.646875583,4948319.419791082,14456426.533333333,23964533.646875583,4948319.419791082
497,13896704.066666666,23102109.474164665,4691298.659168666,13896704.066666666,23102109.474164665,4691298.659168666,13896704.066666666,23102109.474164665,4691298.659168666,13896704.066666666,23102109.474164665,4691298.659168666,13896704.066666666,23102109.474164665,4691298.659168666,13896704.066666666,23102109.474164665,4691298.659168666
498,14404008.966666667,24020660.671449177,4787357.261884155,14404008.966666667,24020660.671449177,4787357.261884155,14404008.966666667,24020660.671449177,4787357.261884155,14404008.966666667,24020660.671449177,4787357.261884155,14404008.966666667,24020660.671449177,4787357.261884155,14404008.966666667,24020660.671449177,4787357.261884155
499,14458859.933333334,23957219.873448115,4960499.993218552,14458859.933333334,23957219.873448115,4960499.993218552,14458859.933333334,23957219.873448115,4960499.993218552,14458859.933333334,23957219.873448115,4960499.993218552,14458859.933333334,23957219.873448115,4960499.993218552,14458859.933333334,23957219.873448115,4960499.993218552
500,14418952.333333334,23963432.175726786,4874472.4909398835,14418952.333333334,23963432.175726786,4874472.4909398835,14418952.333333334,23963432.175726786,4874472.4909398835,14418952.333333334,23963432.175726786,4874472.4909398835,14418952.333333334,23963432.175726786,4874472.4909398835,14418952.333333334,23963432.175726786,4874472.4909398835
501,13983149.666666666,23455812.935355064,4510486.397978269,13983149.666666666,23455812.935355064,4510486.397978269,13983149.666666666,23455812.935355064,4510486.397978269,13983149.666666666,23455812.935355064,4510486.397978269,13983149.666666666,23455812.935355064,4510486.397978269,13983149.666666666,23455812.935355064,4510486.397978269
502,14386430.9,24020316.329268225,4752545.470731778,14386430.9,24020316.329268225,4752545.470731778,14386430.9,24020316.329268225,4752545.470731778,14386430.9,24020316.329268225,4752545.470731778,14386430.9,24020316.329268225,4752545.470731778,14386430.9,24020316.329268225,4752545.470731778
503,13736387.966666667,24200153.36456837,3272622.5687649623,13736387.966666667,24200153.36456837,3272622.5687649623,13736387.966666667,24200153.36456837,3272622.5687649623,13736387.966666667,24200153.36456837,3272622.5687649623,13736387.966666667,24200153.36456837,3272622.5687649623,13736387.966666667,24200153.36456837,3272622.5687649623
504,13880625.266666668,24242376.11255592,3518874.420777412,13880625.266666668,24242376.11255592,3518874.420777412,13880625.266666668,24242376.11255592,3518874.420777412,13880625.266666668,24242376.11255592,3518874.420777412,13880625.266666668,24242376.11255592,3518874.420777412,13880625.266666668,24242376.11255592,3518874.420777412
505,14070544.4,24612895.904753163,3528192.895246839,14070544.4,24612895.904753163,3528192.895246839,14070544.4,24612895.904753163,3528192.895246839,14070544.4,24612895.904753163,3528192.895246839,14070544.4,24612895.904753163,3528192.895246839,14070544.4,24612895.904753163,3528192.895246839
506,13381713.466666667,22876543.88309166,3886883.050241675,13381713.466666667,22876543.88309166,3886883.050241675,13381713.466666667,22876543.88309166,3886883.050241675,13381713.466666667,22876543.88309166,3886883.050241675,13381713.466666667,22876543.88309166,3886883.050241675,13381713.466666667,22876543.88309166,3886883.050241675
507,13691186.4,23167896.792802036,4214476.007197965,13691186.4,23167896.792802036,4214476.007197965,13691186.4,23167896.792802036,4214476.007197965,13691186.4,23167896.792802036,4214476.007197965,13691186.4,23167896.792802036,4214476.007197965,13691186.4,23167896.792802036,4214476.007197965
508,13696984.1,23327378.00245999,4066590.1975400075,13696984.1,23327378.00245999,4066590.1975400075,13696984.1,23327378.00245999,4066590.1975400075,13696984.1,23327378.00245999,4066590.1975400075,13696984.1,23327378.00245999,4066590.1975400075,13696984.1,23327378.00245999,4066590.1975400075
509,13650150.933333334,23402128.560927436,3898173.3057392314,13650150.933333334,23402128.560927436,3898173.3057392314,13650150.933333334,23402128.560927436,3898173.3057392314,13650150.933333334,23402128.560927436,3898173.3057392314,13650150.933333334,23402128.560927436,3898173.3057392314,13650150.933333334,23402128.560927436,3898173.3057392314
510,13540747.466666667,23208765.68404395,3872729.2492893822,13540747.466666667,23208765.68404395,3872729.2492893822,13540747.466666667,23208765.68404395,3872729.2492893822,13540747.466666667,23208765.68404395,3872729.2492893822,13540747.466666667,23208765.68404395,3872729.2492893822,13540747.466666667,23208765.68404395,3872729.2492893822
511,13762641.2,23600970.795385055,3924311.6046149433,13762641.2,23600970.795385055,3924311.6046149433,13762641.2,23600970.795385055,3924311.6046149433,13762641.2,23600970.795385055,3924311.6046149433,13762641.2,23600970.795385055,3924311.6046149433,13762641.2,23600970.795385055,3924311.6046149433
512,13704100.7,23382533.050681964,4025668.349318033,13704100.7,23382533.050681964,4025668.349318033,13704100.7,23382533.050681964,4025668.349318033,13704100.7,23382533.050681964,4025668.349318033,13704100.7,23382533.050681964,4025668.349318033,13704100.7,23382533.050681964,4025668.349318033
513,13786595.033333333,23454807.2505579,4118382.816108767,13786595.033333333,23454807.2505579,4118382.816108767,13786595.033333333,23454807.2505579,4118382.816108767,13786595.033333333,23454807.2505579,4118382.816108767,13786595.033333333,23454807.2505579,4118382.816108767,13786595.033333333,23454807.2505579,4118382.816108767
514,13883239.7,23731158.022051495,4035321.377948504,13883239.7,23731158.022051495,4035321.377948504,13883239.7,23731158.022051495,4035321.377948504,13883239.7,23731158.022051495,4035321.377948504,13883239.7,23731158.022051495,4035321.377948504,13883239.7,23731158.022051495,4035321.377948504
515,13579964.533333333,23305414.672402613,3854514.3942640517,13579964.533333333,23305414.672402613,3854514.3942640517,13579964.533333333,23305414.672402613,3854514.3942640517,13579964.533333333,23305414.672402613,3854514.3942640517,13579964.533333333,23305414.672402613,3854514.3942640517,13579964.533333333,23305414.672402613,3854514.3942640517
516,13837785.5,23628209.30453892,4047361.6954610813,13837785.5,23628209.30453892,4047361.6954610813,13837785.5,23628209.30453892,4047361.6954610813,13837785.5,23628209.30453892,4047361.6954610813,13837785.5,23628209.30453892,4047361.6954610813,13837785.5,23628209.30453892,4047361.6954610813
517,13234793.866666667,22412170.362097144,4057417.37123619,13234793.866666667,22412170.362097144,4057417.37123619,13234793.866666667,22412170.362097144,4057417.37123619,13234793.866666667,22412170.362097144,4057417.37123619,13234793.866666667,22412170.362097144,4057417.37123619,13234793.866666667,22412170.362097144,4057417.37123619
518,13282194.2,22666401.26241015,3897987.1375898477,13282194.2,22666401.26241015,3897987.1375898477,13282194.2,22666401.26241015,3897987.1375898477,13282194.2,22666401.26241015,3897987.1375898477,13282194.2,22666401.26241015,3897987.1375898477,13282194.2,22666401.26241015,3897987.1375898477
519,13961221.966666667,23330772.023526806,4591671.909806527,13961221.966666667,23330772.023526806,4591671.909806527,13961221.966666667,23330772.023526806,4591671.909806527,13961221.966666667,23330772.023526806,4591671.909806527,13961221.966666667,23330772.023526806,4591671.909806527,13961221.966666667,23330772.023526806,4591671.909806527
520,14024427.633333333,23342337.325850643,4706517.940816022,14024427.633333333,23342337.325850643,4706517.940816022,14024427.633333333,23342337.325850643,4706517.940816022,14024427.633333333,23342337.325850643,4706517.940816022,14024427.633333333,23342337.325850643,4706517.940816022,14024427.633333333,23342337.325850643,4706517.940816022
521,13558657.333333334,22875454.813687235,4241859.852979431,13558657.333333334,22875454.813687235,4241859.852979431,13558657.333333334,22875454.813687235,4241859.852979431,13558657.333333334,22875454.813687235,4241859.852979431,13558657.333333334,22875454.813687235,4241859.852979431,13558657.333333334,22875454.813687235,4241859.852979431
522,13327188.033333333,22644562.09209864,4009813.974568028,13327188.033333333,22644562.09209864,4009813.974568028,13327188.033333333,22644562.09209864,4009813.974568028,13327188.033333333,22644562.09209864,4009813.974568028,13327188.033333333,22644562.09209864,4009813.974568028,13327188.033333333,22644562.09209864,4009813.974568028
523,13642142.8,22982443.214578904,4301842.385421099,13642142.8,22982443.214578904,4301842.385421099,13642142.8,22982443.214578904,4301842.385421099,13642142.8,22982443.214578904,4301842.385421099,13642142.8,22982443.214578904,4301842.385421099,13642142.8,22982443.214578904,4301842.385421099
524,13959179.4,23356633.986635387,4561724.813364614,13959179.4,23356633.986635387,4561724.813364614,13959179.4,23356633.986635387,4561724.813364614,13959179.4,23356633.986635387,4561724.813364614,13959179.4,23356633.986635387,4561724.813364614,13959179.4,23356633.986635387,4561724.813364614
525,15053426.6,24576086.549000725,5530766.650999276,15053426.6,24576086.549000725,5530766.650999276,15053426.6,24576086.549000725,5530766.650999276,15053426.6,24576086.549000725,5530766.650999276,15053426.6,24576086.549000725,5530766.650999276,15053426.6,24576086.549000725,5530766.650999276
526,15928991.3,26695530.544491105,5162452.055508895,15928991.3,26695530.544491105,5162452.055508895,15928991.3,26695530.544491105,5162452.055508895,15928991.3,26695530.544491105,5162452.055508895,15928991.3,26695530.544491105,5162452.055508895,15928991.3,26695530.544491105,5162452.055508895
527,15220445.7,25756418.11414019,4684473.285859808,15220445.7,25756418.11414019,4684473.285859808,15220445.7,25756418.11414019,4684473.285859808,15220445.7,25756418.11414019,4684473.285859808,15220445.7,25756418.11414019,4684473.285859808,15220445.7,25756418.11414019,4684473.285859808
528,15308360.4,25828290.110469908,4788430.689530091,15308360.4,25828290.110469908,4788430.689530091,15308360.4,25828290.110469908,4788430.689530091,15308360.4,25828290.110469908,4788430.689530091,15308360.4,25828290.110469908,4788430.689530091,15308360.4,25828290.110469908,4788430.689530091
529,15130075.9,25642043.709630188,4618108.090369813,15130075.9,25642043.709630188,4618108.090369813,15130075.9,25642043.709630188,4618108.090369813,15130075.9,25642043.709630188,4618108.090369813,15130075.9,25642043.709630188,4618108.090369813,15130075.9,25642043.709630188,4618108.090369813
530,14969416.066666666,25435111.706607074,4503720.426726257,14969416.066666666,25435111.706607074,4503720.426726257,14969416.066666666,25435111.706607074,4503720.426726257,14969416.066666666,25435111.706607074,4503720.426726257,14969416.066666666,25435111.706607074,4503720.426726257,14969416.066666666,25435111.706607074,4503720.426726257
531,15457182.966666667,26106971.47655161,4807394.456781723,15457182.966666667,26106971.47655161,4807394.456781723,15457182.966666667,26106971.47655161,4807394.456781723,15457182.966666667,26106971.47655161,4807394.456781723,15457182.966666667,26106971.47655161,4807394.456781723,15457182.966666667,26106971.47655161,4807394.456781723
532,15294982.6,26034552.19200319,4555413.007996811,15294982.6,26034552.19200319,4555413.007996811,15294982.6,26034552.19200319,4555413.007996811,15294982.6,26034552.19200319,4555413.007996811,15294982.6,26034552.19200319,4555413.007996811,15294982.6,26034552.19200319,4555413.007996811
533,14555976.066666666,25009496.412916165,4102455.720417168,14555976.066666666,25009496.412916165,4102455.720417168,14555976.066666666,25009496.412916165,4102455.720417168,14555976.066666666,25009496.412916165,4102455.720417168,14555976.066666666,25009496.412916165,4102455.720417168,14555976.066666666,25009496.412916165,4102455.720417168
534,14992982.333333334,25517517.60535875,4468447.061307916,14992982.333333334,25517517.60535875,4468447.061307916,14992982.333333334,25517517.60535875,4468447.061307916,14992982.333333334,25517517.60535875,4468447.061307916,14992982.333333334,25517517.60535875,4468447.061307916,14992982.333333334,25517517.60535875,4468447.061307916
535,16036774.066666666,26737570.326656,5335977.806677334,16036774.066666666,26737570.326656,5335977.806677334,16036774.066666666,26737570.326656,5335977.806677334,16036774.066666666,26737570.326656,5335977.806677334,16036774.066666666,26737570.326656,5335977.806677334,16036774.066666666,26737570.326656,5335977.806677334
536,15519888.933333334,25140909.883360907,5898867.98330576,15519888.933333334,25140909.883360907,5898867.98330576,15519888.933333334,25140909.883360907,5898867.98330576,15519888.933333334,25140909.883360907,5898867.98330576,15519888.933333334,25140909.883360907,5898867.98330576,15519888.933333334,25140909.883360907,5898867.98330576
537,15904902.233333332,25665676.672854535,6144127.7938121315,15904902.233333332,25665676.672854535,6144127.7938121315,15904902.233333332,25665676.672854535,6144127.7938121315,15904902.233333332,25665676.672854535,6144127.7938121315,15904902.233333332,25665676.672854535,6144127.7938121315,15904902.233333332,25665676.672854535,6144127.7938121315
538,15415405.433333334,24940614.17995575,5890196.686710916,15415405.433333334,24940614.17995575,5890196.686710916,15415405.433333334,24940614.17995575,5890196.686710916,15415405.433333334,24940614.17995575,5890196.686710916,15415405.433333334,24940614.17995575,5890196.686710916,15415405.433333334,24940614.17995575,5890196.686710916
539,15943622.666666666,25608123.039097905,6279122.294235425,15943622.666666666,25608123.039097905,6279122.294235425,15943622.666666666,25608123.039097905,6279122.294235425,15943622.666666666,25608123.039097905,6279122.294235425,15943622.666666666,25608123.039097905,6279122.294235425,15943622.666666666,25608123.039097905,6279122.294235425
540,13967127.833333334,22391786.067251176,5542469.599415494,13967127.833333334,22391786.067251176,5542469.599415494,13967127.833333334,22391786.067251176,5542469.599415494,13967127.833333334,22391786.067251176,5542469.599415494,13967127.833333334,22391786.067251176,5542469.599415494,13967127.833333334,22391786.067251176,5542469.599415494
541,13105445.8,20516375.70354415,5694515.8964558495,13105445.8,20516375.70354415,5694515.8964558495,13105445.8,20516375.70354415,5694515.8964558495,13105445.8,20516375.70354415,5694515.8964558495,13105445.8,20516375.70354415,5694515.8964558495,13105445.8,20516375.70354415,5694515.8964558495
542,13183042.9,20627177.05078974,5738908.749210261,13183042.9,20627177.05078974,5738908.749210261,13183042.9,20627177.05078974,5738908.749210261,13183042.9,20627177.05078974,5738908.749210261,13183042.9,20627177.05078974,5738908.749210261,13183042.9,20627177.05078974,5738908.749210261
543,13040002.1,20508813.612468556,5571190.587531446,13040002.1,20508813.612468556,5571190.587531446,13040002.1,20508813.612468556,5571190.587531446,13040002.1,20508813.612468556,5571190.587531446,13040002.1,20508813.612468556,5571190.587531446,13040002.1,20508813.612468556,5571190.587531446
544,13611774.166666666,21184550.597065583,6038997.736267751,13611774.166666666,21184550.597065583,6038997.736267751,13611774.166666666,21184550.597065583,6038997.736267751,13611774.166666666,21184550.597065583,6038997.736267751,13611774.166666666,21184550.597065583,6038997.736267751,13611774.166666666,21184550.597065583,6038997.736267751
545,13519139.633333333,21128809.781584688,5909469.48508198,13519139.633333333,21128809.781584688,5909469.48508198,13519139.633333333,21128809.781584688,5909469.48508198,13519139.633333333,21128809.781584688,5909469.48508198,13519139.633333333,21128809.781584688,5909469.48508198,13519139.633333333,21128809.781584688,5909469.48508198
546,13206762.966666667,20764574.932879426,5648951.000453909,13206762.966666667,20764574.932879426,5648951.000453909,13206762.966666667,20764574.932879426,5648951.000453909,13206762.966666667,20764574.932879426,5648951.000453909,13206762.966666667,20764574.932879426,5648951.000453909,13206762.966666667,20764574.932879426,5648951.000453909
547,13807173.4,21504384.967327345,6109961.832672656,13807173.4,21504384.967327345,6109961.832672656,13807173.4,21504384.967327345,6109961.832672656,13807173.4,21504384.967327345,6109961.832672656,13807173.4,21504384.967327345,6109961.832672656,13807173.4,21504384.967327345,6109961.832672656
548,13414798.433333334,21118822.49556972,5710774.371096945,13414798.433333334,21118822.49556972,5710774.371096945,13414798.433333334,21118822.49556972,5710774.371096945,13414798.433333334,21118822.49556972,5710774.371096945,13414798.433333334,21118822.49556972,5710774.371096945,13414798.433333334,21118822.49556972,5710774.371096945
549,13233894.7,20964383.84936932,5503405.550630677,13233894.7,20964383.84936932,5503405.550630677,13233894.7,20964383.84936932,5503405.550630677,13233894.7,20964383.84936932,5503405.550630677,13233894.7,20964383.84936932,5503405.550630677,13233894.7,20964383.84936932,5503405.550630677
550,13883082.5,21779511.80395624,5986653.196043758,13883082.5,21779511.80395624,5986653.196043758,13883082.5,21779511.80395624,5986653.196043758,13883082.5,21779511.80395624,5986653.196043758,13883082.5,21779511.80395624,5986653.196043758,13883082.5,21779511.80395624,5986653.196043758
551,13621127.533333333,21415265.03739921,5826990.029267456,13621127.533333333,21415265.03739921,5826990.029267456,13621127.533333333,21415265.03739921,5826990.029267456,13621127.533333333,21415265.03739921,5826990.029267456,13621127.533333333,21415265.03739921,5826990.029267456,13621127.533333333,21415265.03739921,5826990.029267456
552,14180335.666666666,21922223.317763396,6438448.015569937,14180335.666666666,21922223.317763396,6438448.015569937,14180335.666666666,21922223.317763396,6438448.015569937,14180335.666666666,21922223.317763396,6438448.015569937,14180335.666666666,21922223.317763396,6438448.015569937,14180335.666666666,21922223.317763396,6438448.015569937
553,14257152.233333332,22028039.543436393,6486264.92323027,14257152.233333332,22028039.543436393,6486264.92323027,14257152.233333332,22028039.543436393,6486264.92323027,14257152.233333332,22028039.543436393,6486264.92323027,14257152.233333332,22028039.543436393,6486264.92323027,14257152.233333332,22028039.543436393,6486264.92323027
554,14662826.166666666,22738280.531300783,6587371.802032548,14662826.166666666,22738280.531300783,6587371.802032548,14662826.166666666,22738280.531300783,6587371.802032548,14662826.166666666,22738280.531300783,6587371.802032548,14662826.166666666,22738280.531300783,6587371.802032548,14662826.166666666,22738280.531300783,6587371.802032548
555,15370082.7,23506574.35990129,7233591.040098708,15370082.7,23506574.35990129,7233591.040098708,15370082.7,23506574.35990129,7233591.040098708,15370082.7,23506574.35990129,7233591.040098708,15370082.7,23506574.35990129,7233591.040098708,15370082.7,23506574.35990129,7233591.040098708
556,14184562.4,22008594.84304283,6360529.956957172,14184562.4,22008594.84304283,6360529.956957172,14184562.4,22008594.84304283,6360529.956957172,14184562.4,22008594.84304283,6360529.956957172,14184562.4,22008594.84304283,6360529.956957172,14184562.4,22008594.84304283,6360529.956957172
557,14122058.933333334,21697107.914688595,6547009.951978071,14122058.933333334,21697107.914688595,6547009.951978071,14122058.933333334,21697107.914688595,6547009.951978071,14122058.933333334,21697107.914688595,6547009.951978071,14122058.933333334,21697107.914688595,6547009.951978071,14122058.933333334,21697107.914688595,6547009.951978071
558,13205455.366666667,20663313.973748546,5747596.759584788,13205455.366666667,20663313.973748546,5747596.759584788,13205455.366666667,20663313.973748546,5747596.759584788,13205455.366666667,20663313.973748546,5747596.759584788,13205455.366666667,20663313.973748546,5747596.759584788,13205455.366666667,20663313.973748546,5747596.759584788
559,13003017.333333334,20497340.357746642,5508694.308920027,13003017.333333334,20497340.357746642,5508694.308920027,13003017.333333334,20497340.357746642,5508694.308920027,13003017.333333334,20497340.357746642,5508694.308920027,13003017.333333334,20497340.357746642,5508694.308920027,13003017.333333334,20497340.357746642,5508694.308920027
560,13039879.1,20519682.300575405,5560075.899424594,13039879.1,20519682.300575405,5560075.899424594,13039879.1,20519682.300575405,5560075.899424594,13039879.1,20519682.300575405,5560075.899424594,13039879.1,20519682.300575405,5560075.899424594,13039879.1,20519682.300575405,5560075.899424594
561,13891241.3,21576362.800327804,6206119.799672198,13891241.3,21576362.800327804,6206119.799672198,13891241.3,21576362.800327804,6206119.799672198,13891241.3,21576362.800327804,6206119.799672198,13891241.3,21576362.800327804,6206119.799672198,13891241.3,21576362.800327804,6206119.799672198
562,13498601.5,20977787.231483392,6019415.768516607,13498601.5,20977787.231483392,6019415.768516607,13498601.5,20977787.231483392,6019415.768516607,13498601.5,20977787.231483392,6019415.768516607,13498601.5,20977787.231483392,6019415.768516607,13498601.5,20977787.231483392,6019415.768516607
563,13472780.1,21169476.834806222,5776083.365193778,13472780.1,21169476.834806222,5776083.365193778,13472780.1,21169476.834806222,5776083.365193778,13472780.1,21169476.834806222,5776083.365193778,13472780.1,21169476.834806222,5776083.365193778,13472780.1,21169476.834806222,5776083.365193778
564,11932688.866666667,18877090.8948032,4988286.838530134,11932688.866666667,18877090.8948032,4988286.838530134,11932688.866666667,18877090.8948032,4988286.838530134,11932688.866666667,18877090.8948032,4988286.838530134,11932688.866666667,18877090.8948032,4988286.838530134,11932688.866666667,18877090.8948032,4988286.838530134
565,12211506.366666667,18963455.916857697,5459556.816475639,12211506.366666667,18963455.916857697,5459556.816475639,12211506.366666667,18963455.916857697,5459556.816475639,12211506.366666667,18963455.916857697,5459556.816475639,12211506.366666667,18963455.916857697,5459556.816475639,12211506.366666667,18963455.916857697,5459556.816475639
566,12390194.7,19158367.007891696,5622022.392108303,12390194.7,19158367.007891696,5622022.392108303,12390194.7,19158367.007891696,5622022.392108303,12390194.7,19158367.007891696,5622022.392108303,12390194.7,19158367.007891696,5622022.392108303,12390194.7,19158367.007891696,5622022.392108303
567,12857325.1,19670094.48784232,6044555.712157677,12857325.1,19670094.48784232,6044555.712157677,12857325.1,19670094.48784232,6044555.712157677,12857325.1,19670094.48784232,6044555.712157677,12857325.1,19670094.48784232,6044555.712157677,12857325.1,19670094.48784232,6044555.712157677
568,12064573.333333334,18632327.176136576,5496819.490530091,12064573.333333334,18632327.176136576,5496819.490530091,12064573.333333334,18632327.176136576,5496819.490530091,12064573.333333334,18632327.176136576,5496819.490530091,12064573.333333334,18632327.176136576,5496819.490530091,12064573.333333334,18632327.176136576,5496819.490530091
569,11859368.233333332,18572623.326286323,5146113.140380341,11859368.233333332,18572623.326286323,5146113.140380341,11859368.233333332,18572623.326286323,5146113.140380341,11859368.233333332,18572623.326286323,5146113.140380341,11859368.233333332,18572623.326286323,5146113.140380341,11859368.233333332,18572623.326286323,5146113.140380341
570,12375866.133333333,19045259.291011624,5706472.975655043,12375866.133333333,19045259.291011624,5706472.975655043,12375866.133333333,19045259.291011624,5706472.975655043,12375866.133333333,19045259.291011624,5706472.975655043,12375866.133333333,19045259.291011624,5706472.975655043,12375866.133333333,19045259.291011624,5706472.975655043
571,12079985.7,18956694.10396576,5203277.296034239,12079985.7,18956694.10396576,5203277.296034239,12079985.7,18956694.10396576,5203277.296034239,12079985.7,18956694.10396576,5203277.296034239,12079985.7,18956694.10396576,5203277.296034239,12079985.7,18956694.10396576,5203277.296034239
572,12613717.066666666,19643864.974003796,5583569.159329538,12613717.066666666,19643864.974003796,5583569.159329538,12613717.066666666,19643864.974003796,5583569.159329538,12613717.066666666,19643864.974003796,5583569.159329538,12613717.066666666,19643864.974003796,5583569.159329538,12613717.066666666,19643864.974003796,5583569.159329538
573,12528854.766666668,19582054.782032233,5475654.751301101,12528854.766666668,19582054.782032233,5475654.751301101,12528854.766666668,19582054.782032233,5475654.751301101,12528854.766666668,19582054.782032233,5475654.751301101,12528854.766666668,19582054.782032233,5475654.751301101,12528854.766666668,19582054.782032233,5475654.751301101
574,13209390.9,20200653.102167763,6218128.697832239,13209390.9,20200653.102167763,6218128.697832239,13209390.9,20200653.102167763,6218128.697832239,13209390.9,20200653.102167763,6218128.697832239,13209390.9,20200653.102167763,6218128.697832239,13209390.9,20200653.102167763,6218128.697832239
575,12029063.666666666,19021953.387931865,5036173.945401468,12029063.666666666,19021953.387931865,5036173.945401468,12029063.666666666,19021953.387931865,5036173.945401468,12029063.666666666,19021953.387931865,5036173.945401468,12029063.666666666,19021953.387931865,5036173.945401468,12029063.666666666,19021953.387931865,5036173.945401468
576,11956060.9,19036993.602527775,4875128.197472225,11956060.9,19036993.602527775,4875128.197472225,11956060.9,19036993.602527775,4875128.197472225,11956060.9,19036993.602527775,4875128.197472225,11956060.9,19036993.602527775,4875128.197472225,11956060.9,19036993.602527775,4875128.197472225
577,12331521.133333333,19643473.327751033,5019568.938915633,12331521.133333333,19643473.327751033,5019568.938915633,12331521.133333333,19643473.327751033,5019568.938915633,12331521.133333333,19643473.327751033,5019568.938915633,12331521.133333333,19643473.327751033,5019568.938915633,12331521.133333333,19643473.327751033,5019568.938915633
578,13248593.166666666,21366762.92972008,5130423.403613251,13248593.166666666,21366762.92972008,5130423.403613251,13248593.166666666,21366762.92972008,5130423.403613251,13248593.166666666,21366762.92972008,5130423.403613251,13248593.166666666,21366762.92972008,5130423.403613251,13248593.166666666,21366762.92972008,5130423.403613251
579,13213172.466666667,21539879.835286055,4886465.098047278,13213172.466666667,21539879.835286055,4886465.098047278,13213172.466666667,21539879.835286055,4886465.098047278,13213172.466666667,21539879.835286055,4886465.098047278,13213172.466666667,21539879.835286055,4886465.098047278,13213172.466666667,21539879.835286055,4886465.098047278
580,13626206.066666666,22182937.413932443,5069474.719400888,13626206.066666666,22182937.413932443,5069474.719400888,13626206.066666666,22182937.413932443,5069474.719400888,13626206.066666666,22182937.413932443,5069474.719400888,13626206.066666666,22182937.413932443,5069474.719400888,13626206.066666666,22182937.413932443,5069474.719400888
581,13904610.533333333,22580283.234538335,5228937.832128331,13904610.533333333,22580283.234538335,5228937.832128331,13904610.533333333,22580283.234538335,5228937.832128331,13904610.533333333,22580283.234538335,5228937.832128331,13904610.533333333,22580283.234538335,5228937.832128331,13904610.533333333,22580283.234538335,5228937.832128331
582,13814259.333333334,22341674.728158712,5286843.938507957,13814259.333333334,22341674.728158712,5286843.938507957,13814259.333333334,22341674.728158712,5286843.938507957,13814259.333333334,22341674.728158712,5286843.938507957,13814259.333333334,22341674.728158712,5286843.938507957,13814259.333333334,22341674.728158712,5286843.938507957
583,14645969.833333334,23042833.852974482,6249105.813692188,14645969.833333334,23042833.852974482,6249105.813692188,14645969.833333334,23042833.852974482,6249105.813692188,14645969.833333334,23042833.852974482,6249105.813692188,14645969.833333334,23042833.852974482,6249105.813692188,14645969.833333334,23042833.852974482,6249105.813692188
584,15100487.6,23777027.775315076,6423947.424684923,15100487.6,23777027.775315076,6423947.424684923,15100487.6,23777027.775315076,6423947.424684923,15100487.6,23777027.775315076,6423947.424684923,15100487.6,23777027.775315076,6423947.424684923,15100487.6,23777027.775315076,6423947.424684923
585,15498363.533333333,24253465.723683655,6743261.342983009,15498363.533333333,24253465.723683655,6743261.342983009,15498363.533333333,24253465.723683655,6743261.342983009,15498363.533333333,24253465.723683655,6743261.342983009,15498363.533333333,24253465.723683655,6743261.342983009,15498363.533333333,24253465.723683655,6743261.342983009
586,14104517.8,22039268.948060445,6169766.651939558,14104517.8,22039268.948060445,6169766.651939558,14104517.8,22039268.948060445,6169766.651939558,14104517.8,22039268.948060445,6169766.651939558,14104517.8,22039268.948060445,6169766.651939558,14104517.8,22039268.948060445,6169766.651939558
587,13546271.6,21430984.170147408,5661559.029852591,13546271.6,21430984.170147408,5661559.029852591,13546271.6,21430984.170147408,5661559.029852591,13546271.6,21430984.170147408,5661559.029852591,13546271.6,21430984.170147408,5661559.029852591,13546271.6,21430984.170147408,5661559.029852591
588,14558391.466666667,22954061.595003057,6162721.338330276,14558391.466666667,22954061.595003057,6162721.338330276,14558391.466666667,22954061.595003057,6162721.338330276,14558391.466666667,22954061.595003057,6162721.338330276,14558391.466666667,22954061.595003057,6162721.338330276,14558391.466666667,22954061.595003057,6162721.338330276
589,14150841.166666666,22424939.190444164,5876743.142889169,14150841.166666666,22424939.190444164,5876743.142889169,14150841.166666666,22424939.190444164,5876743.142889169,14150841.166666666,22424939.190444164,5876743.142889169,14150841.166666666,22424939.190444164,5876743.142889169,14150841.166666666,22424939.190444164,5876743.142889169
590,13906802.266666668,22300381.98588083,5513222.547452506,13906802.266666668,22300381.98588083,5513222.547452506,13906802.266666668,22300381.98588083,5513222.547452506,13906802.266666668,22300381.98588083,5513222.547452506,13906802.266666668,22300381.98588083,5513222.547452506,13906802.266666668,22300381.98588083,5513222.547452506
591,13178792.833333334,21742237.23032409,4615348.436342578,13178792.833333334,21742237.23032409,4615348.436342578,13178792.833333334,21742237.23032409,4615348.436342578,13178792.833333334,21742237.23032409,4615348.436342578,13178792.833333334,21742237.23032409,4615348.436342578,13178792.833333334,21742237.23032409,4615348.436342578
592,13932115.533333333,22739945.12151239,5124285.945154278,13932115.533333333,22739945.12151239,5124285.945154278,13932115.533333333,22739945.12151239,5124285.945154278,13932115.533333333,22739945.12151239,5124285.945154278,13932115.533333333,22739945.12151239,5124285.945154278,13932115.533333333,22739945.12151239,5124285.945154278
593,15420501.666666666,24331811.446753386,6509191.886579946,15420501.666666666,24331811.446753386,6509191.886579946,15420501.666666666,24331811.446753386,6509191.886579946,15420501.666666666,24331811.446753386,6509191.886579946,15420501.666666666,24331811.446753386,6509191.886579946,15420501.666666666,24331811.446753386,6509191.886579946
594,14051851.933333334,22266081.8617194,5837622.004947267,14051851.933333334,22266081.8617194,5837622.004947267,14051851.933333334,22266081.8617194,5837622.004947267,14051851.933333334,22266081.8617194,5837622.004947267,14051851.933333334,22266081.8617194,5837622.004947267,14051851.933333334,22266081.8617194,5837622.004947267
595,15212984.7,24133087.42408216,6292881.97591784,15212984.7,24133087.42408216,6292881.97591784,15212984.7,24133087.42408216,6292881.97591784,15212984.7,24133087.42408216,6292881.97591784,15212984.7,24133087.42408216,6292881.97591784,15212984.7,24133087.42408216,6292881.97591784
596,13733681.733333332,22350655.075884134,5116708.390782531,13733681.733333332,22350655.075884134,5116708.390782531,13733681.733333332,22350655.075884134,5116708.390782531,13733681.733333332,22350655.075884134,5116708.390782531,13733681.733333332,22350655.075884134,5116708.390782531,13733681.733333332,22350655.075884134,5116708.390782531
597,13434722.266666668,22025401.937225852,4844042.596107483,13434722.266666668,22025401.937225852,4844042.596107483,13434722.266666668,22025401.937225852,4844042.596107483,13434722.266666668,22025401.937225852,4844042.596107483,13434722.266666668,22025401.937225852,4844042.596107483,13434722.266666668,22025401.937225852,4844042.596107483
598,13188410.6,21534777.935841557,4842043.264158444,13188410.6,21534777.935841557,4842043.264158444,13188410.6,21534777.935841557,4842043.264158444,13188410.6,21534777.935841557,4842043.264158444,13188410.6,21534777.935841557,4842043.264158444,13188410.6,21534777.935841557,4842043.264158444
599,12517429.9,20748054.930985786,4286804.869014217,12517429.9,20748054.930985786,4286804.869014217,12517429.9,20748054.930985786,4286804.869014217,12517429.9,20748054.930985786,4286804.869014217,12517429.9,20748054.930985786,4286804.869014217,12517429.9,20748054.930985786,4286804.869014217
600,13679610.3,22076041.59497069,5283179.005029313,13679610.3,22076041.59497069,5283179.005029313,13679610.3,22076041.59497069,5283179.005029313,13679610.3,22076041.59497069,5283179.005029313,13679610.3,22076041.59497069,5283179.005029313,13679610.3,22076041.59497069,5283179.005029313
601,13609998.933333334,21905870.269652687,5314127.597013979,13609998.933333334,21905870.269652687,5314127.597013979,13609998.933333334,21905870.269652687,5314127.597013979,13609998.933333334,21905870.269652687,5314127.597013979,13609998.933333334,21905870.269652687,5314127.597013979,13609998.933333334,21905870.269652687,5314127.597013979
602,14154893.133333333,22668595.040003642,5641191.226663025,14154893.133333333,22668595.040003642,5641191.226663025,14154893.133333333,22668595.040003642,5641191.226663025,14154893.133333333,22668595.040003642,5641191.226663025,14154893.133333333,22668595.040003642,5641191.226663025,14154893.133333333,22668595.040003642,5641191.226663025
603,13751000.433333334,22196174.867077235,5305825.999589432,13751000.433333334,22196174.867077235,5305825.999589432,13751000.433333334,22196174.867077235,5305825.999589432,13751000.433333334,22196174.867077235,5305825.999589432,13751000.433333334,22196174.867077235,5305825.999589432,13751000.433333334,22196174.867077235,5305825.999589432
604,14026101.0,23387444.81816075,4664757.181839252,14026101.0,23387444.81816075,4664757.181839252,14026101.0,23387444.81816075,4664757.181839252,14026101.0,23387444.81816075,4664757.181839252,14026101.0,23387444.81816075,4664757.181839252,14026101.0,23387444.81816075,4664757.181839252
605,13494882.166666666,22847002.851884402,4142761.4814489316,13494882.166666666,22847002.851884402,4142761.4814489316,13494882.166666666,22847002.851884402,4142761.4814489316,13494882.166666666,22847002.851884402,4142761.4814489316,13494882.166666666,22847002.851884402,4142761.4814489316,13494882.166666666,22847002.851884402,4142761.4814489316
606,13556334.133333333,22835776.020016268,4276892.246650396,13556334.133333333,22835776.020016268,4276892.246650396,13556334.133333333,22835776.020016268,4276892.246650396,13556334.133333333,22835776.020016268,4276892.246650396,13556334.133333333,22835776.020016268,4276892.246650396,13556334.133333333,22835776.020016268,4276892.246650396
607,12835827.233333332,21959104.418233372,3712550.0484332927,12835827.233333332,21959104.418233372,3712550.0484332927,12835827.233333332,21959104.418233372,3712550.0484332927,12835827.233333332,21959104.418233372,3712550.0484332927,12835827.233333332,21959104.418233372,3712550.0484332927,12835827.233333332,21959104.418233372,3712550.0484332927
608,12687669.5,21823429.314504538,3551909.6854954623,12687669.5,21823429.314504538,3551909.6854954623,12687669.5,21823429.314504538,3551909.6854954623,12687669.5,21823429.314504538,3551909.6854954623,12687669.5,21823429.314504538,3551909.6854954623,12687669.5,21823429.314504538,3551909.6854954623
609,11421018.7,20087566.486235633,2754470.913764363,11421018.7,20087566.486235633,2754470.913764363,11421018.7,20087566.486235633,2754470.913764363,11421018.7,20087566.486235633,2754470.913764363,11421018.7,20087566.486235633,2754470.913764363,11421018.7,20087566.486235633,2754470.913764363
610,12093104.233333332,20836126.4965937,3350081.970072968,12093104.233333332,20836126.4965937,3350081.970072968,12093104.233333332,20836126.4965937,3350081.970072968,12093104.233333332,20836126.4965937,3350081.970072968,12093104.233333332,20836126.4965937,3350081.970072968,12093104.233333332,20836126.4965937,3350081.970072968
611,12152442.033333333,20937973.26265441,3366910.8040122557,12152442.033333333,20937973.26265441,3366910.8040122557,12152442.033333333,20937973.26265441,3366910.8040122557,12152442.033333333,20937973.26265441,3366910.8040122557,12152442.033333333,20937973.26265441,3366910.8040122557,12152442.033333333,20937973.26265441,3366910.8040122557
612,11450213.966666667,20310932.212101437,2589495.7212318946,11450213.966666667,20310932.212101437,2589495.7212318946,11450213.966666667,20310932.212101437,2589495.7212318946,11450213.966666667,20310932.212101437,2589495.7212318946,11450213.966666667,20310932.212101437,2589495.7212318946,11450213.966666667,20310932.212101437,2589495.7212318946
613,11132002.733333332,20074714.338131964,2189291.1285347007,11132002.733333332,20074714.338131964,2189291.1285347007,11132002.733333332,20074714.338131964,2189291.1285347007,11132002.733333332,20074714.338131964,2189291.1285347007,11132002.733333332,20074714.338131964,2189291.1285347007,11132002.733333332,20074714.338131964,2189291.1285347007
614,11683263.666666666,20773463.64233349,2593063.690999843,11683263.666666666,20773463.64233349,2593063.690999843,11683263.666666666,20773463.64233349,2593063.690999843,11683263.666666666,20773463.64233349,2593063.690999843,11683263.666666666,20773463.64233349,2593063.690999843,11683263.666666666,20773463.64233349,2593063.690999843
615,11958268.6,21174560.91066753,2741976.289332466,11958268.6,21174560.91066753,2741976.289332466,11958268.6,21174560.91066753,2741976.289332466,11958268.6,21174560.91066753,2741976.289332466,11958268.6,21174560.91066753,2741976.289332466,11958268.6,21174560.91066753,2741976.289332466
616,11970203.366666667,21218454.48770621,2721952.245627124,11970203.366666667,21218454.48770621,2721952.245627124,11970203.366666667,21218454.48770621,2721952.245627124,11970203.366666667,21218454.48770621,2721952.245627124,11970203.366666667,21218454.48770621,2721952.245627124,11970203.366666667,21218454.48770621,2721952.245627124
617,13630040.366666667,23267680.650898837,3992400.082434496,13630040.366666667,23267680.650898837,3992400.082434496,13630040.366666667,23267680.650898837,3992400.082434496,13630040.366666667,23267680.650898837,3992400.082434496,13630040.366666667,23267680.650898837,3992400.082434496,13630040.366666667,23267680.650898837,3992400.082434496
618,13856639.266666668,23648969.640310813,4064308.8930225223,13856639.266666668,23648969.640310813,4064308.8930225223,13856639.266666668,23648969.640310813,4064308.8930225223,13856639.266666668,23648969.640310813,4064308.8930225223,13856639.266666668,23648969.640310813,4064308.8930225223,13856639.266666668,23648969.640310813,4064308.8930225223
619,13442855.8,23386227.530080885,3499484.0699191187,13442855.8,23386227.530080885,3499484.0699191187,13442855.8,23386227.530080885,3499484.0699191187,13442855.8,23386227.530080885,3499484.0699191187,13442855.8,23386227.530080885,3499484.0699191187,13442855.8,23386227.530080885,3499484.0699191187
620,13688245.633333333,23743967.004949726,3632524.2617169395,13688245.633333333,23743967.004949726,3632524.2617169395,13688245.633333333,23743967.004949726,3632524.2617169395,13688245.633333333,23743967.004949726,3632524.2617169395,13688245.633333333,23743967.004949726,3632524.2617169395,13688245.633333333,23743967.004949726,3632524.2617169395
621,14059885.966666667,24914901.47499705,3204870.4583362807,14059885.966666667,24914901.47499705,3204870.4583362807,14059885.966666667,24914901.47499705,3204870.4583362807,14059885.966666667,24914901.47499705,3204870.4583362807,14059885.966666667,24914901.47499705,3204870.4583362807,14059885.966666667,24914901.47499705,3204870.4583362807
622,14221115.766666668,25174592.60959984,3267638.923733495,14221115.766666668,25174592.60959984,3267638.923733495,14221115.766666668,25174592.60959984,3267638.923733495,14221115.766666668,25174592.60959984,3267638.923733495,14221115.766666668,25174592.60959984,3267638.923733495,14221115.766666668,25174592.60959984,3267638.923733495
623,13210623.333333334,23332628.014597677,3088618.652068991,13210623.333333334,23332628.014597677,3088618.652068991,13210623.333333334,23332628.014597677,3088618.652068991,13210623.333333334,23332628.014597677,3088618.652068991,13210623.333333334,23332628.014597677,3088618.652068991,13210623.333333334,23332628.014597677,3088618.652068991
624,12992726.7,22976889.13370072,3008564.2662992775,12992726.7,22976889.13370072,3008564.2662992775,12992726.7,22976889.13370072,3008564.2662992775,12992726.7,22976889.13370072,3008564.2662992775,12992726.7,22976889.13370072,3008564.2662992775,12992726.7,22976889.13370072,3008564.2662992775
625,12626672.033333333,22162896.109415002,3090447.957251666,12626672.033333333,22162896.109415002,3090447.957251666,12626672.033333333,22162896.109415002,3090447.957251666,12626672.033333333,22162896.109415002,3090447.957251666,12626672.033333333,22162896.109415002,3090447.957251666,12626672.033333333,22162896.109415002,3090447.957251666
626,12192575.766666668,21489810.87557501,2895340.6577583253,12192575.766666668,21489810.87557501,2895340.6577583253,12192575.766666668,21489810.87557501,2895340.6577583253,12192575.766666668,21489810.87557501,2895340.6577583253,12192575.766666668,21489810.87557501,2895340.6577583253,12192575.766666668,21489810.87557501,2895340.6577583253
627,12050127.566666666,21334672.6246517,2765582.5086816326,12050127.566666666,21334672.6246517,2765582.5086816326,12050127.566666666,21334672.6246517,2765582.5086816326,12050127.566666666,21334672.6246517,2765582.5086816326,12050127.566666666,21334672.6246517,2765582.5086816326,12050127.566666666,21334672.6246517,2765582.5086816326
628,11768996.566666666,20903869.777132556,2634123.356200775,11768996.566666666,20903869.777132556,2634123.356200775,11768996.566666666,20903869.777132556,2634123.356200775,11768996.566666666,20903869.777132556,2634123.356200775,11768996.566666666,20903869.777132556,2634123.356200775,11768996.566666666,20903869.777132556,2634123.356200775
629,12143669.2,21302080.03869988,2985258.3613001183,12143669.2,21302080.03869988,2985258.3613001183,12143669.2,21302080.03869988,2985258.3613001183,12143669.2,21302080.03869988,2985258.3613001183,12143669.2,21302080.03869988,2985258.3613001183,12143669.2,21302080.03869988,2985258.3613001183
630,12036150.966666667,21175909.12189739,2896392.8114359453,12036150.966666667,21175909.12189739,2896392.8114359453,12036150.966666667,21175909.12189739,2896392.8114359453,12036150.966666667,21175909.12189739,2896392.8114359453,12036150.966666667,21175909.12189739,2896392.8114359453,12036150.966666667,21175909.12189739,2896392.8114359453
631,11940163.866666667,21031459.75520233,2848867.9781310055,11940163.866666667,21031459.75520233,2848867.9781310055,11940163.866666667,21031459.75520233,2848867.9781310055,11940163.866666667,21031459.75520233,2848867.9781310055,11940163.866666667,21031459.75520233,2848867.9781310055,11940163.866666667,21031459.75520233,2848867.9781310055
632,12464961.133333333,21892819.94398856,3037102.322678102,12464961.133333333,21892819.94398856,3037102.322678102,12464961.133333333,21892819.94398856,3037102.322678102,12464961.133333333,21892819.94398856,3037102.322678102,12464961.133333333,21892819.94398856,3037102.322678102,12464961.133333333,21892819.94398856,3037102.322678102
633,12543217.8,22103212.481915575,2983223.118084427,12543217.8,22103212.481915575,2983223.118084427,12543217.8,22103212.481915575,2983223.118084427,12543217.8,22103212.481915575,2983223.118084427,12543217.8,22103212.481915575,2983223.118084427,12543217.8,22103212.481915575,2983223.118084427
634,12466495.166666666,21884012.01581394,3048978.3175193947,12466495.166666666,21884012.01581394,3048978.3175193947,12466495.166666666,21884012.01581394,3048978.3175193947,12466495.166666666,21884012.01581394,3048978.3175193947,12466495.166666666,21884012.01581394,3048978.3175193947,12466495.166666666,21884012.01581394,3048978.3175193947
635,12458441.333333334,21839732.03212615,3077150.634540515,12458441.333333334,21839732.03212615,3077150.634540515,12458441.333333334,21839732.03212615,3077150.634540515,12458441.333333334,21839732.03212615,3077150.634540515,12458441.333333334,21839732.03212615,3077150.634540515,12458441.333333334,21839732.03212615,3077150.634540515
636,12528466.766666668,21977153.755401574,3079779.777931761,12528466.766666668,21977153.755401574,3079779.777931761,12528466.766666668,21977153.755401574,3079779.777931761,12528466.766666668,21977153.755401574,3079779.777931761,12528466.766666668,21977153.755401574,3079779.777931761,12528466.766666668,21977153.755401574,3079779.777931761
637,12571858.166666666,21975927.821714632,3167788.511618698,12571858.166666666,21975927.821714632,3167788.511618698,12571858.166666666,21975927.821714632,3167788.511618698,12571858.166666666,21975927.821714632,3167788.511618698,12571858.166666666,21975927.821714632,3167788.511618698,12571858.166666666,21975927.821714632,3167788.511618698
638,12946641.733333332,22574221.33552344,3319062.1311432254,12946641.733333332,22574221.33552344,3319062.1311432254,12946641.733333332,22574221.33552344,3319062.1311432254,12946641.733333332,22574221.33552344,3319062.1311432254,12946641.733333332,22574221.33552344,3319062.1311432254,12946641.733333332,22574221.33552344,3319062.1311432254
639,12751531.033333333,22340919.345285483,3162142.721381182,12751531.033333333,22340919.345285483,3162142.721381182,12751531.033333333,22340919.345285483,3162142.721381182,12751531.033333333,22340919.345285483,3162142.721381182,12751531.033333333,22340919.345285483,3162142.721381182,12751531.033333333,22340919.345285483,3162142.721381182
640,13846301.4,23791442.573068693,3901160.2269313075,13846301.4,23791442.573068693,3901160.2269313075,13846301.4,23791442.573068693,3901160.2269313075,13846301.4,23791442.573068693,3901160.2269313075,13846301.4,23791442.573068693,3901160.2269313075,13846301.4,23791442.573068693,3901160.2269313075
641,13286549.866666667,22872784.93420528,3700314.7991280574,13286549.866666667,22872784.93420528,3700314.7991280574,13286549.866666667,22872784.93420528,3700314.7991280574,13286549.866666667,22872784.93420528,3700314.7991280574,13286549.866666667,22872784.93420528,3700314.7991280574,13286549.866666667,22872784.93420528,3700314.7991280574
642,13170977.066666666,22823682.77065432,3518271.3626790103,13170977.066666666,22823682.77065432,3518271.3626790103,13170977.066666666,22823682.77065432,3518271.3626790103,13170977.066666666,22823682.77065432,3518271.3626790103,13170977.066666666,22823682.77065432,3518271.3626790103,13170977.066666666,22823682.77065432,3518271.3626790103
643,13830316.833333334,23575655.3575947,4084978.309071971,13830316.833333334,23575655.3575947,4084978.309071971,13830316.833333334,23575655.3575947,4084978.309071971,13830316.833333334,23575655.3575947,4084978.309071971,13830316.833333334,23575655.3575947,4084978.309071971,13830316.833333334,23575655.3575947,4084978.309071971
644,13847862.533333333,23596452.29002682,4099272.776639845,13847862.533333333,23596452.29002682,4099272.776639845,13847862.533333333,23596452.29002682,4099272.776639845,13847862.533333333,23596452.29002682,4099272.776639845,13847862.533333333,23596452.29002682,4099272.776639845,13847862.533333333,23596452.29002682,4099272.776639845
645,13578087.466666667,23220543.51734086,3935631.4159924723,13578087.466666667,23220543.51734086,3935631.4159924723,13578087.466666667,23220543.51734086,3935631.4159924723,13578087.466666667,23220543.51734086,3935631.4159924723,13578087.466666667,23220543.51734086,3935631.4159924723,13578087.466666667,23220543.51734086,3935631.4159924723
646,13788596.2,23487648.197986297,4089544.202013703,13788596.2,23487648.197986297,4089544.202013703,13788596.2,23487648.197986297,4089544.202013703,13788596.2,23487648.197986297,4089544.202013703,13788596.2,23487648.197986297,4089544.202013703,13788596.2,23487648.197986297,4089544.202013703
647,13498382.8,22502187.181396753,4494578.418603251,13498382.8,22502187.181396753,4494578.418603251,13498382.8,22502187.181396753,4494578.418603251,13498382.8,22502187.181396753,4494578.418603251,13498382.8,22502187.181396753,4494578.418603251,13498382.8,22502187.181396753,4494578.418603251
648,13557114.366666667,22521946.706157953,4592282.027175382,13557114.366666667,22521946.706157953,4592282.027175382,13557114.366666667,22521946.706157953,4592282.027175382,13557114.366666667,22521946.706157953,4592282.027175382,13557114.366666667,22521946.706157953,4592282.027175382,13557114.366666667,22521946.706157953,4592282.027175382
649,13503675.033333333,22462470.28466171,4544879.782004958,13503675.033333333,22462470.28466171,4544879.782004958,13503675.033333333,22462470.28466171,4544879.782004958,13503675.033333333,22462470.28466171,4544879.782004958,13503675.033333333,22462470.28466171,4544879.782004958,13503675.033333333,22462470.28466171,4544879.782004958
650,14513732.033333333,24322285.539511934,4705178.527154731,14513732.033333333,24322285.539511934,4705178.527154731,14513732.033333333,24322285.539511934,4705178.527154731,14513732.033333333,24322285.539511934,4705178.527154731,14513732.033333333,24322285.539511934,4705178.527154731,14513732.033333333,24322285.539511934,4705178.527154731
651,13918193.5,23423426.069310218,4412960.930689782,13918193.5,23423426.069310218,4412960.930689782,13918193.5,23423426.069310218,4412960.930689782,13918193.5,23423426.069310218,4412960.930689782,13918193.5,23423426.069310218,4412960.930689782,13918193.5,23423426.069310218,4412960.930689782
652,14296063.566666666,23767566.809036177,4824560.324297156,14296063.566666666,23767566.809036177,4824560.324297156,14296063.566666666,23767566.809036177,4824560.324297156,14296063.566666666,23767566.809036177,4824560.324297156,14296063.566666666,23767566.809036177,4824560.324297156,14296063.566666666,23767566.809036177,4824560.324297156
653,14328798.733333332,23788758.644109994,4868838.822556671,14328798.733333332,23788758.644109994,4868838.822556671,14328798.733333332,23788758.644109994,4868838.822556671,14328798.733333332,23788758.644109994,4868838.822556671,14328798.733333332,23788758.644109994,4868838.822556671,14328798.733333332,23788758.644109994,4868838.822556671
654,13788862.766666668,23310944.450548388,4266781.082784945,13788862.766666668,23310944.450548388,4266781.082784945,13788862.766666668,23310944.450548388,4266781.082784945,13788862.766666668,23310944.450548388,4266781.082784945,13788862.766666668,23310944.450548388,4266781.082784945,13788862.766666668,23310944.450548388,4266781.082784945
655,13721242.1,22945340.296053704,4497143.903946295,13721242.1,22945340.296053704,4497143.903946295,13721242.1,22945340.296053704,4497143.903946295,13721242.1,22945340.296053704,4497143.903946295,13721242.1,22945340.296053704,4497143.903946295,13721242.1,22945340.296053704,4497143.903946295
656,13395723.266666668,23053599.54140888,3737846.9919244554,13395723.266666668,23053599.54140888,3737846.9919244554,13395723.266666668,23053599.54140888,3737846.9919244554,13395723.266666668,23053599.54140888,3737846.9919244554,13395723.266666668,23053599.54140888,3737846.9919244554,13395723.266666668,23053599.54140888,3737846.9919244554
657,12948038.566666666,22175828.13139896,3720249.001934372,12948038.566666666,22175828.13139896,3720249.001934372,12948038.566666666,22175828.13139896,3720249.001934372,12948038.566666666,22175828.13139896,3720249.001934372,12948038.566666666,22175828.13139896,3720249.001934372,12948038.566666666,22175828.13139896,3720249.001934372
658,12912954.9,21913881.861169245,3912027.9388307557,12912954.9,21913881.861169245,3912027.9388307557,12912954.9,21913881.861169245,3912027.9388307557,12912954.9,21913881.861169245,3912027.9388307557,12912954.9,21913881.861169245,3912027.9388307557,12912954.9,21913881.861169245,3912027.9388307557
659,12932204.333333334,21871423.188749343,3992985.4779173266,12932204.333333334,21871423.188749343,3992985.4779173266,12932204.333333334,21871423.188749343,3992985.4779173266,12932204.333333334,21871423.188749343,3992985.4779173266,12932204.333333334,21871423.188749343,3992985.4779173266,12932204.333333334,21871423.188749343,3992985.4779173266
660,13575399.333333334,22891335.183155954,4259463.483510714,13575399.333333334,22891335.183155954,4259463.483510714,13575399.333333334,22891335.183155954,4259463.483510714,13575399.333333334,22891335.183155954,4259463.483510714,13575399.333333334,22891335.183155954,4259463.483510714,13575399.333333334,22891335.183155954,4259463.483510714
661,14624139.2,24395184.72721907,4853093.672780927,14624139.2,24395184.72721907,4853093.672780927,14624139.2,24395184.72721907,4853093.672780927,14624139.2,24395184.72721907,4853093.672780927,14624139.2,24395184.72721907,4853093.672780927,14624139.2,24395184.72721907,4853093.672780927
662,14444412.466666667,24275626.16129455,4613198.772038786,14444412.466666667,24275626.16129455,4613198.772038786,14444412.466666667,24275626.16129455,4613198.772038786,14444412.466666667,24275626.16129455,4613198.772038786,14444412.466666667,24275626.16129455,4613198.772038786,14444412.466666667,24275626.16129455,4613198.772038786
663,13395305.733333332,22734623.240635343,4055988.226031322,13395305.733333332,22734623.240635343,4055988.226031322,13395305.733333332,22734623.240635343,4055988.226031322,13395305.733333332,22734623.240635343,4055988.226031322,13395305.733333332,22734623.240635343,4055988.226031322,13395305.733333332,22734623.240635343,4055988.226031322
664,13675323.833333334,23367852.938961133,3982794.7277055345,13675323.833333334,23367852.938961133,3982794.7277055345,13675323.833333334,23367852.938961133,3982794.7277055345,13675323.833333334,23367852.938961133,3982794.7277055345,13675323.833333334,23367852.938961133,3982794.7277055345,13675323.833333334,23367852.938961133,3982794.7277055345
665,14515618.9,24415576.898068633,4615660.901931368,14515618.9,24415576.898068633,4615660.901931368,14515618.9,24415576.898068633,4615660.901931368,14515618.9,24415576.898068633,4615660.901931368,14515618.9,24415576.898068633,4615660.901931368,14515618.9,24415576.898068633,4615660.901931368
666,13408950.5,22857018.317542195,3960882.6824578065,13408950.5,22857018.317542195,3960882.6824578065,13408950.5,22857018.317542195,3960882.6824578065,13408950.5,22857018.317542195,3960882.6824578065,13408950.5,22857018.317542195,3960882.6824578065,13408950.5,22857018.317542195,3960882.6824578065
667,13569374.133333333,22896351.18239283,4242397.0842738375,13569374.133333333,22896351.18239283,4242397.0842738375,13569374.133333333,22896351.18239283,4242397.0842738375,13569374.133333333,22896351.18239283,4242397.0842738375,13569374.133333333,22896351.18239283,4242397.0842738375,13569374.133333333,22896351.18239283,4242397.0842738375
668,13122444.1,22116948.042794913,4127940.157205088,13122444.1,22116948.042794913,4127940.157205088,13122444.1,22116948.042794913,4127940.157205088,13122444.1,22116948.042794913,4127940.157205088,13122444.1,22116948.042794913,4127940.157205088,13122444.1,22116948.042794913,4127940.157205088
669,13236892.566666666,22279219.336970016,4194565.796363318,13236892.566666666,22279219.336970016,4194565.796363318,13236892.566666666,22279219.336970016,4194565.796363318,13236892.566666666,22279219.336970016,4194565.796363318,13236892.566666666,22279219.336970016,4194565.796363318,13236892.566666666,22279219.336970016,4194565.796363318
670,14000307.233333332,23991004.187029697,4009610.27963697,14000307.233333332,23991004.187029697,4009610.27963697,14000307.233333332,23991004.187029697,4009610.27963697,14000307.233333332,23991004.187029697,4009610.27963697,14000307.233333332,23991004.187029697,4009610.27963697,14000307.233333332,23991004.187029697,4009610.27963697
671,14141095.6,24551349.29177652,3730841.90822348,14141095.6,24551349.29177652,3730841.90822348,14141095.6,24551349.29177652,3730841.90822348,14141095.6,24551349.29177652,3730841.90822348,14141095.6,24551349.29177652,3730841.90822348,14141095.6,24551349.29177652,3730841.90822348
672,13143812.0,23072084.32552135,3215539.67447865,13143812.0,23072084.32552135,3215539.67447865,13143812.0,23072084.32552135,3215539.67447865,13143812.0,23072084.32552135,3215539.67447865,13143812.0,23072084.32552135,3215539.67447865,13143812.0,23072084.32552135,3215539.67447865
673,12871544.8,22373672.47166817,3369417.1283318345,12871544.8,22373672.47166817,3369417.1283318345,12871544.8,22373672.47166817,3369417.1283318345,12871544.8,22373672.47166817,3369417.1283318345,12871544.8,22373672.47166817,3369417.1283318345,12871544.8,22373672.47166817,3369417.1283318345
674,11506719.566666666,20173347.726468112,2840091.4068652205,11506719.566666666,20173347.726468112,2840091.4068652205,11506719.566666666,20173347.726468112,2840091.4068652205,11506719.566666666,20173347.726468112,2840091.4068652205,11506719.566666666,20173347.726468112,2840091.4068652205,11506719.566666666,20173347.726468112,2840091.4068652205
675,10757898.4,18631986.91877734,2883809.8812226616,10757898.4,18631986.91877734,2883809.8812226616,10757898.4,18631986.91877734,2883809.8812226616,10757898.4,18631986.91877734,2883809.8812226616,10757898.4,18631986.91877734,2883809.8812226616,10757898.4,18631986.91877734,2883809.8812226616
676,10595300.866666667,18388736.848428473,2801864.8849048605,10595300.866666667,18388736.848428473,2801864.8849048605,10595300.866666667,18388736.848428473,2801864.8849048605,10595300.866666667,18388736.848428473,2801864.8849048605,10595300.866666667,18388736.848428473,2801864.8849048605,10595300.866666667,18388736.848428473,2801864.8849048605
677,10944341.1,19042311.10501677,2846371.0949832285,10944341.1,19042311.10501677,2846371.0949832285,10944341.1,19042311.10501677,2846371.0949832285,10944341.1,19042311.10501677,2846371.0949832285,10944341.1,19042311.10501677,2846371.0949832285,10944341.1,19042311.10501677,2846371.0949832285
678,11533349.5,19773978.6697649,3292720.3302351004,11533349.5,19773978.6697649,3292720.3302351004,11533349.5,19773978.6697649,3292720.3302351004,11533349.5,19773978.6697649,3292720.3302351004,11533349.5,19773978.6697649,3292720.3302351004,11533349.5,19773978.6697649,3292720.3302351004
679,12715558.2,21368237.692604974,4062878.7073950227,12715558.2,21368237.692604974,4062878.7073950227,12715558.2,21368237.692604974,4062878.7073950227,12715558.2,21368237.692604974,4062878.7073950227,12715558.2,21368237.692604974,4062878.7073950227,12715558.2,21368237.692604974,4062878.7073950227
680,12375196.766666668,21030987.610185012,3719405.9231483247,12375196.766666668,21030987.610185012,3719405.9231483247,12375196.766666668,21030987.610185012,3719405.9231483247,12375196.766666668,21030987.610185012,3719405.9231483247,12375196.766666668,21030987.610185012,3719405.9231483247,12375196.766666668,21030987.610185012,3719405.9231483247
681,11765757.466666667,19883868.648449097,3647646.284884236,11765757.466666667,19883868.648449097,3647646.284884236,11765757.466666667,19883868.648449097,3647646.284884236,11765757.466666667,19883868.648449097,3647646.284884236,11765757.466666667,19883868.648449097,3647646.284884236,11765757.466666667,19883868.648449097,3647646.284884236
682,12206962.6,20503309.280266847,3910615.9197331527,12206962.6,20503309.280266847,3910615.9197331527,12206962.6,20503309.280266847,3910615.9197331527,12206962.6,20503309.280266847,3910615.9197331527,12206962.6,20503309.280266847,3910615.9197331527,12206962.6,20503309.280266847,3910615.9197331527
683,11891705.4,20137572.55913179,3645838.240868211,11891705.4,20137572.55913179,3645838.240868211,11891705.4,20137572.55913179,3645838.240868211,11891705.4,20137572.55913179,3645838.240868211,11891705.4,20137572.55913179,3645838.240868211,11891705.4,20137572.55913179,3645838.240868211
684,12619655.433333334,21049510.880184643,4189799.9864820223,12619655.433333334,21049510.880184643,4189799.9864820223,12619655.433333334,21049510.880184643,4189799.9864820223,12619655.433333334,21049510.880184643,4189799.9864820223,12619655.433333334,21049510.880184643,4189799.9864820223,12619655.433333334,21049510.880184643,4189799.9864820223
685,12654614.5,21118039.383211657,4191189.6167883426,12654614.5,21118039.383211657,4191189.6167883426,12654614.5,21118039.383211657,4191189.6167883426,12654614.5,21118039.383211657,4191189.6167883426,12654614.5,21118039.383211657,4191189.6167883426,12654614.5,21118039.383211657,4191189.6167883426
686,13736867.6,22678917.6242392,4794817.5757608,13736867.6,22678917.6242392,4794817.5757608,13736867.6,22678917.6242392,4794817.5757608,13736867.6,22678917.6242392,4794817.5757608,13736867.6,22678917.6242392,4794817.5757608,13736867.6,22678917.6242392,4794817.5757608
687,14046822.233333332,23057785.996075105,5035858.47059156,14046822.233333332,23057785.996075105,5035858.47059156,14046822.233333332,23057785.996075105,5035858.47059156,14046822.233333332,23057785.996075105,5035858.47059156,14046822.233333332,23057785.996075105,5035858.47059156,14046822.233333332,23057785.996075105,5035858.47059156
688,13353137.066666666,22917977.750643644,3788296.3826896884,13353137.066666666,22917977.750643644,3788296.3826896884,13353137.066666666,22917977.750643644,3788296.3826896884,13353137.066666666,22917977.750643644,3788296.3826896884,13353137.066666666,22917977.750643644,3788296.3826896884,13353137.066666666,22917977.750643644,3788296.3826896884
689,13178980.633333333,22804056.48149489,3553904.785171779,13178980.633333333,22804056.48149489,3553904.785171779,13178980.633333333,22804056.48149489,3553904.785171779,13178980.633333333,22804056.48149489,3553904.785171779,13178980.633333333,22804056.48149489,3553904.785171779,13178980.633333333,22804056.48149489,3553904.785171779
690,13281757.3,22906783.343953393,3656731.25604661,13281757.3,22906783.343953393,3656731.25604661,13281757.3,22906783.343953393,3656731.25604661,13281757.3,22906783.343953393,3656731.25604661,13281757.3,22906783.343953393,3656731.25604661,13281757.3,22906783.343953393,3656731.25604661
691,11987906.933333334,21363801.781868562,2612012.084798105,11987906.933333334,21363801.781868562,2612012.084798105,11987906.933333334,21363801.781868562,2612012.084798105,11987906.933333334,21363801.781868562,2612012.084798105,11987906.933333334,21363801.781868562,2612012.084798105,11987906.933333334,21363801.781868562,2612012.084798105
692,12449642.133333333,21888216.973817773,3011067.2928488944,12449642.133333333,21888216.973817773,3011067.2928488944,12449642.133333333,21888216.973817773,3011067.2928488944,12449642.133333333,21888216.973817773,3011067.2928488944,12449642.133333333,21888216.973817773,3011067.2928488944,12449642.133333333,21888216.973817773,3011067.2928488944
693,13111815.366666667,23168536.7312215,3055094.0021118335,13111815.366666667,23168536.7312215,3055094.0021118335,13111815.366666667,23168536.7312215,3055094.0021118335,13111815.366666667,23168536.7312215,3055094.0021118335,13111815.366666667,23168536.7312215,3055094.0021118335,13111815.366666667,23168536.7312215,3055094.0021118335
694,12536759.666666666,21973892.41294743,3099626.9203859027,12536759.666666666,21973892.41294743,3099626.9203859027,12536759.666666666,21973892.41294743,3099626.9203859027,12536759.666666666,21973892.41294743,3099626.9203859027,12536759.666666666,21973892.41294743,3099626.9203859027,12536759.666666666,21973892.41294743,3099626.9203859027
695,11390526.366666667,20252695.072245497,2528357.661087837,11390526.366666667,20252695.072245497,2528357.661087837,11390526.366666667,20252695.072245497,2528357.661087837,11390526.366666667,20252695.072245497,2528357.661087837,11390526.366666667,20252695.072245497,2528357.661087837,11390526.366666667,20252695.072245497,2528357.661087837
696,11308477.033333333,19968284.6759739,2648669.390692765,11308477.033333333,19968284.6759739,2648669.390692765,11308477.033333333,19968284.6759739,2648669.390692765,11308477.033333333,19968284.6759739,2648669.390692765,11308477.033333333,19968284.6759739,2648669.390692765,11308477.033333333,19968284.6759739,2648669.390692765
697,11485262.366666667,20311887.96375212,2658636.7695812136,11485262.366666667,20311887.96375212,2658636.7695812136,11485262.366666667,20311887.96375212,2658636.7695812136,11485262.366666667,20311887.96375212,2658636.7695812136,11485262.366666667,20311887.96375212,2658636.7695812136,11485262.366666667,20311887.96375212,2658636.7695812136
698,11802168.8,20513832.39050033,3090505.209499672,11802168.8,20513832.39050033,3090505.209499672,11802168.8,20513832.39050033,3090505.209499672,11802168.8,20513832.39050033,3090505.209499672,11802168.8,20513832.39050033,3090505.209499672,11802168.8,20513832.39050033,3090505.209499672
699,11318151.533333333,19645446.369288363,2990856.697378302,11318151.533333333,19645446.369288363,2990856.697378302,11318151.533333333,19645446.369288363,2990856.697378302,11318151.533333333,19645446.369288363,2990856.697378302,11318151.533333333,19645446.369288363,2990856.697378302,11318151.533333333,19645446.369288363,2990856.697378302
700,11767509.466666667,20511963.094787322,3023055.8385460116,11767509.466666667,20511963.094787322,3023055.8385460116,11767509.466666667,20511963.094787322,3023055.8385460116,11767509.466666667,20511963.094787322,3023055.8385460116,11767509.466666667,20511963.094787322,3023055.8385460116,11767509.466666667,20511963.094787322,3023055.8385460116
701,12442517.666666666,21660775.224619374,3224260.1087139584,12442517.666666666,21660775.224619374,3224260.1087139584,12442517.666666666,21660775.224619374,3224260.1087139584,12442517.666666666,21660775.224619374,3224260.1087139584,12442517.666666666,21660775.224619374,3224260.1087139584,12442517.666666666,21660775.224619374,3224260.1087139584
702,11557864.133333333,20431465.586471632,2684262.6801950336,11557864.133333333,20431465.586471632,2684262.6801950336,11557864.133333333,20431465.586471632,2684262.6801950336,11557864.133333333,20431465.586471632,2684262.6801950336,11557864.133333333,20431465.586471632,2684262.6801950336,11557864.133333333,20431465.586471632,2684262.6801950336
703,11759294.766666668,20912009.169278383,2606580.364054952,11759294.766666668,20912009.169278383,2606580.364054952,11759294.766666668,20912009.169278383,2606580.364054952,11759294.766666668,20912009.169278383,2606580.364054952,11759294.766666668,20912009.169278383,2606580.364054952,11759294.766666668,20912009.169278383,2606580.364054952
704,11969105.566666666,21637607.78185098,2300603.351482356,11969105.566666666,21637607.78185098,2300603.351482356,11969105.566666666,21637607.78185098,2300603.351482356,11969105.566666666,21637607.78185098,2300603.351482356,11969105.566666666,21637607.78185098,2300603.351482356,11969105.566666666,21637607.78185098,2300603.351482356
705,12503608.8,22048240.197104003,2958977.402895998,12503608.8,22048240.197104003,2958977.402895998,12503608.8,22048240.197104003,2958977.402895998,12503608.8,22048240.197104003,2958977.402895998,12503608.8,22048240.197104003,2958977.402895998,12503608.8,22048240.197104003,2958977.402895998
706,12356082.433333334,21916751.853422657,2795413.0132440124,12356082.433333334,21916751.853422657,2795413.0132440124,12356082.433333334,21916751.853422657,2795413.0132440124,12356082.433333334,21916751.853422657,2795413.0132440124,12356082.433333334,21916751.853422657,2795413.0132440124,12356082.433333334,21916751.853422657,2795413.0132440124
707,12074561.3,21320540.200099688,2828582.3999003135,12074561.3,21320540.200099688,2828582.3999003135,12074561.3,21320540.200099688,2828582.3999003135,12074561.3,21320540.200099688,2828582.3999003135,12074561.3,21320540.200099688,2828582.3999003135,12074561.3,21320540.200099688,2828582.3999003135
708,12301451.3,21778334.478694692,2824568.121305311,12301451.3,21778334.478694692,2824568.121305311,12301451.3,21778334.478694692,2824568.121305311,12301451.3,21778334.478694692,2824568.121305311,12301451.3,21778334.478694692,2824568.121305311,12301451.3,21778334.478694692,2824568.121305311
709,13032029.866666667,22730413.46963273,3333646.2637006044,13032029.866666667,22730413.46963273,3333646.2637006044,13032029.866666667,22730413.46963273,3333646.2637006044,13032029.866666667,22730413.46963273,3333646.2637006044,13032029.866666667,22730413.46963273,3333646.2637006044,13032029.866666667,22730413.46963273,3333646.2637006044
710,12880788.466666667,22782500.83441679,2979076.098916542,12880788.466666667,22782500.83441679,2979076.098916542,12880788.466666667,22782500.83441679,2979076.098916542,12880788.466666667,22782500.83441679,2979076.098916542,12880788.466666667,22782500.83441679,2979076.098916542,12880788.466666667,22782500.83441679,2979076.098916542
711,12299123.333333334,22150732.524867617,2447514.141799053,12299123.333333334,22150732.524867617,2447514.141799053,12299123.333333334,22150732.524867617,2447514.141799053,12299123.333333334,22150732.524867617,2447514.141799053,12299123.333333334,22150732.524867617,2447514.141799053,12299123.333333334,22150732.524867617,2447514.141799053
712,11642772.7,20660987.829439484,2624557.570560517,11642772.7,20660987.829439484,2624557.570560517,11642772.7,20660987.829439484,2624557.570560517,11642772.7,20660987.829439484,2624557.570560517,11642772.7,20660987.829439484,2624557.570560517,11642772.7,20660987.829439484,2624557.570560517
713,11523309.366666667,20156764.86982899,2889853.8635043427,11523309.366666667,20156764.86982899,2889853.8635043427,11523309.366666667,20156764.86982899,2889853.8635043427,11523309.366666667,20156764.86982899,2889853.8635043427,11523309.366666667,20156764.86982899,2889853.8635043427,11523309.366666667,20156764.86982899,2889853.8635043427
714,10883887.166666666,19306956.42000979,2460817.9133235402,10883887.166666666,19306956.42000979,2460817.9133235402,10883887.166666666,19306956.42000979,2460817.9133235402,10883887.166666666,19306956.42000979,2460817.9133235402,10883887.166666666,19306956.42000979,2460817.9133235402,10883887.166666666,19306956.42000979,2460817.9133235402
715,9895021.5,17395718.32773472,2394324.672265279,9895021.5,17395718.32773472,2394324.672265279,9895021.5,17395718.32773472,2394324.672265279,9895021.5,17395718.32773472,2394324.672265279,9895021.5,17395718.32773472,2394324.672265279,9895021.5,17395718.32773472,2394324.672265279
716,10715848.133333333,18500825.412115302,2930870.854551363,10715848.133333333,18500825.412115302,2930870.854551363,10715848.133333333,18500825.412115302,2930870.854551363,10715848.133333333,18500825.412115302,2930870.854551363,10715848.133333333,18500825.412115302,2930870.854551363,10715848.133333333,18500825.412115302,2930870.854551363
717,10426190.766666668,18333457.76747381,2518923.7658595275,10426190.766666668,18333457.76747381,2518923.7658595275,10426190.766666668,18333457.76747381,2518923.7658595275,10426190.766666668,18333457.76747381,2518923.7658595275,10426190.766666668,18333457.76747381,2518923.7658595275,10426190.766666668,18333457.76747381,2518923.7658595275
718,11223786.8,19539251.184502523,2908322.415497477,11223786.8,19539251.184502523,2908322.415497477,11223786.8,19539251.184502523,2908322.415497477,11223786.8,19539251.184502523,2908322.415497477,11223786.8,19539251.184502523,2908322.415497477,11223786.8,19539251.184502523,2908322.415497477
719,10376037.833333334,18084524.083034847,2667551.58363182,10376037.833333334,18084524.083034847,2667551.58363182,10376037.833333334,18084524.083034847,2667551.58363182,10376037.833333334,18084524.083034847,2667551.58363182,10376037.833333334,18084524.083034847,2667551.58363182,10376037.833333334,18084524.083034847,2667551.58363182
720,9919339.6,17441768.49348489,2396910.70651511,9919339.6,17441768.49348489,2396910.70651511,9919339.6,17441768.49348489,2396910.70651511,9919339.6,17441768.49348489,2396910.70651511,9919339.6,17441768.49348489,2396910.70651511,9919339.6,17441768.49348489,2396910.70651511
721,9520500.366666667,16792924.95530797,2248075.7780253636,9520500.366666667,16792924.95530797,2248075.7780253636,9520500.366666667,16792924.95530797,2248075.7780253636,9520500.366666667,16792924.95530797,2248075.7780253636,9520500.366666667,16792924.95530797,2248075.7780253636,9520500.366666667,16792924.95530797,2248075.7780253636
722,9433819.2,16752542.849908821,2115095.550091177,9433819.2,16752542.849908821,2115095.550091177,9433819.2,16752542.849908821,2115095.550091177,9433819.2,16752542.849908821,2115095.550091177,9433819.2,16752542.849908821,2115095.550091177,9433819.2,16752542.849908821,2115095.550091177
723,9329959.533333333,16625371.769162942,2034547.2975037247,9329959.533333333,16625371.769162942,2034547.2975037247,9329959.533333333,16625371.769162942,2034547.2975037247,9329959.533333333,16625371.769162942,2034547.2975037247,9329959.533333333,16625371.769162942,2034547.2975037247,9329959.533333333,16625371.769162942,2034547.2975037247
724,10118361.333333334,17855306.150480345,2381416.516186322,10118361.333333334,17855306.150480345,2381416.516186322,10118361.333333334,17855306.150480345,2381416.516186322,10118361.333333334,17855306.150480345,2381416.516186322,10118361.333333334,17855306.150480345,2381416.516186322,10118361.333333334,17855306.150480345,2381416.516186322
725,10617939.033333333,18327883.21768635,2907994.848980315,10617939.033333333,18327883.21768635,2907994.848980315,10617939.033333333,18327883.21768635,2907994.848980315,10617939.033333333,18327883.21768635,2907994.848980315,10617939.033333333,18327883.21768635,2907994.848980315,10617939.033333333,18327883.21768635,2907994.848980315
726,10429018.6,17268186.178797916,3589851.0212020827,10429018.6,17268186.178797916,3589851.0212020827,10429018.6,17268186.178797916,3589851.0212020827,10429018.6,17268186.178797916,3589851.0212020827,10429018.6,17268186.178797916,3589851.0212020827,10429018.6,17268186.178797916,3589851.0212020827
727,10321390.833333334,17450832.09690838,3191949.5697582895,10321390.833333334,17450832.09690838,3191949.5697582895,10321390.833333334,17450832.09690838,3191949.5697582895,10321390.833333334,17450832.09690838,3191949.5697582895,10321390.833333334,17450832.09690838,3191949.5697582895,10321390.833333334,17450832.09690838,3191949.5697582895
728,10767467.866666667,18577355.675393447,2957580.057939888,10767467.866666667,18577355.675393447,2957580.057939888,10767467.866666667,18577355.675393447,2957580.057939888,10767467.866666667,18577355.675393447,2957580.057939888,10767467.866666667,18577355.675393447,2957580.057939888,10767467.866666667,18577355.675393447,2957580.057939888
729,10439485.966666667,17998773.137374967,2880198.7959583662,10439485.966666667,17998773.137374967,2880198.7959583662,10439485.966666667,17998773.137374967,2880198.7959583662,10439485.966666667,17998773.137374967,2880198.7959583662,10439485.966666667,17998773.137374967,2880198.7959583662,10439485.966666667,17998773.137374967,2880198.7959583662
730,10575502.266666668,18162045.419721752,2988959.1136115827,10575502.266666668,18162045.419721752,2988959.1136115827,10575502.266666668,18162045.419721752,2988959.1136115827,10575502.266666668,18162045.419721752,2988959.1136115827,10575502.266666668,18162045.419721752,2988959.1136115827,10575502.266666668,18162045.419721752,2988959.1136115827
731,10369628.366666667,17517071.114161484,3222185.6191718504,10369628.366666667,17517071.114161484,3222185.6191718504,10369628.366666667,17517071.114161484,3222185.6191718504,10369628.366666667,17517071.114161484,3222185.6191718504,10369628.366666667,17517071.114161484,3222185.6191718504,10369628.366666667,17517071.114161484,3222185.6191718504
732,10755945.1,18368616.79668989,3143273.403310111,10755945.1,18368616.79668989,3143273.403310111,10755945.1,18368616.79668989,3143273.403310111,10755945.1,18368616.79668989,3143273.403310111,10755945.1,18368616.79668989,3143273.403310111,10755945.1,18368616.79668989,3143273.403310111
733,10584199.966666667,18230808.668740127,2937591.2645932073,10584199.966666667,18230808.668740127,2937591.2645932073,10584199.966666667,18230808.668740127,2937591.2645932073,10584199.966666667,18230808.668740127,2937591.2645932073,10584199.966666667,18230808.668740127,2937591.2645932073,10584199.966666667,18230808.668740127,2937591.2645932073
734,10490964.666666666,18067252.939463723,2914676.3938696086,10490964.666666666,18067252.939463723,2914676.3938696086,10490964.666666666,18067252.939463723,2914676.3938696086,10490964.666666666,18067252.939463723,2914676.3938696086,10490964.666666666,18067252.939463723,2914676.3938696086,10490964.666666666,18067252.939463723,2914676.3938696086
735,8616903.033333333,14444147.116557572,2789658.9501090953,8616903.033333333,14444147.116557572,2789658.9501090953,8616903.033333333,14444147.116557572,2789658.9501090953,8616903.033333333,14444147.116557572,2789658.9501090953,8616903.033333333,14444147.116557572,2789658.9501090953,8616903.033333333,14444147.116557572,2789658.9501090953
736,8568664.933333334,14442237.756933194,2695092.1097334726,8568664.933333334,14442237.756933194,2695092.1097334726,8568664.933333334,14442237.756933194,2695092.1097334726,8568664.933333334,14442237.756933194,2695092.1097334726,8568664.933333334,14442237.756933194,2695092.1097334726,8568664.933333334,14442237.756933194,2695092.1097334726
737,10379868.966666667,17402292.806758575,3357445.1265747594,10379868.966666667,17402292.806758575,3357445.1265747594,10379868.966666667,17402292.806758575,3357445.1265747594,10379868.966666667,17402292.806758575,3357445.1265747594,10379868.966666667,17402292.806758575,3357445.1265747594,10379868.966666667,17402292.806758575,3357445.1265747594
738,10322668.366666667,17320995.481606137,3324341.2517271964,10322668.366666667,17320995.481606137,3324341.2517271964,10322668.366666667,17320995.481606137,3324341.2517271964,10322668.366666667,17320995.481606137,3324341.2517271964,10322668.366666667,17320995.481606137,3324341.2517271964,10322668.366666667,17320995.481606137,3324341.2517271964
739,10723849.266666668,17391031.316028863,4056667.2173044737,10723849.266666668,17391031.316028863,4056667.2173044737,10723849.266666668,17391031.316028863,4056667.2173044737,10723849.266666668,17391031.316028863,4056667.2173044737,10723849.266666668,17391031.316028863,4056667.2173044737,10723849.266666668,17391031.316028863,4056667.2173044737
740,10171341.966666667,16473042.901656117,3869641.0316772154,10171341.966666667,16473042.901656117,3869641.0316772154,10171341.966666667,16473042.901656117,3869641.0316772154,10171341.966666667,16473042.901656117,3869641.0316772154,10171341.966666667,16473042.901656117,3869641.0316772154,10171341.966666667,16473042.901656117,3869641.0316772154
741,10361794.933333334,16742422.445831306,3981167.42083536,10361794.933333334,16742422.445831306,3981167.42083536,10361794.933333334,16742422.445831306,3981167.42083536,10361794.933333334,16742422.445831306,3981167.42083536,10361794.933333334,16742422.445831306,3981167.42083536,10361794.933333334,16742422.445831306,3981167.42083536
742,9955898.6,16654262.953288384,3257534.2467116145,9955898.6,16654262.953288384,3257534.2467116145,9955898.6,16654262.953288384,3257534.2467116145,9955898.6,16654262.953288384,3257534.2467116145,9955898.6,16654262.953288384,3257534.2467116145,9955898.6,16654262.953288384,3257534.2467116145
743,9241281.833333334,14784645.076511754,3697918.590154914,9241281.833333334,14784645.076511754,3697918.590154914,9241281.833333334,14784645.076511754,3697918.590154914,9241281.833333334,14784645.076511754,3697918.590154914,9241281.833333334,14784645.076511754,3697918.590154914,9241281.833333334,14784645.076511754,3697918.590154914
744,8435882.633333333,13438335.753452763,3433429.513213902,8435882.633333333,13438335.753452763,3433429.513213902,8435882.633333333,13438335.753452763,3433429.513213902,8435882.633333333,13438335.753452763,3433429.513213902,8435882.633333333,13438335.753452763,3433429.513213902,8435882.633333333,13438335.753452763,3433429.513213902
745,8701963.066666666,13983896.407964606,3420029.725368728,8701963.066666666,13983896.407964606,3420029.725368728,8701963.066666666,13983896.407964606,3420029.725368728,8701963.066666666,13983896.407964606,3420029.725368728,8701963.066666666,13983896.407964606,3420029.725368728,8701963.066666666,13983896.407964606,3420029.725368728
746,10068280.633333333,16329979.885900557,3806581.3807661096,10068280.633333333,16329979.885900557,3806581.3807661096,10068280.633333333,16329979.885900557,3806581.3807661096,10068280.633333333,16329979.885900557,3806581.3807661096,10068280.633333333,16329979.885900557,3806581.3807661096,10068280.633333333,16329979.885900557,3806581.3807661096
747,10031290.866666667,16306395.230912182,3756186.502421153,10031290.866666667,16306395.230912182,3756186.502421153,10031290.866666667,16306395.230912182,3756186.502421153,10031290.866666667,16306395.230912182,3756186.502421153,10031290.866666667,16306395.230912182,3756186.502421153,10031290.866666667,16306395.230912182,3756186.502421153
748,10203560.433333334,16561206.132178087,3845914.7344885804,10203560.433333334,16561206.132178087,3845914.7344885804,10203560.433333334,16561206.132178087,3845914.7344885804,10203560.433333334,16561206.132178087,3845914.7344885804,10203560.433333334,16561206.132178087,3845914.7344885804,10203560.433333334,16561206.132178087,3845914.7344885804
749,10039493.133333333,16281079.975361187,3797906.2913054777,10039493.133333333,16281079.975361187,3797906.2913054777,10039493.133333333,16281079.975361187,3797906.2913054777,10039493.133333333,16281079.975361187,3797906.2913054777,10039493.133333333,16281079.975361187,3797906.2913054777,10039493.133333333,16281079.975361187,3797906.2913054777
750,10232458.566666666,16598421.077356625,3866496.0559767084,10232458.566666666,16598421.077356625,3866496.0559767084,10232458.566666666,16598421.077356625,3866496.0559767084,10232458.566666666,16598421.077356625,3866496.0559767084,10232458.566666666,16598421.077356625,3866496.0559767084,10232458.566666666,16598421.077356625,3866496.0559767084
751,8699604.033333333,13881481.171027888,3517726.8956387797,8699604.033333333,13881481.171027888,3517726.8956387797,8699604.033333333,13881481.171027888,3517726.8956387797,8699604.033333333,13881481.171027888,3517726.8956387797,8699604.033333333,13881481.171027888,3517726.8956387797,8699604.033333333,13881481.171027888,3517726.8956387797
752,9720939.3,15739641.349798243,3702237.250201757,9720939.3,15739641.349798243,3702237.250201757,9720939.3,15739641.349798243,3702237.250201757,9720939.3,15739641.349798243,3702237.250201757,9720939.3,15739641.349798243,3702237.250201757,9720939.3,15739641.349798243,3702237.250201757
753,9467203.333333334,15471625.037301464,3462781.629365204,9467203.333333334,15471625.037301464,3462781.629365204,9467203.333333334,15471625.037301464,3462781.629365204,9467203.333333334,15471625.037301464,3462781.629365204,9467203.333333334,15471625.037301464,3462781.629365204,9467203.333333334,15471625.037301464,3462781.629365204
754,9657716.6,15614001.075779025,3701432.1242209747,9657716.6,15614001.075779025,3701432.1242209747,9657716.6,15614001.075779025,3701432.1242209747,9657716.6,15614001.075779025,3701432.1242209747,9657716.6,15614001.075779025,3701432.1242209747,9657716.6,15614001.075779025,3701432.1242209747
755,10020302.1,16793374.8784515,3247229.321548499,10020302.1,16793374.8784515,3247229.321548499,10020302.1,16793374.8784515,3247229.321548499,10020302.1,16793374.8784515,3247229.321548499,10020302.1,16793374.8784515,3247229.321548499,10020302.1,16793374.8784515,3247229.321548499
756,10183773.066666666,17048291.876101587,3319254.257231746,10183773.066666666,17048291.876101587,3319254.257231746,10183773.066666666,17048291.876101587,3319254.257231746,10183773.066666666,17048291.876101587,3319254.257231746,10183773.066666666,17048291.876101587,3319254.257231746,10183773.066666666,17048291.876101587,3319254.257231746
757,8657597.466666667,13722210.856513122,3592984.0768202115,8657597.466666667,13722210.856513122,3592984.0768202115,8657597.466666667,13722210.856513122,3592984.0768202115,8657597.466666667,13722210.856513122,3592984.0768202115,8657597.466666667,13722210.856513122,3592984.0768202115,8657597.466666667,13722210.856513122,3592984.0768202115
758,9058266.366666667,14231238.57447517,3885294.158858166,9058266.366666667,14231238.57447517,3885294.158858166,9058266.366666667,14231238.57447517,3885294.158858166,9058266.366666667,14231238.57447517,3885294.158858166,9058266.366666667,14231238.57447517,3885294.158858166,9058266.366666667,14231238.57447517,3885294.158858166
759,9637392.7,15350797.798369147,3923987.6016308507,9637392.7,15350797.798369147,3923987.6016308507,9637392.7,15350797.798369147,3923987.6016308507,9637392.7,15350797.798369147,3923987.6016308507,9637392.7,15350797.798369147,3923987.6016308507,9637392.7,15350797.798369147,3923987.6016308507
760,9148466.466666667,14920143.069264185,3376789.864069149,9148466.466666667,14920143.069264185,3376789.864069149,9148466.466666667,14920143.069264185,3376789.864069149,9148466.466666667,14920143.069264185,3376789.864069149,9148466.466666667,14920143.069264185,3376789.864069149,9148466.466666667,14920143.069264185,3376789.864069149
761,9583834.866666667,15473718.180853767,3693951.552479567,9583834.866666667,15473718.180853767,3693951.552479567,9583834.866666667,15473718.180853767,3693951.552479567,9583834.866666667,15473718.180853767,3693951.552479567,9583834.866666667,15473718.180853767,3693951.552479567,9583834.866666667,15473718.180853767,3693951.552479567
762,9378403.2,15008029.776809618,3748776.6231903797,9378403.2,15008029.776809618,3748776.6231903797,9378403.2,15008029.776809618,3748776.6231903797,9378403.2,15008029.776809618,3748776.6231903797,9378403.2,15008029.776809618,3748776.6231903797,9378403.2,15008029.776809618,3748776.6231903797
763,9274363.8,14679646.123108342,3869081.47689166,9274363.8,14679646.123108342,3869081.47689166,9274363.8,14679646.123108342,3869081.47689166,9274363.8,14679646.123108342,3869081.47689166,9274363.8,14679646.123108342,3869081.47689166,9274363.8,14679646.123108342,3869081.47689166
764,10802690.933333334,17339285.439090528,4266096.427576141,10802690.933333334,17339285.439090528,4266096.427576141,10802690.933333334,17339285.439090528,4266096.427576141,10802690.933333334,17339285.439090528,4266096.427576141,10802690.933333334,17339285.439090528,4266096.427576141,10802690.933333334,17339285.439090528,4266096.427576141
765,10790380.1,17107742.12681728,4473018.07318272,10790380.1,17107742.12681728,4473018.07318272,10790380.1,17107742.12681728,4473018.07318272,10790380.1,17107742.12681728,4473018.07318272,10790380.1,17107742.12681728,4473018.07318272,10790380.1,17107742.12681728,4473018.07318272
766,11644472.933333334,18925622.249532558,4363323.617134108,11644472.933333334,18925622.249532558,4363323.617134108,11644472.933333334,18925622.249532558,4363323.617134108,11644472.933333334,18925622.249532558,4363323.617134108,11644472.933333334,18925622.249532558,4363323.617134108,11644472.933333334,18925622.249532558,4363323.617134108
767,10587815.033333333,16944883.71522215,4230746.351444517,10587815.033333333,16944883.71522215,4230746.351444517,10587815.033333333,16944883.71522215,4230746.351444517,10587815.033333333,16944883.71522215,4230746.351444517,10587815.033333333,16944883.71522215,4230746.351444517,10587815.033333333,16944883.71522215,4230746.351444517
768,8455351.433333334,13508528.554557558,3402174.312109108,8455351.433333334,13508528.554557558,3402174.312109108,8455351.433333334,13508528.554557558,3402174.312109108,8455351.433333334,13508528.554557558,3402174.312109108,8455351.433333334,13508528.554557558,3402174.312109108,8455351.433333334,13508528.554557558,3402174.312109108
769,8026940.166666667,12711607.779335119,3342272.553998216,8026940.166666667,12711607.779335119,3342272.553998216,8026940.166666667,12711607.779335119,3342272.553998216,8026940.166666667,12711607.779335119,3342272.553998216,8026940.166666667,12711607.779335119,3342272.553998216,8026940.166666667,12711607.779335119,3342272.553998216
770,7322751.6,11717110.330971394,2928392.8690286065,7322751.6,11717110.330971394,2928392.8690286065,7322751.6,11717110.330971394,2928392.8690286065,7322751.6,11717110.330971394,2928392.8690286065,7322751.6,11717110.330971394,2928392.8690286065,7322751.6,11717110.330971394,2928392.8690286065
771,8958755.733333332,14756301.931515113,3161209.5351515533,8958755.733333332,14756301.931515113,3161209.5351515533,8958755.733333332,14756301.931515113,3161209.5351515533,8958755.733333332,14756301.931515113,3161209.5351515533,8958755.733333332,14756301.931515113,3161209.5351515533,8958755.733333332,14756301.931515113,3161209.5351515533
772,8790350.2,14181026.009419026,3399674.3905809727,8790350.2,14181026.009419026,3399674.3905809727,8790350.2,14181026.009419026,3399674.3905809727,8790350.2,14181026.009419026,3399674.3905809727,8790350.2,14181026.009419026,3399674.3905809727,8790350.2,14181026.009419026,3399674.3905809727
773,10183320.6,16276967.175412975,4089674.024587024,10183320.6,16276967.175412975,4089674.024587024,10183320.6,16276967.175412975,4089674.024587024,10183320.6,16276967.175412975,4089674.024587024,10183320.6,16276967.175412975,4089674.024587024,10183320.6,16276967.175412975,4089674.024587024
774,9280512.366666667,14581581.948566508,3979442.784766826,9280512.366666667,14581581.948566508,3979442.784766826,9280512.366666667,14581581.948566508,3979442.784766826,9280512.366666667,14581581.948566508,3979442.784766826,9280512.366666667,14581581.948566508,3979442.784766826,9280512.366666667,14581581.948566508,3979442.784766826
775,9935955.9,15938625.085260522,3933286.714739478,9935955.9,15938625.085260522,3933286.714739478,9935955.9,15938625.085260522,3933286.714739478,9935955.9,15938625.085260522,3933286.714739478,9935955.9,15938625.085260522,3933286.714739478,9935955.9,15938625.085260522,3933286.714739478
776,10247346.533333333,16307107.488403192,4187585.5782634746,10247346.533333333,16307107.488403192,4187585.5782634746,10247346.533333333,16307107.488403192,4187585.5782634746,10247346.533333333,16307107.488403192,4187585.5782634746,10247346.533333333,16307107.488403192,4187585.5782634746,10247346.533333333,16307107.488403192,4187585.5782634746
777,8709307.033333333,14098977.18504151,3319636.881625158,8709307.033333333,14098977.18504151,3319636.881625158,8709307.033333333,14098977.18504151,3319636.881625158,8709307.033333333,14098977.18504151,3319636.881625158,8709307.033333333,14098977.18504151,3319636.881625158,8709307.033333333,14098977.18504151,3319636.881625158
778,9856775.066666666,16362908.624040168,3350641.509293165,9856775.066666666,16362908.624040168,3350641.509293165,9856775.066666666,16362908.624040168,3350641.509293165,9856775.066666666,16362908.624040168,3350641.509293165,9856775.066666666,16362908.624040168,3350641.509293165,9856775.066666666,16362908.624040168,3350641.509293165
779,11098135.066666666,18429273.02702111,3766997.106312223,11098135.066666666,18429273.02702111,3766997.106312223,11098135.066666666,18429273.02702111,3766997.106312223,11098135.066666666,18429273.02702111,3766997.106312223,11098135.066666666,18429273.02702111,3766997.106312223,11098135.066666666,18429273.02702111,3766997.106312223
780,10662630.166666666,17350700.398202337,3974559.9351309948,10662630.166666666,17350700.398202337,3974559.9351309948,10662630.166666666,17350700.398202337,3974559.9351309948,10662630.166666666,17350700.398202337,3974559.9351309948,10662630.166666666,17350700.398202337,3974559.9351309948,10662630.166666666,17350700.398202337,3974559.9351309948
781,10204419.333333334,16616252.41844475,3792586.248221917,10204419.333333334,16616252.41844475,3792586.248221917,10204419.333333334,16616252.41844475,3792586.248221917,10204419.333333334,16616252.41844475,3792586.248221917,10204419.333333334,16616252.41844475,3792586.248221917,10204419.333333334,16616252.41844475,3792586.248221917
782,9712799.766666668,15922576.770372435,3503022.7629608996,9712799.766666668,15922576.770372435,3503022.7629608996,9712799.766666668,15922576.770372435,3503022.7629608996,9712799.766666668,15922576.770372435,3503022.7629608996,9712799.766666668,15922576.770372435,3503022.7629608996,9712799.766666668,15922576.770372435,3503022.7629608996
783,9887001.8,15527056.290264241,4246947.309735761,9887001.8,15527056.290264241,4246947.309735761,9887001.8,15527056.290264241,4246947.309735761,9887001.8,15527056.290264241,4246947.309735761,9887001.8,15527056.290264241,4246947.309735761,9887001.8,15527056.290264241,4246947.309735761
784,11169600.033333333,17565149.161213126,4774050.905453539,11169600.033333333,17565149.161213126,4774050.905453539,11169600.033333333,17565149.161213126,4774050.905453539,11169600.033333333,17565149.161213126,4774050.905453539,11169600.033333333,17565149.161213126,4774050.905453539,11169600.033333333,17565149.161213126,4774050.905453539
785,11985278.166666666,18762040.034254946,5208516.299078385,11985278.166666666,18762040.034254946,5208516.299078385,11985278.166666666,18762040.034254946,5208516.299078385,11985278.166666666,18762040.034254946,5208516.299078385,11985278.166666666,18762040.034254946,5208516.299078385,11985278.166666666,18762040.034254946,5208516.299078385
786,12717384.3,20044576.457066685,5390192.142933317,12717384.3,20044576.457066685,5390192.142933317,12717384.3,20044576.457066685,5390192.142933317,12717384.3,20044576.457066685,5390192.142933317,12717384.3,20044576.457066685,5390192.142933317,12717384.3,20044576.457066685,5390192.142933317
787,11572515.8,18224019.443899874,4921012.156100128,11572515.8,18224019.443899874,4921012.156100128,11572515.8,18224019.443899874,4921012.156100128,11572515.8,18224019.443899874,4921012.156100128,11572515.8,18224019.443899874,4921012.156100128,11572515.8,18224019.443899874,4921012.156100128
788,11533125.333333334,18220019.411674872,4846231.254991798,11533125.333333334,18220019.411674872,4846231.254991798,11533125.333333334,18220019.411674872,4846231.254991798,11533125.333333334,18220019.411674872,4846231.254991798,11533125.333333334,18220019.411674872,4846231.254991798,11533125.333333334,18220019.411674872,4846231.254991798
789,11544433.333333334,18182614.19166177,4906252.4750048965,11544433.333333334,18182614.19166177,4906252.4750048965,11544433.333333334,18182614.19166177,4906252.4750048965,11544433.333333334,18182614.19166177,4906252.4750048965,11544433.333333334,18182614.19166177,4906252.4750048965,11544433.333333334,18182614.19166177,4906252.4750048965
790,12103690.933333334,19200979.842143767,5006402.024522899,12103690.933333334,19200979.842143767,5006402.024522899,12103690.933333334,19200979.842143767,5006402.024522899,12103690.933333334,19200979.842143767,5006402.024522899,12103690.933333334,19200979.842143767,5006402.024522899,12103690.933333334,19200979.842143767,5006402.024522899
791,11398718.3,17861013.290981628,4936423.309018374,11398718.3,17861013.290981628,4936423.309018374,11398718.3,17861013.290981628,4936423.309018374,11398718.3,17861013.290981628,4936423.309018374,11398718.3,17861013.290981628,4936423.309018374,11398718.3,17861013.290981628,4936423.309018374
792,11547064.833333334,17926012.251557227,5168117.41510944,11547064.833333334,17926012.251557227,5168117.41510944,11547064.833333334,17926012.251557227,5168117.41510944,11547064.833333334,17926012.251557227,5168117.41510944,11547064.833333334,17926012.251557227,5168117.41510944,11547064.833333334,17926012.251557227,5168117.41510944
793,10878426.233333332,16755071.519575734,5001780.94709093,10878426.233333332,16755071.519575734,5001780.94709093,10878426.233333332,16755071.519575734,5001780.94709093,10878426.233333332,16755071.519575734,5001780.94709093,10878426.233333332,16755071.519575734,5001780.94709093,10878426.233333332,16755071.519575734,5001780.94709093
794,11325724.7,17679097.797317527,4972351.602682471,11325724.7,17679097.797317527,4972351.602682471,11325724.7,17679097.797317527,4972351.602682471,11325724.7,17679097.797317527,4972351.602682471,11325724.7,17679097.797317527,4972351.602682471,11325724.7,17679097.797317527,4972351.602682471
795,11539927.6,18055813.378943868,5024041.821056131,11539927.6,18055813.378943868,5024041.821056131,11539927.6,18055813.378943868,5024041.821056131,11539927.6,18055813.378943868,5024041.821056131,11539927.6,18055813.378943868,5024041.821056131,11539927.6,18055813.378943868,5024041.821056131
796,12634416.3,19842860.83174471,5425971.76825529,12634416.3,19842860.83174471,5425971.76825529,12634416.3,19842860.83174471,5425971.76825529,12634416.3,19842860.83174471,5425971.76825529,12634416.3,19842860.83174471,5425971.76825529,12634416.3,19842860.83174471,5425971.76825529
797,11518803.866666667,18500983.557733938,4536624.175599395,11518803.866666667,18500983.557733938,4536624.175599395,11518803.866666667,18500983.557733938,4536624.175599395,11518803.866666667,18500983.557733938,4536624.175599395,11518803.866666667,18500983.557733938,4536624.175599395,11518803.866666667,18500983.557733938,4536624.175599395
798,10517287.266666668,16915548.99044667,4119025.542886665,10517287.266666668,16915548.99044667,4119025.542886665,10517287.266666668,16915548.99044667,4119025.542886665,10517287.266666668,16915548.99044667,4119025.542886665,10517287.266666668,16915548.99044667,4119025.542886665,10517287.266666668,16915548.99044667,4119025.542886665
799,10296766.8,16607977.348167399,3985556.2518326025,10296766.8,16607977.348167399,3985556.2518326025,10296766.8,16607977.348167399,3985556.2518326025,10296766.8,16607977.348167399,3985556.2518326025,10296766.8,16607977.348167399,3985556.2518326025,10296766.8,16607977.348167399,3985556.2518326025
800,10249337.4,16474222.986510169,4024451.813489831,10249337.4,16474222.986510169,4024451.813489831,10249337.4,16474222.986510169,4024451.813489831,10249337.4,16474222.986510169,4024451.813489831,10249337.4,16474222.986510169,4024451.813489831,10249337.4,16474222.986510169,4024451.813489831
801,9460891.0,15375336.161995888,3546445.8380041122,9460891.0,15375336.161995888,3546445.8380041122,9460891.0,15375336.161995888,3546445.8380041122,9460891.0,15375336.161995888,3546445.8380041122,9460891.0,15375336.161995888,3546445.8380041122,9460891.0,15375336.161995888,3546445.8380041122
802,9875996.5,15978803.987816354,3773189.0121836457,9875996.5,15978803.987816354,3773189.0121836457,9875996.5,15978803.987816354,3773189.0121836457,9875996.5,15978803.987816354,3773189.0121836457,9875996.5,15978803.987816354,3773189.0121836457,9875996.5,15978803.987816354,3773189.0121836457
803,10177168.433333334,16521695.47319974,3832641.393466928,10177168.433333334,16521695.47319974,3832641.393466928,10177168.433333334,16521695.47319974,3832641.393466928,10177168.433333334,16521695.47319974,3832641.393466928,10177168.433333334,16521695.47319974,3832641.393466928,10177168.433333334,16521695.47319974,3832641.393466928
804,9453129.366666667,15370849.790514272,3535408.9428190617,9453129.366666667,15370849.790514272,3535408.9428190617,9453129.366666667,15370849.790514272,3535408.9428190617,9453129.366666667,15370849.790514272,3535408.9428190617,9453129.366666667,15370849.790514272,3535408.9428190617,9453129.366666667,15370849.790514272,3535408.9428190617
805,10147562.9,16384215.312016798,3910910.4879832026,10147562.9,16384215.312016798,3910910.4879832026,10147562.9,16384215.312016798,3910910.4879832026,10147562.9,16384215.312016798,3910910.4879832026,10147562.9,16384215.312016798,3910910.4879832026,10147562.9,16384215.312016798,3910910.4879832026
806,10187862.666666666,16647808.785693463,3727916.54763987,10187862.666666666,16647808.785693463,3727916.54763987,10187862.666666666,16647808.785693463,3727916.54763987,10187862.666666666,16647808.785693463,3727916.54763987,10187862.666666666,16647808.785693463,3727916.54763987,10187862.666666666,16647808.785693463,3727916.54763987
807,9813372.2,15919753.831181169,3706990.568818831,9813372.2,15919753.831181169,3706990.568818831,9813372.2,15919753.831181169,3706990.568818831,9813372.2,15919753.831181169,3706990.568818831,9813372.2,15919753.831181169,3706990.568818831,9813372.2,15919753.831181169,3706990.568818831
808,9159580.333333334,14912680.599912334,3406480.0667543327,9159580.333333334,14912680.599912334,3406480.0667543327,9159580.333333334,14912680.599912334,3406480.0667543327,9159580.333333334,14912680.599912334,3406480.0667543327,9159580.333333334,14912680.599912334,3406480.0667543327,9159580.333333334,14912680.599912334,3406480.0667543327
809,9734268.0,16033010.720294071,3435525.2797059286,9734268.0,16033010.720294071,3435525.2797059286,9734268.0,16033010.720294071,3435525.2797059286,9734268.0,16033010.720294071,3435525.2797059286,9734268.0,16033010.720294071,3435525.2797059286,9734268.0,16033010.720294071,3435525.2797059286
810,8312913.566666666,13600638.828073367,3025188.3052599654,8312913.566666666,13600638.828073367,3025188.3052599654,8312913.566666666,13600638.828073367,3025188.3052599654,8312913.566666666,13600638.828073367,3025188.3052599654,8312913.566666666,13600638.828073367,3025188.3052599654,8312913.566666666,13600638.828073367,3025188.3052599654
811,7674458.633333334,12715913.439416857,2633003.82724981,7674458.633333334,12715913.439416857,2633003.82724981,7674458.633333334,12715913.439416857,2633003.82724981,7674458.633333334,12715913.439416857,2633003.82724981,7674458.633333334,12715913.439416857,2633003.82724981,7674458.633333334,12715913.439416857,2633003.82724981
812,7530514.866666666,12512448.396058634,2548581.3372746995,7530514.866666666,12512448.396058634,2548581.3372746995,7530514.866666666,12512448.396058634,2548581.3372746995,7530514.866666666,12512448.396058634,2548581.3372746995,7530514.866666666,12512448.396058634,2548581.3372746995,7530514.866666666,12512448.396058634,2548581.3372746995
813,7610240.333333333,12653836.73292163,2566643.933745037,7610240.333333333,12653836.73292163,2566643.933745037,7610240.333333333,12653836.73292163,2566643.933745037,7610240.333333333,12653836.73292163,2566643.933745037,7610240.333333333,12653836.73292163,2566643.933745037,7610240.333333333,12653836.73292163,2566643.933745037
814,8122430.733333333,13306136.601926526,2938724.8647401407,8122430.733333333,13306136.601926526,2938724.8647401407,8122430.733333333,13306136.601926526,2938724.8647401407,8122430.733333333,13306136.601926526,2938724.8647401407,8122430.733333333,13306136.601926526,2938724.8647401407,8122430.733333333,13306136.601926526,2938724.8647401407
815,8390198.966666667,14151002.732646495,2629395.2006868375,8390198.966666667,14151002.732646495,2629395.2006868375,8390198.966666667,14151002.732646495,2629395.2006868375,8390198.966666667,14151002.732646495,2629395.2006868375,8390198.966666667,14151002.732646495,2629395.2006868375,8390198.966666667,14151002.732646495,2629395.2006868375
816,10085868.966666667,17220717.56963889,2951020.363694445,10085868.966666667,17220717.56963889,2951020.363694445,10085868.966666667,17220717.56963889,2951020.363694445,10085868.966666667,17220717.56963889,2951020.363694445,10085868.966666667,17220717.56963889,2951020.363694445,10085868.966666667,17220717.56963889,2951020.363694445
817,10201287.133333333,17314788.236596126,3087786.0300705405,10201287.133333333,17314788.236596126,3087786.0300705405,10201287.133333333,17314788.236596126,3087786.0300705405,10201287.133333333,17314788.236596126,3087786.0300705405,10201287.133333333,17314788.236596126,3087786.0300705405,10201287.133333333,17314788.236596126,3087786.0300705405
818,8997524.866666667,15667953.928234987,2327095.8050983483,8997524.866666667,15667953.928234987,2327095.8050983483,8997524.866666667,15667953.928234987,2327095.8050983483,8997524.866666667,15667953.928234987,2327095.8050983483,8997524.866666667,15667953.928234987,2327095.8050983483,8997524.866666667,15667953.928234987,2327095.8050983483
819,9718940.666666666,16577214.290954173,2860667.0423791604,9718940.666666666,16577214.290954173,2860667.0423791604,9718940.666666666,16577214.290954173,2860667.0423791604,9718940.666666666,16577214.290954173,2860667.0423791604,9718940.666666666,16577214.290954173,2860667.0423791604,9718940.666666666,16577214.290954173,2860667.0423791604
820,10180911.6,17284549.493714128,3077273.7062858706,10180911.6,17284549.493714128,3077273.7062858706,10180911.6,17284549.493714128,3077273.7062858706,10180911.6,17284549.493714128,3077273.7062858706,10180911.6,17284549.493714128,3077273.7062858706,10180911.6,17284549.493714128,3077273.7062858706
821,9361194.7,16155691.130901469,2566698.2690985296,9361194.7,16155691.130901469,2566698.2690985296,9361194.7,16155691.130901469,2566698.2690985296,9361194.7,16155691.130901469,2566698.2690985296,9361194.7,16155691.130901469,2566698.2690985296,9361194.7,16155691.130901469,2566698.2690985296
822,9049400.1,15233942.365339391,2864857.8346606083,9049400.1,15233942.365339391,2864857.8346606083,9049400.1,15233942.365339391,2864857.8346606083,9049400.1,15233942.365339391,2864857.8346606083,9049400.1,15233942.365339391,2864857.8346606083,9049400.1,15233942.365339391,2864857.8346606083
823,8642089.166666666,14591687.453479473,2692490.8798538595,8642089.166666666,14591687.453479473,2692490.8798538595,8642089.166666666,14591687.453479473,2692490.8798538595,8642089.166666666,14591687.453479473,2692490.8798538595,8642089.166666666,14591687.453479473,2692490.8798538595,8642089.166666666,14591687.453479473,2692490.8798538595
824,8353821.933333334,14252526.915491935,2455116.951174733,8353821.933333334,14252526.915491935,2455116.951174733,8353821.933333334,14252526.915491935,2455116.951174733,8353821.933333334,14252526.915491935,2455116.951174733,8353821.933333334,14252526.915491935,2455116.951174733,8353821.933333334,14252526.915491935,2455116.951174733
825,8362646.8,14274329.76926381,2450963.83073619,8362646.8,14274329.76926381,2450963.83073619,8362646.8,14274329.76926381,2450963.83073619,8362646.8,14274329.76926381,2450963.83073619,8362646.8,14274329.76926381,2450963.83073619,8362646.8,14274329.76926381,2450963.83073619
826,9044342.566666666,15127459.948775792,2961225.1845575403,9044342.566666666,15127459.948775792,2961225.1845575403,9044342.566666666,15127459.948775792,2961225.1845575403,9044342.566666666,15127459.948775792,2961225.1845575403,9044342.566666666,15127459.948775792,2961225.1845575403,9044342.566666666,15127459.948775792,2961225.1845575403
827,8416203.033333333,14415184.159211118,2417221.9074555486,8416203.033333333,14415184.159211118,2417221.9074555486,8416203.033333333,14415184.159211118,2417221.9074555486,8416203.033333333,14415184.159211118,2417221.9074555486,8416203.033333333,14415184.159211118,2417221.9074555486,8416203.033333333,14415184.159211118,2417221.9074555486
828,8908780.766666668,14945349.581778368,2872211.951554967,8908780.766666668,14945349.581778368,2872211.951554967,8908780.766666668,14945349.581778368,2872211.951554967,8908780.766666668,14945349.581778368,2872211.951554967,8908780.766666668,14945349.581778368,2872211.951554967,8908780.766666668,14945349.581778368,2872211.951554967
829,8857972.933333334,14857512.586261574,2858433.280405093,8857972.933333334,14857512.586261574,2858433.280405093,8857972.933333334,14857512.586261574,2858433.280405093,8857972.933333334,14857512.586261574,2858433.280405093,8857972.933333334,14857512.586261574,2858433.280405093,8857972.933333334,14857512.586261574,2858433.280405093
830,8750621.166666666,14784018.221430756,2717224.111902575,8750621.166666666,14784018.221430756,2717224.111902575,8750621.166666666,14784018.221430756,2717224.111902575,8750621.166666666,14784018.221430756,2717224.111902575,8750621.166666666,14784018.221430756,2717224.111902575,8750621.166666666,14784018.221430756,2717224.111902575
831,8439239.666666666,14337900.78302792,2540578.5503054103,8439239.666666666,14337900.78302792,2540578.5503054103,8439239.666666666,14337900.78302792,2540578.5503054103,8439239.666666666,14337900.78302792,2540578.5503054103,8439239.666666666,14337900.78302792,2540578.5503054103,8439239.666666666,14337900.78302792,2540578.5503054103
832,9608659.4,15920107.585019827,3297211.214980173,9608659.4,15920107.585019827,3297211.214980173,9608659.4,15920107.585019827,3297211.214980173,9608659.4,15920107.585019827,3297211.214980173,9608659.4,15920107.585019827,3297211.214980173,9608659.4,15920107.585019827,3297211.214980173
833,8009679.766666667,13374649.783598525,2644709.7497348078,8009679.766666667,13374649.783598525,2644709.7497348078,8009679.766666667,13374649.783598525,2644709.7497348078,8009679.766666667,13374649.783598525,2644709.7497348078,8009679.766666667,13374649.783598525,2644709.7497348078,8009679.766666667,13374649.783598525,2644709.7497348078
834,7879984.933333334,13168607.77818328,2591362.0884833876,7879984.933333334,13168607.77818328,2591362.0884833876,7879984.933333334,13168607.77818328,2591362.0884833876,7879984.933333334,13168607.77818328,2591362.0884833876,7879984.933333334,13168607.77818328,2591362.0884833876,7879984.933333334,13168607.77818328,2591362.0884833876
835,8688505.233333332,14206572.83749658,3170437.6291700844,8688505.233333332,14206572.83749658,3170437.6291700844,8688505.233333332,14206572.83749658,3170437.6291700844,8688505.233333332,14206572.83749658,3170437.6291700844,8688505.233333332,14206572.83749658,3170437.6291700844,8688505.233333332,14206572.83749658,3170437.6291700844
836,8140856.766666667,13398318.364750978,2883395.1685823565,8140856.766666667,13398318.364750978,2883395.1685823565,8140856.766666667,13398318.364750978,2883395.1685823565,8140856.766666667,13398318.364750978,2883395.1685823565,8140856.766666667,13398318.364750978,2883395.1685823565,8140856.766666667,13398318.364750978,2883395.1685823565
837,7989731.033333333,13237694.791678227,2741767.274988438,7989731.033333333,13237694.791678227,2741767.274988438,7989731.033333333,13237694.791678227,2741767.274988438,7989731.033333333,13237694.791678227,2741767.274988438,7989731.033333333,13237694.791678227,2741767.274988438,7989731.033333333,13237694.791678227,2741767.274988438
838,9000866.366666667,14996289.361872233,3005443.371461102,9000866.366666667,14996289.361872233,3005443.371461102,9000866.366666667,14996289.361872233,3005443.371461102,9000866.366666667,14996289.361872233,3005443.371461102,9000866.366666667,14996289.361872233,3005443.371461102,9000866.366666667,14996289.361872233,3005443.371461102
839,9472207.233333332,15498409.45376936,3446005.012897305,9472207.233333332,15498409.45376936,3446005.012897305,9472207.233333332,15498409.45376936,3446005.012897305,9472207.233333332,15498409.45376936,3446005.012897305,9472207.233333332,15498409.45376936,3446005.012897305,9472207.233333332,15498409.45376936,3446005.012897305
840,9367871.9,15431361.374266207,3304382.4257337945,9367871.9,15431361.374266207,3304382.4257337945,9367871.9,15431361.374266207,3304382.4257337945,9367871.9,15431361.374266207,3304382.4257337945,9367871.9,15431361.374266207,3304382.4257337945,9367871.9,15431361.374266207,3304382.4257337945
841,8059089.566666666,13362160.627147086,2756018.506186248,8059089.566666666,13362160.627147086,2756018.506186248,8059089.566666666,13362160.627147086,2756018.506186248,8059089.566666666,13362160.627147086,2756018.506186248,8059089.566666666,13362160.627147086,2756018.506186248,8059089.566666666,13362160.627147086,2756018.506186248
842,8598841.066666666,14484218.077069655,2713464.056263677,8598841.066666666,14484218.077069655,2713464.056263677,8598841.066666666,14484218.077069655,2713464.056263677,8598841.066666666,14484218.077069655,2713464.056263677,8598841.066666666,14484218.077069655,2713464.056263677,8598841.066666666,14484218.077069655,2713464.056263677
843,8416096.533333333,14246199.888798501,2585993.177868164,8416096.533333333,14246199.888798501,2585993.177868164,8416096.533333333,14246199.888798501,2585993.177868164,8416096.533333333,14246199.888798501,2585993.177868164,8416096.533333333,14246199.888798501,2585993.177868164,8416096.533333333,14246199.888798501,2585993.177868164
844,9361177.866666667,15391305.25662838,3331050.476704956,9361177.866666667,15391305.25662838,3331050.476704956,9361177.866666667,15391305.25662838,3331050.476704956,9361177.866666667,15391305.25662838,3331050.476704956,9361177.866666667,15391305.25662838,3331050.476704956,9361177.866666667,15391305.25662838,3331050.476704956
845,8346908.533333333,13475654.984006014,3218162.0826606518,8346908.533333333,13475654.984006014,3218162.0826606518,8346908.533333333,13475654.984006014,3218162.0826606518,8346908.533333333,13475654.984006014,3218162.0826606518,8346908.533333333,13475654.984006014,3218162.0826606518,8346908.533333333,13475654.984006014,3218162.0826606518
846,9097526.433333334,14983207.715765735,3211845.150900932,9097526.433333334,14983207.715765735,3211845.150900932,9097526.433333334,14983207.715765735,3211845.150900932,9097526.433333334,14983207.715765735,3211845.150900932,9097526.433333334,14983207.715765735,3211845.150900932,9097526.433333334,14983207.715765735,3211845.150900932
847,8383950.233333333,13438348.929542657,3329551.5371240107,8383950.233333333,13438348.929542657,3329551.5371240107,8383950.233333333,13438348.929542657,3329551.5371240107,8383950.233333333,13438348.929542657,3329551.5371240107,8383950.233333333,13438348.929542657,3329551.5371240107,8383950.233333333,13438348.929542657,3329551.5371240107
848,8780053.8,13983378.878114756,3576728.7218852453,8780053.8,13983378.878114756,3576728.7218852453,8780053.8,13983378.878114756,3576728.7218852453,8780053.8,13983378.878114756,3576728.7218852453,8780053.8,13983378.878114756,3576728.7218852453,8780053.8,13983378.878114756,3576728.7218852453
849,9411083.2,15479675.01417096,3342491.385829039,9411083.2,15479675.01417096,3342491.385829039,9411083.2,15479675.01417096,3342491.385829039,9411083.2,15479675.01417096,3342491.385829039,9411083.2,15479675.01417096,3342491.385829039,9411083.2,15479675.01417096,3342491.385829039
850,10407432.366666667,17493685.22824985,3321179.5050834827,10407432.366666667,17493685.22824985,3321179.5050834827,10407432.366666667,17493685.22824985,3321179.5050834827,10407432.366666667,17493685.22824985,3321179.5050834827,10407432.366666667,17493685.22824985,3321179.5050834827,10407432.366666667,17493685.22824985,3321179.5050834827
851,10220840.666666666,17144232.28244046,3297449.0508928727,10220840.666666666,17144232.28244046,3297449.0508928727,10220840.666666666,17144232.28244046,3297449.0508928727,10220840.666666666,17144232.28244046,3297449.0508928727,10220840.666666666,17144232.28244046,3297449.0508928727,10220840.666666666,17144232.28244046,3297449.0508928727
852,11627272.0,19549872.226495117,3704671.773504884,11627272.0,19549872.226495117,3704671.773504884,11627272.0,19549872.226495117,3704671.773504884,11627272.0,19549872.226495117,3704671.773504884,11627272.0,19549872.226495117,3704671.773504884,11627272.0,19549872.226495117,3704671.773504884
853,11612017.6,19531164.302775957,3692870.8972240407,11612017.6,19531164.302775957,3692870.8972240407,11612017.6,19531164.302775957,3692870.8972240407,11612017.6,19531164.302775957,3692870.8972240407,11612017.6,19531164.302775957,3692870.8972240407,11612017.6,19531164.302775957,3692870.8972240407
854,10072557.5,16847604.62702506,3297510.3729749387,10072557.5,16847604.62702506,3297510.3729749387,10072557.5,16847604.62702506,3297510.3729749387,10072557.5,16847604.62702506,3297510.3729749387,10072557.5,16847604.62702506,3297510.3729749387,10072557.5,16847604.62702506,3297510.3729749387
855,9703598.766666668,16647238.957212798,2759958.576120537,9703598.766666668,16647238.957212798,2759958.576120537,9703598.766666668,16647238.957212798,2759958.576120537,9703598.766666668,16647238.957212798,2759958.576120537,9703598.766666668,16647238.957212798,2759958.576120537,9703598.766666668,16647238.957212798,2759958.576120537
856,9516115.966666667,16432292.105040373,2599939.8282929603,9516115.966666667,16432292.105040373,2599939.8282929603,9516115.966666667,16432292.105040373,2599939.8282929603,9516115.966666667,16432292.105040373,2599939.8282929603,9516115.966666667,16432292.105040373,2599939.8282929603,9516115.966666667,16432292.105040373,2599939.8282929603
857,9214079.933333334,16091195.078629203,2336964.788037465,9214079.933333334,16091195.078629203,2336964.788037465,9214079.933333334,16091195.078629203,2336964.788037465,9214079.933333334,16091195.078629203,2336964.788037465,9214079.933333334,16091195.078629203,2336964.788037465,9214079.933333334,16091195.078629203,2336964.788037465
858,10081026.933333334,17157925.640971,3004128.225695665,10081026.933333334,17157925.640971,3004128.225695665,10081026.933333334,17157925.640971,3004128.225695665,10081026.933333334,17157925.640971,3004128.225695665,10081026.933333334,17157925.640971,3004128.225695665,10081026.933333334,17157925.640971,3004128.225695665
859,10011558.633333333,17093322.314978596,2929794.951688069,10011558.633333333,17093322.314978596,2929794.951688069,10011558.633333333,17093322.314978596,2929794.951688069,10011558.633333333,17093322.314978596,2929794.951688069,10011558.633333333,17093322.314978596,2929794.951688069,10011558.633333333,17093322.314978596,2929794.951688069
860,10401260.733333332,17475520.99226041,3327000.4744062554,10401260.733333332,17475520.99226041,3327000.4744062554,10401260.733333332,17475520.99226041,3327000.4744062554,10401260.733333332,17475520.99226041,3327000.4744062554,10401260.733333332,17475520.99226041,3327000.4744062554,10401260.733333332,17475520.99226041,3327000.4744062554
861,10114752.133333333,17132318.05640879,3097186.2102578776,10114752.133333333,17132318.05640879,3097186.2102578776,10114752.133333333,17132318.05640879,3097186.2102578776,10114752.133333333,17132318.05640879,3097186.2102578776,10114752.133333333,17132318.05640879,3097186.2102578776,10114752.133333333,17132318.05640879,3097186.2102578776
862,10364144.666666666,17446420.641158707,3281868.6921746265,10364144.666666666,17446420.641158707,3281868.6921746265,10364144.666666666,17446420.641158707,3281868.6921746265,10364144.666666666,17446420.641158707,3281868.6921746265,10364144.666666666,17446420.641158707,3281868.6921746265,10364144.666666666,17446420.641158707,3281868.6921746265
863,10094506.4,17147871.323959913,3041141.4760400886,10094506.4,17147871.323959913,3041141.4760400886,10094506.4,17147871.323959913,3041141.4760400886,10094506.4,17147871.323959913,3041141.4760400886,10094506.4,17147871.323959913,3041141.4760400886,10094506.4,17147871.323959913,3041141.4760400886
864,10561456.033333333,18516564.03630635,2606348.030360315,10561456.033333333,18516564.03630635,2606348.030360315,10561456.033333333,18516564.03630635,2606348.030360315,10561456.033333333,18516564.03630635,2606348.030360315,10561456.033333333,18516564.03630635,2606348.030360315,10561456.033333333,18516564.03630635,2606348.030360315
865,10754847.166666666,18785902.797246072,2723791.5360872606,10754847.166666666,18785902.797246072,2723791.5360872606,10754847.166666666,18785902.797246072,2723791.5360872606,10754847.166666666,18785902.797246072,2723791.5360872606,10754847.166666666,18785902.797246072,2723791.5360872606,10754847.166666666,18785902.797246072,2723791.5360872606
866,10941826.133333333,18954362.657738388,2929289.60892828,10941826.133333333,18954362.657738388,2929289.60892828,10941826.133333333,18954362.657738388,2929289.60892828,10941826.133333333,18954362.657738388,2929289.60892828,10941826.133333333,18954362.657738388,2929289.60892828,10941826.133333333,18954362.657738388,2929289.60892828
867,11474954.533333333,19534129.258095786,3415779.8085708804,11474954.533333333,19534129.258095786,3415779.8085708804,11474954.533333333,19534129.258095786,3415779.8085708804,11474954.533333333,19534129.258095786,3415779.8085708804,11474954.533333333,19534129.258095786,3415779.8085708804,11474954.533333333,19534129.258095786,3415779.8085708804
868,11535085.966666667,19600994.17304834,3469177.760284993,11535085.966666667,19600994.17304834,3469177.760284993,11535085.966666667,19600994.17304834,3469177.760284993,11535085.966666667,19600994.17304834,3469177.760284993,11535085.966666667,19600994.17304834,3469177.760284993,11535085.966666667,19600994.17304834,3469177.760284993
869,11674445.233333332,19780773.506799687,3568116.959866979,11674445.233333332,19780773.506799687,3568116.959866979,11674445.233333332,19780773.506799687,3568116.959866979,11674445.233333332,19780773.506799687,3568116.959866979,11674445.233333332,19780773.506799687,3568116.959866979,11674445.233333332,19780773.506799687,3568116.959866979
870,10750871.366666667,18535385.86351645,2966356.8698168853,10750871.366666667,18535385.86351645,2966356.8698168853,10750871.366666667,18535385.86351645,2966356.8698168853,10750871.366666667,18535385.86351645,2966356.8698168853,10750871.366666667,18535385.86351645,2966356.8698168853,10750871.366666667,18535385.86351645,2966356.8698168853
871,12073871.733333332,21350483.020658925,2797260.4460077416,12073871.733333332,21350483.020658925,2797260.4460077416,12073871.733333332,21350483.020658925,2797260.4460077416,12073871.733333332,21350483.020658925,2797260.4460077416,12073871.733333332,21350483.020658925,2797260.4460077416,12073871.733333332,21350483.020658925,2797260.4460077416
872,11599735.166666666,20912563.70690921,2286906.6264241245,11599735.166666666,20912563.70690921,2286906.6264241245,11599735.166666666,20912563.70690921,2286906.6264241245,11599735.166666666,20912563.70690921,2286906.6264241245,11599735.166666666,20912563.70690921,2286906.6264241245,11599735.166666666,20912563.70690921,2286906.6264241245
873,12904674.933333334,22540976.55849705,3268373.3081696164,12904674.933333334,22540976.55849705,3268373.3081696164,12904674.933333334,22540976.55849705,3268373.3081696164,12904674.933333334,22540976.55849705,3268373.3081696164,12904674.933333334,22540976.55849705,3268373.3081696164,12904674.933333334,22540976.55849705,3268373.3081696164
874,11938856.566666666,21393649.657623325,2484063.4757100083,11938856.566666666,21393649.657623325,2484063.4757100083,11938856.566666666,21393649.657623325,2484063.4757100083,11938856.566666666,21393649.657623325,2484063.4757100083,11938856.566666666,21393649.657623325,2484063.4757100083,11938856.566666666,21393649.657623325,2484063.4757100083
875,11027244.933333334,20187616.007367417,1866873.85929925,11027244.933333334,20187616.007367417,1866873.85929925,11027244.933333334,20187616.007367417,1866873.85929925,11027244.933333334,20187616.007367417,1866873.85929925,11027244.933333334,20187616.007367417,1866873.85929925,11027244.933333334,20187616.007367417,1866873.85929925
876,10228744.966666667,19186351.55354945,1271138.3797838837,10228744.966666667,19186351.55354945,1271138.3797838837,10228744.966666667,19186351.55354945,1271138.3797838837,10228744.966666667,19186351.55354945,1271138.3797838837,10228744.966666667,19186351.55354945,1271138.3797838837,10228744.966666667,19186351.55354945,1271138.3797838837
877,10031019.8,19049493.149011135,1012546.4509888664,10031019.8,19049493.149011135,1012546.4509888664,10031019.8,19049493.149011135,1012546.4509888664,10031019.8,19049493.149011135,1012546.4509888664,10031019.8,19049493.149011135,1012546.4509888664,10031019.8,19049493.149011135,1012546.4509888664
878,10572555.5,19735193.92244464,1409917.0775553603,10572555.5,19735193.92244464,1409917.0775553603,10572555.5,19735193.92244464,1409917.0775553603,10572555.5,19735193.92244464,1409917.0775553603,10572555.5,19735193.92244464,1409917.0775553603,10572555.5,19735193.92244464,1409917.0775553603
879,10746934.633333333,19891095.763286285,1602773.5033803787,10746934.633333333,19891095.763286285,1602773.5033803787,10746934.633333333,19891095.763286285,1602773.5033803787,10746934.633333333,19891095.763286285,1602773.5033803787,10746934.633333333,19891095.763286285,1602773.5033803787,10746934.633333333,19891095.763286285,1602773.5033803787
880,11223943.933333334,20307676.125259284,2140211.7414073832,11223943.933333334,20307676.125259284,2140211.7414073832,11223943.933333334,20307676.125259284,2140211.7414073832,11223943.933333334,20307676.125259284,2140211.7414073832,11223943.933333334,20307676.125259284,2140211.7414073832,11223943.933333334,20307676.125259284,2140211.7414073832
881,10850249.966666667,19021475.031150866,2679024.902182468,10850249.966666667,19021475.031150866,2679024.902182468,10850249.966666667,19021475.031150866,2679024.902182468,10850249.966666667,19021475.031150866,2679024.902182468,10850249.966666667,19021475.031150866,2679024.902182468,10850249.966666667,19021475.031150866,2679024.902182468
882,11053255.4,19350465.993141297,2756044.8068587044,11053255.4,19350465.993141297,2756044.8068587044,11053255.4,19350465.993141297,2756044.8068587044,11053255.4,19350465.993141297,2756044.8068587044,11053255.4,19350465.993141297,2756044.8068587044,11053255.4,19350465.993141297,2756044.8068587044
883,10464595.933333334,18497458.72796353,2431733.1387031376,10464595.933333334,18497458.72796353,2431733.1387031376,10464595.933333334,18497458.72796353,2431733.1387031376,10464595.933333334,18497458.72796353,2431733.1387031376,10464595.933333334,18497458.72796353,2431733.1387031376,10464595.933333334,18497458.72796353,2431733.1387031376
884,11460585.733333332,19912567.27397718,3008604.192689486,11460585.733333332,19912567.27397718,3008604.192689486,11460585.733333332,19912567.27397718,3008604.192689486,11460585.733333332,19912567.27397718,3008604.192689486,11460585.733333332,19912567.27397718,3008604.192689486,11460585.733333332,19912567.27397718,3008604.192689486
885,12260010.5,21481877.22205917,3038143.7779408284,12260010.5,21481877.22205917,3038143.7779408284,12260010.5,21481877.22205917,3038143.7779408284,12260010.5,21481877.22205917,3038143.7779408284,12260010.5,21481877.22205917,3038143.7779408284,12260010.5,21481877.22205917,3038143.7779408284
886,12544436.933333334,22471816.545179337,2617057.321487328,12544436.933333334,22471816.545179337,2617057.321487328,12544436.933333334,22471816.545179337,2617057.321487328,12544436.933333334,22471816.545179337,2617057.321487328,12544436.933333334,22471816.545179337,2617057.321487328,12544436.933333334,22471816.545179337,2617057.321487328
887,11630187.0,21042421.23039168,2217952.769608317,11630187.0,21042421.23039168,2217952.769608317,11630187.0,21042421.23039168,2217952.769608317,11630187.0,21042421.23039168,2217952.769608317,11630187.0,21042421.23039168,2217952.769608317,11630187.0,21042421.23039168,2217952.769608317
888,11093582.266666668,20307429.608036794,1879734.9252965432,11093582.266666668,20307429.608036794,1879734.9252965432,11093582.266666668,20307429.608036794,1879734.9252965432,11093582.266666668,20307429.608036794,1879734.9252965432,11093582.266666668,20307429.608036794,1879734.9252965432,11093582.266666668,20307429.608036794,1879734.9252965432
889,10859918.333333334,19812776.648587335,1907060.018079333,10859918.333333334,19812776.648587335,1907060.018079333,10859918.333333334,19812776.648587335,1907060.018079333,10859918.333333334,19812776.648587335,1907060.018079333,10859918.333333334,19812776.648587335,1907060.018079333,10859918.333333334,19812776.648587335,1907060.018079333
890,11740097.633333333,21092284.413055763,2387910.853610901,11740097.633333333,21092284.413055763,2387910.853610901,11740097.633333333,21092284.413055763,2387910.853610901,11740097.633333333,21092284.413055763,2387910.853610901,11740097.633333333,21092284.413055763,2387910.853610901,11740097.633333333,21092284.413055763,2387910.853610901
891,12252812.933333334,21770481.662481025,2735144.204185644,12252812.933333334,21770481.662481025,2735144.204185644,12252812.933333334,21770481.662481025,2735144.204185644,12252812.933333334,21770481.662481025,2735144.204185644,12252812.933333334,21770481.662481025,2735144.204185644,12252812.933333334,21770481.662481025,2735144.204185644
892,11269962.9,20334963.46586647,2204962.334133532,11269962.9,20334963.46586647,2204962.334133532,11269962.9,20334963.46586647,2204962.334133532,11269962.9,20334963.46586647,2204962.334133532,11269962.9,20334963.46586647,2204962.334133532,11269962.9,20334963.46586647,2204962.334133532
893,11063457.233333332,19911349.39202132,2215565.074645344,11063457.233333332,19911349.39202132,2215565.074645344,11063457.233333332,19911349.39202132,2215565.074645344,11063457.233333332,19911349.39202132,2215565.074645344,11063457.233333332,19911349.39202132,2215565.074645344,11063457.233333332,19911349.39202132,2215565.074645344
894,11229592.1,20389370.080557983,2069814.119442016,11229592.1,20389370.080557983,2069814.119442016,11229592.1,20389370.080557983,2069814.119442016,11229592.1,20389370.080557983,2069814.119442016,11229592.1,20389370.080557983,2069814.119442016,11229592.1,20389370.080557983,2069814.119442016
895,12211161.266666668,21726591.910040684,2695730.623292649,12211161.266666668,21726591.910040684,2695730.623292649,12211161.266666668,21726591.910040684,2695730.623292649,12211161.266666668,21726591.910040684,2695730.623292649,12211161.266666668,21726591.910040684,2695730.623292649,12211161.266666668,21726591.910040684,2695730.623292649
896,10846280.3,20159363.215308018,1533197.3846919816,10846280.3,20159363.215308018,1533197.3846919816,10846280.3,20159363.215308018,1533197.3846919816,10846280.3,20159363.215308018,1533197.3846919816,10846280.3,20159363.215308018,1533197.3846919816,10846280.3,20159363.215308018,1533197.3846919816
897,10385902.666666666,18793838.830369852,1977966.5029634777,10385902.666666666,18793838.830369852,1977966.5029634777,10385902.666666666,18793838.830369852,1977966.5029634777,10385902.666666666,18793838.830369852,1977966.5029634777,10385902.666666666,18793838.830369852,1977966.5029634777,10385902.666666666,18793838.830369852,1977966.5029634777
898,10445385.333333334,18831993.58173368,2058777.0849329866,10445385.333333334,18831993.58173368,2058777.0849329866,10445385.333333334,18831993.58173368,2058777.0849329866,10445385.333333334,18831993.58173368,2058777.0849329866,10445385.333333334,18831993.58173368,2058777.0849329866,10445385.333333334,18831993.58173368,2058777.0849329866
899,9935910.4,17666238.762940407,2205582.037059594,9935910.4,17666238.762940407,2205582.037059594,9935910.4,17666238.762940407,2205582.037059594,9935910.4,17666238.762940407,2205582.037059594,9935910.4,17666238.762940407,2205582.037059594,9935910.4,17666238.762940407,2205582.037059594
900,11164303.666666666,19098294.499442607,3230312.833890727,11164303.666666666,19098294.499442607,3230312.833890727,11164303.666666666,19098294.499442607,3230312.833890727,11164303.666666666,19098294.499442607,3230312.833890727,11164303.666666666,19098294.499442607,3230312.833890727,11164303.666666666,19098294.499442607,3230312.833890727
901,11785670.566666666,19974342.485318337,3596998.648014997,11785670.566666666,19974342.485318337,3596998.648014997,11785670.566666666,19974342.485318337,3596998.648014997,11785670.566666666,19974342.485318337,3596998.648014997,11785670.566666666,19974342.485318337,3596998.648014997,11785670.566666666,19974342.485318337,3596998.648014997
902,10741723.766666668,18795346.890699577,2688100.6426337585,10741723.766666668,18795346.890699577,2688100.6426337585,10741723.766666668,18795346.890699577,2688100.6426337585,10741723.766666668,18795346.890699577,2688100.6426337585,10741723.766666668,18795346.890699577,2688100.6426337585,10741723.766666668,18795346.890699577,2688100.6426337585
903,10006891.233333332,17967947.009928916,2045835.4567377502,10006891.233333332,17967947.009928916,2045835.4567377502,10006891.233333332,17967947.009928916,2045835.4567377502,10006891.233333332,17967947.009928916,2045835.4567377502,10006891.233333332,17967947.009928916,2045835.4567377502,10006891.233333332,17967947.009928916,2045835.4567377502
904,9476016.1,17389725.73524166,1562306.4647583384,9476016.1,17389725.73524166,1562306.4647583384,9476016.1,17389725.73524166,1562306.4647583384,9476016.1,17389725.73524166,1562306.4647583384,9476016.1,17389725.73524166,1562306.4647583384,9476016.1,17389725.73524166,1562306.4647583384
905,11376637.633333333,19847845.281515617,2905429.9851510487,11376637.633333333,19847845.281515617,2905429.9851510487,11376637.633333333,19847845.281515617,2905429.9851510487,11376637.633333333,19847845.281515617,2905429.9851510487,11376637.633333333,19847845.281515617,2905429.9851510487,11376637.633333333,19847845.281515617,2905429.9851510487
906,11042980.166666666,19465199.050611798,2620761.2827215344,11042980.166666666,19465199.050611798,2620761.2827215344,11042980.166666666,19465199.050611798,2620761.2827215344,11042980.166666666,19465199.050611798,2620761.2827215344,11042980.166666666,19465199.050611798,2620761.2827215344,11042980.166666666,19465199.050611798,2620761.2827215344
907,10542292.266666668,18886133.88712669,2198450.6462066425,10542292.266666668,18886133.88712669,2198450.6462066425,10542292.266666668,18886133.88712669,2198450.6462066425,10542292.266666668,18886133.88712669,2198450.6462066425,10542292.266666668,18886133.88712669,2198450.6462066425,10542292.266666668,18886133.88712669,2198450.6462066425
908,10191870.066666666,18529490.488922823,1854249.6444105096,10191870.066666666,18529490.488922823,1854249.6444105096,10191870.066666666,18529490.488922823,1854249.6444105096,10191870.066666666,18529490.488922823,1854249.6444105096,10191870.066666666,18529490.488922823,1854249.6444105096,10191870.066666666,18529490.488922823,1854249.6444105096
909,10245434.333333334,17726989.360803984,2763879.305862683,10245434.333333334,17726989.360803984,2763879.305862683,10245434.333333334,17726989.360803984,2763879.305862683,10245434.333333334,17726989.360803984,2763879.305862683,10245434.333333334,17726989.360803984,2763879.305862683,10245434.333333334,17726989.360803984,2763879.305862683
910,10985963.8,18743845.906404495,3228081.6935955053,10985963.8,18743845.906404495,3228081.6935955053,10985963.8,18743845.906404495,3228081.6935955053,10985963.8,18743845.906404495,3228081.6935955053,10985963.8,18743845.906404495,3228081.6935955053,10985963.8,18743845.906404495,3228081.6935955053
911,10925670.3,18639333.9513684,3212006.6486316025,10925670.3,18639333.9513684,3212006.6486316025,10925670.3,18639333.9513684,3212006.6486316025,10925670.3,18639333.9513684,3212006.6486316025,10925670.3,18639333.9513684,3212006.6486316025,10925670.3,18639333.9513684,3212006.6486316025
912,11789836.1,19685354.63500191,3894317.5649980893,11789836.1,19685354.63500191,3894317.5649980893,11789836.1,19685354.63500191,3894317.5649980893,11789836.1,19685354.63500191,3894317.5649980893,11789836.1,19685354.63500191,3894317.5649980893,11789836.1,19685354.63500191,3894317.5649980893
913,11418448.6,19168588.003423367,3668309.1965766326,11418448.6,19168588.003423367,3668309.1965766326,11418448.6,19168588.003423367,3668309.1965766326,11418448.6,19168588.003423367,3668309.1965766326,11418448.6,19168588.003423367,3668309.1965766326,11418448.6,19168588.003423367,3668309.1965766326
914,10932083.266666668,18803909.40430188,3060257.1290314524,10932083.266666668,18803909.40430188,3060257.1290314524,10932083.266666668,18803909.40430188,3060257.1290314524,10932083.266666668,18803909.40430188,3060257.1290314524,10932083.266666668,18803909.40430188,3060257.1290314524,10932083.266666668,18803909.40430188,3060257.1290314524
915,10737118.233333332,18571137.721511416,2903098.7451552507,10737118.233333332,18571137.721511416,2903098.7451552507,10737118.233333332,18571137.721511416,2903098.7451552507,10737118.233333332,18571137.721511416,2903098.7451552507,10737118.233333332,18571137.721511416,2903098.7451552507,10737118.233333332,18571137.721511416,2903098.7451552507
916,11980498.266666668,20077266.55114905,3883729.9821842834,11980498.266666668,20077266.55114905,3883729.9821842834,11980498.266666668,20077266.55114905,3883729.9821842834,11980498.266666668,20077266.55114905,3883729.9821842834,11980498.266666668,20077266.55114905,3883729.9821842834,11980498.266666668,20077266.55114905,3883729.9821842834
917,11943890.366666667,20387143.11478447,3500637.6185488645,11943890.366666667,20387143.11478447,3500637.6185488645,11943890.366666667,20387143.11478447,3500637.6185488645,11943890.366666667,20387143.11478447,3500637.6185488645,11943890.366666667,20387143.11478447,3500637.6185488645,11943890.366666667,20387143.11478447,3500637.6185488645
918,11861061.1,20247492.391415603,3474629.808584396,11861061.1,20247492.391415603,3474629.808584396,11861061.1,20247492.391415603,3474629.808584396,11861061.1,20247492.391415603,3474629.808584396,11861061.1,20247492.391415603,3474629.808584396,11861061.1,20247492.391415603,3474629.808584396
919,12135440.1,20554229.15612733,3716651.0438726693,12135440.1,20554229.15612733,3716651.0438726693,12135440.1,20554229.15612733,3716651.0438726693,12135440.1,20554229.15612733,3716651.0438726693,12135440.1,20554229.15612733,3716651.0438726693,12135440.1,20554229.15612733,3716651.0438726693
920,11984118.833333334,20329181.50524188,3639056.1614247886,11984118.833333334,20329181.50524188,3639056.1614247886,11984118.833333334,20329181.50524188,3639056.1614247886,11984118.833333334,20329181.50524188,3639056.1614247886,11984118.833333334,20329181.50524188,3639056.1614247886,11984118.833333334,20329181.50524188,3639056.1614247886
921,12017421.233333332,20359583.176664762,3675259.290001901,12017421.233333332,20359583.176664762,3675259.290001901,12017421.233333332,20359583.176664762,3675259.290001901,12017421.233333332,20359583.176664762,3675259.290001901,12017421.233333332,20359583.176664762,3675259.290001901,12017421.233333332,20359583.176664762,3675259.290001901
922,11697745.333333334,20011871.40790931,3383619.2587573566,11697745.333333334,20011871.40790931,3383619.2587573566,11697745.333333334,20011871.40790931,3383619.2587573566,11697745.333333334,20011871.40790931,3383619.2587573566,11697745.333333334,20011871.40790931,3383619.2587573566,11697745.333333334,20011871.40790931,3383619.2587573566
923,12606240.833333334,21340531.064360566,3871950.6023060996,12606240.833333334,21340531.064360566,3871950.6023060996,12606240.833333334,21340531.064360566,3871950.6023060996,12606240.833333334,21340531.064360566,3871950.6023060996,12606240.833333334,21340531.064360566,3871950.6023060996,12606240.833333334,21340531.064360566,3871950.6023060996
924,12475833.5,21160659.976953544,3791007.0230464544,12475833.5,21160659.976953544,3791007.0230464544,12475833.5,21160659.976953544,3791007.0230464544,12475833.5,21160659.976953544,3791007.0230464544,12475833.5,21160659.976953544,3791007.0230464544,12475833.5,21160659.976953544,3791007.0230464544
925,12328430.133333333,20914225.588744342,3742634.677922325,12328430.133333333,20914225.588744342,3742634.677922325,12328430.133333333,20914225.588744342,3742634.677922325,12328430.133333333,20914225.588744342,3742634.677922325,12328430.133333333,20914225.588744342,3742634.677922325,12328430.133333333,20914225.588744342,3742634.677922325
926,12423934.633333333,21216107.502200976,3631761.7644656897,12423934.633333333,21216107.502200976,3631761.7644656897,12423934.633333333,21216107.502200976,3631761.7644656897,12423934.633333333,21216107.502200976,3631761.7644656897,12423934.633333333,21216107.502200976,3631761.7644656897,12423934.633333333,21216107.502200976,3631761.7644656897
927,11618185.066666666,19651903.642802637,3584466.4905306958,11618185.066666666,19651903.642802637,3584466.4905306958,11618185.066666666,19651903.642802637,3584466.4905306958,11618185.066666666,19651903.642802637,3584466.4905306958,11618185.066666666,19651903.642802637,3584466.4905306958,11618185.066666666,19651903.642802637,3584466.4905306958
928,11373903.933333334,19057523.149113577,3690284.7175530912,11373903.933333334,19057523.149113577,3690284.7175530912,11373903.933333334,19057523.149113577,3690284.7175530912,11373903.933333334,19057523.149113577,3690284.7175530912,11373903.933333334,19057523.149113577,3690284.7175530912,11373903.933333334,19057523.149113577,3690284.7175530912
929,12390976.066666666,20517111.177808546,4264840.955524788,12390976.066666666,20517111.177808546,4264840.955524788,12390976.066666666,20517111.177808546,4264840.955524788,12390976.066666666,20517111.177808546,4264840.955524788,12390976.066666666,20517111.177808546,4264840.955524788,12390976.066666666,20517111.177808546,4264840.955524788
930,12734521.7,21082255.130908597,4386788.269091402,12734521.7,21082255.130908597,4386788.269091402,12734521.7,21082255.130908597,4386788.269091402,12734521.7,21082255.130908597,4386788.269091402,12734521.7,21082255.130908597,4386788.269091402,12734521.7,21082255.130908597,4386788.269091402
931,12545498.3,20864316.56959199,4226680.030408012,12545498.3,20864316.56959199,4226680.030408012,12545498.3,20864316.56959199,4226680.030408012,12545498.3,20864316.56959199,4226680.030408012,12545498.3,20864316.56959199,4226680.030408012,12545498.3,20864316.56959199,4226680.030408012
932,12745916.466666667,21665275.3557844,3826557.577548934,12745916.466666667,21665275.3557844,3826557.577548934,12745916.466666667,21665275.3557844,3826557.577548934,12745916.466666667,21665275.3557844,3826557.577548934,12745916.466666667,21665275.3557844,3826557.577548934,12745916.466666667,21665275.3557844,3826557.577548934
933,12863642.766666668,21788182.073163956,3939103.4601693787,12863642.766666668,21788182.073163956,3939103.4601693787,12863642.766666668,21788182.073163956,3939103.4601693787,12863642.766666668,21788182.073163956,3939103.4601693787,12863642.766666668,21788182.073163956,3939103.4601693787,12863642.766666668,21788182.073163956,3939103.4601693787
934,12054141.933333334,20146478.47641231,3961805.390254357,12054141.933333334,20146478.47641231,3961805.390254357,12054141.933333334,20146478.47641231,3961805.390254357,12054141.933333334,20146478.47641231,3961805.390254357,12054141.933333334,20146478.47641231,3961805.390254357,12054141.933333334,20146478.47641231,3961805.390254357
935,12102975.566666666,20156332.85631497,4049618.2770183636,12102975.566666666,20156332.85631497,4049618.2770183636,12102975.566666666,20156332.85631497,4049618.2770183636,12102975.566666666,20156332.85631497,4049618.2770183636,12102975.566666666,20156332.85631497,4049618.2770183636,12102975.566666666,20156332.85631497,4049618.2770183636
936,12378506.3,20532765.783151116,4224246.816848884,12378506.3,20532765.783151116,4224246.816848884,12378506.3,20532765.783151116,4224246.816848884,12378506.3,20532765.783151116,4224246.816848884,12378506.3,20532765.783151116,4224246.816848884,12378506.3,20532765.783151116,4224246.816848884
937,11820742.2,19574000.002484802,4067484.3975151954,11820742.2,19574000.002484802,4067484.3975151954,11820742.2,19574000.002484802,4067484.3975151954,11820742.2,19574000.002484802,4067484.3975151954,11820742.2,19574000.002484802,4067484.3975151954,11820742.2,19574000.002484802,4067484.3975151954
938,12651217.8,20795008.95688681,4507426.643113191,12651217.8,20795008.95688681,4507426.643113191,12651217.8,20795008.95688681,4507426.643113191,12651217.8,20795008.95688681,4507426.643113191,12651217.8,20795008.95688681,4507426.643113191,12651217.8,20795008.95688681,4507426.643113191
939,12818793.533333333,21082261.785586357,4555325.281080311,12818793.533333333,21082261.785586357,4555325.281080311,12818793.533333333,21082261.785586357,4555325.281080311,12818793.533333333,21082261.785586357,4555325.281080311,12818793.533333333,21082261.785586357,4555325.281080311,12818793.533333333,21082261.785586357,4555325.281080311
940,11707367.333333334,19594606.370935865,3820128.295730802,11707367.333333334,19594606.370935865,3820128.295730802,11707367.333333334,19594606.370935865,3820128.295730802,11707367.333333334,19594606.370935865,3820128.295730802,11707367.333333334,19594606.370935865,3820128.295730802,11707367.333333334,19594606.370935865,3820128.295730802
941,12436137.4,20527714.181368485,4344560.618631515,12436137.4,20527714.181368485,4344560.618631515,12436137.4,20527714.181368485,4344560.618631515,12436137.4,20527714.181368485,4344560.618631515,12436137.4,20527714.181368485,4344560.618631515,12436137.4,20527714.181368485,4344560.618631515
942,12400632.366666667,20366450.66050473,4434814.072828607,12400632.366666667,20366450.66050473,4434814.072828607,12400632.366666667,20366450.66050473,4434814.072828607,12400632.366666667,20366450.66050473,4434814.072828607,12400632.366666667,20366450.66050473,4434814.072828607,12400632.366666667,20366450.66050473,4434814.072828607
943,11193416.4,18191367.849264286,4195464.950735713,11193416.4,18191367.849264286,4195464.950735713,11193416.4,18191367.849264286,4195464.950735713,11193416.4,18191367.849264286,4195464.950735713,11193416.4,18191367.849264286,4195464.950735713,11193416.4,18191367.849264286,4195464.950735713
944,12968912.766666668,21247509.125365395,4690316.407967939,12968912.766666668,21247509.125365395,4690316.407967939,12968912.766666668,21247509.125365395,4690316.407967939,12968912.766666668,21247509.125365395,4690316.407967939,12968912.766666668,21247509.125365395,4690316.407967939,12968912.766666668,21247509.125365395,4690316.407967939
945,14210800.166666666,23197732.924296916,5223867.409036417,14210800.166666666,23197732.924296916,5223867.409036417,14210800.166666666,23197732.924296916,5223867.409036417,14210800.166666666,23197732.924296916,5223867.409036417,14210800.166666666,23197732.924296916,5223867.409036417,14210800.166666666,23197732.924296916,5223867.409036417
946,14617894.266666668,23717831.39202428,5517957.141309056,14617894.266666668,23717831.39202428,5517957.141309056,14617894.266666668,23717831.39202428,5517957.141309056,14617894.266666668,23717831.39202428,5517957.141309056,14617894.266666668,23717831.39202428,5517957.141309056,14617894.266666668,23717831.39202428,5517957.141309056
947,13525000.166666666,22328218.062950425,4721782.270382907,13525000.166666666,22328218.062950425,4721782.270382907,13525000.166666666,22328218.062950425,4721782.270382907,13525000.166666666,22328218.062950425,4721782.270382907,13525000.166666666,22328218.062950425,4721782.270382907,13525000.166666666,22328218.062950425,4721782.270382907
948,13249435.866666667,22060757.338643327,4438114.394690007,13249435.866666667,22060757.338643327,4438114.394690007,13249435.866666667,22060757.338643327,4438114.394690007,13249435.866666667,22060757.338643327,4438114.394690007,13249435.866666667,22060757.338643327,4438114.394690007,13249435.866666667,22060757.338643327,4438114.394690007
949,12960773.866666667,21084089.866653234,4837457.8666801,12960773.866666667,21084089.866653234,4837457.8666801,12960773.866666667,21084089.866653234,4837457.8666801,12960773.866666667,21084089.866653234,4837457.8666801,12960773.866666667,21084089.866653234,4837457.8666801,12960773.866666667,21084089.866653234,4837457.8666801
950,12411163.066666666,20405341.75105671,4416984.3822766235,12411163.066666666,20405341.75105671,4416984.3822766235,12411163.066666666,20405341.75105671,4416984.3822766235,12411163.066666666,20405341.75105671,4416984.3822766235,12411163.066666666,20405341.75105671,4416984.3822766235,12411163.066666666,20405341.75105671,4416984.3822766235
951,13076945.1,21697143.34302204,4456746.856977958,13076945.1,21697143.34302204,4456746.856977958,13076945.1,21697143.34302204,4456746.856977958,13076945.1,21697143.34302204,4456746.856977958,13076945.1,21697143.34302204,4456746.856977958,13076945.1,21697143.34302204,4456746.856977958
952,12768031.133333333,21252695.820501313,4283366.446165351,12768031.133333333,21252695.820501313,4283366.446165351,12768031.133333333,21252695.820501313,4283366.446165351,12768031.133333333,21252695.820501313,4283366.446165351,12768031.133333333,21252695.820501313,4283366.446165351,12768031.133333333,21252695.820501313,4283366.446165351
953,13241534.6,21765002.481035262,4718066.718964739,13241534.6,21765002.481035262,4718066.718964739,13241534.6,21765002.481035262,4718066.718964739,13241534.6,21765002.481035262,4718066.718964739,13241534.6,21765002.481035262,4718066.718964739,13241534.6,21765002.481035262,4718066.718964739
954,14166277.933333334,23244535.709141627,5088020.157525038,14166277.933333334,23244535.709141627,5088020.157525038,14166277.933333334,23244535.709141627,5088020.157525038,14166277.933333334,23244535.709141627,5088020.157525038,14166277.933333334,23244535.709141627,5088020.157525038,14166277.933333334,23244535.709141627,5088020.157525038
955,14239563.266666668,23139179.528054245,5339947.005279092,14239563.266666668,23139179.528054245,5339947.005279092,14239563.266666668,23139179.528054245,5339947.005279092,14239563.266666668,23139179.528054245,5339947.005279092,14239563.266666668,23139179.528054245,5339947.005279092,14239563.266666668,23139179.528054245,5339947.005279092
956,14469235.966666667,23734762.25514414,5203709.678189194,14469235.966666667,23734762.25514414,5203709.678189194,14469235.966666667,23734762.25514414,5203709.678189194,14469235.966666667,23734762.25514414,5203709.678189194,14469235.966666667,23734762.25514414,5203709.678189194,14469235.966666667,23734762.25514414,5203709.678189194
957,14309357.533333333,23786089.670050852,4832625.396615813,14309357.533333333,23786089.670050852,4832625.396615813,14309357.533333333,23786089.670050852,4832625.396615813,14309357.533333333,23786089.670050852,4832625.396615813,14309357.533333333,23786089.670050852,4832625.396615813,14309357.533333333,23786089.670050852,4832625.396615813
958,14202872.6,23920286.06678863,4485459.133211369,14202872.6,23920286.06678863,4485459.133211369,14202872.6,23920286.06678863,4485459.133211369,14202872.6,23920286.06678863,4485459.133211369,14202872.6,23920286.06678863,4485459.133211369,14202872.6,23920286.06678863,4485459.133211369
959,13704193.4,23018215.65500506,4390171.144994939,13704193.4,23018215.65500506,4390171.144994939,13704193.4,23018215.65500506,4390171.144994939,13704193.4,23018215.65500506,4390171.144994939,13704193.4,23018215.65500506,4390171.144994939,13704193.4,23018215.65500506,4390171.144994939
960,14028543.566666666,23370149.393786617,4686937.739546714,14028543.566666666,23370149.393786617,4686937.739546714,14028543.566666666,23370149.393786617,4686937.739546714,14028543.566666666,23370149.393786617,4686937.739546714,14028543.566666666,23370149.393786617,4686937.739546714,14028543.566666666,23370149.393786617,4686937.739546714
961,14434032.2,23672961.067085005,5195103.332914993,14434032.2,23672961.067085005,5195103.332914993,14434032.2,23672961.067085005,5195103.332914993,14434032.2,23672961.067085005,5195103.332914993,14434032.2,23672961.067085005,5195103.332914993,14434032.2,23672961.067085005,5195103.332914993
962,13867614.433333334,22485792.682551954,5249436.184114713,13867614.433333334,22485792.682551954,5249436.184114713,13867614.433333334,22485792.682551954,5249436.184114713,13867614.433333334,22485792.682551954,5249436.184114713,13867614.433333334,22485792.682551954,5249436.184114713,13867614.433333334,22485792.682551954,5249436.184114713
963,14326949.566666666,23530294.36407634,5123604.769256994,14326949.566666666,23530294.36407634,5123604.769256994,14326949.566666666,23530294.36407634,5123604.769256994,14326949.566666666,23530294.36407634,5123604.769256994,14326949.566666666,23530294.36407634,5123604.769256994,14326949.566666666,23530294.36407634,5123604.769256994
964,13366813.9,22257337.21730884,4476290.582691161,13366813.9,22257337.21730884,4476290.582691161,13366813.9,22257337.21730884,4476290.582691161,13366813.9,22257337.21730884,4476290.582691161,13366813.9,22257337.21730884,4476290.582691161,13366813.9,22257337.21730884,4476290.582691161
965,15217649.666666666,24720283.861240067,5715015.472093264,15217649.666666666,24720283.861240067,5715015.472093264,15217649.666666666,24720283.861240067,5715015.472093264,15217649.666666666,24720283.861240067,5715015.472093264,15217649.666666666,24720283.861240067,5715015.472093264,15217649.666666666,24720283.861240067,5715015.472093264
966,14214910.233333332,23518682.090777848,4911138.375888817,14214910.233333332,23518682.090777848,4911138.375888817,14214910.233333332,23518682.090777848,4911138.375888817,14214910.233333332,23518682.090777848,4911138.375888817,14214910.233333332,23518682.090777848,4911138.375888817,14214910.233333332,23518682.090777848,4911138.375888817
967,14351902.9,23481885.030194674,5221920.769805327,14351902.9,23481885.030194674,5221920.769805327,14351902.9,23481885.030194674,5221920.769805327,14351902.9,23481885.030194674,5221920.769805327,14351902.9,23481885.030194674,5221920.769805327,14351902.9,23481885.030194674,5221920.769805327
968,15405632.066666666,25041554.95449104,5769709.178842289,15405632.066666666,25041554.95449104,5769709.178842289,15405632.066666666,25041554.95449104,5769709.178842289,15405632.066666666,25041554.95449104,5769709.178842289,15405632.066666666,25041554.95449104,5769709.178842289,15405632.066666666,25041554.95449104,5769709.178842289
969,13453782.866666667,22828168.454177678,4079397.279155655,13453782.866666667,22828168.454177678,4079397.279155655,13453782.866666667,22828168.454177678,4079397.279155655,13453782.866666667,22828168.454177678,4079397.279155655,13453782.866666667,22828168.454177678,4079397.279155655,13453782.866666667,22828168.454177678,4079397.279155655
970,13553741.6,22780962.4553432,4326520.744656796,13553741.6,22780962.4553432,4326520.744656796,13553741.6,22780962.4553432,4326520.744656796,13553741.6,22780962.4553432,4326520.744656796,13553741.6,22780962.4553432,4326520.744656796,13553741.6,22780962.4553432,4326520.744656796
971,12961568.366666667,21583251.82892781,4339884.904405523,12961568.366666667,21583251.82892781,4339884.904405523,12961568.366666667,21583251.82892781,4339884.904405523,12961568.366666667,21583251.82892781,4339884.904405523,12961568.366666667,21583251.82892781,4339884.904405523,12961568.366666667,21583251.82892781,4339884.904405523
972,14241792.1,23090828.199910417,5392756.000089582,14241792.1,23090828.199910417,5392756.000089582,14241792.1,23090828.199910417,5392756.000089582,14241792.1,23090828.199910417,5392756.000089582,14241792.1,23090828.199910417,5392756.000089582,14241792.1,23090828.199910417,5392756.000089582
973,14122852.666666666,22999349.297209155,5246356.036124177,14122852.666666666,22999349.297209155,5246356.036124177,14122852.666666666,22999349.297209155,5246356.036124177,14122852.666666666,22999349.297209155,5246356.036124177,14122852.666666666,22999349.297209155,5246356.036124177,14122852.666666666,22999349.297209155,5246356.036124177
974,13663946.7,22462324.659510847,4865568.740489151,13663946.7,22462324.659510847,4865568.740489151,13663946.7,22462324.659510847,4865568.740489151,13663946.7,22462324.659510847,4865568.740489151,13663946.7,22462324.659510847,4865568.740489151,13663946.7,22462324.659510847,4865568.740489151
975,13801930.266666668,22625923.534121733,4977936.999211602,13801930.266666668,22625923.534121733,4977936.999211602,13801930.266666668,22625923.534121733,4977936.999211602,13801930.266666668,22625923.534121733,4977936.999211602,13801930.266666668,22625923.534121733,4977936.999211602,13801930.266666668,22625923.534121733,4977936.999211602
976,13169837.133333333,21893725.898310624,4445948.3683560435,13169837.133333333,21893725.898310624,4445948.3683560435,13169837.133333333,21893725.898310624,4445948.3683560435,13169837.133333333,21893725.898310624,4445948.3683560435,13169837.133333333,21893725.898310624,4445948.3683560435,13169837.133333333,21893725.898310624,4445948.3683560435
977,13279284.6,21920159.343303353,4638409.8566966485,13279284.6,21920159.343303353,4638409.8566966485,13279284.6,21920159.343303353,4638409.8566966485,13279284.6,21920159.343303353,4638409.8566966485,13279284.6,21920159.343303353,4638409.8566966485,13279284.6,21920159.343303353,4638409.8566966485
978,12983890.8,21731881.481554866,4235900.118445134,12983890.8,21731881.481554866,4235900.118445134,12983890.8,21731881.481554866,4235900.118445134,12983890.8,21731881.481554866,4235900.118445134,12983890.8,21731881.481554866,4235900.118445134,12983890.8,21731881.481554866,4235900.118445134
979,12676054.8,21321614.356225938,4030495.2437740657,12676054.8,21321614.356225938,4030495.2437740657,12676054.8,21321614.356225938,4030495.2437740657,12676054.8,21321614.356225938,4030495.2437740657,12676054.8,21321614.356225938,4030495.2437740657,12676054.8,21321614.356225938,4030495.2437740657
980,12484935.5,21150298.890157305,3819572.1098426934,12484935.5,21150298.890157305,3819572.1098426934,12484935.5,21150298.890157305,3819572.1098426934,12484935.5,21150298.890157305,3819572.1098426934,12484935.5,21150298.890157305,3819572.1098426934,12484935.5,21150298.890157305,3819572.1098426934
981,12522659.066666666,20941374.946962886,4103943.186370449,12522659.066666666,20941374.946962886,4103943.186370449,12522659.066666666,20941374.946962886,4103943.186370449,12522659.066666666,20941374.946962886,4103943.186370449,12522659.066666666,20941374.946962886,4103943.186370449,12522659.066666666,20941374.946962886,4103943.186370449
982,13321960.166666666,21865689.705496944,4778230.627836388,13321960.166666666,21865689.705496944,4778230.627836388,13321960.166666666,21865689.705496944,4778230.627836388,13321960.166666666,21865689.705496944,4778230.627836388,13321960.166666666,21865689.705496944,4778230.627836388,13321960.166666666,21865689.705496944,4778230.627836388
983,14044245.6,23037978.11800302,5050513.081996981,14044245.6,23037978.11800302,5050513.081996981,14044245.6,23037978.11800302,5050513.081996981,14044245.6,23037978.11800302,5050513.081996981,14044245.6,23037978.11800302,5050513.081996981,14044245.6,23037978.11800302,5050513.081996981
984,13626603.366666667,22753228.50506123,4499978.228272103,13626603.366666667,22753228.50506123,4499978.228272103,13626603.366666667,22753228.50506123,4499978.228272103,13626603.366666667,22753228.50506123,4499978.228272103,13626603.366666667,22753228.50506123,4499978.228272103,13626603.366666667,22753228.50506123,4499978.228272103
985,14268089.233333332,23425529.6704415,5110648.796225166,14268089.233333332,23425529.6704415,5110648.796225166,14268089.233333332,23425529.6704415,5110648.796225166,14268089.233333332,23425529.6704415,5110648.796225166,14268089.233333332,23425529.6704415,5110648.796225166,14268089.233333332,23425529.6704415,5110648.796225166
986,13885615.366666667,23302983.2408392,4468247.492494136,13885615.366666667,23302983.2408392,4468247.492494136,13885615.366666667,23302983.2408392,4468247.492494136,13885615.366666667,23302983.2408392,4468247.492494136,13885615.366666667,23302983.2408392,4468247.492494136,13885615.366666667,23302983.2408392,4468247.492494136
987,14533626.866666667,24010044.36421314,5057209.369120194,14533626.866666667,24010044.36421314,5057209.369120194,14533626.866666667,24010044.36421314,5057209.369120194,14533626.866666667,24010044.36421314,5057209.369120194,14533626.866666667,24010044.36421314,5057209.369120194,14533626.866666667,24010044.36421314,5057209.369120194
988,14406709.333333334,24030436.630238406,4782982.03642826,14406709.333333334,24030436.630238406,4782982.03642826,14406709.333333334,24030436.630238406,4782982.03642826,14406709.333333334,24030436.630238406,4782982.03642826,14406709.333333334,24030436.630238406,4782982.03642826,14406709.333333334,24030436.630238406,4782982.03642826
989,13571771.566666666,22935395.350690734,4208147.782642599,13571771.566666666,22935395.350690734,4208147.782642599,13571771.566666666,22935395.350690734,4208147.782642599,13571771.566666666,22935395.350690734,4208147.782642599,13571771.566666666,22935395.350690734,4208147.782642599,13571771.566666666,22935395.350690734,4208147.782642599
990,14505723.8,24077497.03425169,4933950.565748312,14505723.8,24077497.03425169,4933950.565748312,14505723.8,24077497.03425169,4933950.565748312,14505723.8,24077497.03425169,4933950.565748312,14505723.8,24077497.03425169,4933950.565748312,14505723.8,24077497.03425169,4933950.565748312
991,14170880.4,23916912.41586288,4424848.38413712,14170880.4,23916912.41586288,4424848.38413712,14170880.4,23916912.41586288,4424848.38413712,14170880.4,23916912.41586288,4424848.38413712,14170880.4,23916912.41586288,4424848.38413712,14170880.4,23916912.41586288,4424848.38413712
992,15502448.433333334,26161925.073611338,4842971.7930553295,15502448.433333334,26161925.073611338,4842971.7930553295,15502448.433333334,26161925.073611338,4842971.7930553295,15502448.433333334,26161925.073611338,4842971.7930553295,15502448.433333334,26161925.073611338,4842971.7930553295,15502448.433333334,26161925.073611338,4842971.7930553295
993,15572991.066666666,26496002.301152267,4649979.832181064,15572991.066666666,26496002.301152267,4649979.832181064,15572991.066666666,26496002.301152267,4649979.832181064,15572991.066666666,26496002.301152267,4649979.832181064,15572991.066666666,26496002.301152267,4649979.832181064,15572991.066666666,26496002.301152267,4649979.832181064
994,16531675.9,28151534.176287055,4911817.623712946,16531675.9,28151534.176287055,4911817.623712946,16531675.9,28151534.176287055,4911817.623712946,16531675.9,28151534.176287055,4911817.623712946,16531675.9,28151534.176287055,4911817.623712946,16531675.9,28151534.176287055,4911817.623712946
995,15433591.0,25860191.25645738,5006990.743542621,15433591.0,25860191.25645738,5006990.743542621,15433591.0,25860191.25645738,5006990.743542621,15433591.0,25860191.25645738,5006990.743542621,15433591.0,25860191.25645738,5006990.743542621,15433591.0,25860191.25645738,5006990.743542621
996,15664643.133333333,26792291.85328242,4536994.413384246,15664643.133333333,26792291.85328242,4536994.413384246,15664643.133333333,26792291.85328242,4536994.413384246,15664643.133333333,26792291.85328242,4536994.413384246,15664643.133333333,26792291.85328242,4536994.413384246,15664643.133333333,26792291.85328242,4536994.413384246
997,15232776.1,26182296.11397506,4283256.08602494,15232776.1,26182296.11397506,4283256.08602494,15232776.1,26182296.11397506,4283256.08602494,15232776.1,26182296.11397506,4283256.08602494,15232776.1,26182296.11397506,4283256.08602494,15232776.1,26182296.11397506,4283256.08602494
998,16064850.3,27034863.22452069,5094837.375479311,16064850.3,27034863.22452069,5094837.375479311,16064850.3,27034863.22452069,5094837.375479311,16064850.3,27034863.22452069,5094837.375479311,16064850.3,27034863.22452069,5094837.375479311,16064850.3,27034863.22452069,5094837.375479311
999,16260965.166666666,27718889.504893698,4803040.828439636,16260965.166666666,27718889.504893698,4803040.828439636,16260965.166666666,27718889.504893698,4803040.828439636,16260965.166666666,27718889.504893698,4803040.828439636,16260965.166666666,27718889.504893698,4803040.828439636,16260965.166666666,27718889.504893698,4803040.828439636
1000,15593171.966666667,26702719.397765025,4483624.535568306,15593171.966666667,26702719.397765025,4483624.535568306,15593171.966666667,26702719.397765025,4483624.535568306,15593171.966666667,26702719.397765025,4483624.535568306,15593171.966666667,26702719.397765025,4483624.535568306,15593171.966666667,26702719.397765025,4483624.535568306
