x,meanNoByzantine,upNoByzantine,lowNoByzantine,meanGreyhole,upGreyhole,lowGreyhole,meanSinkhole,upSinkhole,lowSinkhole,meanSelectiveJam,upSelectiveJam,lowSelectiveJam,meanPosSpoofing,upPosSpoofing,lowPosSpoofing,meanAllAttacks,upAllAttacks,lowAllAttacks
1,556985.5333333333,1345512.8977096963,-231541.83104302967,548097.0166666667,1336852.152345093,-240658.11901175953,553900.25,1342463.0719899186,-234662.5719899187,499371.7,1288215.7546803996,-289472.3546803996,556985.5333333333,1345512.8977096963,-231541.83104302967,499371.7,1288215.7546803996,-289472.3546803996
2,510613.0333333333,1214195.6082228534,-192969.54155618662,502015.31666666665,1205791.172231522,-201760.53889818874,511172.7166666667,1214958.5622267155,-192613.12889338203,493464.26666666666,1198087.8674172359,-211159.33408390247,510613.0333333333,1214195.6082228534,-192969.54155618662,493464.26666666666,1198087.8674172359,-211159.33408390247
3,526374.5666666667,1343770.8880630047,-291021.7547296715,517565.1666666667,1335140.7078949758,-300010.3745616425,523578.0,1341493.1097842013,-294337.10978420137,508488.63333333336,1327300.4641601804,-310323.19749351376,526374.5666666667,1343770.8880630047,-291021.7547296715,508488.63333333336,1327300.4641601804,-310323.19749351376
4,680875.8666666667,1539555.2590736458,-177803.5257403124,671662.35,1530713.5799784735,-187388.87997847341,682419.0666666667,1541724.2159483577,-176886.08261502453,661828.6,1522488.5652714933,-198831.36527149333,680875.8666666667,1539555.2590736458,-177803.5257403124,661828.6,1522488.5652714933,-198831.36527149333
5,562711.2666666667,1316550.797240145,-191128.26390681148,562711.2666666667,1316550.797240145,-191128.26390681148,563093.1,1317684.4454404954,-191498.24544049543,562752.7333333333,1317420.3634989513,-191914.89683228475,562711.2666666667,1316550.797240145,-191128.26390681148,562752.7333333333,1317420.3634989513,-191914.89683228475
6,516606.0333333333,1201558.3750173028,-168346.30835063616,516606.0333333333,1201558.3750173028,-168346.30835063616,517030.73333333334,1202818.0191689506,-168756.55250228388,516498.4,1202181.074343077,-169184.27434307698,516606.0333333333,1201558.3750173028,-168346.30835063616,516498.4,1202181.074343077,-169184.27434307698
7,479771.43333333335,1066099.3983247317,-106556.53165806492,479771.43333333335,1066099.3983247317,-106556.53165806492,480127.3,1067244.9442089377,-106990.34420893778,479944.5333333333,1067000.5550346458,-107111.4883679793,479771.43333333335,1066099.3983247317,-106556.53165806492,479944.5333333333,1067000.5550346458,-107111.4883679793
8,508178.93333333335,1070653.306180883,-54295.43951421627,508178.93333333335,1070653.306180883,-54295.43951421627,508545.3333333333,1071753.2058796533,-54662.53921298665,507105.73333333334,1069877.0462379789,-55665.579571312235,508178.93333333335,1070653.306180883,-54295.43951421627,507105.73333333334,1069877.0462379789,-55665.579571312235
9,523100.3,1153387.4117896054,-107186.81178960548,523100.3,1153387.4117896054,-107186.81178960548,523651.56666666665,1155110.2297798935,-107807.09644656035,500916.0333333333,1132869.1141924765,-131037.04752580984,523100.3,1153387.4117896054,-107186.81178960548,500916.0333333333,1132869.1141924765,-131037.04752580984
10,483321.6,1052239.9261926317,-85596.72619263176,473546.9,1042553.0100693674,-95459.21006936731,484485.81666666665,1054588.5379356616,-85616.90460232832,442668.8333333333,1013914.9091128039,-128577.2424461373,483321.6,1052239.9261926317,-85596.72619263176,442668.8333333333,1013914.9091128039,-128577.2424461373
11,332659.6,808800.9873534113,-143481.78735341132,332659.6,808800.9873534113,-143481.78735341132,333103.0333333333,810428.735679352,-144222.66901268525,313046.2,790089.4686721481,-163997.06867214805,332659.6,808800.9873534113,-143481.78735341132,313046.2,790089.4686721481,-163997.06867214805
12,381099.5333333333,961065.0976695215,-198866.0310028548,381099.5333333333,961065.0976695215,-198866.0310028548,382017.63333333336,963733.6369876296,-199698.37032096292,359517.7,940588.1855082002,-221552.78550820012,381099.5333333333,961065.0976695215,-198866.0310028548,359517.7,940588.1855082002,-221552.78550820012
13,94726.5,217066.5157847393,-27613.515784739313,94726.5,217066.5157847393,-27613.515784739313,94477.5,216456.7151077632,-27501.71510776317,75389.9,190366.69678054564,-39586.89678054566,94726.5,217066.5157847393,-27613.515784739313,75389.9,190366.69678054564,-39586.89678054566
14,94262.26666666666,210543.7785559566,-22019.24522262327,94262.26666666666,210543.7785559566,-22019.24522262327,94265.93333333333,210635.57286601842,-22103.706199351756,72886.03333333334,177197.32811612939,-31425.26144946272,94262.26666666666,210543.7785559566,-22019.24522262327,72886.03333333334,177197.32811612939,-31425.26144946272
15,45008.7,133225.75199999998,-43208.352,45008.7,133225.75199999998,-43208.352,45089.76666666667,133465.70933333333,-43286.176,40142.7,118822.39199999998,-38536.991999999984,45008.7,133225.75199999998,-43208.352,40142.7,118822.39199999998,-38536.991999999984
16,70940.0,178361.3678463095,-36481.36784630951,70940.0,178361.3678463095,-36481.36784630951,70825.2,177949.95543867128,-36299.555438671276,52590.86666666667,127182.75110652702,-22001.017773193686,70940.0,178361.3678463095,-36481.36784630951,52590.86666666667,127182.75110652702,-22001.017773193686
17,64844.333333333336,163491.45676663576,-33802.79009996908,64844.333333333336,163491.45676663576,-33802.79009996908,64737.5,163110.70124914078,-33635.701249140766,62142.63333333333,155725.40466279857,-31440.137996131918,64844.333333333336,163491.45676663576,-33802.79009996908,62142.63333333333,155725.40466279857,-31440.137996131918
18,70412.8,175374.46784274286,-34548.86784274285,70412.8,175374.46784274286,-34548.86784274285,70312.13333333333,174990.27338673885,-34366.00672007217,67598.0,167353.19730427227,-32157.197304272282,70412.8,175374.46784274286,-34548.86784274285,67598.0,167353.19730427227,-32157.197304272282
19,71961.26666666666,176571.2306093581,-32648.697276024803,71961.26666666666,176571.2306093581,-32648.697276024803,71885.2,176253.655359326,-32483.255359325995,68893.56666666667,167998.74493028648,-30211.611596953153,71961.26666666666,176571.2306093581,-32648.697276024803,68893.56666666667,167998.74493028648,-30211.611596953153
20,92135.23333333334,202181.39415275893,-17910.927486092274,92135.23333333334,202181.39415275893,-17910.927486092274,92096.43333333333,201964.329138179,-17771.46247151232,89231.23333333334,194496.9462934832,-16034.479626816508,92135.23333333334,202181.39415275893,-17910.927486092274,89231.23333333334,194496.9462934832,-16034.479626816508
21,117242.23333333334,239612.74970410735,-5128.283037440677,117242.23333333334,239612.74970410735,-5128.283037440677,117185.46666666666,239347.3973369726,-4976.464003639281,113638.83333333333,230281.7438961703,-3004.077229503644,117242.23333333334,239612.74970410735,-5128.283037440677,113638.83333333333,230281.7438961703,-3004.077229503644
22,95103.3,213109.46264611703,-22902.862646117006,95103.3,213109.46264611703,-22902.862646117006,94999.66666666667,212676.7720596859,-22677.438726352557,108021.7,232475.2127143985,-16431.812714398533,95103.3,213109.46264611703,-22902.862646117006,108021.7,232475.2127143985,-16431.812714398533
23,109510.56666666667,224365.36510290287,-5344.231769569524,109510.56666666667,224365.36510290287,-5344.231769569524,109418.33333333333,224000.24926890852,-5163.582602241848,105644.86666666667,214520.85221969004,-3231.1188863567077,109510.56666666667,224365.36510290287,-5344.231769569524,105644.86666666667,214520.85221969004,-3231.1188863567077
24,144167.26666666666,320355.0612011173,-32020.527867783967,144167.26666666666,320355.0612011173,-32020.527867783967,160690.9,345900.09778598277,-24518.29778598278,126125.56666666667,256628.48350972627,-4377.350176392938,144167.26666666666,320355.0612011173,-32020.527867783967,126125.56666666667,256628.48350972627,-4377.350176392938
25,553013.9,1413759.4279407687,-307731.6279407685,553013.9,1413759.4279407687,-307731.6279407685,588221.4,1452485.4243260445,-276042.62432604446,524085.73333333334,1381608.964568335,-333437.49790166836,553013.9,1413759.4279407687,-307731.6279407685,524085.73333333334,1381608.964568335,-333437.49790166836
26,712939.5333333333,1710996.1079418664,-285117.04127519974,712939.5333333333,1710996.1079418664,-285117.04127519974,709810.6,1703312.6346818106,-283691.43468181056,717158.6,1707518.0293328164,-273200.8293328164,712939.5333333333,1710996.1079418664,-285117.04127519974,717158.6,1707518.0293328164,-273200.8293328164
27,630449.2333333333,1459530.635674832,-198632.16900816548,630449.2333333333,1459530.635674832,-198632.16900816548,627944.3,1454011.5546413974,-198122.95464139734,618391.3333333334,1438676.3251705167,-201893.65850385,630449.2333333333,1459530.635674832,-198632.16900816548,618391.3333333334,1438676.3251705167,-201893.65850385
28,649544.3666666667,1609411.5676427204,-310322.83430938714,649544.3666666667,1609411.5676427204,-310322.83430938714,647511.8666666667,1604493.3567904886,-309469.6234571552,633840.2,1583832.376670689,-316151.9766706892,649544.3666666667,1609411.5676427204,-310322.83430938714,633840.2,1583832.376670689,-316151.9766706892
29,578913.5,1413004.3124417057,-255177.31244170584,578913.5,1413004.3124417057,-255177.31244170584,560672.6,1393858.2448521727,-272513.04485217284,565124.8,1390579.814130406,-260330.2141304057,578913.5,1413004.3124417057,-255177.31244170584,565124.8,1390579.814130406,-260330.2141304057
30,559972.6,1375179.081864344,-255233.881864344,559972.6,1375179.081864344,-255233.881864344,559110.3,1373980.5993539817,-255759.9993539817,524552.2,1329404.5217324789,-280300.12173247884,559972.6,1375179.081864344,-255233.881864344,524552.2,1329404.5217324789,-280300.12173247884
31,480791.23333333334,1141672.5586256857,-180090.09195901902,480791.23333333334,1141672.5586256857,-180090.09195901902,480436.8333333333,1141680.020876294,-180806.35420962732,444262.6666666667,1091855.4861866802,-203330.15285334672,480791.23333333334,1141672.5586256857,-180090.09195901902,444262.6666666667,1091855.4861866802,-203330.15285334672
32,457883.6,1108310.1550180241,-192542.95501802408,457883.6,1108310.1550180241,-192542.95501802408,454062.13333333336,1098200.0625305728,-190075.79586390598,402411.2,1035879.5577050827,-231057.15770508273,457883.6,1108310.1550180241,-192542.95501802408,402411.2,1035879.5577050827,-231057.15770508273
33,434925.3333333333,1006362.6565515809,-136511.9898849143,434925.3333333333,1006362.6565515809,-136511.9898849143,422505.93333333335,1002660.0100952106,-157648.14342854393,421467.3333333333,996320.7653797234,-153386.0987130567,434925.3333333333,1006362.6565515809,-136511.9898849143,421467.3333333333,996320.7653797234,-153386.0987130567
34,375238.3,854445.9670372632,-103969.36703726323,375238.3,854445.9670372632,-103969.36703726323,383809.6,879658.6187668554,-112039.4187668555,322097.86666666664,811599.5492632589,-167403.8159299256,375238.3,854445.9670372632,-103969.36703726323,322097.86666666664,811599.5492632589,-167403.8159299256
35,346377.0,783026.8183064206,-90272.81830642058,346377.0,783026.8183064206,-90272.81830642058,386776.23333333334,899571.9262046766,-126019.45953800995,332001.06666666665,848644.15292713,-184642.01959379663,346377.0,783026.8183064206,-90272.81830642058,332001.06666666665,848644.15292713,-184642.01959379663
36,315608.2,701861.5461894718,-70645.14618947176,315608.2,701861.5461894718,-70645.14618947176,327214.06666666665,735306.944403066,-80878.81106973265,274690.3,683899.2513706323,-134518.6513706324,315608.2,701861.5461894718,-70645.14618947176,274690.3,683899.2513706323,-134518.6513706324
37,360755.8,809951.1989262034,-88439.5989262035,360755.8,809951.1989262034,-88439.5989262035,373456.73333333334,844123.8222874198,-97210.3556207532,314212.2,750293.9711296482,-121869.57112964813,360755.8,809951.1989262034,-88439.5989262035,314212.2,750293.9711296482,-121869.57112964813
38,682548.5666666667,1697034.5535518983,-331937.42021856515,664934.1666666666,1646274.2458953536,-316405.9125620205,674087.9166666666,1673332.0675542215,-325156.2342208881,531951.4,1386983.738476377,-323080.9384763768,682548.5666666667,1697034.5535518983,-331937.42021856515,531951.4,1386983.738476377,-323080.9384763768
39,759529.5333333333,2010483.1379946494,-491424.0713279826,759529.5333333333,2010483.1379946494,-491424.0713279826,784994.1666666666,2059429.5968022887,-489441.2634689553,728577.2,2033905.1172978333,-576750.7172978334,759529.5333333333,2010483.1379946494,-491424.0713279826,728577.2,2033905.1172978333,-576750.7172978334
40,885458.1,2274936.846750617,-504020.6467506172,885458.1,2274936.846750617,-504020.6467506172,887898.1666666666,2283455.4522806075,-507659.11894727417,824244.1666666666,2251104.24525102,-602615.9119176868,885458.1,2274936.846750617,-504020.6467506172,824244.1666666666,2251104.24525102,-602615.9119176868
41,912633.3333333334,2361637.061142856,-536370.3944761889,912633.3333333334,2361637.061142856,-536370.3944761889,931262.0,2383356.1613644687,-520832.161364469,891845.7666666667,2455102.288124478,-671410.7547911444,912633.3333333334,2361637.061142856,-536370.3944761889,891845.7666666667,2455102.288124478,-671410.7547911444
42,945430.0666666667,2384068.8199088955,-493208.686575562,945430.0666666667,2384068.8199088955,-493208.686575562,945806.5333333333,2386569.711173791,-494956.6445071242,934091.2333333333,2517406.7806811584,-649224.314014492,945430.0666666667,2384068.8199088955,-493208.686575562,934091.2333333333,2517406.7806811584,-649224.314014492
43,1146109.9666666666,2699477.960319142,-407258.0269858085,1146109.9666666666,2699477.960319142,-407258.0269858085,1130162.7333333334,2687686.6100410684,-427361.1433744016,1237082.7333333334,3140110.5875793174,-665945.1209126504,1146109.9666666666,2699477.960319142,-407258.0269858085,1237082.7333333334,3140110.5875793174,-665945.1209126504
44,1656527.4333333333,3628660.940908852,-315606.07424218557,1656527.4333333333,3628660.940908852,-315606.07424218557,1660110.2,3639486.621468026,-319266.2214680263,1712138.1,3913339.056062279,-489062.8560622786,1656527.4333333333,3628660.940908852,-315606.07424218557,1712138.1,3913339.056062279,-489062.8560622786
45,1895706.4,4082573.458710302,-291160.6587103023,1895706.4,4082573.458710302,-291160.6587103023,1895782.6666666667,4086828.806999605,-295263.4736662714,1922537.4,4284289.064519471,-439214.26451947074,1895706.4,4082573.458710302,-291160.6587103023,1922537.4,4284289.064519471,-439214.26451947074
46,1939050.1,4181606.227163056,-303506.0271630557,1939050.1,4181606.227163056,-303506.0271630557,1940000.8,4188247.561735467,-308245.9617354672,893454.2,2206289.9957243074,-419381.59572430747,1939050.1,4181606.227163056,-303506.0271630557,893454.2,2206289.9957243074,-419381.59572430747
47,2050840.0666666667,4409626.565852421,-307946.4325190878,2050840.0666666667,4409626.565852421,-307946.4325190878,2053416.2333333334,4415285.349776449,-308452.8831097819,904419.6666666666,2216676.297277574,-407836.9639442408,2050840.0666666667,4409626.565852421,-307946.4325190878,904419.6666666666,2216676.297277574,-407836.9639442408
48,2054341.7,4377166.618688787,-268483.21868878766,2054341.7,4377166.618688787,-268483.21868878766,2067152.4,4407340.87121036,-273036.07121036015,965460.6666666666,2435687.253715533,-504765.92038219946,2054341.7,4377166.618688787,-268483.21868878766,965460.6666666666,2435687.253715533,-504765.92038219946
49,1503609.1666666667,3409611.082717192,-402392.7493838584,1503609.1666666667,3409611.082717192,-402392.7493838584,1507703.2,3425730.442179736,-410324.0421797363,416460.1666666667,789449.6710750994,43470.66225823393,1503609.1666666667,3409611.082717192,-402392.7493838584,416460.1666666667,789449.6710750994,43470.66225823393
50,1961571.8666666667,4384143.662878167,-460999.929544833,1961571.8666666667,4384143.662878167,-460999.929544833,1987262.1333333333,4423038.251010876,-448513.98434420954,762485.1333333333,2066058.4261366294,-541088.1594699628,1961571.8666666667,4384143.662878167,-460999.929544833,762485.1333333333,2066058.4261366294,-541088.1594699628
51,1855992.0,4072344.8413221193,-360360.84132211935,1855992.0,4072344.8413221193,-360360.84132211935,1867623.1,4099027.10301584,-363780.90301583987,771757.8666666667,2075435.3811088484,-531919.647775515,1855992.0,4072344.8413221193,-360360.84132211935,771757.8666666667,2075435.3811088484,-531919.647775515
52,1260530.7333333334,2987296.8628787026,-466235.3962120358,1260530.7333333334,2987296.8628787026,-466235.3962120358,1271793.3,3019690.0649848552,-476103.4649848554,238967.63333333333,488916.778858438,-10981.512191771384,1260530.7333333334,2987296.8628787026,-466235.3962120358,238967.63333333333,488916.778858438,-10981.512191771384
53,1260130.7,3260842.3680447596,-740580.9680447597,1260130.7,3260842.3680447596,-740580.9680447597,1272482.7666666666,3297988.1295961505,-753022.5962628173,86426.23333333334,185211.81410058824,-12359.34743392156,1260130.7,3260842.3680447596,-740580.9680447597,86426.23333333334,185211.81410058824,-12359.34743392156
54,1154412.3,3034993.6242531287,-726169.0242531288,1154412.3,3034993.6242531287,-726169.0242531288,1174665.0,3095321.7492719805,-745991.7492719805,34843.9,103136.11919516893,-33448.319195168915,1154412.3,3034993.6242531287,-726169.0242531288,34843.9,103136.11919516893,-33448.319195168915
55,1944410.3333333333,4375488.184985644,-486667.5183189779,1944410.3333333333,4375488.184985644,-486667.5183189779,1966246.3,4433962.174711632,-501469.5747116313,701250.3,2007337.6118234885,-604837.0118234884,1944410.3333333333,4375488.184985644,-486667.5183189779,701250.3,2007337.6118234885,-604837.0118234884
56,1297186.3,3117427.492006509,-523054.892006509,1287745.3666666667,3090072.323942835,-514581.5906095016,1338435.95,3200209.988690194,-523338.0886901943,203367.06666666668,458738.00641037594,-52003.873077042605,1292349.2,3103410.4799916074,-518712.0799916072,203367.06666666668,458738.00641037594,-52003.873077042605
57,2173756.1,4545475.916058263,-197963.7160582631,2163501.65,4520103.086242724,-193099.7862427244,2202117.6166666667,4611023.138374375,-206787.90504104132,1014662.7,2543153.7407819033,-513828.3407819031,2168464.7666666666,4532374.1789816655,-195444.6456483323,1014662.7,2543153.7407819033,-513828.3407819031
58,1414892.1,3388389.572440086,-558605.3724400855,1388004.3666666667,3327159.6085841423,-551150.8752508091,1418978.3166666667,3409574.190794222,-571617.5574608885,203225.0,427552.3407388806,-21102.340738880623,1400005.8333333333,3355695.2296587154,-555683.5629920487,203225.0,427552.3407388806,-21102.340738880623
59,1472362.6333333333,3287759.9867787184,-343034.7201120518,1445462.0333333334,3226626.6874847375,-335702.62081807083,1494008.1666666667,3361207.5127232065,-373191.17938987305,342544.63333333336,621098.9656615463,63990.30100512039,1457419.8,3254929.4675907316,-340089.86759073124,342544.63333333336,621098.9656615463,63990.30100512039
60,2078365.9,4224654.790969314,-67922.99096931377,2042518.3,4151442.8811757304,-66406.28117573005,2084948.6166666667,4274785.779024531,-104888.54569119774,983029.3,2444205.5922953514,-478146.9922953516,2058620.6333333333,4185161.6978781195,-67920.43121145293,983029.3,2444205.5922953514,-478146.9922953516
61,1475674.4,3287442.447919486,-336093.6479194863,1436564.4666666666,3193111.198984296,-319982.2656509632,1503398.5833333333,3384394.4704529354,-377597.3037862689,316323.43333333335,578268.4821021057,54378.384564560925,1453976.2666666666,3236352.974512152,-328400.4411788187,316323.43333333335,578268.4821021057,54378.384564560925
62,1506202.2,3381356.817259657,-368952.41725965706,1462149.1333333333,3272985.191664734,-348686.9249980673,1570097.8333333333,3586763.8141124784,-446568.1474458119,311810.23333333334,588221.2374386932,35399.229227973556,1482138.6666666667,3322719.1171325864,-358441.7837992532,311810.23333333334,588221.2374386932,35399.229227973556
63,2170613.7,4469227.048973934,-127999.64897393342,2124211.0,4368267.164347308,-119845.16434730729,2282185.4166666665,4768540.548607482,-204169.7152741491,991717.4666666667,2435719.070871435,-452284.1375381019,2145849.6666666665,4414712.885786917,-123013.55245358404,991717.4666666667,2435719.070871435,-452284.1375381019
64,2292339.566666667,4761024.516392992,-176345.3830596581,2241500.3833333333,4646055.210811673,-163054.44414500613,2402873.45,5060904.158446616,-255157.25844661472,1004183.6333333333,2471866.5778246354,-463499.3111579688,2267675.033333333,4700826.227255572,-165476.16058890475,1004183.6333333333,2471866.5778246354,-463499.3111579688
65,1659884.6,3760016.393632728,-440247.19363272795,1609322.8666666667,3629639.9053469757,-410994.17201364203,1736934.5,3994727.5348683316,-520858.5348683316,344268.4666666667,656249.7665130175,32287.166820315877,1636708.7333333334,3692378.2175566037,-418960.7508899369,344268.4666666667,656249.7665130175,32287.166820315877
66,1301160.0666666667,3049842.016993128,-447521.8836597949,1259488.15,2927969.7111391425,-408993.41113914293,1357958.6666666667,3213233.0386087373,-497315.7052754038,257126.6,526000.4863947862,-11747.286394786177,1277941.5333333334,2981920.5594081236,-426037.49274145695,257126.6,526000.4863947862,-11747.286394786177
67,1320535.3,3064637.679852167,-423567.0798521673,1274528.7,2930388.0109163234,-381330.6109163235,1401806.15,3299478.2920407727,-495865.9920407729,277679.76666666666,578585.7209370581,-23226.18760372477,1294676.9,2989156.5054204855,-399802.7054204857,277679.76666666666,578585.7209370581,-23226.18760372477
68,1482409.4,3220542.9459977904,-255724.1459977904,1433359.2333333334,3077704.065682321,-210985.5990156543,1510152.8666666667,3333452.658342082,-313146.9250087484,427101.06666666665,769781.2593815161,84420.87395181722,1454609.2,3139553.5305799376,-230335.13057993772,427101.06666666665,769781.2593815161,84420.87395181722
69,2162573.6333333333,4441923.507035553,-116776.24036888639,2100766.75,4306245.1391596235,-104711.639159624,2221350.2666666666,4611887.828603474,-169187.29527014168,1105727.7666666666,2667525.7895953595,-456070.25626202626,2132249.1,4368596.396422109,-104098.19642210891,1105727.7666666666,2667525.7895953595,-456070.25626202626
70,2315903.4,4745062.5938607585,-113255.79386075865,2221883.3666666667,4541425.424158329,-97658.69082499621,2262036.966666667,4675036.588538688,-150962.65520535456,1147418.0,2748806.4121564208,-453970.41215642076,2283119.3666666667,4664145.022314522,-97906.28898118855,1147418.0,2748806.4121564208,-453970.41215642076
71,2298890.433333333,4697536.342973229,-99755.47630656231,2194393.783333333,4455303.778683415,-66516.21201674826,2233459.8333333335,4572599.319170136,-105679.6525034695,1051905.0333333334,2372215.558783533,-268405.49211686617,2259995.1333333333,4595203.047240032,-75212.78057336574,1051905.0333333334,2372215.558783533,-268405.49211686617
72,2577822.6666666665,5337029.53733626,-181384.20400292706,2468891.8666666667,5093224.997946922,-155441.26461358787,2521192.183333333,5234232.74970538,-191848.3830387136,1210802.8,2925470.905748733,-503865.30574873276,2532408.066666667,5222686.180873573,-157870.0475402386,1210802.8,2925470.905748733,-503865.30574873276
73,2017909.4333333333,4328645.524860824,-292826.6581941575,1891879.2666666666,4021133.021607899,-237374.4882745659,1934881.9,4167095.4662575345,-297331.66625753464,568046.6333333333,1048693.835610363,87399.43105630367,1967072.1666666667,4180917.133300095,-246772.79996676114,568046.6333333333,1048693.835610363,87399.43105630367
74,2875460.2666666666,5861250.877994342,-110330.34466100903,2736122.7666666666,5588126.024738399,-115880.49140506657,2762190.3,5761980.66214261,-237600.06214261008,1327009.4666666666,3201649.320273049,-547630.3869397163,2817918.2,5724761.225468596,-88924.82546859654,1327009.4666666666,3201649.320273049,-547630.3869397163
75,2144600.7,4556659.274248294,-267457.8742482932,1984319.2,4205525.56078107,-236887.1607810699,1985095.1166666667,4303440.993318496,-333250.75998516334,605656.2,1207488.7467416315,3823.6532583682565,2078967.3666666667,4376583.883401477,-218649.15006814338,605656.2,1207488.7467416315,3823.6532583682565
76,2763566.566666667,5659283.997522034,-132150.86418870045,2614740.966666667,5360885.593369804,-131403.6600364712,2655012.2,5519756.087944609,-209731.68794460874,1208182.6333333333,2985406.2777454173,-569041.0110787505,2729224.3666666667,5580942.040903565,-122493.30757023161,1208182.6333333333,2985406.2777454173,-569041.0110787505
77,2926042.933333333,5996867.855267333,-144781.9886006671,2740928.816666667,5658243.3927271385,-176385.7593938047,2886780.8333333335,6024928.652229639,-251366.98556297133,1383847.9333333333,3442639.476332587,-674943.6096659207,2893887.566666667,5928628.628267868,-140853.49493453465,1383847.9333333333,3442639.476332587,-674943.6096659207
78,2528968.566666667,5205615.673883714,-147678.54055038,2369636.183333333,4849310.586400369,-110038.21973370342,2512215.1166666667,5177152.909946742,-152722.67661340768,830956.7666666667,1814566.0664853777,-152652.53315204429,2522554.066666667,5199596.864146722,-154488.73081338778,830956.7666666667,1814566.0664853777,-152652.53315204429
79,2766050.8,5795036.715795081,-262935.115795081,2585205.566666667,5385824.529647685,-215413.3963143509,2597997.466666667,5449945.30089087,-253950.36755753728,995881.8333333334,2297104.0845938046,-305340.4179271379,2758892.8333333335,5788321.8590353895,-270536.19236872206,995881.8333333334,2297104.0845938046,-305340.4179271379
80,3146300.9,6889685.94969569,-597084.1496956893,2921733.4,6373699.836904958,-530233.0369049576,2883157.5166666666,6295117.612096706,-528802.5787633737,995244.6,2326439.610223495,-335950.4102234951,3138305.8666666667,6882177.491783621,-605565.7584502879,995244.6,2326439.610223495,-335950.4102234951
81,3506858.6333333333,7313648.34664678,-299931.07998011354,3267496.6,6837553.7248152625,-302560.52481526276,3287369.6666666665,6912773.33574965,-338034.0024163178,1659264.1666666667,4286757.854180313,-968229.5208469795,3497904.8333333335,7305316.1219668565,-309506.45530018955,1659264.1666666667,4286757.854180313,-968229.5208469795
82,4079551.1333333333,8755556.343974542,-596454.0773078748,3795937.0166666666,8135391.77697326,-543517.7436399264,3800720.6166666667,8222470.392649895,-621029.1593165607,1675331.1,4300301.476659335,-949639.2766593355,4064446.5,8741212.01298038,-612319.0129803782,1675331.1,4300301.476659335,-949639.2766593355
83,3411571.4,6977516.769885429,-154373.96988542937,3157687.1,6373714.800488964,-58340.60048896354,3134919.933333333,6355697.92695046,-85858.0602837936,1380008.9666666666,2893472.9391280646,-133455.0057947312,3397958.3,6963717.422461539,-167800.82246153895,1380008.9666666666,2893472.9391280646,-133455.0057947312
84,3855411.533333333,8268130.859400734,-557307.7927340679,3553427.316666667,7516500.771204099,-409646.13787076576,3520763.15,7441915.532345918,-400389.2323459182,1374310.3,2880134.4045573,-131513.80455729994,3833746.3,8246437.915253387,-578945.3152533872,1374310.3,2880134.4045573,-131513.80455729994
85,4037674.466666667,8700959.691077098,-625610.7577437656,3726096.533333333,7897617.997881234,-445424.93121456774,3634247.1,7669714.9391793,-401220.73917930014,1439498.1,3028427.893673436,-149431.69367343537,4080918.433333333,8871738.630946867,-709901.7642802014,1439498.1,3028427.893673436,-149431.69367343537
86,4858358.666666667,10163818.933261618,-447101.59992828406,4526219.383333334,9364596.214317301,-312157.44765063375,4638623.933333334,9635707.478805047,-358459.61213837843,2133260.1333333333,4887031.388885742,-620511.1222190754,4887916.433333334,10286107.63562233,-510274.7689556638,2133260.1333333333,4887031.388885742,-620511.1222190754
87,4883392.166666667,10297184.199616835,-530399.8662835015,4536797.733333333,9430410.457820024,-356814.9911533566,4467542.033333333,9309024.601727586,-373940.53506092075,2049263.6333333333,4751942.777518622,-653415.510851955,4974329.2,10583206.481381007,-634548.0813810052,2049263.6333333333,4751942.777518622,-653415.510851955
88,4082850.2,8789048.76856533,-623348.3685653303,3687308.7333333334,7730620.913777457,-356003.4471107898,3671827.1,7652917.336852391,-309263.13685239106,1362393.5,2868269.427834329,-143482.4278343292,4155097.033333333,9034813.308583807,-724619.2419171408,1362393.5,2868269.427834329,-143482.4278343292
89,4216963.833333333,9032628.880352568,-598701.2136859028,3814599.6333333333,7958524.567340992,-329325.3006743258,3851292.183333333,8065062.927642815,-362478.56097614905,1403740.0,2947347.303454452,-139867.3034544522,4196404.233333333,9010559.062565047,-617750.5958983805,1403740.0,2947347.303454452,-139867.3034544522
90,4189025.2666666666,8938807.010892589,-560756.4775592564,3730526.533333333,7718686.985738682,-257633.91907201568,3690543.35,7593610.6746884845,-212523.97468848433,1286412.8333333333,2749135.881332193,-176310.21466552652,4266174.6,9193026.954704657,-660677.7547046589,1286412.8333333333,2749135.881332193,-176310.21466552652
91,3702817.4,8093706.595523413,-688071.795523413,3214637.933333333,6847231.956646167,-417956.089979501,3239826.5833333335,6926713.490938574,-447060.3242719071,897001.5,2226557.2299762336,-432554.22997623356,3737549.5,8243269.280957458,-768170.2809574576,897001.5,2226557.2299762336,-432554.22997623356
92,4431277.166666667,9554398.846993402,-691844.5136600668,3882736.1333333333,8113264.327818884,-347792.0611522165,3835628.1666666665,7978809.940877909,-307553.60754457535,1192817.4333333333,2595361.5817017653,-209726.7150350986,4450524.266666667,9672008.813877353,-770960.2805440202,1192817.4333333333,2595361.5817017653,-209726.7150350986
93,4497712.5,10219995.57119866,-1224570.5711986609,3906550.0,8631786.726444218,-818686.7264442174,3910335.6166666667,8637051.036177022,-816379.8028436895,934821.5666666667,2281576.748617008,-411933.61528367456,4533769.566666666,10368730.44661254,-1301191.3132792078,934821.5666666667,2281576.748617008,-411933.61528367456
94,4476047.366666666,9544497.631164577,-592402.8978312444,3843439.6666666665,7856373.070589343,-169493.7372560096,3958216.3,8165327.62010644,-248895.0201064404,1207461.6666666667,2633653.6393052763,-218730.30597194284,4493630.933333334,9653175.7727952,-665913.9061285341,1207461.6666666667,2633653.6393052763,-218730.30597194284
95,4599301.0,9903846.642826486,-705244.6428264864,3897698.716666667,8002679.137724659,-207281.70439132582,3973238.8666666667,8136252.271222044,-189774.5378887104,1221189.6333333333,2639649.758375856,-197270.49170918972,4578292.4,9895972.894291952,-739388.0942919515,1221189.6333333333,2639649.758375856,-197270.49170918972
96,4596869.566666666,9733990.531997906,-540251.3986645732,3962022.6333333333,8006609.931252062,-82564.66458539618,4072828.783333333,8241081.28404034,-95423.7173736738,1269586.8333333333,2726485.8958415305,-187312.22917486378,4563740.666666667,9670188.52937017,-542707.1960368361,1269586.8333333333,2726485.8958415305,-187312.22917486378
97,5473830.5,12296313.879074493,-1348652.8790744934,4566339.083333333,9726683.33390022,-594005.1672335556,4746219.666666667,10108540.105451286,-616100.7721179519,1221241.6333333333,2638404.678556565,-195921.41188989882,5459039.5,12277866.404449865,-1359787.4044498662,1221241.6333333333,2638404.678556565,-195921.41188989882
98,5526863.266666667,12497096.529667344,-1443369.9963340107,4557293.45,9746093.363020495,-631506.4630204942,4560035.016666667,9647754.068669599,-527684.0353362663,1179436.9666666666,2585261.285556047,-226387.35222271434,5583515.133333334,12687344.003888395,-1520313.737221728,1179437.0,2585261.3151848232,-226387.315184823
99,5947337.566666666,13545031.63826207,-1650356.5049287379,4829602.533333333,10340910.063672531,-681704.9970058659,4815536.25,10191821.82507312,-560749.3250731193,1260562.7,2701317.320006118,-180191.92000611825,6037341.633333334,13830085.881940342,-1755402.615273674,1260562.7333333334,2701317.349476074,-180191.88280940708
100,5632127.2,13240700.618407553,-1976446.2184075527,4367396.366666666,9604460.341739504,-869667.6084061712,4405755.933333334,9617791.017961271,-806279.151294604,964258.7333333333,2331515.7929182732,-402998.3262516066,5734686.5,13561798.974724544,-2092425.9747245442,964258.7833333333,2331515.838247096,-402998.27158042963
101,6563114.766666667,14806873.98235481,-1680644.4490214773,5172553.833333333,10946532.689280385,-601425.0226137191,5216659.45,10965730.960461784,-532412.0604617829,1660351.5,4302178.021241838,-981475.0212418376,6547365.933333334,14782489.333272554,-1687757.4666058877,1660351.5,4302178.021241838,-981475.0212418376
102,7232193.866666666,16144448.106109388,-1680060.3727760566,5633451.466666667,11690891.687208064,-423988.7538747294,5686980.133333334,11745810.57567872,-371850.3090120517,1864413.5,4510205.913776248,-781378.9137762478,7264396.166666667,16255546.881802253,-1726754.5484689204,1864413.3666666667,4510205.7928890735,-781379.0595557406
103,7184964.666666667,16085145.78257009,-1715216.4492367571,5668820.316666666,11831721.483244829,-494080.849911497,5643498.683333334,11676141.7297429,-389144.36307623144,1878315.3666666667,4534851.853863768,-778221.1205304349,7275890.5,16363172.091274878,-1811391.091274878,1878315.2666666666,4534851.7632299755,-778221.2298966418
104,6732058.4,15825059.247079829,-2360942.447079828,5087310.883333334,11057772.026168939,-883150.2595022712,5103619.0,11011329.773543108,-804091.7735431083,1172216.9333333333,2574926.9211265114,-230493.05445984472,6827605.233333333,16122578.545676127,-2467368.079009461,1172216.7,2574926.713623029,-230493.3136230295
105,6852238.266666667,15890364.64735752,-2185888.1140241856,5235500.383333334,11209181.180809792,-738180.4141431246,5250747.633333334,11160026.613122562,-658531.3464558944,1248594.3333333333,2665424.971848541,-168236.3051818742,6899671.9,16046894.01958669,-2247550.219586689,1248593.4166666667,2665424.1621859246,-168237.3288525911
106,7716695.766666667,16998024.327054005,-1564632.7937206728,6125251.083333333,12517033.767850678,-266531.6011840133,6274856.7,12834328.548069695,-284615.14806969464,2042676.0333333334,4690313.06067679,-604960.9940101227,7675124.933333334,16895402.397838823,-1545152.5311721545,2042675.5,4690312.581849346,-604961.5818493464
107,7757126.133333334,16999589.675727364,-1485337.4090606952,6218758.35,12665696.137542797,-228179.437542798,6370462.15,13006164.252938798,-265239.95293879695,2056990.3666666667,4707217.283311076,-593236.5499777435,7752940.333333333,17003666.45327452,-1497785.7866078531,2056988.8333333333,4707215.9076195685,-593238.2409529018
108,7924571.566666666,17424161.68145383,-1575018.5481204968,6388336.683333334,13083320.034502266,-306646.6678355988,6584111.066666666,13564921.267206453,-396699.13387311995,2036205.5666666667,4687394.246236442,-614983.1129031086,7928960.8,17452332.8310083,-1594411.2310083015,2036198.5,4687387.898325922,-614990.8983259224
109,7029441.766666667,16945182.727416493,-2886299.1940831607,5397482.116666666,12193405.112052206,-1398440.8787188744,5467153.566666666,12318784.68993414,-1384477.5566008072,759424.5333333333,1509826.0713554267,9022.995311240084,7009446.0,16902459.533309385,-2883567.5333093833,759366.0666666667,1509775.391775107,8956.741558226291
110,7658652.0,17470963.870567165,-2153659.8705671635,5955668.333333333,12545119.758056642,-633783.0913899764,6048665.55,12705602.09810917,-608270.9981091712,1494953.5333333334,2985578.1459487258,4328.920717940899,7638683.533333333,17426025.307138447,-2148658.2404717803,1494940.6,2985566.9295949466,4314.270405053627
111,7254632.5,15253170.9645091,-743905.9645090997,5982116.833333333,11745150.664813817,219083.00185285043,6077267.733333333,11915516.41841551,239019.04825115763,2253916.966666667,4984057.008751525,-476223.0754181915,7220996.1,15170806.502494883,-728814.3024948826,2253897.066666667,4984039.283429531,-476245.1500961976
112,6996435.633333334,15513021.418735046,-1520150.1520683775,5723305.55,11855731.727710567,-409120.62771056686,5790949.816666666,11948129.2927167,-366229.6593833687,1495054.4,2988063.226934378,2045.5730656220112,6978455.533333333,15472457.21085297,-1515546.144186303,1495052.5666666667,2988061.636767931,2043.4965654024854
113,7823514.833333333,16819184.6600467,-1172154.9933800353,6412907.65,12870984.949556304,-45169.6495563034,6605425.35,13248344.301400643,-37493.60140064359,2139864.433333333,4802568.498692246,-522839.6320255804,7803341.4,16772254.259266736,-1165571.4592667352,2139863.783333333,4802567.917887957,-522840.3512212904
114,7273487.466666667,16110770.69537117,-1563795.762037836,5813404.166666667,11888416.262551341,-261607.92921800632,5927990.916666667,12124157.045873769,-268175.21254043374,1549985.8,3040874.6810568487,59096.9189431516,7257969.466666667,16065412.998581948,-1549474.0652486142,1549985.6333333333,3040874.5373432618,59096.729323405074
115,6387057.066666666,13540979.243723774,-766865.1103904415,4951090.833333333,9434000.74945108,468180.9172155857,5077115.4,9666513.26263841,487717.5373615902,1627267.0333333334,3112586.79211009,141947.27455657697,6366158.866666666,13480233.892693002,-747916.1593596693,1627267.0333333334,3112586.79211009,141947.27455657697
116,6134833.2,12925865.155210193,-656198.7552101929,4806827.133333334,9140895.952415623,472758.31425104383,5032817.783333333,9636099.370534718,429536.19613194745,1564017.7,3019889.3989372426,108146.00106275734,6077850.066666666,12760610.477358881,-604910.3440255485,1564017.7,3019889.3989372426,108146.00106275734
117,6982024.466666667,14245529.739061836,-281480.8057285026,5578437.333333333,10437796.49393741,719078.1727292566,5712785.016666667,10704732.082320306,720837.9510130268,2168937.2333333334,4816455.470545766,-478581.00387909915,6934620.633333334,14112218.389119938,-242977.1224532714,2168937.25,4816455.485403715,-478580.98540371424
118,5757036.733333333,12606587.516860807,-1092514.0501941405,4444849.366666666,8853019.996731991,36678.736601341516,4571116.783333333,9112840.359098773,29393.2075678939,868295.2666666667,1567623.4021045181,168967.1312288153,5736861.3,12547797.89929095,-1074075.2992909485,868295.2666666667,1567623.4021045181,168967.1312288153
119,6567993.9,13606822.724666394,-470834.9246663926,5242136.2,9871042.55065379,613229.8493462102,5395148.05,10154651.930299714,635644.1697002864,1568760.1333333333,3019989.2211192027,117531.0455474637,6519360.633333334,13466528.459497135,-427807.1928304685,1568760.1333333333,3019989.2211192027,117531.0455474637
120,6536887.766666667,13480742.451895775,-406966.91856244206,5382809.383333334,10262254.87144792,503363.8952187458,5472481.35,10421665.530354336,523297.1696456624,1511486.6333333333,2939684.472899916,83288.79376675049,6514414.466666667,13416161.149127651,-387332.2157943174,1511486.6333333333,2939684.472899916,83288.79376675049
121,5525798.066666666,12333554.842076384,-1281958.7087430507,4342326.516666667,8987183.529642649,-302530.4963093158,4511208.283333333,9285505.13243388,-263088.56576721277,786097.8666666667,1441455.8913592603,130739.84197407309,5484473.466666667,12213472.506280988,-1244525.5729476558,786097.8666666667,1441455.8913592603,130739.84197407309
122,5462479.033333333,12078965.827913964,-1154007.7612472977,4400056.333333333,9086993.853107601,-286881.18644093536,4566038.3,9482031.937843919,-349955.3378439201,789899.2666666667,1441423.3045141194,138375.22881921416,5411904.133333334,11932465.991502464,-1108657.7248357972,789899.2666666667,1441423.3045141194,138375.22881921416
123,4967756.566666666,10629846.18848632,-694333.0551529881,4117565.85,8256208.268072989,-21076.568072988186,4411134.166666667,8961796.833440596,-139528.50010726228,782880.9666666667,1403005.9230171964,162756.0103161371,4926104.766666667,10510316.019891897,-658106.486558564,782880.9666666667,1403005.9230171964,162756.0103161371
124,4819241.466666667,10099658.228533505,-461175.29520017095,4068980.9166666665,8060377.896477646,77583.93685568683,4447759.616666666,8931408.538311241,-35889.30497790873,783272.1,1401829.0835621394,164715.11643786065,4851069.833333333,10190320.331927342,-488180.6652606763,783272.1,1401829.0835621394,164715.11643786065
125,5099786.933333334,10733369.064711079,-533795.1980444128,4380904.933333334,8773103.281600997,-11293.41493433062,4508192.75,9009832.963440463,6552.536559537984,813335.2,1461940.1840678665,164730.21593213337,5074513.466666667,10661091.005135432,-512064.07180209924,813335.2,1461940.1840678665,164730.21593213337
126,4984216.166666667,9210477.83488758,757954.4984457549,4512279.633333334,8033287.120397491,991272.1462691757,4571081.766666667,8095727.536545597,1046435.9967877367,1522474.7,2959079.2956148135,85870.10438518669,4991709.533333333,9230727.847930048,752691.2187366178,1522474.7,2959079.2956148135,85870.10438518669
127,5744351.166666667,10394053.05871261,1094649.2746207248,5349467.116666666,9512519.330652364,1186414.9026809684,5439732.783333333,9631362.810997372,1248102.7556692935,2266701.0,4929889.24424349,-396487.24424349004,5744205.033333333,10393688.622537332,1094721.4441293348,2266701.0,4929889.24424349,-396487.24424349004
128,5565443.966666667,10780577.905188799,350310.0281445356,5242819.583333333,9980700.02667951,504939.1399871558,5299032.066666666,10074381.265947554,523682.8673857786,1505986.6333333333,2928531.688747617,83441.57791904965,5531824.266666667,10686305.218041215,377343.3152921172,1505986.6333333333,2928531.688747617,83441.57791904965
129,4845492.0,10095088.007973354,-404104.0079733534,4575352.916666667,9400460.454820368,-249754.62148703355,4573652.916666667,9379992.784821216,-232686.951487883,829366.0666666667,1532770.1772306585,125961.95610267483,4845492.0,10095088.007973354,-404104.0079733534,829366.0666666667,1532770.1772306585,125961.95610267483
130,4951744.133333334,10235499.398287537,-332011.13162086904,4718372.483333333,9688822.5980319,-252077.63136523496,4683291.05,9682251.803951388,-315669.7039513886,855456.3,1609089.0740074583,101823.5259925418,4947043.966666667,10222007.094480934,-327919.16114760004,855456.3,1609089.0740074583,101823.5259925418
131,4753859.033333333,9797482.832538763,-289764.76587209664,4555783.083333333,9310952.216397587,-199386.04973092023,4560291.65,9300356.48513645,-179773.18513644766,802605.8333333334,1500459.3742151314,104752.29245153535,4753859.033333333,9797482.832538763,-289764.76587209664,802605.8333333334,1500459.3742151314,104752.29245153535
132,5147220.333333333,10398973.1133884,-104532.44672173541,4885181.583333333,9894604.301442191,-124241.13477552496,4825057.2,9812873.16641432,-162758.76641432103,893953.6,1696734.0831096768,91173.11689032323,5155053.033333333,10408422.844542544,-98316.77787587699,893953.6,1696734.0831096768,91173.11689032323
133,5124574.833333333,10169002.287386212,80147.37928045355,4917691.833333333,9784314.804859761,51068.861806903966,4829774.05,9593601.67677587,65946.42322412878,925358.5,1749567.5114566563,101149.48854334385,5124574.833333333,10169002.287386212,80147.37928045355,925358.5,1749567.5114566563,101149.48854334385
134,4631284.7,8630105.569679657,632463.8303203429,4427924.966666667,8305546.097008355,550303.8363249786,4424042.583333333,8314292.436275099,533792.7303915666,1551295.2333333334,2996785.653069963,105804.81359670358,4639721.033333333,8640922.758443007,638519.3082236592,1551295.2333333334,2996785.653069963,105804.81359670358
135,4606960.133333334,8586128.086889457,627792.1797772115,4428710.45,8291442.801822381,565978.0981776188,4440270.716666667,8307041.806056014,573499.6272773193,1520638.9,2987765.9680386437,53511.83196135587,4586405.566666666,8564129.573265595,608681.5600677379,1520638.9,2987765.9680386437,53511.83196135587
136,3816138.2666666666,7631558.43074755,718.1025857832283,3630891.8833333333,7342888.198694291,-81104.43202762352,3704623.05,7474861.173566606,-65615.0735666058,809549.8,1542982.7920259077,76116.80797409243,3814536.4,7630137.51352356,-1064.7135235602036,809549.8,1542982.7920259077,76116.80797409243
137,4251324.2,8717892.621099997,-215244.22109999787,4072872.5,8451557.638652911,-305812.6386529114,4092596.466666667,8513902.528521337,-328709.59518800303,838443.6666666666,1612708.9014959456,64178.4318373875,4249469.933333334,8716002.766152464,-217062.8994857967,838443.6666666666,1612708.9014959456,64178.4318373875
138,4150003.0,8760216.052965302,-460210.05296530295,3999129.816666667,8521565.758125992,-523306.1247926592,4022104.8666666667,8583882.385020316,-539672.6516869827,809909.1333333333,1519988.028958817,99830.23770784948,4165526.8666666667,8779573.688377727,-448519.9550443939,809909.1333333333,1519988.028958817,99830.23770784948
139,4209753.633333334,8795243.705716027,-375736.4390493594,4041511.0166666666,8510064.48444648,-427042.45111314673,4057872.25,8590444.080284946,-474699.5802849466,784857.1333333333,1482332.8354387053,87381.43122796132,4193543.7666666666,8777331.361318301,-390243.82798496913,784857.1333333333,1482332.8354387053,87381.43122796132
140,4720921.033333333,9000590.618852763,441251.4478139039,4553108.5,8723931.02353757,382285.9764624294,4546795.966666667,8700519.10820614,393072.82512719417,1475038.7666666666,2910646.964753622,39430.56857971079,4703925.3,8982541.242717478,425309.3572825212,1475038.7833333334,2910646.9791518473,39430.58751481958
141,4618418.066666666,8823127.785545062,413708.34778826963,4439417.6,8552948.209676096,325886.99032390304,4413671.683333334,8558054.100695241,269289.26597142546,1513436.2333333334,2943666.1427342333,83206.32393243373,4621744.5,8830701.894779705,412787.1052202955,1513436.25,2943666.1570646465,83206.34293535352
142,5278816.233333333,9904576.189141396,653056.2775252713,5079374.05,9610018.062494425,548730.0375055745,5057468.25,9567610.208113406,547326.2918865951,2155589.066666667,4811192.671160146,-500014.5378268119,5262984.966666667,9887866.044553969,638103.8887793645,2155589.0833333335,4811192.686034707,-500014.51936804084
143,5309300.3,10066399.623691358,552200.976308641,5143363.0,9822310.11749289,464415.88250711,5156212.133333334,9845198.479621919,467225.78704474866,2752586.1333333333,5611471.208639208,-106298.94197254116,5314358.933333334,10075292.131196357,553425.7354703108,2752586.0833333335,5611471.106813333,-106298.94014666602
144,4719029.266666667,9172047.996686876,266010.53664645646,4494544.683333334,8849243.082070202,139846.28459646646,4471600.533333333,8842518.586358562,100682.48030810524,2120690.9,4008853.1529086796,232528.64709132025,4646972.7,9084349.468611278,209595.93138872273,2120690.8833333333,4008853.090734476,232528.67593219015
145,4634669.1,9117689.265002307,151648.93499769364,4461027.583333333,8858712.14645112,63343.02021554764,4412281.683333334,8757305.068088992,67258.2985776756,2063626.9666666666,3914664.1497102557,212589.78362307767,4639538.9,9126778.030406293,152299.76959370915,2063626.8166666667,3914663.7999649458,212589.8333683873
146,5183607.766666667,9731127.842081059,636087.6912522735,4969646.25,9427795.005495142,511497.4945048569,4953690.1,9359776.916040964,547603.2839590348,2829863.6333333333,5698366.877694071,-38639.611027404666,5191053.266666667,9743028.031624306,639078.5017090263,2829863.533333333,5698366.666131927,-38639.59946526028
147,5035033.766666667,9330647.251327485,739420.2820058493,4814267.483333333,9028227.836706636,600307.1299600303,4794416.75,8967409.876529995,621423.6234700056,2819474.2333333334,5705099.94617058,-66151.47950391332,5006843.3,9298138.807733456,715547.792266544,2819474.1166666667,5705099.68701048,-66151.45367714716
148,4438933.8,8693228.089333374,184639.51066662464,4222220.483333333,8382732.47903535,61708.48763131723,4208996.25,8330303.502361297,87688.99763870332,2271703.566666667,4099025.0744436886,444382.0588896454,4449100.7,8707842.659615692,190358.74038430862,2271703.433333333,4099024.759151687,444382.1075149793
149,4587334.8,9182787.247161595,-8117.647161595523,4383425.466666667,8885827.289517093,-118976.35618375894,4407797.866666666,8899245.200010689,-83649.46667735651,2170511.2666666666,3901137.0263225683,439885.5070107649,4539186.6,9123756.061130714,-45382.86113071535,2170511.1333333333,3901136.7118722317,439885.5547944349
150,5862012.733333333,11668965.00069641,55060.46597025823,5687171.283333333,11426432.847402416,-52090.28073574882,5683751.183333334,11397459.463289611,-29957.096622943878,3643767.1,6991571.039386614,295963.16061338596,5828842.0,11631915.973807849,25768.02619215008,3643767.566666667,6991572.252622781,295962.8807105529
151,5490141.066666666,10593878.713811265,386403.41952206753,5294298.616666666,10311461.714407241,277135.5189260915,5294701.066666666,10281477.456502024,307924.6768313078,2844199.466666667,5201523.066359391,486875.8669739426,5467858.1,10567450.102918075,368266.09708192386,2844199.3,5201522.707151921,486875.8928480791
152,4700579.233333333,9300374.632653777,100783.8340128893,4510648.433333334,8998892.895737775,22403.970928892493,4549156.133333334,9013477.171924831,84835.09474183619,3792390.4,8180148.274156785,-595367.4741567844,4689087.5,9286880.562273743,91294.43772625737,3792390.5,8180148.284274574,-595367.2842745744
153,5773175.5,11183571.660481311,362779.3395186886,5635893.1,10965408.88385322,306377.3161467798,5663540.633333334,11008140.462912632,318940.8037540354,4825687.433333334,10064271.386783756,-412896.52011708915,5772761.866666666,11183116.096581854,362407.63675147854,4825688.1,10064273.014024252,-412896.8140242528
154,5511629.066666666,10812470.880685495,210787.25264783762,5363139.15,10571158.320413627,155119.97958637401,5379170.3,10546626.261579286,211714.3384207124,4667680.066666666,9771189.794895604,-435829.6615622714,5511629.066666666,10812470.880685495,210787.25264783762,4667680.333333333,9771190.134952031,-435829.46828536596
155,5389897.0,10460970.680891553,318823.31910844706,5286197.483333333,10330387.705910997,242007.26075566933,5309699.366666666,10336149.620687291,283249.1126460405,5027648.1,10466548.286865197,-411252.0868651988,5389897.0,10460970.680891553,318823.31910844706,5027655.1,10466561.268153142,-411251.068153142
156,5181135.966666667,10033796.443882797,328475.48945053667,5097950.583333333,9923995.706401445,271905.460265222,5082413.4,9799316.939262655,365509.8607373452,4719785.866666666,9657965.816597506,-218394.08326417394,5181135.966666667,10033796.443882797,328475.48945053667,4719792.266666667,9657977.544891542,-218393.01155820861
157,5362276.333333333,10152057.607873552,572495.0587931145,5292894.266666667,10060532.468625434,525256.0647078995,5309039.516666667,10067204.508802064,550874.5245312685,5003503.566666666,9995157.123455292,11850.009878041223,5362276.333333333,10152057.607873552,572495.0587931145,5003511.0,9995171.382754367,11850.617245632224
158,5498366.233333333,10475497.340130601,521235.12653606664,5451838.35,10423555.925731882,480120.77426811587,5527290.6,10495408.72161838,559172.4783816198,5223600.466666667,10608351.904503131,-161150.9711697977,5498366.233333333,10475497.340130601,521235.12653606664,5223607.9,10608364.943525814,-161149.14352581184
159,5105669.2,10332466.94137945,-121128.54137945082,5040250.133333334,10257199.212752374,-176698.94608570635,5122964.183333334,10330408.441157889,-84480.07449122239,4575657.0,9653497.674961496,-502183.67496149614,5105669.2,10332466.94137945,-121128.54137945082,4575663.5,9653505.843470694,-502178.8434706945
160,6045421.7,11433809.056155846,657034.3438441548,5968106.183333334,11345512.171936559,590700.1947301086,5989230.366666666,11333020.69256204,645440.0407712935,5609061.233333333,11134521.533564791,83600.93310187571,6037184.6,11424685.59741275,649683.6025872482,5609072.8,11134542.043701857,83603.55629814137
161,6610871.466666667,12815045.569651816,406697.36368151754,6570292.783333333,12771639.777033223,368945.7896334436,6611701.4,12799858.8795156,423543.9204844022,6333285.333333333,12913034.190338995,-246463.52367232833,6604653.766666667,12808556.300148454,400751.2331848806,6333295.833333333,12913051.467498658,-246459.80083199218
162,7299985.566666666,15109734.152665,-509763.0193316676,7268371.816666666,15077312.91253125,-540569.2791979164,7331363.566666666,15137401.472051468,-474674.33871813584,7173458.333333333,15167851.156904683,-820934.4902380155,7293906.433333334,15103567.429560315,-515754.5628936477,7173459.066666666,15167852.390154414,-820934.256821081
163,7253476.266666667,15104375.5395905,-597423.0062571671,7232008.016666667,15081410.878335591,-617394.8450022582,7287401.7,15140055.5988768,-565252.1988768,7259002.2,15308375.518350666,-790371.118350666,7247528.033333333,15098323.957186192,-603267.8905195268,7259002.933333334,15308376.697610589,-790370.8309439216
164,7106344.966666667,14948577.48267059,-735887.5493372567,7074509.916666667,14915828.90145025,-766809.0681169163,7096385.033333333,14936549.155083243,-743779.0884165755,7103727.4,15103920.393985953,-896465.5939859515,7100539.8,14942614.907738134,-741535.3077381337,7103728.4,15103922.027190432,-896465.2271904312
165,6521116.033333333,14207593.821279116,-1165361.7546124486,6501840.183333334,14186353.769139452,-1182673.4024727847,6484019.416666667,14174595.541954242,-1206556.7086209068,6464520.466666667,14070139.441666264,-1141098.5083329314,6515482.8,14201791.912404854,-1170826.3124048552,6464521.266666667,14070140.506063625,-1141097.972730291
166,7136360.366666666,14732197.548285201,-459476.81495186966,7107667.233333333,14702648.620677408,-487314.15401074104,7104299.333333333,14698886.172869295,-490287.50620262884,6994807.066666666,14779305.18986117,-789691.0565278362,7130870.9,14726622.41142064,-464880.6114206398,6994807.6,14779306.041700833,-789690.8417008324
167,6544584.5,14087831.895898443,-998662.8958984427,6517609.783333333,14060248.491145596,-1025028.9244789286,6476814.25,14012859.134262575,-1059230.6342625748,6515973.7,14082586.540728267,-1050639.1407282678,6539245.233333333,14082441.562302455,-1003951.0956357885,6515974.5,14082587.572631272,-1050638.5726312716
168,6478573.5,12948163.310617032,8983.68938296847,6478573.5,12948163.310617032,8983.68938296847,6530010.633333334,12994745.67508974,65275.591576929204,6677608.566666666,13494436.103837077,-139218.97050374374,6478573.5,12948163.310617032,8983.68938296847,6677609.633333334,13494437.988544356,-139218.72187768854
169,6245895.233333333,12654696.954503715,-162906.48783704918,6227853.133333334,12633225.952210756,-177519.68554408848,6288162.1,12693253.005735982,-116928.80573598389,6437357.566666666,13218364.907428127,-343649.7740947949,6242013.533333333,12650061.216012973,-166034.14934630692,6437359.633333334,13218368.694704708,-343649.4280380411
170,5949651.866666666,12025969.85872869,-126666.12539535761,5941042.683333334,12015302.566611871,-133217.1999452049,6052983.516666667,12147665.3740052,-41698.34067186713,6249370.4,12707126.327862047,-208385.52786204685,5949651.866666666,12025969.85872869,-126666.12539535761,6249373.933333334,12707131.257387467,-208383.39072079863
171,6740426.4,12877449.81262466,603402.9873753404,6740426.4,12877449.81262466,603402.9873753404,6803775.833333333,12955293.51845834,652258.1482083248,7022198.333333333,13915983.763000084,128412.90366658196,6740426.4,12877449.81262466,603402.9873753404,7022203.333333333,13915992.523453807,128414.14321285859
172,6695705.6,12984508.250940634,406902.9490593653,6695705.6,12984508.250940634,406902.9490593653,6699402.566666666,13010630.209460255,388174.92387307715,6924323.366666666,13987527.390253335,-138880.65692000184,6695705.6,12984508.250940634,406902.9490593653,6924329.933333334,13987540.510549951,-138880.6438832851
173,6806275.6,13067470.723416518,545080.4765834818,6806275.6,13067470.723416518,545080.4765834818,6731461.766666667,13016267.992243277,446655.5410900563,7069225.166666667,14066833.724894991,71616.60843834281,6806275.6,13067470.723416518,545080.4765834818,7069229.0,14066841.504451804,71616.4955481952
174,6069189.7,11787090.357747238,351289.0422527632,6069189.7,11787090.357747238,351289.0422527632,5977310.333333333,11711112.331632456,243508.33503421023,6418776.666666667,12951136.906977046,-113583.57364371326,6069189.7,11787090.357747238,351289.0422527632,6418781.166666667,12951145.38412467,-113583.05079133529
175,6679734.033333333,12584280.832154628,775187.2345120385,6679734.033333333,12584280.832154628,775187.2345120385,6561480.633333334,12481664.54309721,641296.7235694574,7324429.0,14622984.747806547,25873.25219345279,6679734.033333333,12584280.832154628,775187.2345120385,7324428.266666667,14622983.132377183,25873.400956150144
176,6938593.8,12902572.043916354,974615.5560836457,6938593.8,12902572.043916354,974615.5560836457,6772748.833333333,12756714.831802847,788782.8348638192,7339734.266666667,14534475.162569862,144993.37076347228,6938593.8,12902572.043916354,974615.5560836457,7339736.9,14534480.988874812,144992.81112518813
177,6408281.633333334,11728899.688242111,1087663.5784245552,6408281.633333334,11728899.688242111,1087663.5784245552,6276704.566666666,11615069.22728735,938339.9060459826,6755437.4,13135157.61791943,375717.1820805697,6408281.633333334,11728899.688242111,1087663.5784245552,6755438.233333333,13135159.436495442,375717.0301712258
178,6414338.966666667,11386433.352747181,1442244.5805861522,6414338.966666667,11386433.352747181,1442244.5805861522,6235560.266666667,11223739.504523959,1247381.0288093742,6735810.266666667,12788038.6703163,683581.8630170338,6414338.966666667,11386433.352747181,1442244.5805861522,6735810.533333333,12788039.23819324,683581.8284734264
179,5258246.8,9205556.342174252,1310937.2578257471,5258246.8,9205556.342174252,1310937.2578257471,5148542.733333333,9113183.094362829,1183902.3723038388,5446767.033333333,9973299.314617826,920234.7520488407,5258246.8,9205556.342174252,1310937.2578257471,5446767.5,9973300.235901337,920234.7640986629
180,5113627.166666667,8985956.213965159,1241298.119368174,5113627.166666667,8985956.213965159,1241298.119368174,5008253.4,8890916.700185083,1125590.0998149184,5523343.566666666,10121125.506886514,925561.6264468189,5113627.166666667,8985956.213965159,1241298.119368174,5523344.3,10121126.930136707,925561.669863293
181,5505671.066666666,9639552.612931017,1371789.520402317,5505671.066666666,9639552.612931017,1371789.520402317,5146669.366666666,9229526.858743753,1063811.8745895787,5504797.766666667,10094597.379326215,914998.1540071182,5505671.066666666,9639552.612931017,1371789.520402317,5504798.833333333,10094599.53517126,914998.1314954069
182,6259313.966666667,10390033.197292302,2128594.7360410327,6259313.966666667,10390033.197292302,2128594.7360410327,5938555.233333333,10029084.295957634,1848026.170709032,6558876.366666666,12189174.6651215,928578.068211834,6259313.966666667,10390033.197292302,2128594.7360410327,6558877.766666667,12189177.975014754,928577.5583185796
183,4987286.866666666,8313844.4458197765,1660729.2875135555,4987286.866666666,8313844.4458197765,1660729.2875135555,4587413.633333334,7788228.246340964,1386599.0203257035,5070964.4,9070676.735047236,1071252.0649527647,4987286.866666666,8313844.4458197765,1660729.2875135555,5070964.3,9070676.50479205,1071252.0952079492
184,5290389.9,8673641.434026994,1907138.3659730065,5290389.9,8673641.434026994,1907138.3659730065,4871379.3,8076425.175166352,1666333.424833648,5313036.6,9325279.958083894,1300793.2419161042,5290389.9,8673641.434026994,1907138.3659730065,5313036.466666667,9325279.662045404,1300793.2712879297
185,5673078.266666667,9206906.660601523,2139249.8727318114,5673078.266666667,9206906.660601523,2139249.8727318114,5332299.533333333,8713725.82422411,1950873.2424425548,5613398.1,10233854.129233811,992942.0707661882,5673078.266666667,9206906.660601523,2139249.8727318114,5613399.166666667,10233856.834186124,992941.4991472103
186,5040128.266666667,8458495.661167093,1621760.8721662415,5040128.266666667,8458495.661167093,1621760.8721662415,4688187.6,7947359.691879512,1429015.5081204874,5046482.3,9489818.280812316,603146.319187683,5040128.266666667,8458495.661167093,1621760.8721662415,5046483.166666667,9489820.480706686,603145.8526266478
187,5071899.633333334,8536128.76287739,1607670.5037892777,5071899.633333334,8536128.76287739,1607670.5037892777,4726586.2,8027233.796458043,1425938.6035419577,5029626.833333333,9503393.582000893,555860.0846657734,5071899.633333334,8536128.76287739,1607670.5037892777,5029627.333333333,9503394.838777546,555859.8278891211
188,5014072.166666667,8454447.076383468,1573697.2569498667,5014072.166666667,8454447.076383468,1573697.2569498667,4683654.433333334,7976109.215590622,1391199.6510760454,4926810.666666667,9237191.356533963,616429.9767993717,5014072.166666667,8454447.076383468,1573697.2569498667,4926810.933333334,9237192.014338933,616429.8523277342
189,4247075.033333333,7442894.127357171,1051255.9393094955,4247075.033333333,7442894.127357171,1051255.9393094955,3986062.2666666666,7063742.214687489,908382.3186458438,4108625.433333333,7561974.820297161,655276.0463695051,4247075.033333333,7442894.127357171,1051255.9393094955,4108625.6,7561975.151024275,655276.0489757247
190,4772240.633333334,8151446.575069245,1393034.6915974226,4772240.633333334,8151446.575069245,1393034.6915974226,4532824.566666666,7829717.94022797,1235931.1931053633,4857319.766666667,9443567.699876405,271071.833456927,4772240.633333334,8151446.575069245,1393034.6915974226,4857319.866666666,9443567.95866791,271071.77466542274
191,4946589.733333333,8460085.95232179,1433093.5143448776,4946589.733333333,8460085.95232179,1433093.5143448776,4735149.066666666,8171697.757295293,1298600.37603804,5196894.933333334,10120846.693765558,272943.1729011098,4946589.733333333,8460085.95232179,1433093.5143448776,5196894.9,10120846.635999002,272943.1640009992
192,4205265.8,7428854.667633598,981676.9323664019,4205265.8,7428854.667633598,981676.9323664019,3978138.7333333334,7079890.400688438,876387.065978229,4604495.2,8714023.74625164,494966.65374836,4205265.8,7428854.667633598,981676.9323664019,4604495.1,8714023.534175053,494966.66582494555
193,4107383.6,7257301.25951639,957465.9404836101,4107383.6,7257301.25951639,957465.9404836101,3959491.433333333,7042577.101462774,876405.7652038927,4587336.6,8666753.77896206,507919.42103793845,4107383.6,7257301.25951639,957465.9404836101,4587336.533333333,8666753.634568298,507919.43209836865
194,4995741.466666667,9240250.014288193,751232.919045141,4995741.466666667,9240250.014288193,751232.919045141,4966624.833333333,9212090.841596447,721158.82507022,5741921.8,11277365.899227843,206477.70077215787,4995741.466666667,9240250.014288193,751232.919045141,5741921.733333333,11277365.736457475,206477.7302091932
195,4328227.6,8277037.255497682,379417.94450231735,4328227.6,8277037.255497682,379417.94450231735,4196766.433333334,8106307.079694334,287225.7869723332,4683627.366666666,9337738.477975376,29516.255357955582,4328227.6,8277037.255497682,379417.94450231735,4683627.366666666,9337738.477975376,29516.255357955582
196,5363649.4,10004427.87633285,722870.9236671524,5363649.4,10004427.87633285,722870.9236671524,5222760.133333334,9831538.209937764,613982.0567289032,5564103.866666666,11344344.685413588,-216136.95208025537,5363649.4,10004427.87633285,722870.9236671524,5564103.766666667,11344344.391165119,-216136.85783178452
197,5360545.966666667,10020372.82583252,700719.107500813,5360545.966666667,10020372.82583252,700719.107500813,5232559.8,9870306.966577187,594812.6334228134,5467643.566666666,11069346.71052583,-134059.57719249744,5360545.966666667,10020372.82583252,700719.107500813,5467643.533333333,11069346.632020295,-134059.56535362918
198,5217868.233333333,9773966.223896116,661770.2427705508,5207347.183333334,9760238.494448941,654455.872217726,5048787.733333333,9578351.569910415,519223.8967562523,5440061.1,11017144.486315317,-137022.2863153182,5213667.333333333,9768474.018384349,658860.6482823184,5440060.966666667,11017144.174005676,-137022.24067234155
199,4990394.733333333,9479116.46692998,501672.9997366881,4977790.416666667,9461365.198939253,494215.6343940804,4818199.516666667,9270618.087915301,365780.9454180319,4955364.6,9971280.787479235,-60551.587479235604,4983401.1,9469250.92281045,497551.27718954906,4955364.566666666,9971280.736896234,-60551.6035629008
200,2670929.566666667,4830718.867319768,511140.26601356594,2656678.683333333,4800408.186720249,512949.179946417,2477452.9833333334,4490855.734623849,464050.23204281717,2717043.8666666667,5215017.195095078,219070.5382382553,2670929.566666667,4830718.867319768,511140.26601356594,2717043.8333333335,5215017.113945374,219070.55272129318
201,2476607.8333333335,4601498.707195766,351716.9594709012,2460716.0833333335,4565136.197444239,356295.9692224283,2333269.3333333335,4330254.691940549,336283.97472611815,2606912.9,5073392.987927791,140432.81207220908,2474742.7,4597217.576175137,352267.82382486295,2606912.8333333335,5073392.847407566,140432.81925910013
202,2777884.9,5060502.170305017,495267.62969498197,2765178.9166666665,5033711.4789600875,496646.35437324597,2646171.6333333333,4834219.086700257,458124.1799664092,3022933.1333333333,5805674.876736149,240191.38993051788,2772061.0,5048199.415279107,495922.5847208933,3022933.1,5805674.796295284,240191.4037047159
203,1995686.6333333333,3707238.097003692,284135.16966297454,1979069.5666666667,3680804.814245507,277334.3190878264,1958188.5666666667,3644665.0512975957,271712.0820357378,2440822.6,4917589.699505998,-35944.4995059981,1997592.9333333333,3710306.51177813,284879.3548885365,2440822.533333333,4917589.528349435,-35944.461682769004
204,1747933.9666666666,3297033.0584915658,198834.87484176736,1726528.8,3263181.3429745594,189876.25702544092,1694559.6333333333,3218605.7882939726,170513.47837269376,2528131.3333333335,5274411.438012749,-218148.77134608245,1753226.2333333334,3305562.088645166,200890.378021501,2528131.2666666666,5274411.206492165,-218148.67315883143
205,2082324.1,4025110.1262936546,139538.0737063454,2060989.6166666667,3976350.252293296,145628.98104003747,2022618.5166666666,3888672.8483970854,156564.18493624753,2265651.8666666667,4657751.791374616,-126448.05804128293,2077301.0,4013583.536594902,141018.4634050976,2265651.8,4657751.621796999,-126448.0217969995
206,2014203.5666666667,3972582.134665536,55824.998667797074,2004267.0166666666,3949254.8117248844,59279.22160844877,1970130.0,3882878.302701466,57381.69729853398,1901662.3333333333,4006876.34085143,-203551.67418476357,2008955.2333333334,3960248.2299335105,57662.23673315602,1901662.3,4006876.257047209,-203551.65704720863
207,1565457.9,3037789.85213129,93125.94786870992,1555199.6,3022477.658214231,87921.54178576916,1540231.8333333333,2998395.6242627874,82068.04240387934,1904136.8,3984271.1947815595,-175997.5947815592,1560581.4333333333,3030478.7986283456,90684.0680383211,1904136.7666666666,3984271.1113837026,-175997.57805036963
208,1754239.5,3230263.476287037,278215.52371296287,1733849.1166666667,3201603.656442389,266094.5768909445,1616754.6166666667,3053195.408719386,180313.8246139472,2017801.6666666667,4256002.827225094,-220399.49389176047,1749742.9,3223854.1198159065,275631.6801840933,2017801.6333333333,4256002.741416279,-220399.4747496131
209,1204902.6333333333,2201521.9108605906,208283.3558060762,1195144.6333333333,2184903.3374876147,205385.92917905212,884229.2333333333,1575449.828013728,193008.63865293853,1669153.7333333334,3649055.8665338466,-310748.39986717957,1201145.3333333333,2195084.995591264,207205.67107540218,1669153.7333333334,3649055.8665338466,-310748.39986717957
210,1536469.6666666667,3034670.2942522396,38269.039081093855,1517539.4,2986771.0501294797,48307.74987052032,1328234.9833333334,2684625.4287941437,-28155.46212747693,1646988.6333333333,3659970.1925445246,-365992.92587785795,1533253.1333333333,3026506.11941424,40000.14725242648,1646988.6,3659970.0977447466,-365992.8977447464
211,1541993.1666666667,3044375.018810789,39611.314522544155,1532702.1,3020720.120149953,44684.07985004736,1373964.3833333333,2808358.14540476,-60429.37873809296,1917738.9,4224232.678081345,-388754.87808134547,1539095.4,3036988.3774227705,41202.422577229096,1917738.4333333333,4224231.461452447,-388754.59478577995
212,1238440.6,2627327.5977342827,-150446.39773428277,1238440.6,2627327.5977342827,-150446.39773428277,1066304.2333333334,2409534.401675012,-276925.9350083454,1523737.9666666666,3252697.9696097933,-205222.03627646016,1238440.6,2627327.5977342827,-150446.39773428277,1523737.9666666666,3252697.9696097933,-205222.03627646016
213,1614228.5333333334,3254556.7863998557,-26099.71973318886,1605126.15,3229852.4735244885,-19600.173524488928,1452909.7666666666,3007475.813424553,-101656.28009121958,1612975.6666666667,3781568.160461977,-555616.8271286434,1614228.5333333334,3254556.7863998557,-26099.71973318886,1612975.1666666667,3781566.705325422,-555616.3719920886
214,1151367.0333333334,2497374.1163758906,-194640.04970922368,1134850.05,2463888.523161499,-194188.42316149897,1081524.4166666667,2401042.643230548,-237993.80989721487,1258569.5666666667,2758880.2470701877,-241741.11373685417,1151366.8666666667,2497373.961682798,-194640.22834946448,1258569.5333333334,2758880.151858959,-241741.085192292
215,1634134.9,3275457.3508836133,-7187.550883613527,1616390.5333333334,3242817.831635521,-10036.764968853677,1592161.55,3207375.449295995,-23052.349295994965,2192272.8666666667,4993629.629972448,-609083.8966391142,1634134.9,3275457.3508836133,-7187.550883613527,2192272.066666667,4993627.358472107,-609083.2251387737
216,1491677.4,3045814.0470000124,-62459.247000012314,1484035.6,3038917.2075229557,-70846.00752295577,1280728.7333333334,2758808.481838107,-197351.01517144009,1501720.7333333334,3129183.8548785,-125742.38821183355,1491677.4,3045814.0470000124,-62459.247000012314,1501720.7,3129183.80875843,-125742.40875843028
217,1669432.0,3238829.9922562083,100034.00774379144,1660567.3166666667,3230912.368856762,90222.26447657123,1546760.0833333333,3119757.6239380036,-26237.457271337276,1900251.8333333333,3827646.83800033,-27143.17133366363,1669432.0,3238829.9922562083,100034.00774379144,1900251.6666666667,3827646.476784623,-27143.143451289507
218,838065.7666666667,1616842.0727536688,59289.46057966468,828937.1666666666,1608369.5723957603,49504.76093757292,778461.6,1542668.7782795248,14254.421720475191,769869.5,1549507.5889482603,-9768.588948260294,838065.7666666667,1616842.0727536688,59289.46057966468,769869.5,1549507.5889482603,-9768.588948260294
219,1079990.6666666667,1942922.6784395226,217058.65489381086,1069863.1333333333,1933757.2483341722,205969.01833249442,936405.6166666667,1752483.3836657815,120327.84966755204,1487962.2666666666,2994482.917522751,-18558.384189417586,1079990.6666666667,1942922.6784395226,217058.65489381086,1487962.1666666667,2994482.7813842176,-18558.448050884297
220,1469647.9666666666,3059238.938504463,-119943.00517113018,1456700.3,3047241.0764359,-133840.47643589973,1232842.4833333334,2762111.430789242,-296426.46412257524,545357.9,974079.6165370762,116636.18346292392,1469647.9666666666,3059238.938504463,-119943.00517113018,545357.8666666667,974079.5489050847,116636.18442824867
221,1698640.4333333333,3155330.7739974093,241950.09266925743,1677528.9833333334,3132539.6452813447,222518.3213853219,1461255.4,2821421.5696344217,101089.23036557785,1263343.5666666667,2550621.39484849,-23934.2615151566,1698640.3,3155330.651978177,241949.9480218233,1263343.5666666667,2550621.39484849,-23934.2615151566
222,953301.1,1727579.8732845401,179022.32671545993,940303.3833333333,1715386.521134709,165220.2455319577,718987.1333333333,1289046.0653377743,148928.20132889214,642358.8333333334,1166666.6506045456,118051.01606212102,953300.9666666667,1727579.7439076495,179022.1894256838,642358.7333333333,1166666.4414070973,118051.02525956929
223,1644120.9333333333,3108168.905509325,180072.9611573415,1634290.0833333333,3099402.2473829216,169177.91928374488,1439707.5666666667,2830004.832589561,49410.300743772415,1223243.8666666667,2565254.4911919786,-118766.75785864517,1644120.8666666667,3108168.8452021116,180072.88813122176,1223243.7666666666,2565254.306327073,-118766.77299373946
224,1376242.5666666667,2311413.918797845,441071.2145354883,1361944.9166666667,2293748.5414329832,430141.29190035013,1258245.9166666667,2165291.30142604,351200.5319072937,1526002.3666666667,3090893.2504113996,-38888.51707806648,1376242.4666666666,2311413.792349192,441071.14098414115,1526002.2,3090892.9324914385,-38888.53249143832
225,1082144.9,1882441.5739845932,281848.22601540654,1067843.0166666666,1862818.8514908734,272867.18184245983,985092.05,1758292.262968815,211891.83703118516,1393734.6,3145166.468341886,-357697.26834188565,1082144.8,1882441.4334719176,281848.16652808245,1393734.5,3145166.1789929084,-357697.1789929082
226,1699082.4333333333,3238093.650375949,160071.21629071748,1689878.7,3227661.31069766,152096.08930233982,1644606.85,3166374.104457292,122839.59554270818,1220723.3333333333,2395327.674267479,46118.99239918706,1699082.3666666667,3238093.5740477107,160071.15928562265,1220723.1,2395327.1003766106,46119.09962338931
227,3209338.6666666665,5850044.99871764,568632.3346156934,3194395.466666667,5834308.73656865,554482.1967646834,3152544.7666666666,5801436.895786749,503652.63754658354,2043552.0666666667,3995180.5275312425,91923.60580209084,3209338.6333333333,5850044.9632532,568632.3034134661,2043551.9,3995180.125595791,91923.67440420901
228,1919027.9666666666,3900889.3805624535,-62833.44722912018,1906591.2833333334,3885962.342534993,-72779.77586832596,1899965.7666666666,3889490.589748695,-89559.05641536182,1049348.9,2088769.0233840898,9928.77661591,1919027.9333333333,3900889.340156775,-62833.47349010827,1049348.6666666667,2088768.4007601142,9928.932573219296
229,2510039.8,4777793.173117824,242286.42688217526,2492231.183333333,4757560.506062425,226901.8606042415,2472683.9833333334,4741159.151385043,204208.81528162444,1500528.3666666667,3040326.313216801,-39269.579883467406,2510039.7666666666,4777793.134746894,242286.39858643943,1500528.2666666666,3040326.084495644,-39269.55116231111
230,2696433.7,5512749.2667432055,-119881.86674320512,2673036.783333333,5486169.641846467,-140096.07517980086,2620625.1166666667,5442078.9351517055,-200828.70181837166,812640.2333333333,1619973.0463189324,5307.420347734122,2696433.6333333333,5512749.189949106,-119881.92328243935,812640.0666666667,1619972.583938811,5307.549394522444
231,2316583.3,4374033.904847866,259132.69515213324,2284957.3333333335,4334649.337141508,235265.3295251585,2044050.8333333333,4003061.496966415,85040.16970025143,1600059.6666666667,3242384.8096684003,-42265.4763350666,2316583.2333333334,4374033.819888761,259132.64677790576,1600059.5666666667,3242384.6385370092,-42265.50520367618
232,2722634.033333333,5025230.441020019,420037.62564664753,2693693.283333333,4989699.631043194,397686.935623473,2419132.4833333334,4644394.251270287,193870.7153963796,2701620.1333333333,5807837.677364081,-404597.41069741454,2722634.033333333,5025230.441020019,420037.62564664753,2701619.9,5807837.106758646,-404597.3067586459
233,1992153.7,4008998.473954456,-24691.073954455787,1973884.55,3985962.4582924433,-38193.35829244298,1872824.7833333334,3859956.021088342,-114306.4544216753,1899366.9666666666,3956575.796196685,-157841.86286335206,1992153.7,4008998.473954456,-24691.073954455787,1899367.0,3956575.875189173,-157841.87518917304
234,2005736.0666666667,3835283.2296282016,176188.90370513196,1993119.0333333334,3818790.0774128065,167447.98925386067,1937008.3166666667,3761513.5394968223,112503.09383651102,1609459.6,3281518.7868048493,-62599.586804849096,2005736.0666666667,3835283.2296282016,176188.90370513196,1609459.5,3281518.5941632534,-62599.59416325344
235,2469013.1333333333,4702414.186533136,235612.08013352985,2451364.183333333,4680978.552445177,221749.8142214897,2357474.933333333,4539281.274691332,175668.59197533457,1578533.0666666667,3160489.4323056983,-3423.2989723649807,2469013.1333333333,4702414.186533136,235612.08013352985,1578533.1,3160489.4838469643,-3423.2838469641283
236,1902564.3,3571496.5946476813,233632.00535231899,1880217.35,3542029.6291167983,218405.0708832019,1694280.7166666666,3264292.0372434985,124269.39608983486,1318212.1333333333,2778696.404741128,-142272.13807446137,1902564.3,3571496.5946476813,233632.00535231899,1318212.1,2778696.309515663,-142272.10951566277
237,1628453.2333333334,2978301.209051339,278605.25761532807,1595211.8166666667,2927339.697991321,263083.93534201244,1389909.4166666667,2577387.301095794,202431.53223753953,1524257.1333333333,3611699.91355938,-563185.6468927132,1628453.2333333334,2978301.209051339,278605.25761532807,1524257.1333333333,3611699.8573202994,-563185.5906536328
238,1142949.3666666667,2132019.251057321,153879.4822760122,1117252.5666666667,2084989.6605474378,149515.47278589546,1004862.5,1829147.9331904557,180577.06680954422,1399107.3666666667,3018824.896457836,-220610.1631245024,1142949.3666666667,2132019.251057321,153879.4822760122,1399107.2666666666,3018824.705807561,-220610.1724742276
239,1279209.1333333333,2359981.605476607,198436.6611900595,1261183.2166666666,2331279.330020177,191087.10331315594,1147947.2,2076917.396346632,218977.0036533681,1726340.3333333333,3634537.4901626976,-181856.82349603088,1279209.1333333333,2359981.605476607,198436.6611900595,1726340.1666666667,3634537.108982262,-181856.77564892848
240,2163475.2666666666,3873141.729694472,453808.80363886105,2141292.4833333334,3844977.3921621945,437607.5745044721,2082997.3666666667,3728867.3739458174,437127.3593875158,1988940.9666666666,4211314.769179501,-233432.8358461673,2163475.2666666666,3873141.729694472,453808.80363886105,1988940.7333333334,4211314.404797784,-233432.93813111726
241,1988035.4666666666,3525580.836066506,450490.0972668275,1962353.8333333333,3491070.7615275215,433636.9051391452,1919691.2,3410540.833591421,428841.5664085788,1844617.6666666667,3924770.2778645945,-235534.944531261,1988035.4666666666,3525580.836066506,450490.0972668275,1844617.4666666666,3924769.929106838,-235534.99577350472
242,1786690.8666666667,3231520.0731763095,341861.6601570239,1767329.5166666666,3204181.886729151,330477.14660418243,1777988.9333333333,3182106.33957771,373871.5270889569,2094022.0666666667,4276036.488369417,-87992.35503608431,1786690.8666666667,3231520.0731763095,341861.6601570239,2094022.2333333334,4276036.887160966,-87992.42049429938
243,2799974.5,4906548.388539532,693400.6114604673,2773997.1333333333,4875300.1925279545,672694.0741387121,2846952.3833333333,4974198.100815545,719706.6658511218,1860658.4,3869554.5539279953,-148237.75392799568,2799974.5,4906548.388539532,693400.6114604673,1860658.1,3869553.9731931873,-148237.77319318708
244,1781214.9333333333,3090619.499425239,471810.367241428,1763056.8833333333,3064264.147924842,461849.61874182476,1830362.1666666667,3166677.509190643,494046.82414269005,1336787.1,2786785.8177929902,-113211.61779299006,1781214.9333333333,3090619.499425239,471810.367241428,1336786.9333333333,2786785.4717842164,-113211.60511754942
245,2008144.0,3538139.9323910205,478148.06760897953,1992677.4333333333,3517844.265110706,467510.60155596095,2076810.3833333333,3629279.689362709,524341.0773039577,1506602.0,3055473.693862159,-42269.693862158805,2008144.0,3538139.9323910205,478148.06760897953,1506601.9333333333,3055473.59609723,-42269.72943056328
246,1535425.0,2779631.0832418706,291218.9167581294,1521531.75,2758988.7154348837,284074.78456511605,1623343.9166666667,2908645.424581524,338042.4087518093,1292031.7666666666,2521292.3862160896,62771.147117243614,1535425.0,2779631.0832418706,291218.9167581294,1292031.5,2521291.8517098697,62771.14829013054
247,1849131.3333333333,3663726.214461772,34536.45220489497,1833677.7,3643418.6447721915,23936.755227808608,1996664.4666666666,3874627.9696823326,118700.96365100052,924372.4666666667,1927668.2469346602,-78923.31360132701,1849131.3333333333,3663726.214461772,34536.45220489497,924372.3666666667,1927668.019347576,-78923.28601424245
248,2187862.966666667,4082022.0276670265,293703.9056663071,2171109.1166666667,4061441.3755315808,280776.85780175263,2337048.95,4296103.923413932,377993.9765860678,1069918.9,2330173.7716298597,-190335.97162985965,2187862.966666667,4082022.0276670265,293703.9056663071,1069918.8666666667,2330173.752439267,-190336.01910593384
249,2167670.6333333333,4019208.5693443865,316132.69732228015,2145200.15,3991930.808941667,298469.4910583326,2280331.6,4193620.817757763,367042.382242237,968224.5666666667,2120082.3242962314,-183633.19096289808,2167670.6333333333,4019208.5693443865,316132.69732228015,968224.5,2120082.1795978914,-183633.1795978914
250,1775072.7333333334,3437927.699491502,112217.76717516524,1759006.3833333333,3417108.1141933976,100904.6524732688,1830066.65,3515129.259961657,145004.04003834282,710733.0,1412918.5918786293,8547.408121370827,1775072.7333333334,3437927.699491502,112217.76717516524,710732.9666666667,1412918.535676162,8547.397657171357
251,2075591.8333333333,3838404.1190771535,312779.547589513,2059699.05,3819112.9080593786,300285.1919406215,2193861.7666666666,4020612.7477414906,367110.78559184284,999485.4,2035295.024222348,-36324.224222347955,2075591.8333333333,3838404.1190771535,312779.547589513,999485.4666666667,2035295.1798785073,-36324.24654517404
252,1874176.3666666667,3597110.21026661,151242.52306672325,1852535.3166666667,3570598.628371706,134472.00496162707,1982218.7666666666,3797270.4195518475,167167.1137814857,666784.5333333333,1326074.710781385,7494.355885281693,1874176.3666666667,3597110.21026661,151242.52306672325,666784.4333333333,1326074.5424640435,7494.324202623102
253,1414950.3666666667,2568437.3985290322,261463.33480430092,1402044.85,2550300.748483287,253788.95151671325,1552104.8333333333,2861051.8205863493,243157.84608031716,810306.0,1689212.1095147473,-68600.1095147474,1414950.3666666667,2568437.3985290322,261463.33480430092,810305.9333333333,1689211.947678449,-68600.08101178228
254,1399981.1666666667,2570833.450934232,229128.88239910104,1389449.1833333333,2555441.0306667862,223457.33599988022,1544453.7,2871208.70621981,217698.6937801896,837877.2333333333,1682461.654686999,-6707.188020332484,1399981.1666666667,2570833.450934232,229128.88239910104,837877.1666666666,1682461.5460514063,-6707.212718073162
255,1672699.1,3230508.16977387,114890.0302261298,1671232.5,3228700.911094525,113764.08890547487,1835544.0333333334,3510335.435989122,160752.6306775452,763278.9666666667,1509227.950600046,17329.982733287383,1672699.1,3230508.16977387,114890.0302261298,763278.9,1509227.823678629,17329.97632137104
256,1883796.7666666666,3867661.118609366,-100067.58527603303,1882878.1166666667,3866565.6435732823,-100809.41023994912,2059765.4333333333,4161073.29520089,-41542.428534223465,706879.7666666667,1395893.223947209,17866.30938612437,1883796.7666666666,3867661.118609366,-100067.58527603303,706879.6666666666,1395893.032763979,17866.300569354324
257,1915647.6666666667,3809508.2896384858,21787.043694847496,1915239.65,3809028.9052197924,21450.394780207193,2049265.9333333333,4036989.6033116397,61542.26335502695,477771.8,910772.5731878991,44771.0268121009,1915647.6666666667,3809508.2896384858,21787.043694847496,477771.8,910772.5893535402,44771.01064645976
258,2018006.7666666666,4115424.865228198,-79411.3318948648,2016823.2166666666,4114026.7122624926,-80380.27892915928,2187166.6666666665,4394482.2928903755,-20148.959557042457,412660.1,741943.5755788576,83376.62442114239,2018006.7666666666,4115424.865228198,-79411.3318948648,412660.1666666667,741943.6793634046,83376.6539699288
259,2028739.8333333333,4150311.654040795,-92831.98737412808,2028739.8333333333,4150311.654040795,-92831.98737412808,2192798.8,4434154.586175656,-48556.98617565632,426994.2,774509.6646668152,79478.73533318477,2028739.8333333333,4150311.654040795,-92831.98737412808,426994.13333333336,774509.5606261751,79478.70604049158
260,2787698.8666666667,5503321.496479234,72076.2368540992,2787698.8666666667,5503321.496479234,72076.2368540992,2922789.1,5721542.4056878295,124035.7943121707,1018987.7,2440014.3148386665,-402038.91483866633,2787698.8666666667,5503321.496479234,72076.2368540992,1018987.6333333333,2440014.242764923,-402038.9760982562
261,2812948.066666667,5629736.967531548,-3840.8341982141137,2812948.066666667,5629736.967531548,-3840.8341982141137,2827757.966666667,5631271.442481038,24244.49085229542,1056220.5333333334,2646283.66776904,-533842.6011023729,2812948.066666667,5629736.967531548,-3840.8341982141137,1056220.4,2646283.339388039,-533842.5393880391
262,2562727.7,5103776.297232,21679.10276799975,2562727.7,5103776.297232,21679.10276799975,2495405.033333333,4989694.691471955,1115.3751947116107,887976.7333333333,2145241.301301942,-369287.83463527553,2562727.7,5103776.297232,21679.10276799975,887976.6333333333,2145241.0087349657,-369287.7420682993
263,2910277.2,5811937.929412867,8616.47058713343,2910277.2,5811937.929412867,8616.47058713343,2940999.3,5852487.397747631,29511.202252368443,822467.4666666667,1952583.4090348827,-307648.47570154944,2910277.2,5811937.929412867,8616.47058713343,822467.4666666667,1952583.2798198592,-307648.3464865257
264,2765510.3,5493018.329184463,38002.270815535914,2765510.3,5493018.329184463,38002.270815535914,2936569.966666667,5771155.624706304,101984.30862703035,674890.7666666667,1302659.3074323563,47122.22590097727,2765510.3,5493018.329184463,38002.270815535914,674889.1,1302656.9376680404,47121.26233195944
265,3045677.1,6150056.644376922,-58702.44437692175,3045677.1,6150056.644376922,-58702.44437692175,2706586.466666667,5744408.222756013,-331235.2894226792,843165.3333333334,1729204.9566342803,-42874.28996761341,3045677.1,6150056.644376922,-58702.44437692175,843163.4666666667,1729202.4503001473,-42875.51696681406
266,2522911.5,5257577.609850252,-211754.60985025205,2522911.5,5257577.609850252,-211754.60985025205,2329034.533333333,5044190.780498927,-386121.7138322615,747281.0666666667,1431275.8195224162,63286.3138109172,2522911.5,5257577.609850252,-211754.60985025205,747279.2333333333,1431273.2473394764,63285.21932719019
267,2868163.966666667,6061066.495499333,-324738.5621659998,2868163.966666667,6061066.495499333,-324738.5621659998,2699236.066666667,5882443.519899135,-483971.3865658012,864072.4,1832080.331261436,-103935.53126143594,2868163.966666667,6061066.495499333,-324738.5621659998,864070.6333333333,1832078.065859444,-103936.79919277737
268,2812880.1333333333,5843309.418167826,-217549.15150115872,2812880.1333333333,5843309.418167826,-217549.15150115872,2432958.6666666665,5374556.030971194,-508638.6976378602,765292.0333333333,1488092.9919142146,42491.07475245197,2812880.1333333333,5843309.418167826,-217549.15150115872,765290.4,1488090.780941079,42490.019058921025
269,2833116.7,5915058.5767835975,-248825.1767835971,2833116.7,5915058.5767835975,-248825.1767835971,2461791.6333333333,5449594.587792646,-526011.32112598,739794.2666666667,1411073.565808467,68514.96752486622,2833116.7,5915058.5767835975,-248825.1767835971,739792.6666666666,1411071.393991885,68513.93934144825
270,2688570.2666666666,5519246.680982057,-142106.14764872426,2688570.2666666666,5519246.680982057,-142106.14764872426,2334765.6333333333,5070814.281125027,-401283.01445836015,809398.2,1589852.2533692932,28944.146630706615,2688570.2666666666,5519246.680982057,-142106.14764872426,809396.6666666666,1589850.2515809,28943.08175243321
271,2673108.8666666667,5478491.38702153,-132273.6536881975,2673108.8666666667,5478491.38702153,-132273.6536881975,2325841.8666666667,5026840.61375352,-375156.880420187,941412.9,1920354.0217759688,-37528.221775968676,2673108.8666666667,5478491.38702153,-132273.6536881975,941411.3666666667,1920352.1178281475,-37529.38449481421
272,2882209.033333333,5974435.265845016,-210017.19917834923,2882209.033333333,5974435.265845016,-210017.19917834923,2499955.6666666665,5495218.592182209,-495307.25884887576,651746.1,1250725.3767928358,52766.82320716418,2882209.033333333,5974435.265845016,-210017.19917834923,651744.6,1250723.2838455332,52765.916154466686
273,2842179.8,5862118.687467212,-177759.08746721176,2842179.8,5862118.687467212,-177759.08746721176,2460147.9,5389131.3606185,-468835.5606185002,642720.4,1252475.1974247303,32965.60257526988,2842179.8,5862118.687467212,-177759.08746721176,642718.9666666667,1252473.2866905872,32964.64664274629
274,3082800.933333333,6380750.728144288,-215148.8614776223,3082800.933333333,6380750.728144288,-215148.8614776223,2714095.9,5920895.744822148,-492703.94482214795,853750.1666666666,1884097.1184907935,-176596.78515746025,3082800.933333333,6380750.728144288,-215148.8614776223,853748.7,1884095.2716867311,-176597.87168673123
275,3180941.8,6582535.298266966,-220651.6982669658,3180941.8,6582535.298266966,-220651.6982669658,2925293.3,6247937.130013155,-397350.5300131552,1169332.4333333333,2670682.44211099,-332017.5754443237,3180941.8,6582535.298266966,-220651.6982669658,1169331.0333333334,2670680.792818877,-332018.72615221003
276,2891053.7,6052426.932396389,-270319.53239638824,2891053.7,6052426.932396389,-270319.53239638824,2581657.0,5643729.094309322,-480415.0943093216,823134.9,1681487.9213742602,-35218.12137426017,2891053.7,6052426.932396389,-270319.53239638824,823133.6,1681486.3655054772,-35219.16550547723
277,2889993.6666666665,6061531.597364431,-281544.2640310982,2889993.6666666665,6061531.597364431,-281544.2640310982,2934437.1,6149621.242174134,-280747.04217413394,853586.8333333334,1734708.6995201372,-27535.032853470417,2889993.6666666665,6061531.597364431,-281544.2640310982,853585.5666666667,1734707.2067090538,-27536.07337572053
278,3617159.933333333,6949199.243843512,285120.62282315455,3617159.933333333,6949199.243843512,285120.62282315455,3813164.1,7226581.290583657,399746.9094163426,1030090.5333333333,2096937.3802298503,-36756.313563183765,3617159.933333333,6949199.243843512,285120.62282315455,1030089.3666666667,2096936.116171188,-36757.38283785456
279,3015506.3333333335,5608461.967605154,422550.69906151295,3015506.3333333335,5608461.967605154,422550.69906151295,3210031.533333333,5946735.293450258,473327.7732164087,932499.4333333333,1794843.1481788429,70155.71848782373,3015506.3333333335,5608461.967605154,422550.69906151295,932498.0666666667,1794841.4792170324,70154.65411630098
280,2929702.7666666666,5625782.05854488,233623.4747884539,2929702.7666666666,5625782.05854488,233623.4747884539,3245327.3666666667,6133520.697223256,357134.03611007705,1609113.9,3498707.880786716,-280480.08078671596,2929702.7666666666,5625782.05854488,233623.4747884539,1609112.7,3498706.586711047,-280481.1867110473
281,2576793.5,4681146.334600133,472440.6653998671,2576793.5,4681146.334600133,472440.6653998671,2894303.7666666666,5274908.465377344,513699.0679559894,1152271.0333333334,2087416.8103611593,217125.25630550762,2576793.5,4681146.334600133,472440.6653998671,1152269.8666666667,2087415.47271954,217124.2606137934
282,3646487.5,6742794.4110402595,550180.58895974,3646487.5,6742794.4110402595,550180.58895974,3988596.533333333,7246109.037054377,731084.0296122893,2094361.2333333334,4147339.6738696545,41382.79279701202,3646487.5,6742794.4110402595,550180.58895974,2094360.0666666667,4147338.5036386023,41381.629694730975
283,2817920.5,4921598.569812317,714242.4301876826,2817920.5,4921598.569812317,714242.4301876826,3101343.1666666665,5435315.39311851,767370.940214823,1410449.0666666667,2450346.317127372,370551.8162059613,2817920.5,4921598.569812317,714242.4301876826,1410447.9666666666,2450345.144376864,370550.7889564689
284,3521258.7333333334,6369000.322099917,673517.1445667506,3521258.7333333334,6369000.322099917,673517.1445667506,3726291.8666666667,6697149.564041058,755434.1692922753,2087604.2333333334,4208728.9710189365,-33520.50435227016,3521258.7333333334,6369000.322099917,673517.1445667506,2087603.1333333333,4208727.870241541,-33521.60357487528
285,4419350.433333334,7462676.49220675,1376024.3744599163,4419350.433333334,7462676.49220675,1376024.3744599163,4619453.633333334,7758902.904224428,1480004.3624422392,1755100.3666666667,3229292.421142435,280908.3121908982,4419350.433333334,7462676.49220675,1376024.3744599163,1755099.3333333333,3229291.375541731,280907.2911249357
286,5214351.1,9176597.769950379,1252104.4300496215,5214351.1,9176597.769950379,1252104.4300496215,5377476.0,9357189.914232392,1397762.0857676081,1678129.2,3139619.2738743164,216639.12612568378,5214351.1,9176597.769950379,1252104.4300496215,1678128.1,3139618.097105829,216638.1028941709
287,4539965.633333334,7807906.303118454,1272024.9635482128,4539965.633333334,7807906.303118454,1272024.9635482128,4606506.733333333,7842996.507649789,1370016.9590168786,1241685.4666666666,2136101.4683767622,347269.4649565711,4539965.633333334,7807906.303118454,1272024.9635482128,1241684.3666666667,2136100.234972956,347268.49836037727
288,4530566.933333334,7800582.417547035,1260551.4491196321,4530566.933333334,7800582.417547035,1260551.4491196321,4821915.033333333,8239419.66751354,1404410.3991531269,1284100.8666666667,2237974.72075342,330227.012579913,4530566.933333334,7800582.417547035,1260551.4491196321,1284099.8666666667,2237973.6894297265,330226.04390360694
289,4934152.133333334,8848557.504535036,1019746.7621316314,4934152.133333334,8848557.504535036,1019746.7621316314,5270412.766666667,9346906.214624906,1193919.3187084273,1545568.3666666667,2717496.2768608304,373640.456472503,4934152.133333334,8848557.504535036,1019746.7621316314,1545567.3,2717495.1109652617,373639.4890347384
290,5007267.333333333,8920948.08092071,1093586.5857459567,5007267.333333333,8920948.08092071,1093586.5857459567,5353962.166666667,9413286.41676284,1294637.9165704935,1469132.9,2526873.7683475995,411392.0316524005,5007267.333333333,8920948.08092071,1093586.5857459567,1469131.7333333334,2526872.4171139197,411391.0495527473
291,5966502.1,10233260.497464167,1699743.7025358323,5966502.1,10233260.497464167,1699743.7025358323,6323656.166666667,10744329.767254721,1902982.5660786135,2692526.3,4813742.430440578,571310.169559422,5966502.1,10233260.497464167,1699743.7025358323,2692524.7333333334,4813740.06165974,571309.405006926
292,6300735.966666667,11053597.752485406,1547874.180847927,6300735.966666667,11053597.752485406,1547874.180847927,6750292.666666667,11709278.794793257,1791306.5385400765,2460054.5,4267456.725027597,652652.274972403,6300735.966666667,11053597.752485406,1547874.180847927,2460053.2666666666,4267455.200730315,652651.332603018
293,6365052.133333334,11146596.797407083,1583507.4692595853,6365052.133333334,11146596.797407083,1583507.4692595853,6847329.4,11857010.37203731,1837648.4279626915,2208147.066666667,3848609.3846565858,567684.748676748,6365052.133333334,11146596.797407083,1583507.4692595853,2208145.933333333,3848607.9736825093,567683.892984157
294,6343236.2,11103138.88840653,1583333.5115934713,6343236.2,11103138.88840653,1583333.5115934713,6876909.233333333,11885110.141874455,1868708.3247922128,2888870.1666666665,5173836.521747616,603903.8115857169,6343236.2,11103138.88840653,1583333.5115934713,2888868.7,5173834.032084886,603903.3679151149
295,6220002.266666667,11024104.820978817,1415899.7123545175,6220002.266666667,11024104.820978817,1415899.7123545175,6717792.466666667,11759912.334752727,1675672.5985806063,2820110.1666666665,5123617.514000625,516602.8193327077,6220002.266666667,11024104.820978817,1415899.7123545175,2820108.8333333335,5123615.195022385,516602.47164428234
296,5911739.866666666,10637089.031821534,1186390.7015117994,5911739.866666666,10637089.031821534,1186390.7015117994,6451597.4,11446208.450994482,1456986.3490055185,2679050.7333333334,4944788.516924303,413312.9497423633,5911739.866666666,10637089.031821534,1186390.7015117994,2679049.8666666667,4944787.062105077,413312.6712282561
297,5797399.066666666,10510836.381455032,1083961.7518783007,5797399.066666666,10510836.381455032,1083961.7518783007,6331588.2,11308598.759354934,1354577.6406450653,2466428.4,4403711.743353682,529145.0566463186,5797399.066666666,10510836.381455032,1083961.7518783007,2466427.6666666665,4403710.497209683,529144.8361236504
298,5735301.566666666,10442119.393473018,1028483.7398603158,5735301.566666666,10442119.393473018,1028483.7398603158,6212755.5,11143150.411419943,1282360.588580056,2642124.3,4828903.820024138,455344.77997586085,5735301.566666666,10442119.393473018,1028483.7398603158,2642123.2,4828901.773301432,455344.62669856846
299,6038977.566666666,10886743.110673085,1191212.022660247,6038977.566666666,10886743.110673085,1191212.022660247,6529045.966666667,11599487.662379881,1458604.2709534522,2603655.7666666666,4764588.561722047,442722.9716112865,6038977.566666666,10886743.110673085,1191212.022660247,2603654.7333333334,4764586.718334429,442722.7483322383
300,5876985.9,10626109.154921982,1127862.6450780174,5875122.966666667,10624547.195940048,1125698.7373932851,6327305.8,11276181.530117214,1378430.069882786,3353711.2,6477462.637967257,229959.76203274354,5876985.9,10626109.154921982,1127862.6450780174,3353710.2,6477460.172960439,229960.2270395616
301,5220389.233333333,8943519.488368008,1497258.978298658,5220389.233333333,8943519.488368008,1497258.978298658,5666831.1,9628880.295890031,1704781.9041099683,3548395.3333333335,6569611.425727444,527179.2409392232,5220389.233333333,8943519.488368008,1497258.978298658,3548394.7666666666,6569610.307630967,527179.2257023663
302,5006206.266666667,8647441.293997869,1364971.2393354648,5006206.266666667,8647441.293997869,1364971.2393354648,5430352.166666667,9299819.794890158,1560884.538443177,3742505.8,6789478.408480229,695533.1915197712,5006206.266666667,8647441.293997869,1364971.2393354648,3742505.2,6789477.681766316,695532.7182336845
303,4749348.3,8243137.172209848,1255559.4277901514,4749348.3,8243137.172209848,1255559.4277901514,5133259.166666667,8848898.404772516,1417619.928560818,3624871.6,6646667.724111374,603075.4758886266,4749348.3,8243137.172209848,1255559.4277901514,3624871.6333333333,6646667.761393983,603075.5052726832
304,5515457.066666666,9465296.342239678,1565617.7910936554,5515457.066666666,9465296.342239678,1565617.7910936554,5894553.633333334,10028510.062665243,1760597.2040014248,3535738.1333333333,6349683.452331513,721792.8143351534,5515457.066666666,9465296.342239678,1565617.7910936554,3535737.8,6349682.265149992,721793.3348500081
305,5769260.566666666,9750473.785517171,1788047.3478161627,5769260.566666666,9750473.785517171,1788047.3478161627,6095528.866666666,10224790.009073943,1966267.724259389,3280084.6333333333,5712656.68001054,847512.5866561262,5769260.566666666,9750473.785517171,1788047.3478161627,3280084.3666666667,5712655.786942871,847512.9463904616
306,6450059.966666667,10746819.44543166,2153300.4879016737,6450059.966666667,10746819.44543166,2153300.4879016737,6782435.5,11207879.083488699,2356991.916511302,3814515.0,6894202.916545978,734827.0834540222,6450059.966666667,10746819.44543166,2153300.4879016737,3814514.2,6894201.0314505715,734827.3685494284
307,6705358.866666666,11292766.088295653,2117951.645037679,6705358.866666666,11292766.088295653,2117951.645037679,6927424.6,11592519.047228018,2262330.1527719814,4506544.033333333,8338650.067777678,674437.9988889876,6705358.866666666,11292766.088295653,2117951.645037679,4506544.033333333,8338650.02601905,674438.0406476171
308,7090118.833333333,11679691.250542596,2500546.41612407,7081933.516666667,11672552.946963452,2491314.0863698814,7184825.916666667,11802025.68551385,2567626.1478194837,4586938.9,8356311.082510702,817566.7174892989,7090118.833333333,11679691.250542596,2500546.41612407,4586939.233333333,8356311.422524322,817567.0441423445
309,7200211.033333333,11769658.648105334,2630763.418561331,7191417.55,11762005.155720826,2620829.9442791725,7367798.083333333,11991870.20737805,2743725.9592886157,4561198.8,8188536.772952989,933860.8270470109,7200211.033333333,11769658.648105334,2630763.418561331,4561200.3,8188538.620730501,933861.9792694985
310,7564643.366666666,12370121.92320076,2759164.8101325715,7558877.466666667,12365022.43084508,2752732.5024882536,7678042.983333333,12516917.125398543,2839168.841268124,4733344.233333333,8573430.058759876,893258.4079067917,7564643.366666666,12370121.92320076,2759164.8101325715,4733345.133333334,8573431.139649823,893259.1270168452
311,7907207.4,13002799.02389922,2811615.77610078,7899073.083333333,12995632.330206733,2802513.836459932,7986598.016666667,13098721.283735517,2874474.749597815,5297103.1,9560346.45193792,1033859.7480620798,7907207.4,13002799.02389922,2811615.77610078,5297106.3,9560350.446892776,1033862.153107225
312,7951941.333333333,13149616.468211917,2754266.198454749,7946400.983333333,13144726.437970392,2748075.5286962753,8016604.9,13221717.642398275,2811492.1576017244,5481791.733333333,9893772.730090994,1069810.7365756715,7951941.333333333,13149616.468211917,2754266.198454749,5481789.133333334,9893769.34784215,1069808.918824518
313,7783822.933333334,12916693.195189733,2650952.671476935,7778565.616666666,12912048.296009485,2645082.937323848,7761040.05,12890203.045201749,2631877.054798251,5404489.133333334,9688973.088466117,1120005.1782005504,7783822.933333334,12916693.195189733,2650952.671476935,5404487.8,9688971.208793476,1120004.3912065243
314,8198047.933333334,13688759.874067456,2707335.9925992107,8191165.566666666,13682701.47884968,2699629.6544836536,8124898.7,13603574.08988306,2646223.310116941,5811452.633333334,10637863.766174711,985041.5004919562,8198047.933333334,13688759.874067456,2707335.9925992107,5811451.4,10637862.14269552,985040.6573044816
315,7826122.266666667,12971990.682694046,2680253.8506392874,7817110.9,12963922.354224453,2670299.445775548,7778007.733333333,12911059.730216827,2644955.7364498386,5518085.766666667,9901882.851208676,1134288.6821246585,7826122.266666667,12971990.682694046,2680253.8506392874,5518083.9,9901879.776294872,1134288.0237051286
316,7849387.566666666,12870409.92509628,2828365.208237052,7838722.183333334,12860906.532704368,2816537.833962299,7762815.35,12768047.400316924,2757583.2996830763,5183221.9,9205598.146753382,1160845.6532466193,7849387.566666666,12870409.92509628,2828365.208237052,5183219.166666667,9205594.109286085,1160844.2240472487
317,7868455.0,12835929.402516868,2900980.597483133,7856762.4,12825604.615176912,2887920.1848230883,7682192.8,12605037.842005664,2759347.757994335,5487256.3,9792396.01307993,1182116.5869200705,7868455.0,12835929.402516868,2900980.597483133,5487254.233333333,9792393.222457534,1182115.244209133
318,7663237.366666666,12489359.92714842,2837114.806184911,7650661.166666667,12478040.894580532,2823281.438752801,7494604.066666666,12279694.047940023,2709514.0853933087,4899958.833333333,8882057.82253725,917859.8441294152,7663237.366666666,12489359.92714842,2837114.806184911,4899955.4,8882052.07280754,917858.727192462
319,7828509.833333333,12899218.260462211,2757801.4062044546,7816369.233333333,12888392.327472512,2744346.139194154,7675695.933333334,12694817.272124562,2656574.594542104,5149986.766666667,9450993.683741417,848979.8495919164,7828509.833333333,12899218.260462211,2757801.4062044546,5149998.733333333,9451010.848672964,848986.617993704
320,7923705.266666667,13068793.323948178,2778617.209385154,7904602.216666667,13051741.104303222,2757463.3290301124,7690362.85,12754649.639800042,2626076.0601999583,4943201.366666666,9117277.453949576,769125.2793837567,7923705.266666667,13068793.323948178,2778617.209385154,4943200.9,9117276.538875764,769125.261124236
321,7897329.033333333,12966181.967503387,2828476.099163279,7885238.766666667,12955518.420738537,2814959.1125947963,7697515.333333333,12722551.964764176,2672478.70190249,5001222.3,9182905.171599567,819539.4284004332,7897329.033333333,12966181.967503387,2828476.099163279,5001221.333333333,9182902.790798206,819539.8758684606
322,7824881.933333334,12825303.893354286,2824459.9733123817,7803711.383333334,12806454.158061173,2800968.608605494,7585334.85,12536227.256679356,2634442.443320642,5201683.233333333,9632815.881411072,770550.5852555949,7824881.933333334,12825303.893354286,2824459.9733123817,5201681.233333333,9632812.717111837,770549.7495548297
323,7955270.333333333,13055334.112916272,2855206.553750393,7944305.966666667,13045784.782625213,2842827.1507081212,7720203.9,12775904.441524375,2664503.3584756255,5296752.6,9887022.921628088,706482.2783719124,7955270.333333333,13055334.112916272,2855206.553750393,5296767.6,9887045.199558817,706490.0004411833
324,7733506.766666667,12793264.519953176,2673749.013380156,7723340.166666667,12784435.255093057,2662245.0782402763,7472433.7,12475556.705230545,2469310.694769456,5324043.166666667,9919454.553294448,728631.7800388858,7733506.766666667,12793264.519953176,2673749.013380156,5324042.666666667,9919453.652206492,728631.6811268423
325,7469025.133333334,12407439.64365229,2530610.6230143765,7456235.433333334,12396177.27400446,2516293.592662208,7237717.6,12122907.817128234,2352527.3828717656,5260305.3,9592529.933233617,928080.6667663828,7469025.133333334,12407439.64365229,2530610.6230143765,5260304.833333333,9592528.956392907,928080.7102737594
326,7166320.1,11942749.782602562,2389890.4173974376,7149932.1,11928192.476056337,2371671.723943663,6924765.8,11640417.928094935,2209113.671905066,5066595.266666667,9348779.049480874,784411.4838524582,7166320.1,11942749.782602562,2389890.4173974376,5066593.933333334,9348776.647551518,784411.2191151483
327,7505328.133333334,12475394.920450874,2535261.346215793,7487132.25,12459108.107841423,2515156.392158577,7284109.516666667,12204590.184957694,2363628.84837564,5090752.633333334,9391771.595480952,789733.6711857142,7505328.133333334,12475394.920450874,2535261.346215793,5090751.466666667,9391769.464199178,789733.4691341566
328,7214819.866666666,12174224.457034258,2255415.2762990743,7200416.3,12161277.937146656,2239554.6628533434,6997377.433333334,11902128.00804874,2092626.858617927,5246953.5,9659339.584889615,834567.415110385,7214819.866666666,12174224.457034258,2255415.2762990743,5246952.533333333,9659337.811616775,834567.2550498927
329,7287338.833333333,12293577.829475332,2281099.837191334,7274206.2,12281688.028355684,2266724.3716443153,7099642.833333333,12067346.224956103,2131939.4417105624,5395288.866666666,9888858.020436577,901719.712896755,7287338.833333333,12293577.829475332,2281099.837191334,5395287.766666667,9888856.169372503,901719.3639608314
330,8080195.033333333,13302282.857268512,2858107.209398154,8067026.983333333,13290433.077323,2843620.889343667,7860264.65,13046099.179618131,2674430.1203818694,5514590.966666667,10110176.545498814,919005.3878345201,8080195.033333333,13302282.857268512,2858107.209398154,5514589.333333333,10110173.787730467,919004.8789361995
331,7667539.9,13082804.20724866,2252275.592751341,7650644.616666666,13067412.494803231,2233876.738530102,7511491.516666667,12904624.945649002,2118358.0876843305,5961616.466666667,10851015.923875585,1072217.0094577484,7667539.9,13082804.20724866,2252275.592751341,5961614.433333334,10851012.556911182,1072216.3097554855
332,7504881.0,12596570.398949377,2413191.6010506228,7485703.616666666,12579056.83508338,2392350.398249953,7384282.316666666,12475001.675305467,2293562.9580278657,5528807.5,10043097.284720257,1014517.7152797421,7504881.0,12596570.398949377,2413191.6010506228,5528805.033333333,10043093.029542996,1014517.0371236708
333,7764681.266666667,12954640.34084018,2574722.192493153,7744249.4,12935889.702800281,2552609.0971997185,7619497.5,12808559.26041832,2430435.73958168,5790004.266666667,10532150.244798638,1047858.2885346953,7764681.266666667,12954640.34084018,2574722.192493153,5790000.733333333,10532144.260626342,1047857.2060403237
334,8025722.266666667,13323954.027366942,2727490.5059663914,8009565.266666667,13309418.065610118,2709712.467723215,7854949.366666666,13137516.870261103,2572381.8630722286,5863386.8,10631164.521387573,1095609.0786124272,8025722.266666667,13323954.027366942,2727490.5059663914,5863383.033333333,10631158.301927853,1095607.764738814
335,8281250.566666666,13773983.49293105,2788517.6404022835,8266469.0,13760732.06238807,2772205.93761193,8108272.133333334,13583091.284410708,2633452.982255959,6079277.8,11015298.999106277,1143256.6008937238,8281250.566666666,13773983.49293105,2788517.6404022835,6079272.866666666,11015290.722487185,1143255.0108461464
336,7765374.733333333,12846341.094760317,2684408.3719063504,7748953.566666666,12831637.678589761,2666269.4547435706,7564880.666666667,12608013.144330613,2521748.1890027216,5574674.7,10006081.369898822,1143268.0301011773,7765374.733333333,12846341.094760317,2684408.3719063504,5574671.6,10006076.02552973,1143267.17447027
337,8159357.633333334,13405611.243777556,2913104.022889111,8144874.966666667,13392614.182513468,2897135.7508198656,7972389.866666666,13198203.568130909,2746576.165202424,5960277.866666666,10662304.706170369,1258251.0271629635,8159357.633333334,13405611.243777556,2913104.022889111,5960276.2,10662301.78987671,1258250.6101232888
338,8610600.133333333,14355726.353418862,2865473.913247803,8596512.816666666,14343051.87163389,2849973.7616994437,8431724.083333334,14154726.946729407,2708721.2199372603,6530415.266666667,11739368.297695711,1321462.235637621,8610600.133333333,14355726.353418862,2865473.913247803,6530413.066666666,11739364.822786141,1321461.3105471926
339,8991513.6,15105999.875412654,2877027.324587345,8977189.516666668,15093132.806220511,2861246.227112824,8813898.85,14925451.035887774,2702346.664112225,7408095.133333334,13282757.433463894,1533432.8332027737,8991513.6,15105999.875412654,2877027.324587345,7408093.333333333,13282754.293775875,1533432.37289079
340,8281947.733333333,13814028.68774391,2749866.778922757,8263432.583333333,13797458.97301648,2729406.193650186,8118764.05,13638966.592662662,2598561.5073373364,7016207.966666667,12347402.15768141,1685013.7756519252,8281947.733333333,13814028.68774391,2749866.778922757,7016206.466666667,12347399.629619747,1685013.3037135862
341,8708702.066666666,14795408.679021806,2621995.4543115282,8686509.1,14775184.815786552,2597833.3842134476,8559913.133333333,14640378.63265675,2479447.6340099173,7230046.0,13049599.503456792,1410492.4965432081,8708702.066666666,14795408.679021806,2621995.4543115282,7230045.4,13049598.541753735,1410492.2582462654
342,8904262.466666667,15698690.728066392,2109834.2052669413,8883858.35,15680091.665609797,2087625.0343902018,8779737.283333333,15560982.212389695,1998492.354276972,7809873.8,14292286.650932953,1327460.9490670469,8904262.466666667,15698690.728066392,2109834.2052669413,7809873.566666666,14292286.234049454,1327460.8992838794
343,9414286.733333332,16254805.789101038,2573767.6775656277,9402125.866666667,16243843.536702244,2560408.1966310907,9284106.133333333,16110418.338028494,2457793.9286381714,7867236.166666667,14456957.83547857,1277514.4978547646,9414286.733333332,16254805.789101038,2573767.6775656277,7867235.833333333,14456957.260740366,1277514.4059263002
344,8611500.233333332,15035892.800539164,2187107.666127501,8591606.516666668,15019159.462678434,2164053.5706549007,8414918.05,14812049.471998777,2017786.6280012242,7557483.166666667,13778931.490331206,1336034.8430021284,8611500.233333332,15035892.800539164,2187107.666127501,7557483.1,13778931.344623122,1336034.855376876
345,8569027.366666667,14977028.35717072,2161026.3761626137,8557154.716666667,14967125.970604047,2147183.4627292873,8413372.583333334,14796610.59288047,2030134.5737861972,7464991.433333334,13464148.458037443,1465834.4086292228,8569027.366666667,14977028.35717072,2161026.3761626137,7464991.633333334,13464148.756280709,1465834.5103859585
346,7848772.733333333,13646000.512025423,2051544.9546412444,7829053.95,13629413.134833027,2028694.7651669737,7669254.166666667,13439541.124525204,1898967.2088081306,7131699.566666666,12635611.331528991,1627787.8018043404,7848772.733333333,13646000.512025423,2051544.9546412444,7131699.666666667,12635611.486300828,1627787.847032506
347,8328495.933333334,14210739.114425935,2446252.7522407323,8316664.6,14200983.053953357,2432346.146046642,8170607.333333333,14028560.785165591,2312653.881501075,7302967.233333333,12933470.002501426,1672464.4641652405,8328495.933333334,14210739.114425935,2446252.7522407323,7302967.233333333,12933470.002501426,1672464.4641652405
348,7963854.366666666,13952892.784315044,1974815.9490182884,7956698.016666667,13946945.355849348,1966450.6774839861,7811930.583333333,13781123.0000132,1842738.1666534655,7542879.533333333,13526921.290582936,1558837.776083731,7963854.366666666,13952892.784315044,1974815.9490182884,7542879.266666667,13526920.899857983,1558837.6334753502
349,7355763.766666667,12779917.641847348,1931609.8914859854,7348981.083333333,12774302.172757868,1923659.9939087974,7194577.683333334,12592505.177449415,1796650.1892172527,7071520.866666666,12408652.57015507,1734389.1631782642,7355763.766666667,12779917.641847348,1931609.8914859854,7071519.966666667,12408650.961175807,1734388.9721575277
350,7145875.233333333,12604318.881599551,1687431.5850671157,7141788.516666667,12600922.400339,1682654.6329943342,7006393.4,12440562.667830609,1572224.132169391,6988215.633333334,12188624.54733806,1787806.7193286084,7145875.233333333,12604318.881599551,1687431.5850671157,6988215.0,12188623.481468203,1787806.5185317975
351,6805292.066666666,11871108.263590686,1739475.8697426468,6800427.116666666,11867080.829094011,1733773.4042393202,6709277.983333333,11780994.651108418,1637561.3155582482,6889015.8,11821392.892455447,1956638.7075445512,6805292.066666666,11871108.263590686,1739475.8697426468,6889015.266666667,11821391.991391499,1956638.5419418337
352,6030289.866666666,10267266.793903798,1793312.9394295346,6026386.95,10264077.991195021,1788695.9088049792,5891754.1,10095470.21635129,1688037.98364871,6477812.833333333,10915375.11332734,2040250.5533393258,6030289.866666666,10267266.793903798,1793312.9394295346,6477811.866666666,10915373.406490568,2040250.3268427644
353,5784903.733333333,9811267.0174197,1758540.4492469681,5777983.133333334,9805591.69569844,1750374.570968227,5645137.566666666,9629276.73778576,1660998.395547572,6241601.866666666,10503138.867569163,1980064.86576417,5784903.733333333,9811267.0174197,1758540.4492469681,6241600.6,10503136.284191024,1980064.9158089748
354,6653649.866666666,11359299.101570716,1948000.6317626163,6649140.05,11355607.883999173,1942672.216000827,6515553.7,11185711.572497379,1845395.8275026213,6665649.533333333,11186916.398354031,2144382.668312636,6653649.866666666,11359299.101570716,1948000.6317626163,6665648.566666666,11186914.669797983,2144382.463535349
355,7228098.7,12315320.508888248,2140876.891111752,7219064.783333333,12307889.977698255,2130239.58896841,7073546.233333333,12128523.380112706,2018569.086553961,7186503.8,12251283.471448887,2121724.1285511134,7228098.7,12315320.508888248,2140876.891111752,7186502.9,12251281.902023848,2121723.8979761526
356,7435724.666666667,12418658.187754303,2452791.14557903,7435724.666666667,12418658.187754303,2452791.14557903,7276296.466666667,12220726.28937878,2331866.643954552,7271756.533333333,12367008.395647071,2176504.671019594,7435724.666666667,12418658.187754303,2452791.14557903,7271755.666666667,12367006.749483675,2176504.5838496583
357,6931441.433333334,11507821.346654274,2355061.5200123936,6931441.433333334,11507821.346654274,2355061.5200123936,6753985.333333333,11283355.077256124,2224615.5894105406,7127814.466666667,12042193.614335123,2213435.318998209,6931441.433333334,11507821.346654274,2355061.5200123936,7127813.633333334,12042192.013912182,2213435.252754486
358,7193377.7,12035919.187680319,2350836.2123196805,7193377.7,12035919.187680319,2350836.2123196805,7013312.8,11810838.392828304,2215787.2071716962,6836575.3,11595430.851416951,2077719.7485830486,7193377.7,12035919.187680319,2350836.2123196805,6836574.666666667,11595429.66546961,2077719.6678637248
359,7879220.466666667,13282230.129754845,2476210.8035784895,7879220.466666667,13282230.129754845,2476210.8035784895,7638146.466666667,12985615.826871717,2290677.1064616162,7496092.666666667,12906760.78208772,2085424.551245612,7879220.466666667,13282230.129754845,2476210.8035784895,7496092.033333333,12906759.61337421,2085424.4532924555
360,7133328.1,11830842.562165875,2435813.6378341233,7133328.1,11830842.562165875,2435813.6378341233,6862248.5,11480752.977436684,2243744.022563315,6500133.466666667,11106068.710237833,1894198.2230955008,7133328.1,11830842.562165875,2435813.6378341233,6500132.7,11106067.200120118,1894198.1998798829
361,7756013.533333333,12959637.967160463,2552389.099506203,7756013.533333333,12959637.967160463,2552389.099506203,7535047.166666667,12689645.752882455,2380448.5804508794,7146045.133333334,12309009.36435014,1983080.9023165265,7756013.533333333,12959637.967160463,2552389.099506203,7146044.566666666,12309008.376985814,1983080.7563475175
362,7439624.266666667,12279212.073879458,2600036.459453875,7439624.266666667,12279212.073879458,2600036.459453875,7213212.033333333,11999025.641118472,2427398.425548194,6731217.733333333,11493792.869317912,1968642.5973487552,7439624.266666667,12279212.073879458,2600036.459453875,6731216.933333334,11493791.38325959,1968642.4834070764
363,7118022.2,11892188.87177652,2343855.528223481,7118022.2,11892188.87177652,2343855.528223481,6930820.2,11651941.607228257,2209698.7927717445,7206888.5,12289360.503199814,2124416.496800186,7118022.2,11892188.87177652,2343855.528223481,7206887.733333333,12289359.127984755,2124416.338681911
364,7493462.033333333,12606501.217615537,2380422.849051129,7493462.033333333,12606501.217615537,2380422.849051129,7279849.733333333,12341958.877064427,2217740.5896022394,7617438.2,13004680.174194079,2230196.2258059205,7493462.033333333,12606501.217615537,2380422.849051129,7617437.4,13004678.815810543,2230195.984189458
365,7665490.8,12900432.77045487,2430548.829545129,7665490.8,12900432.77045487,2430548.829545129,7485451.6,12684682.465756333,2286220.7342436668,7489662.133333334,12774181.263085805,2205143.0035808627,7665490.8,12900432.77045487,2430548.829545129,7489661.4,12774180.073974464,2205142.7260255367
366,7941377.2,13309243.188227352,2573511.2117726486,7941377.2,13309243.188227352,2573511.2117726486,7808956.9,13155997.1744386,2461916.6255614003,7586840.8,12927242.845526762,2246438.7544732383,7941377.2,13309243.188227352,2573511.2117726486,7586839.9,12927241.392843194,2246438.4071568055
367,8090784.533333333,13869219.894394,2312349.1722726673,8090784.533333333,13869219.894394,2312349.1722726673,7944382.0,13695363.969774293,2193400.030225707,7828942.133333334,13514698.71049069,2143185.556175977,8090784.533333333,13869219.894394,2312349.1722726673,7828941.466666667,13514697.713041585,2143185.2202917496
368,8195253.6,14195839.16571872,2194668.034281279,8195253.6,14195839.16571872,2194668.034281279,8059390.666666667,14032858.14643626,2085923.1868970739,7836925.066666666,13453721.398570344,2220128.73476299,8195253.6,14195839.16571872,2194668.034281279,7836924.6,13453720.68844505,2220128.511554948
369,7845397.966666667,13247824.386060465,2442971.5472728675,7845397.966666667,13247824.386060465,2442971.5472728675,7692026.8,13063103.186657235,2320950.4133427646,7629418.8,12968368.29151168,2290469.3084883187,7845397.966666667,13247824.386060465,2442971.5472728675,7629418.533333333,12968367.879498105,2290469.187168561
370,7946569.566666666,13480714.927438065,2412424.2058952674,7946569.566666666,13480714.927438065,2412424.2058952674,7804762.866666666,13321820.800599594,2287704.932733739,7597193.333333333,12800959.381580548,2393427.2850861177,7946569.566666666,13480714.927438065,2412424.2058952674,7597192.966666667,12800958.76148665,2393427.171846684
371,7658560.866666666,12843469.427268427,2473652.3060649065,7658560.866666666,12843469.427268427,2473652.3060649065,7525663.666666667,12687808.075081747,2363519.258251586,6967666.4,11689522.758998018,2245810.041001982,7658560.866666666,12843469.427268427,2473652.3060649065,6967665.966666667,11689522.025399301,2245809.9079340314
372,7320264.666666667,12146834.426251743,2493694.907081592,7320264.666666667,12146834.426251743,2493694.907081592,7151629.766666667,11933451.246366505,2369808.2869668296,6727408.833333333,11303794.969686141,2151022.696980525,7320264.666666667,12146834.426251743,2493694.907081592,6727408.3,11303794.021711431,2151022.578288569
373,7972317.133333334,13348590.859917156,2596043.406749511,7972317.133333334,13348590.859917156,2596043.406749511,7785995.8,13114296.014002461,2457695.5859975377,6771635.933333334,11355981.9884427,2187289.878223967,7972317.133333334,13348590.859917156,2596043.406749511,6771635.366666666,11355980.986413773,2187289.7469195584
374,8130936.666666667,13534499.162691258,2727374.170642077,8130936.666666667,13534499.162691258,2727374.170642077,7943052.3,13302959.626216162,2583144.9737838386,6844286.566666666,11486076.83849791,2202496.294835423,8130936.666666667,13534499.162691258,2727374.170642077,6844285.8,11486075.51831559,2202496.081684408
375,7466395.6,12414524.989743223,2518266.210256776,7466395.6,12414524.989743223,2518266.210256776,7219163.9,12097415.003723152,2340912.796276848,6201741.133333334,10357387.053118717,2046095.2135479506,7466395.6,12414524.989743223,2518266.210256776,6201740.666666667,10357386.22334154,2046095.109991795
376,7862069.366666666,13216702.402232148,2507436.3311011847,7862069.366666666,13216702.402232148,2507436.3311011847,7604503.266666667,12882581.198864272,2326425.3344690613,6703388.533333333,11218896.101721413,2187880.964945254,7862069.366666666,13216702.402232148,2507436.3311011847,6703388.233333333,11218895.578988373,2187880.8876782935
377,8485021.4,13980670.952947415,2989371.8470525853,8485021.4,13980670.952947415,2989371.8470525853,8202460.633333334,13615861.223229714,2789060.043436954,6874029.7,11516504.878496636,2231554.5215033637,8485021.4,13980670.952947415,2989371.8470525853,6874029.566666666,11516504.65409816,2231554.4792351713
378,8584760.633333333,14179375.871201359,2990145.395465306,8584760.633333333,14179375.871201359,2990145.395465306,8273290.533333333,13763132.969397614,2783448.0972690526,6596827.1,10919183.214697372,2274470.985302627,8584760.633333333,14179375.871201359,2990145.395465306,6596827.033333333,10919183.099045917,2274470.96762075
379,7610513.366666666,12708583.989511658,2512442.743821674,7610513.366666666,12708583.989511658,2512442.743821674,7336164.466666667,12344149.515948616,2328179.4173847176,6427776.966666667,10896543.667172477,1959010.2661608579,7610513.366666666,12708583.989511658,2512442.743821674,6427776.8,10896543.375593025,1959010.2244069744
380,7644612.133333334,12769790.220927414,2519434.045739254,7644612.133333334,12769790.220927414,2519434.045739254,7357209.966666667,12384815.275887502,2329604.657445831,6368269.733333333,10779999.877752682,1956539.5889139846,7644612.133333334,12769790.220927414,2519434.045739254,6368269.566666666,10779999.576660864,1956539.5566724688
381,7622222.0,12635952.705526792,2608491.2944732085,7622222.0,12635952.705526792,2608491.2944732085,7271756.533333333,12155336.454717092,2388176.611949574,6437926.966666667,10891183.499845175,1984670.4334881585,7622222.0,12635952.705526792,2608491.2944732085,6437927.0,10891183.527920825,1984670.4720791746
382,6464263.0,11132755.126977447,1795770.8730225516,6464263.0,11132755.126977447,1795770.8730225516,6068505.166666667,10568339.572090678,1568670.761242655,5457552.966666667,9634555.904388158,1280550.028945176,6464263.0,11132755.126977447,1795770.8730225516,5457552.933333334,9634555.847466372,1280550.0192002957
383,7093882.566666666,11725117.201001722,2462647.9323316105,7093882.566666666,11725117.201001722,2462647.9323316105,6694831.466666667,11159644.646580148,2230018.286753185,5754182.6,9984896.34561089,1523468.8543891087,7093882.566666666,11725117.201001722,2462647.9323316105,5754182.7,9984896.489987042,1523468.9100129576
384,7013049.033333333,11588454.219254302,2437643.8474123646,7013049.033333333,11588454.219254302,2437643.8474123646,6632974.633333334,11050243.625219595,2215705.641447074,5802965.966666667,10077236.772830667,1528695.1605026666,7013049.033333333,11588454.219254302,2437643.8474123646,5802965.333333333,10077235.748978686,1528694.9176879795
385,7377756.8,12351053.345136944,2404460.2548630564,7377756.8,12351053.345136944,2404460.2548630564,7046516.333333333,11903833.885444202,2189198.7812224636,6239247.0,10987544.071972892,1490949.9280271074,7377756.8,12351053.345136944,2404460.2548630564,6239246.966666667,10987543.970194161,1490949.9631391717
386,7298529.766666667,12161829.296774026,2435230.236559307,7298529.766666667,12161829.296774026,2435230.236559307,6935662.6,11654730.98340195,2216594.2165980497,6209082.8,10835011.903930103,1583153.6960698962,7298529.766666667,12161829.296774026,2435230.236559307,6209082.033333333,10835010.768676445,1583153.2979902225
387,7027333.433333334,12278902.381021513,1775764.4856451545,7027333.433333334,12278902.381021513,1775764.4856451545,6575155.766666667,11626368.723180238,1523942.8101530941,6278663.9,11408683.685208991,1148644.1147910105,7027333.433333334,12278902.381021513,1775764.4856451545,6278663.066666666,11408682.53129495,1148643.6020383835
388,6763258.2,11612565.678322542,1913950.7216774588,6763258.2,11612565.678322542,1913950.7216774588,6320590.766666667,10956379.232447706,1684802.300885628,6535036.633333334,11778180.93301668,1291892.3336499883,6763258.2,11612565.678322542,1913950.7216774588,6535035.8,11778179.708896505,1291891.891103495
389,6597887.7,11302311.632320344,1893463.767679656,6597887.7,11302311.632320344,1893463.767679656,6172413.466666667,10661183.862214213,1683643.0711191203,6274713.066666666,11181170.758192632,1368255.3751407014,6597887.7,11302311.632320344,1893463.767679656,6274712.266666667,11181169.549490893,1368254.98384244
390,6720882.4,11594867.356245147,1846897.4437548537,6720882.4,11594867.356245147,1846897.4437548537,6284597.966666667,10940781.842622314,1628414.0907110209,6286383.266666667,11353915.976570182,1218850.5567631517,6720882.4,11594867.356245147,1846897.4437548537,6286382.766666667,11353915.299519766,1218850.233813567
391,6586817.5,11288027.120310437,1885607.879689564,6586817.5,11288027.120310437,1885607.879689564,6147020.8,10623935.837617537,1670105.7623824626,6357034.133333334,11518763.02521171,1195305.241454958,6586817.5,11288027.120310437,1885607.879689564,6357033.633333334,11518762.346983638,1195304.9196830308
392,6456683.233333333,10974218.88090925,1939147.5857574176,6456683.233333333,10974218.88090925,1939147.5857574176,6043774.9,10365886.735593319,1721663.0644066827,6204372.1,11062385.382950807,1346358.8170491923,6456683.233333333,10974218.88090925,1939147.5857574176,6204371.566666666,11062384.643351413,1346358.4899819186
393,6679460.633333334,11518214.338693215,1840706.927973453,6679460.633333334,11518214.338693215,1840706.927973453,6312219.433333334,10995949.190139784,1628489.6765268836,6204721.533333333,11205813.76030583,1203629.306360838,6679460.633333334,11518214.338693215,1840706.927973453,6204721.133333334,11205813.211885436,1203629.054781232
394,6865245.233333333,11868743.97125442,1861746.4954122463,6857334.15,11862195.2229205,1852473.077079501,6522358.616666666,11396262.06505552,1648455.1682778131,6250873.266666667,11385323.230670996,1116423.3026623381,6865245.233333333,11868743.97125442,1861746.4954122463,6250872.866666666,11385322.710827593,1116423.0225057397
395,7297052.033333333,12627644.196284898,1966459.8703817697,7287754.15,12619934.375183713,1955573.9248162871,6946308.583333333,12152123.87910105,1740493.287565616,6249298.2,11390258.619945062,1108337.780054938,7297052.033333333,12627644.196284898,1966459.8703817697,6249297.9,11390258.215738293,1108337.584261709
396,7152176.966666667,12513236.50849868,1791117.4248346537,7152176.966666667,12513236.50849868,1791117.4248346537,6744723.966666667,11946806.329080328,1542641.6042530062,6307295.6,11457151.917446569,1157439.2825534297,7152176.966666667,12513236.50849868,1791117.4248346537,6307295.4,11457151.650112897,1157439.1498871027
397,7321241.166666667,12707656.67958002,1934825.6537533142,7313195.516666667,12700987.057797499,1925403.9755358351,6935068.183333334,12185676.296445493,1684460.0702211745,6427100.7,11633880.852917634,1220320.5470823655,7321241.166666667,12707656.67958002,1934825.6537533142,6427100.366666666,11633880.34683517,1220320.3864981625
398,7083994.5,12181819.620215414,1986169.379784586,7083994.5,12181819.620215414,1986169.379784586,6719597.933333334,11676241.901099557,1762953.96556711,6305688.633333334,11432258.337896546,1179118.9287701212,7083994.5,12181819.620215414,1986169.379784586,6305688.633333334,11432258.337896546,1179118.9287701212
399,6748651.266666667,11408982.257888222,2088320.275445111,6748651.266666667,11408982.257888222,2088320.275445111,6374873.733333333,10864288.472608835,1885458.9940578332,5908299.7,10312721.63601597,1503877.763984031,6748651.266666667,11408982.257888222,2088320.275445111,5908299.6,10312721.47946354,1503877.7205364592
400,6682166.8,11183172.95342628,2181160.6465737214,6682166.8,11183172.95342628,2181160.6465737214,6318004.733333333,10650881.168860864,1985128.2978058038,5894816.633333334,10181026.87015588,1608606.3965107873,6682166.8,11183172.95342628,2181160.6465737214,5894816.5,10181026.646326631,1608606.3536733696
401,6974114.966666667,11728255.810443752,2219974.122889582,6974114.966666667,11728255.810443752,2219974.122889582,6572926.766666667,11148095.683214169,1997757.8501191651,6086964.6,10512815.503344484,1661113.6966555165,6974114.966666667,11728255.810443752,2219974.122889582,6086964.4,10512815.086111914,1661113.7138880864
402,6604028.833333333,11097956.409286022,2110101.257380643,6596205.916666667,11091574.062014934,2100837.771318401,6194450.35,10505368.369044868,1883532.330955131,6039945.466666667,10377672.065931942,1702218.8674013913,6604028.833333333,11097956.409286022,2110101.257380643,6039945.4,10377671.957166616,1702218.8428333858
403,6965699.433333334,11810258.108816642,2121140.757850025,6965699.433333334,11810258.108816642,2121140.757850025,6572761.1,11254255.369717337,1891266.830282663,6252188.766666667,10806519.062400458,1697858.4709328748,6965699.433333334,11810258.108816642,2121140.757850025,6252188.7,10806518.91326313,1697858.4867368713
404,6754060.7,11395733.625365535,2112387.7746344656,6754060.7,11395733.625365535,2112387.7746344656,6354440.433333334,10836172.451804917,1872708.4148617499,5953233.166666667,10276266.035788788,1630200.2975445464,6754060.7,11395733.625365535,2112387.7746344656,5953233.033333333,10276265.825036123,1630200.241630543
405,6977880.433333334,11838512.84763207,2117248.019034598,6977880.433333334,11838512.84763207,2117248.019034598,6630606.7,11402005.02583741,1859208.374162591,5939212.766666667,10251021.331449619,1627404.2018837146,6977880.433333334,11838512.84763207,2117248.019034598,5939212.466666667,10251020.830767896,1627404.1025654385
406,7025160.5,12060945.806182329,1989375.1938176723,7025160.5,12060945.806182329,1989375.1938176723,6595268.466666667,11481685.785115715,1708851.1482176185,6062067.1,10570345.877316471,1553788.322683528,7025160.5,12060945.806182329,1989375.1938176723,6062066.533333333,10570344.916354803,1553788.150311863
407,7332155.7,12524784.390124373,2139527.0098756272,7323625.15,12517764.794743046,2129485.5052569555,6951528.316666666,12007444.092285197,1895612.5410481365,6394537.9,11120440.824756678,1668634.9752433226,7332155.7,12524784.390124373,2139527.0098756272,6394537.1,11120439.494847372,1668634.705152627
408,6958641.3,12033700.762578752,1883581.8374212468,6950136.716666667,12026654.792767737,1873618.6405655956,6550791.516666667,11407225.925815463,1694357.1075178701,6222476.2,10987542.566417992,1457409.8335820073,6958641.3,12033700.762578752,1883581.8374212468,6222475.766666667,10987541.9355008,1457409.5978325317
409,7563933.533333333,12963315.439517671,2164551.627148995,7563933.533333333,12963315.439517671,2164551.627148995,7104711.9,12267581.827180516,1941841.9728194848,6907509.7,11864935.515028816,1950083.8849711856,7563933.533333333,12963315.439517671,2164551.627148995,6907509.2,11864934.693881128,1950083.7061188724
410,7653869.266666667,13056936.430268649,2250802.103064685,7653869.266666667,13056936.430268649,2250802.103064685,7233935.166666667,12494668.89698001,1973201.436353324,6097659.066666666,10817609.699275173,1377708.4340581587,7653869.266666667,13056936.430268649,2250802.103064685,6097658.5,10817608.819172189,1377708.1808278114
411,7736704.2,13102211.532106241,2371196.867893759,7727977.1,13095065.618106931,2360888.581893068,7163239.233333333,12269414.933732301,2057063.5329343649,6968333.6,12069291.801665653,1867375.3983343467,7736704.2,13102211.532106241,2371196.867893759,6968332.833333333,12069290.729573261,1867374.937093405
412,7565128.933333334,12840656.592016924,2289601.274649743,7556096.35,12833246.3837616,2278946.3162383987,6977120.25,11994041.981139684,1960198.518860316,6171191.9,11040677.462665495,1301706.3373345071,7565128.933333334,12840656.592016924,2289601.274649743,6171191.333333333,11040676.626952253,1301706.0397144118
413,7890836.1,13397384.275904596,2384287.9240954034,7881323.883333334,13389578.429568619,2373069.337098048,7272250.916666667,12533031.816180298,2011470.0171530358,6783314.666666667,11790963.537641797,1775665.7956915358,7890836.1,13397384.275904596,2384287.9240954034,6783314.166666667,11790962.903158128,1775665.4301752057
414,8577548.333333334,14178312.506973166,2976784.159693503,8566523.633333333,14169393.253739629,2963654.0129270367,8051321.266666667,13461777.890772179,2640864.6425611535,7467364.666666667,12597527.946455672,2337201.3868776606,8577548.333333334,14178312.506973166,2976784.159693503,7467364.0,12597526.990779474,2337201.0092205247
415,8437102.0,13961999.294757241,2912204.7052427586,8426146.116666667,13953128.381493825,2899163.851839508,7841969.183333334,13117985.695767213,2565952.6708994554,6863310.6,11917910.038839815,1808711.161160184,8437102.0,13961999.294757241,2912204.7052427586,6863309.933333334,11917909.034653548,1808710.832013118
416,8739896.733333332,14388670.150689002,3091123.315977662,8728112.35,14379152.44562927,3077072.2543707285,8136905.366666666,13538997.981696919,2734812.751636413,6971418.266666667,12163669.878600465,1779166.654732868,8739896.733333332,14388670.150689002,3091123.315977662,6971417.7,12163669.069235139,1779166.3307648627
417,7997802.133333334,12866838.676620426,3128765.590046242,7987509.0,12858653.631585956,3116364.3684140444,7370679.416666667,11921157.187499065,2820201.64583427,7407434.5,12132762.45052648,2682106.5494735213,7997802.133333334,12866838.676620426,3128765.590046242,7407434.066666666,12132761.778436512,2682106.354896821
418,8049925.166666667,12911869.521290733,3187980.8120426014,8041483.933333334,12905191.041544793,3177776.825121874,7463039.9,12049783.844736801,2876295.9552631993,6784313.633333334,11443214.861363169,2125412.405303498,8049925.166666667,12911869.521290733,3187980.8120426014,6784313.233333333,11443214.160090804,2125412.3065758618
419,7471026.9,11937871.32896953,3004182.471030471,7471026.9,11937871.32896953,3004182.471030471,6909834.6,11072463.845776275,2747205.3542237245,6096388.266666667,10237988.36280378,1954788.1705295527,7471026.9,11937871.32896953,3004182.471030471,6096388.033333333,10237987.939099183,1954788.127567483
420,7545434.166666667,12093807.322146107,2997061.0111872265,7545434.166666667,12093807.322146107,2997061.0111872265,6959173.333333333,11142500.932249041,2775845.7344176243,6843760.833333333,11176401.828557532,2511119.838109133,7545434.166666667,12093807.322146107,2997061.0111872265,6843760.6,11176401.418271612,2511119.781728388
421,7357988.033333333,11750835.731577028,2965140.335089638,7357988.033333333,11750835.731577028,2965140.335089638,6866732.666666667,10974119.016257748,2759346.317075587,6747746.366666666,10976487.935362758,2519004.7979705743,7357988.033333333,11750835.731577028,2965140.335089638,6747746.133333334,10976487.477314942,2519004.789351727
422,7202748.9,11712144.188456766,2693353.6115432344,7202748.9,11712144.188456766,2693353.6115432344,6731221.066666666,10956935.012289781,2505507.1210435517,6543285.466666667,11015522.498856694,2071048.43447664,7202748.9,11712144.188456766,2693353.6115432344,6543285.0,11015521.646418579,2071048.3535814201
423,7190323.066666666,11813750.711569387,2566895.4217639454,7190323.066666666,11813750.711569387,2566895.4217639454,6687689.933333334,11020182.502607772,2355197.364058895,6503020.9,11037860.936059445,1968180.8639405556,7190323.066666666,11813750.711569387,2566895.4217639454,6503020.433333334,11037860.05257796,1968180.8140887078
424,6898013.4,11217222.433424257,2578804.366575743,6898013.4,11217222.433424257,2578804.366575743,6414469.3,10431354.523458863,2397584.076541137,5991651.7,10100036.828667164,1883266.571332837,6898013.4,11217222.433424257,2578804.366575743,5991651.366666666,10100036.201036736,1883266.5322965956
425,7141313.733333333,11628122.946132809,2654504.520533857,7141313.733333333,11628122.946132809,2654504.520533857,6634548.7,10794206.603982287,2474890.7960177143,6198194.066666666,10471068.178560708,1925319.9547726251,7141313.733333333,11628122.946132809,2654504.520533857,6198193.666666667,10471067.517815819,1925319.815517515
426,7035618.8,11595670.372696785,2475567.2273032144,7035618.8,11595670.372696785,2475567.2273032144,6558164.666666667,10832116.573587481,2284212.759745852,6347118.166666667,10843487.138182238,1850749.1951510971,7035618.8,11595670.372696785,2475567.2273032144,6347117.666666667,10843486.26219605,1850749.0711372858
427,7141852.466666667,11919148.591579556,2364556.341753776,7141852.466666667,11919148.591579556,2364556.341753776,6725771.633333334,11271403.638704084,2180139.6279625837,6407276.733333333,11187678.546800893,1626874.919865775,7141852.466666667,11919148.591579556,2364556.341753776,6407276.2,11187677.571032219,1626874.8289677827
428,7407223.8,12327827.932998508,2486619.6670014923,7407223.8,12327827.932998508,2486619.6670014923,6952026.9,11631791.413592603,2272262.3864073986,6618251.5,11593255.746513374,1643247.253486625,7407223.8,12327827.932998508,2486619.6670014923,6618250.766666667,11593254.44666782,1643247.086665514
429,6884610.766666667,11364209.542952666,2405011.990380667,6884610.766666667,11364209.542952666,2405011.990380667,6855499.566666666,11386517.2349013,2324481.898432033,6325640.966666667,11035353.562217267,1615928.3711160664,6884610.766666667,11364209.542952666,2405011.990380667,6325640.1,11035352.073305415,1615928.1266945843
430,6680884.4,11010266.190674048,2351502.609325952,6680884.4,11010266.190674048,2351502.609325952,6681191.933333334,11062671.549762167,2299712.316904501,6070566.133333334,10610119.329819454,1531012.9368472137,6680884.4,11010266.190674048,2351502.609325952,6070565.533333333,10610118.290381271,1531012.776285396
431,6994471.3,11642215.505628191,2346727.0943718087,6994471.3,11642215.505628191,2346727.0943718087,7006783.5,11705872.783676453,2307694.216323546,6344690.266666667,11241604.915283607,1447775.618049726,6994471.3,11642215.505628191,2346727.0943718087,6344689.933333334,11241604.388401939,1447775.4782647286
432,7240772.6,12032359.346534632,2449185.853465367,7240772.6,12032359.346534632,2449185.853465367,7209116.066666666,12004607.621684486,2413624.511648847,6561164.866666666,11562498.90464435,1559830.8286889829,7240772.6,12032359.346534632,2449185.853465367,6561164.3,11562497.97923472,1559830.62076528
433,7816442.566666666,13634403.0639457,1998482.0693876334,7816442.566666666,13634403.0639457,1998482.0693876334,7770572.8,13577819.44738296,1963326.1526170382,7263955.466666667,13303046.62092244,1224864.312410893,7816442.566666666,13634403.0639457,1998482.0693876334,7263954.633333334,13303045.30388324,1224863.962783428
434,7915560.666666667,13757040.758881852,2074080.5744514829,7915560.666666667,13757040.758881852,2074080.5744514829,7766107.233333333,13564900.282489037,1967314.1841776296,7192174.933333334,13182676.796491582,1201673.0701750843,7915560.666666667,13757040.758881852,2074080.5744514829,7192174.333333333,13182675.891289935,1201672.7753767315
435,8201413.266666667,14083236.592594143,2319589.94073919,8201413.266666667,14083236.592594143,2319589.94073919,8161909.933333334,14066039.486376926,2257780.380289742,8030278.1,14185951.187042497,1874605.012957503,8201413.266666667,14083236.592594143,2319589.94073919,8030277.5,14185950.250260383,1874604.749739618
436,7889734.133333334,13716310.161497941,2063158.1051687263,7889734.133333334,13716310.161497941,2063158.1051687263,7745514.4,13538528.705146931,1952500.0948530687,7235857.333333333,13242233.876311466,1229480.7903552009,7889734.133333334,13716310.161497941,2063158.1051687263,7235856.966666667,13242233.325868629,1229480.6074647037
437,8085109.1,13841099.672442116,2329118.5275578825,8085109.1,13841099.672442116,2329118.5275578825,7970477.566666666,13702890.798784852,2238064.33454848,7866774.733333333,13889924.245938221,1843625.2207284458,8085109.1,13841099.672442116,2329118.5275578825,7866773.833333333,13889922.725561384,1843624.9411052829
438,7681858.4,13215909.935880415,2147806.8641195865,7681858.4,13215909.935880415,2147806.8641195865,7439264.9,12883815.05916696,1994714.7408330413,6766567.866666666,12427582.937492032,1105552.7958413018,7681858.4,13215909.935880415,2147806.8641195865,6766567.466666667,12427582.226614464,1105552.7067188704
439,7968520.133333334,13655584.687004793,2281455.579661873,7968520.133333334,13655584.687004793,2281455.579661873,7774499.6,13393217.907302553,2155781.2926974464,7701575.266666667,13565366.74682594,1837783.7865073914,7968520.133333334,13655584.687004793,2281455.579661873,7701574.566666666,13565365.600602947,1837783.5327303847
440,7172234.733333333,11719825.444110122,2624644.022556545,7172234.733333333,11719825.444110122,2624644.022556545,7019892.3,11506193.74916228,2533590.8508377206,6892377.366666666,11624338.547634603,2160416.185698729,7172234.733333333,11719825.444110122,2624644.022556545,6892376.666666667,11624337.345000388,2160415.988332946
441,7205319.7,11722702.209700324,2687937.1902996767,7205319.7,11722702.209700324,2687937.1902996767,7122491.433333334,11603710.892326556,2641271.974340111,6787922.266666667,11528619.665371483,2047224.86796185,7205319.7,11722702.209700324,2687937.1902996767,6787921.633333334,11528618.616727175,2047224.6499394923
442,6901190.666666667,11320729.057070507,2481652.276262827,6897296.866666666,11317619.953175576,2476973.780157756,6828888.5,11209740.416342255,2448036.583657746,6241289.6,10935344.777570926,1547234.4224290727,6901190.666666667,11320729.057070507,2481652.276262827,6241289.033333333,10935343.777468573,1547234.289198094
443,8014426.7,13610983.518410504,2417869.8815894965,8010830.083333333,13608055.20610224,2413604.9605644243,7941959.033333333,13499090.914384756,2384827.1522819092,7653443.8,13482854.993131008,1824032.6068689926,8014426.7,13610983.518410504,2417869.8815894965,7653443.566666666,13482854.568322096,1824032.5650112368
444,7981184.933333334,13637187.214553727,2325182.6521129403,7978236.283333333,13634780.455412796,2321692.1112538707,7843900.016666667,13412878.79468566,2274921.2386476733,7542798.733333333,13409767.415415354,1675830.0512513118,7981184.933333334,13637187.214553727,2325182.6521129403,7542797.9,13409766.101163834,1675829.6988361673
445,7558387.533333333,12750151.888485596,2366623.1781810718,7555726.883333334,12747996.112173323,2363457.654493346,7366487.766666667,12416277.090584744,2316698.4427485904,7143116.366666666,12473628.110481348,1812604.6228519836,7558387.533333333,12750151.888485596,2366623.1781810718,7143115.866666666,12473627.258217763,1812604.4751155684
446,8001995.2,13793835.857249077,2210154.542750922,8001995.2,13793835.857249077,2210154.542750922,7899163.216666667,13604035.73500346,2194290.6983298725,7786096.733333333,13757239.80267094,1814953.663995727,8001995.2,13793835.857249077,2210154.542750922,7786095.766666667,13757238.201352287,1814953.331981047
447,7901376.3,13664599.98283132,2138152.61716868,7901376.3,13664599.98283132,2138152.61716868,7775868.066666666,13424877.479111789,2126858.654221544,7710840.833333333,13646405.121316394,1775276.5453502722,7901376.3,13664599.98283132,2138152.61716868,7710839.866666666,13646403.576186365,1775276.157146968
448,8509242.366666667,15529946.998271724,1488537.7350616101,8509242.366666667,15529946.998271724,1488537.7350616101,8521202.966666667,15515598.241804542,1526807.6915287916,8264281.966666667,15426508.389420865,1102055.5439124685,8509242.366666667,15529946.998271724,1488537.7350616101,8264281.3,15426507.370983783,1102055.2290162155
449,8125478.633333334,15055961.462983109,1194995.8036835575,8122392.333333333,15053346.196467854,1191438.470198811,8013953.95,14856904.263343126,1171003.6366568739,7833199.9,14999549.306991383,666850.4930086182,8125478.633333334,15055961.462983109,1194995.8036835575,7833199.033333333,14999548.05734545,666850.0093212156
450,8243605.1,15206093.864942782,1281116.3350572186,8240986.566666666,15203880.084280724,1278093.0490526091,8323966.4,15287352.136036957,1360580.663963044,8674252.466666667,16258303.295058697,1090201.638274637,8243605.1,15206093.864942782,1281116.3350572186,8674251.133333333,16258300.87757307,1090201.3890935956
451,8448111.866666667,15471132.290351395,1425091.4429819398,8444764.45,15468308.64570788,1421220.2542921193,8538599.95,15578123.155128703,1499076.744871296,8883511.7,16552040.932238996,1214982.4677610025,8448111.866666667,15471132.290351395,1425091.4429819398,8883502.633333333,16552025.204325944,1214980.0623407215
452,8476214.766666668,15508366.219401786,1444063.313931549,8472556.466666667,15505280.552116193,1439832.3812171398,8582669.933333334,15641100.370383881,1524239.496282787,8801769.566666666,16448076.26951622,1155462.8638171125,8476214.766666668,15508366.219401786,1444063.313931549,8801762.133333333,16448063.481760535,1155460.7849061294
453,8297589.7,15324883.579459898,1270295.8205401022,8294541.783333333,15322304.418694768,1266779.1479718992,8468349.166666666,15554750.379912084,1381947.9534212481,8233738.066666666,15588270.687170252,879205.4461630806,8297589.7,15324883.579459898,1270295.8205401022,8233727.233333333,15588255.179937582,879199.2867290843
454,8628345.5,15760697.605346266,1495993.3946537338,8624555.183333334,15757502.53657258,1491607.8300940888,8843867.65,16072795.25015251,1614940.049847492,9019442.0,16639959.73322951,1398924.2667704904,8628345.5,15760697.605346266,1495993.3946537338,9019429.466666667,16639937.512163853,1398921.4211694803
455,7669843.433333334,14342965.2066394,996721.6600272674,7666662.966666667,14340259.828581616,993066.1047517164,8068228.366666666,14862938.37602241,1273518.357310922,8265204.133333334,15399013.306895027,1131394.9597716406,7669843.433333334,14342965.2066394,996721.6600272674,8265188.533333333,15398984.01975228,1131393.0469143856
456,7928789.866666666,14298752.353078188,1558827.380255144,7928789.866666666,14298752.353078188,1558827.380255144,8337572.583333333,14836276.186671566,1838868.9799951008,7583538.366666666,14129732.051265202,1037344.6820681291,7928789.866666666,14298752.353078188,1558827.380255144,7583521.8,14129705.33934778,1037338.2606522208
457,7596458.1,13999974.448241562,1192941.7517584367,7596458.1,13999974.448241562,1192941.7517584367,8009129.9,14554021.188862536,1464238.6111374646,7677476.466666667,14258919.16441185,1096033.7689214842,7596458.1,13999974.448241562,1192941.7517584367,7677466.0,14258903.219492136,1096028.7805078644
458,7775559.9,14591162.591315197,959957.2086848039,7775559.9,14591162.591315197,959957.2086848039,8103788.133333334,15022368.652522456,1185207.6141442107,7614296.9,14341895.434364196,886698.3656358058,7775559.9,14591162.591315197,959957.2086848039,7614286.7,14341880.030367479,886693.3696325207
459,7726562.166666667,14522687.678109638,930436.6552236946,7726562.166666667,14522687.678109638,930436.6552236946,8069328.966666667,14975496.634448908,1163161.2988844244,7684379.533333333,14695109.9157434,673649.1509232661,7726562.166666667,14522687.678109638,930436.6552236946,7684372.333333333,14695099.533396177,673645.13327049
460,7661264.233333333,14438284.665942382,884243.8007242838,7657777.183333334,14435308.978744062,880245.3879226055,8046340.083333333,14927556.569479499,1165123.597187167,7603531.733333333,14458967.026863746,748096.4398029204,7661264.233333333,14438284.665942382,884243.8007242838,7603525.1,14458957.232857201,748092.967142798
461,7423987.866666666,13105345.559214186,1742630.1741191465,7417777.966666667,13100169.593023926,1735386.3403094066,7794405.633333334,13604778.016652763,1984033.2500139056,6878918.133333334,12723962.027840838,1033874.2388258297,7423987.866666666,13105345.559214186,1742630.1741191465,6878914.8,12723956.756911846,1033872.8430881537
462,7274494.266666667,12926883.767378971,1622104.7659543613,7267544.15,12921066.915836608,1614021.3841633927,7709324.05,13522399.616281634,1896248.4837183654,6699060.033333333,12493269.607954685,904850.4587119827,7274494.266666667,12926883.767378971,1622104.7659543613,6699054.3,12493260.83823695,904847.7617630493
463,7516535.033333333,13217861.648316663,1815208.4183500046,7509575.033333333,13212065.846390674,1807084.2202759925,7980331.833333333,13861538.904599058,2099124.7620676085,6729026.433333334,12529605.590302855,928447.2763638124,7516535.033333333,13217861.648316663,1815208.4183500046,6729022.2,12529599.165386576,928445.2346134232
464,6537756.8,12053584.33036391,1021929.2696360899,6533994.816666666,12050397.527775202,1017592.1055581318,7014967.733333333,12723150.631076183,1306784.8355904846,6640880.033333333,12433993.19111465,847766.8755520163,6537756.8,12053584.33036391,1021929.2696360899,6640874.766666667,12433985.0066225,847764.5267108334
465,6530839.533333333,12055040.288169198,1006638.7784974687,6530839.533333333,12055040.288169198,1006638.7784974687,6977101.433333334,12677837.47654258,1276365.3901240854,6481870.966666667,12194382.534881268,769359.3984520668,6530839.533333333,12055040.288169198,1006638.7784974687,6481865.5,12194374.507601883,769356.4923981177
466,6438270.333333333,11952870.291235615,923670.3754310515,6433808.983333333,11949077.125127433,918540.8415392339,6820698.083333333,12464980.063113743,1176416.1035529226,6337606.0,11998729.747090263,676482.2529097367,6438270.333333333,11952870.291235615,923670.3754310515,6337602.433333334,11998724.624597525,676480.2420691419
467,6432926.933333334,11965420.261120606,900433.60554606,6432926.933333334,11965420.261120606,900433.60554606,6853675.966666667,12554082.755107075,1153269.1782262595,6371365.966666667,12088477.716054795,654254.2172785383,6432926.933333334,11965420.261120606,900433.60554606,6371362.866666666,12088473.279008046,654252.4543252857
468,6582731.1,12142314.955266349,1023147.2447336493,6582731.1,12142314.955266349,1023147.2447336493,7014894.766666667,12750549.383466706,1279240.1498666275,6438143.033333333,12181432.629169263,694853.4374974044,6582731.1,12142314.955266349,1023147.2447336493,6438140.4,12181428.868198916,694851.9318010835
469,6520540.233333333,12068651.671755921,972428.7949107448,6520540.233333333,12068651.671755921,972428.7949107448,7007252.433333334,12752140.512265593,1262364.3544010734,6386442.3,12126397.26928629,646487.3307137098,6520540.233333333,12068651.671755921,972428.7949107448,6386439.866666666,12126393.79227934,646485.9410539912
470,5979318.1,11492530.2920913,466105.90790869854,5979318.1,11492530.2920913,466105.90790869854,6431157.466666667,12139905.335985968,722409.5973473657,6039981.966666667,11667551.334423013,412412.5989103196,5979318.1,11492530.2920913,466105.90790869854,6039980.6,11667549.20329627,412411.99670372996
471,5641564.966666667,11074831.178620484,208298.75471284986,5641564.966666667,11074831.178620484,208298.75471284986,6096556.1,11731210.89126556,461901.30873444024,6208447.666666667,11809422.97215636,607472.3611769741,5641564.966666667,11074831.178620484,208298.75471284986,6208446.666666667,11809421.360454477,607471.9728788575
472,5869905.4,11163857.351006703,575953.4489932973,5869905.4,11163857.351006703,575953.4489932973,6403435.7,12022922.873631839,783948.5263681607,6032584.466666667,11356973.169461682,708195.7638716502,5869905.4,11163857.351006703,575953.4489932973,6032583.266666667,11356971.404441342,708195.1288919915
473,6073416.366666666,11609037.56701481,537795.1663185237,6073416.366666666,11609037.56701481,537795.1663185237,6571623.666666667,12348841.035416925,794406.2979164086,6411491.433333334,12033868.935692,789113.9309746679,6073416.366666666,11609037.56701481,537795.1663185237,6411490.7,12033867.770359695,789113.6296403063
474,6837136.8,13577748.565581728,96525.03441827185,6837136.8,13577748.565581728,96525.03441827185,7393802.0,14351112.59143613,436491.4085638691,7233914.266666667,14055636.175550733,412192.3577826014,6837136.8,13577748.565581728,96525.03441827185,7233913.733333333,14055635.287222635,412192.1794440318
475,7493485.166666667,14272735.658651717,714234.6746816179,7493485.166666667,14272735.658651717,714234.6746816179,8064235.2,15069144.878414873,1059325.5215851283,8035887.766666667,15074888.263259023,996887.2700743088,7493485.166666667,14272735.658651717,714234.6746816179,8035887.366666666,15074887.707783751,996887.0255495822
476,7514637.5,14290023.367497798,739251.632502202,7514637.5,14290023.367497798,739251.632502202,8183853.9,15236166.0103933,1131541.7896067025,8129907.766666667,15201517.283496581,1058298.2498367513,7514637.5,14290023.367497798,739251.632502202,8129907.4,15201516.766625822,1058298.0333741782
477,7529704.0,14274277.362130139,785130.6378698619,7529704.0,14274277.362130139,785130.6378698619,8208174.5,15231792.417208195,1184556.5827918043,8093278.233333333,15168740.55878091,1017815.9078857563,7529704.0,14274277.362130139,785130.6378698619,8093278.1,15168740.374471135,1017815.8255288647
478,8179703.366666666,16153879.031102603,205527.70223072916,8179703.366666666,16153879.031102603,205527.70223072916,8852038.0,17058828.550384734,645247.4496152662,8725223.633333333,16924670.919744402,525776.3469222635,8179703.366666666,16153879.031102603,205527.70223072916,8725223.4,16924670.45247986,525776.3475201372
479,8722013.3,16787301.002037093,656725.5979629094,8722013.3,16787301.002037093,656725.5979629094,9356900.166666666,17644095.713455804,1069704.6198775284,9308967.133333333,17653381.029279783,964553.2373868842,8722013.3,16787301.002037093,656725.5979629094,9308967.0,17653380.855007835,964553.1449921653
480,8225501.066666666,16183073.29855828,267928.83477505296,8225501.066666666,16183073.29855828,267928.83477505296,8842349.733333332,17025322.428440906,659377.038225757,8720583.266666668,17008670.960050605,432495.5732827317,8225501.066666666,16183073.29855828,267928.83477505296,8720583.2,17008670.872401014,432495.52759898454
481,8268766.366666666,16124806.763163105,412725.9701702269,8268766.366666666,16124806.763163105,412725.9701702269,8888630.3,16966345.13469843,810915.4653015723,8733595.733333332,16820400.531074096,646790.9355925694,8268766.366666666,16124806.763163105,412725.9701702269,8733595.5,16820400.07709197,646790.9229080314
482,8738702.133333333,16496553.544703845,980850.7219628198,8738702.133333333,16496553.544703845,980850.7219628198,9376995.033333333,17354151.804965626,1399838.26170104,9307632.833333334,17283064.49303449,1332201.1736321803,8738702.133333333,16496553.544703845,980850.7219628198,9307632.633333333,17283064.08916081,1332201.1775058554
483,8157114.533333333,15607170.66510975,707058.4015569156,8157114.533333333,15607170.66510975,707058.4015569156,8815535.466666667,16502626.191489838,1128444.7418434964,8667150.233333332,16394057.681618936,940242.7850477286,8157114.533333333,15607170.66510975,707058.4015569156,8667149.933333334,16394057.136510894,940242.7301557725
484,8612375.066666666,16128553.322572168,1096196.8107611658,8612375.066666666,16128553.322572168,1096196.8107611658,9338983.333333334,17104231.95047698,1573734.716189688,9214844.666666666,16926600.76830703,1503088.565026302,8612375.066666666,16128553.322572168,1096196.8107611658,9214844.7,16926600.677071355,1503088.722928645
485,8361056.2,16006777.173402678,715335.2265973222,8361056.2,16006777.173402678,715335.2265973222,9037795.1,16911552.81103813,1164037.3889618693,9159984.666666666,17030173.201775607,1289796.1315577244,8361056.2,16006777.173402678,715335.2265973222,9159984.4,17030172.480911218,1289796.319088783
486,7900619.033333333,15308227.306140073,493010.7605265938,7900619.033333333,15308227.306140073,493010.7605265938,8528783.366666667,16179151.292679746,878415.4406535877,8756180.866666667,16521408.400702052,990953.3326312834,7900619.033333333,15308227.306140073,493010.7605265938,8756180.633333333,16521407.991326902,990953.2753397627
487,7785223.166666667,15170789.213430405,399657.1199029293,7785223.166666667,15170789.213430405,399657.1199029293,8424545.6,16059413.448753048,789677.7512469515,8611937.133333333,16354900.492987435,868973.7736792294,7785223.166666667,15170789.213430405,399657.1199029293,8611937.033333333,16354900.220977923,868973.8456887435
488,7846789.733333333,15159747.715248525,533831.7514181426,7846789.733333333,15159747.715248525,533831.7514181426,8434086.933333334,15990238.08608194,877935.7805847265,8264444.9,15777897.010675095,750992.7893249048,7846789.733333333,15159747.715248525,533831.7514181426,8264444.5,15777896.112853054,750992.887146947
489,7862423.266666667,15268217.940533781,456628.5927995518,7862423.266666667,15268217.940533781,456628.5927995518,8424252.5,16035324.149778174,813180.8502218258,8564919.866666667,16187732.507008642,942107.2263246914,7862423.266666667,15268217.940533781,456628.5927995518,8564919.633333333,16187731.826292874,942107.4403737914
490,7710786.066666666,15127234.759097954,294337.3742353786,7710786.066666666,15127234.759097954,294337.3742353786,8219743.866666666,15857785.92731437,581701.8060189607,8315591.733333333,16000457.027393105,630726.4392735623,7710786.066666666,15127234.759097954,294337.3742353786,8315591.5,16000456.639389694,630726.3606103072
491,8010176.633333334,15676358.795756035,343994.470910633,8010176.633333334,15676358.795756035,343994.470910633,8514776.4,16391349.058863036,638203.7411369644,8617934.033333333,16532923.938379467,702944.128287199,8010176.633333334,15676358.795756035,343994.470910633,8617933.8,16532923.448577775,702944.1514222268
492,7769812.8,15237614.199761111,302011.4002388874,7769812.8,15237614.199761111,302011.4002388874,8294772.533333333,15984144.500407327,605400.5662593395,8608101.8,16390482.52975097,825721.0702490313,7769812.8,15237614.199761111,302011.4002388874,8608101.533333333,16390482.078142297,825720.9885243708
493,7708724.466666667,15097121.77044088,320327.16289245244,7708724.466666667,15097121.77044088,320327.16289245244,8191256.433333334,15792328.770732913,590184.095933754,8361331.866666666,16003900.192181144,718763.5411521876,7708724.466666667,15097121.77044088,320327.16289245244,8361331.8,16003900.008763988,718763.5912360111
494,7606129.033333333,15053787.709034652,158470.35763201583,7606129.033333333,15053787.709034652,158470.35763201583,8095920.566666666,15753098.909078734,438742.22425459884,8260628.5,15908811.307262748,612445.6927372506,7606129.033333333,15053787.709034652,158470.35763201583,8260628.5,15908811.20570872,612445.7942912793
495,7384303.733333333,14676414.638550578,92192.8281160891,7384303.733333333,14676414.638550578,92192.8281160891,7837739.4,15333915.018024407,341563.78197559435,8116486.666666667,15628341.566655347,604631.7666779868,7384303.733333333,14676414.638550578,92192.8281160891,8116486.666666667,15628341.466372382,604631.866960953
496,7493832.766666667,15079028.075321943,-91362.54198860936,7493832.766666667,15079028.075321943,-91362.54198860936,7876269.566666666,15617254.754948651,135284.37838468142,8168048.7,15928148.357577309,407949.04242269136,7493832.766666667,15079028.075321943,-91362.54198860936,8168048.633333334,15928148.069578413,407949.19708825555
497,7414576.8,15355829.858627953,-526676.2586279521,7414576.8,15355829.858627953,-526676.2586279521,7857492.133333334,16007621.370856106,-292637.10418943875,8126678.333333333,16302559.484048437,-49202.81738177221,7414576.8,15355829.858627953,-526676.2586279521,8126678.266666667,16302559.07972476,-49202.54639142752
498,7923888.733333333,15996851.462553417,-149073.99588675052,7923888.733333333,15996851.462553417,-149073.99588675052,8362525.8,16749266.367051374,-24214.76705137361,8650629.2,16946691.762506165,354566.63749383297,7923888.733333333,15996851.462553417,-149073.99588675052,8650629.133333333,16946691.485442948,354566.781223719
499,8488080.7,16559349.97014478,416811.42985521816,8488080.7,16559349.97014478,416811.42985521816,8889781.6,17210188.222312003,569374.9776879968,9250465.766666668,17518918.73636292,982012.796970414,8488080.7,16559349.97014478,416811.42985521816,9250465.8,17518918.632368993,982012.9676310075
500,8593074.333333334,16934244.65406882,251904.01259784866,8593074.333333334,16934244.65406882,251904.01259784866,9135758.433333334,17846847.05761738,424669.8090492841,9477939.133333333,18157795.48895847,798082.777708197,8593074.333333334,16934244.65406882,251904.01259784866,9477939.266666668,18157795.64626593,798082.8870674036
501,7679709.966666667,15718036.805348102,-358616.87201476935,7669608.983333333,15709137.598780988,-369919.632114321,8178970.35,16550232.796672229,-192292.09667222947,8563478.4,16860839.00029386,266117.79970614146,7679709.966666667,15718036.805348102,-358616.87201476935,8563478.466666667,16860838.934687477,266117.99864585605
502,7949294.233333333,16258687.780820452,-360099.31415378395,7938383.633333334,16249073.41256671,-372306.1459000418,8330233.4,16937136.804587215,-276670.0045872126,9069991.0,17804896.667662084,335085.33233791776,7949294.233333333,16258687.780820452,-360099.31415378395,9069991.166666666,17804896.88496075,335085.448372582
503,7616353.866666666,16837290.98737776,-1604583.2540444275,7605174.6,16827253.164266862,-1616903.9642668627,8000533.833333333,17377563.34211517,-1376495.6754485061,8868791.133333333,18308218.354849495,-570636.0881828275,7616353.866666666,16837290.98737776,-1604583.2540444275,8868791.4,18308218.675469786,-570635.8754697833
504,7505416.533333333,16735584.748486457,-1724751.681819791,7492329.216666667,16723795.205953613,-1739136.7726202793,7846001.016666667,17217292.38958136,-1525290.3562480258,8702875.666666666,18123252.949209414,-717501.6158760823,7505416.533333333,16735584.748486457,-1724751.681819791,8702875.833333334,18123253.14797485,-717501.4813081827
505,7455679.733333333,16715270.14320033,-1803910.6765336646,7442412.833333333,16703303.655149072,-1818477.9884824073,7729034.7,17106820.121006075,-1648750.7210060759,8529901.533333333,17895136.20363929,-835333.1369726267,7455679.733333333,16715270.14320033,-1803910.6765336646,8529901.666666666,17895136.15416497,-835332.8208316378
506,6787694.033333333,14688699.322507717,-1113311.2558410512,6772721.25,14675259.318949763,-1129816.8189497637,7003708.05,14963319.607005779,-955903.5070057781,7696965.7,15585908.440365478,-191977.04036547896,6787694.033333333,14688699.322507717,-1113311.2558410512,7696965.866666666,15585908.442875419,-191976.70954208635
507,6886897.066666666,14889317.208897512,-1115523.0755641786,6875351.133333334,14878987.0479702,-1128284.7813035324,7151827.266666667,15292699.50672405,-989044.9733907171,7791348.166666667,15848242.064418986,-265545.7310856525,6886897.066666666,14889317.208897512,-1115523.0755641786,7791348.4,15848242.146880489,-265545.3468804881
508,6716999.133333334,14440580.126276985,-1006581.8596103163,6707757.733333333,14432336.668560185,-1016821.2018935177,6793723.7,14499018.807664288,-911571.4076642878,7408730.633333334,14924651.32286515,-107190.05619848426,6716999.133333334,14440580.126276985,-1006581.8596103163,7408730.733333333,14924651.245229175,-107189.77856250852
509,7247837.466666667,14989638.712384623,-493963.77905128896,7238091.366666666,14981027.258311925,-504844.524978593,7334591.1,15132968.39124085,-463786.19124085084,7960788.9,15652315.885326363,269261.91467363853,7247837.466666667,14989638.712384623,-493963.77905128896,7960788.966666667,15652315.781141534,269262.15219180007
510,7206079.3,14815689.68021839,-403531.08021838963,7194654.2,14805594.286051188,-416285.88605118636,7299258.933333334,14942200.006569162,-343682.13990249485,8174064.966666667,15786252.353054048,561877.5802792851,7206079.3,14815689.68021839,-403531.08021838963,8174064.9,15786252.144810962,561877.6551890392
511,7682491.5,15858133.901249023,-493150.90124902315,7672246.45,15849086.671406185,-504593.7714061849,7658028.05,15795388.263055317,-479332.16305531655,8395125.7,16530105.792261235,260145.6077387631,7682491.5,15858133.901249023,-493150.90124902315,8395125.866666667,16530105.90776313,260145.82557020523
512,7954587.633333334,16138017.321267707,-228842.05460103974,7945937.016666667,16130425.412412161,-238551.3790788278,7842340.35,15837000.288664352,-152319.58866435196,8653366.133333333,16576042.871569801,730689.3950968655,7954587.633333334,16138017.321267707,-228842.05460103974,8653366.0,16576042.531210352,730689.4687896483
513,8328952.166666667,16398058.51675907,259845.81657426432,8321015.0,16391159.512494676,250870.48750532418,8238228.833333333,16160785.906975918,315671.75969074946,9185343.4,17127288.12694621,1243398.6730537917,8328952.166666667,16398058.51675907,259845.81657426432,9185343.266666668,17127287.65267744,1243398.880655896
514,8509094.466666667,17056012.454420976,-37823.52108764462,8501336.1,17049234.778186917,-46562.57818691991,8404226.0,16778492.177682657,29959.822317342274,9191461.266666668,17511709.94816793,871212.5851654038,8509094.466666667,17056012.454420976,-37823.52108764462,9191461.233333332,17511709.6221329,871212.8445337629
515,7612481.033333333,15406331.00038188,-181368.93371521216,7612481.033333333,15406331.00038188,-181368.93371521216,7558313.7,15281184.44731279,-164557.0473127896,8280185.066666666,16012687.621838238,547682.5114950938,7612481.033333333,15406331.00038188,-181368.93371521216,8280185.0,16012687.363203771,547682.6367962277
516,8144660.7,16068653.16645465,220668.23354534898,8144660.7,16068653.16645465,220668.23354534898,8078163.6,15895417.825379947,260909.37462005205,9005929.166666666,16867290.572573707,1144567.7607596247,8144660.7,16068653.16645465,220668.23354534898,9005929.133333333,16867290.39375194,1144567.8729147231
517,7756693.0,15465038.310814789,48347.689185211435,7756693.0,15465038.310814789,48347.689185211435,7769350.533333333,15446824.698679777,91876.36798688956,8904014.233333332,16702042.476616453,1105985.9900502125,7756693.0,15465038.310814789,48347.689185211435,8904014.166666666,16702042.248153593,1105986.0851797396
518,7202248.6,15013183.479359228,-608686.2793592298,7202248.6,15013183.479359228,-608686.2793592298,7154759.533333333,14846271.941506151,-536752.8748394847,7932057.666666667,15611981.902830943,252133.4305023905,7202248.6,15013183.479359228,-608686.2793592298,7932057.466666667,15611981.295295563,252133.63803777192
519,7463004.7,15121515.032597143,-195505.63259714283,7463004.7,15121515.032597143,-195505.63259714283,7395483.133333334,14972176.09495313,-181209.82828646433,8455986.566666666,16109225.699980685,802747.4333526473,7463004.7,15121515.032597143,-195505.63259714283,8455986.3,16109224.921684867,802747.6783151347
520,7087170.966666667,14543662.59414328,-369320.6608099472,7087170.966666667,14543662.59414328,-369320.6608099472,6977141.133333334,14322967.183897316,-368684.9172306489,7795798.233333333,15124066.076589998,467530.39007666986,7087170.966666667,14543662.59414328,-369320.6608099472,7795797.9,15124065.161015484,467530.6389845172
521,6338845.133333334,13305961.28048011,-628271.0138134416,6338845.133333334,13305961.28048011,-628271.0138134416,6244045.966666667,13100237.704856157,-612145.7715228247,7150255.733333333,14023229.464190707,277282.0024759602,6338845.133333334,13305961.28048011,-628271.0138134416,7150255.533333333,14023228.803094864,277282.2635718025
522,6948529.433333334,13956397.581508927,-59338.714842260815,6948529.433333334,13956397.581508927,-59338.714842260815,6627367.266666667,13509709.190221049,-254974.6568877166,7625944.766666667,14618268.942690387,633620.5906429458,6948529.433333334,13956397.581508927,-59338.714842260815,7625944.766666667,14618268.798549136,633620.7347841971
523,7749338.233333333,15005031.009101383,493645.45756528433,7749338.233333333,15005031.009101383,493645.45756528433,7179695.533333333,14230837.653658938,128553.41300772969,8350142.466666667,15602164.59069638,1098120.342636953,7749338.233333333,15005031.009101383,493645.45756528433,8350142.5,15602164.434338732,1098120.5656612683
524,7621100.733333333,14675205.50782841,566995.958838257,7621100.733333333,14675205.50782841,566995.958838257,7244653.266666667,14194973.11437227,294333.418961063,8161012.5,15220914.891905935,1101110.1080940645,7621100.733333333,14675205.50782841,566995.958838257,8161012.5,15220914.746435206,1101110.2535647936
525,8370238.766666667,15712609.68560559,1027867.8477277439,8370238.766666667,15712609.68560559,1027867.8477277439,7913107.266666667,15117021.733740348,709192.7995929858,9354716.5,16817745.077408183,1891687.9225918176,8370238.766666667,15712609.68560559,1027867.8477277439,9354716.233333332,16817744.4584394,1891688.0082272673
526,9301292.933333334,18079358.404530033,523227.46213663183,9301292.933333334,18079358.404530033,523227.46213663183,8798330.7,17436177.68245179,160483.71754821017,10187636.2,19014626.689452246,1360645.7105477545,9301292.933333334,18079358.404530033,523227.46213663183,10187636.1,19014626.207007818,1360645.9929921832
527,8553463.166666666,17173977.16036447,-67050.82703114115,8545604.683333334,17166889.74325964,-75680.37659297325,8110070.683333334,16599908.297841791,-379766.9311751239,9220134.566666666,17819227.41192299,621041.7214103434,8553463.166666666,17173977.16036447,-67050.82703114115,9220134.4,17819226.792293377,621042.0077066235
528,8697639.266666668,17435403.296304114,-40124.76297077909,8676264.366666667,17415956.492400162,-63427.75906682573,8316513.2,16971623.867170345,-338597.4671703456,9427680.466666667,18172050.959624365,683309.9737089667,8697639.266666668,17435403.296304114,-40124.76297077909,9427680.433333334,18172050.70517359,683310.1614930779
529,8350041.766666667,16859831.693704583,-159748.1603712486,8338793.55,16849623.476649366,-172036.37664936576,8041386.916666667,16463572.320941105,-380798.48760777246,9166761.033333333,17618949.49841082,714572.5682558473,8350041.766666667,16859831.693704583,-159748.1603712486,9166760.966666667,17618949.09730574,714572.8360275924
530,8265671.766666667,16631011.434085919,-99667.90075258538,8252605.7,16619165.081159033,-113953.68115903158,8012577.766666667,16299119.80387207,-273964.27053873613,9069678.566666666,17372064.657230113,767292.4761032201,8265671.766666667,16631011.434085919,-99667.90075258538,9069678.433333334,17372064.127620295,767292.7390463734
531,9311599.766666668,17834355.891924325,788843.6414090097,9286296.483333332,17811552.65543035,761040.3112363145,8380221.116666666,16378484.263413843,381957.9699194906,9876197.366666667,18120426.58708706,1631968.146246274,9311599.766666668,17834355.891924325,788843.6414090097,9876197.1,18120426.059766825,1631968.140233175
532,8462419.966666667,16682466.68428177,242373.2490515625,8437184.433333334,16659468.886217948,214899.98044871818,7490513.333333333,15121203.69027965,-140177.02361298352,9001461.766666668,16885099.84812341,1117823.6852099253,8462419.966666667,16682466.68428177,242373.2490515625,9001461.7,16885099.62188604,1117823.7781139575
533,8308410.9,16201681.788490992,415140.0115090078,8294782.083333333,16189401.869790195,400162.2968764715,7435302.416666667,14783186.652573114,87418.1807602197,9754238.6,17754126.609928597,1754350.5900714016,8308410.9,16201681.788490992,415140.0115090078,9754238.6,17754126.58794321,1754350.612056789
534,8527634.233333332,16709374.781497184,345893.6851694817,8515438.25,16698385.607838612,332490.89216138795,7650266.583333333,15277771.028878678,22762.13778798934,10138267.2,18497015.80930482,1779518.590695179,8527634.233333332,16709374.781497184,345893.6851694817,10138267.166666666,18497015.60403481,1779518.72929852
535,9147200.966666667,17266725.46718363,1027676.4661497027,9136562.5,17257260.02017853,1015864.9798214696,8250090.866666666,15840916.861801963,659264.8715313701,10747706.533333333,19190861.7394018,2304551.3272648677,9147200.966666667,17266725.46718363,1027676.4661497027,10747706.533333333,19190861.671102516,2304551.395564152
536,8335977.5,15127950.213610932,1544004.7863890668,8326703.65,15119793.183156297,1533614.1168437032,7499397.616666666,13679330.227026306,1319465.0063070264,10279094.633333333,17767170.030164246,2791019.236502421,8335977.5,15127950.213610932,1544004.7863890668,10279094.766666668,17767170.230273932,2791019.303059401
537,8382258.166666667,15261003.035516247,1503513.2978170868,8374327.816666666,15254045.063146902,1494610.5701864306,7610956.75,13917458.43388467,1304455.066115331,10228785.7,17702197.521189842,2755373.878810157,8382258.166666667,15261003.035516247,1503513.2978170868,10228785.666666666,17702197.4118158,2755373.9215175323
538,7841170.433333334,14310098.912157377,1372241.95450929,7841170.433333334,14310098.912157377,1372241.95450929,7232761.966666667,13177305.793262169,1288218.140071164,9740270.733333332,16916603.352430575,2563938.1142360885,7841170.433333334,14310098.912157377,1372241.95450929,9740270.933333334,16916603.687728148,2563938.1789385183
539,8030578.733333333,14532026.480016205,1529130.9866504623,8022710.083333333,14525124.857655983,1520295.3090106826,7456091.116666666,13461669.305683406,1450512.9276499264,9778702.8,16953780.85725713,2603624.742742869,8030578.733333333,14532026.480016205,1529130.9866504623,9778702.8,16953780.81795654,2603624.78204346
540,8142275.866666666,14357851.967596453,1926699.7657368788,8134487.7,14351107.566396344,1917867.833603656,7717415.8,13544118.971490797,1890712.628509203,9858765.633333333,16737872.767460562,2979658.4992061025,8142275.866666666,14357851.967596453,1926699.7657368788,9858765.633333333,16737872.749143306,2979658.5175233595
541,6641674.233333333,11720600.61944253,1562747.8472241368,6641674.233333333,11720600.61944253,1562747.8472241368,6175389.233333333,10720958.922031373,1629819.544635295,8409846.066666666,14213569.837701099,2606122.295632234,6641674.233333333,11720600.61944253,1562747.8472241368,8409846.033333333,14213569.79248562,2606122.2741810447
542,6736254.466666667,11851138.875346027,1621370.0579873072,6727162.25,11843223.615815764,1611100.8841842357,6361724.05,11089531.90872744,1633916.1912725605,8459978.766666668,14299207.907654513,2620749.6256788224,6736254.466666667,11851138.875346027,1621370.0579873072,8459978.833333334,14299208.023378426,2620749.6432882417
543,6736374.633333334,11880793.934416061,1591955.3322506063,6728044.366666666,11873561.885818675,1582526.8475146582,6282174.9,10923227.441815248,1641122.358184753,8585543.5,14503904.08822241,2667182.9117775885,6736374.633333334,11880793.934416061,1591955.3322506063,8585543.566666666,14503904.176726388,2667182.956606945
544,7472127.3,12933052.909342071,2011201.6906579286,7462717.45,12924943.351574883,2000491.5484251166,7055946.116666666,12042622.008490589,2069270.224842743,9291145.4,15559020.85692611,3023269.943073891,7472127.3,12933052.909342071,2011201.6906579286,9291145.4,15559020.839960935,3023269.960039066
545,7107091.2,12545398.745232675,1668783.6547673242,7098631.9,12538055.61276708,1659208.187232921,6704952.7,11691336.778053459,1718568.6219465407,8730958.2,14842466.078479892,2619450.321520107,7107091.2,12545398.745232675,1668783.6547673242,8730958.2,14842466.057722276,2619450.3422777224
546,7061629.666666667,12528015.78705763,1595243.5462757032,7061629.666666667,12528015.78705763,1595243.5462757032,6743528.766666667,11822538.49159995,1664519.0417333841,8770323.933333334,14903529.729311518,2637118.137355148,7061629.666666667,12528015.78705763,1595243.5462757032,8770323.966666667,14903529.786264312,2637118.147069021
547,7158821.666666667,12629398.267320972,1688245.066012361,7158821.666666667,12629398.267320972,1688245.066012361,6839940.233333333,11976928.51546186,1702951.9512048066,9085294.6,15341603.014285102,2828986.185714896,7158821.666666667,12629398.267320972,1688245.066012361,9085294.6,15341603.004176326,2828986.195823674
548,7876963.866666666,13770781.265312336,1983146.468020996,7876963.866666666,13770781.265312336,1983146.468020996,7528268.533333333,13104371.382627109,1952165.6840395574,10231960.533333333,17212372.319448717,3251548.7472179513,7876963.866666666,13770781.265312336,1983146.468020996,10231960.566666666,17212372.37530653,3251548.7580268
549,7666517.333333333,13689751.809455294,1643282.857211372,7666517.333333333,13689751.809455294,1643282.857211372,7334859.6,13024452.554841843,1645266.6451581577,9743032.9,16538936.38392173,2947129.4160782713,7666517.333333333,13689751.809455294,1643282.857211372,9743032.966666667,16538936.492156617,2947129.4411767162
550,7551699.833333333,13240473.453634065,1862926.2130326005,7551699.833333333,13240473.453634065,1862926.2130326005,7415072.066666666,12963614.542447327,1866529.5908860061,9676193.733333332,16256759.768609282,3095627.6980573833,7551699.833333333,13240473.453634065,1862926.2130326005,9676193.833333334,16256759.933083352,3095627.733583316
551,8699370.166666666,14879463.700599533,2519276.6327337995,8699370.166666666,14879463.700599533,2519276.6327337995,8595694.666666666,14662063.390901314,2529325.942432018,10642980.233333332,17661069.45282627,3624891.013840397,8699370.166666666,14879463.700599533,2519276.6327337995,10642980.266666668,17661069.49369846,3624891.039634875
552,7669268.366666666,13285854.731737584,2052682.0015957495,7669268.366666666,13285854.731737584,2052682.0015957495,7577085.2,13088994.05655168,2065176.3434483204,9778171.166666666,16322980.801934991,3233361.531398341,7669268.366666666,13285854.731737584,2052682.0015957495,9778171.233333332,16322980.911979765,3233361.5546869
553,8277097.3,14127897.431250677,2426297.168749323,8269035.516666667,14121022.734465983,2417048.2988673514,8133099.716666667,13823903.5573349,2442295.8759984337,10333876.066666666,17204065.86309886,3463686.270234475,8277097.3,14127897.431250677,2426297.168749323,10333876.133333333,17204065.96237874,3463686.3042879244
554,8454766.933333334,14419308.225303644,2490225.641363023,8454766.933333334,14419308.225303644,2490225.641363023,8330122.066666666,14137633.853885071,2522610.2794482615,10617201.366666667,17623124.649071433,3611278.0842619035,8454766.933333334,14419308.225303644,2490225.641363023,10617201.4,17623124.704832263,3611278.0951677375
555,7767874.466666667,13511598.883450083,2024150.0498832501,7767874.466666667,13511598.883450083,2024150.0498832501,7725692.9,13370574.61803872,2080811.1819612812,9930802.733333332,16653503.684925403,3208101.7817412606,7767874.466666667,13511598.883450083,2024150.0498832501,9930802.766666668,16653503.741881877,3208101.791451459
556,7805257.266666667,13637347.417840786,1973167.115492547,7805257.266666667,13637347.417840786,1973167.115492547,7837255.4,13679944.806975381,1994565.9930246193,9749078.066666666,16406725.413186554,3091430.72014678,7805257.266666667,13637347.417840786,1973167.115492547,9749078.1,16406725.458144136,3091430.7418558635
557,8488843.666666666,14529273.1403585,2448414.192974832,8488843.666666666,14529273.1403585,2448414.192974832,8516176.2,14569336.120277667,2463016.279722331,10574490.0,17636015.986110773,3512964.013889227,8488843.666666666,14529273.1403585,2448414.192974832,10574490.0,17636015.977979653,3512964.0220203493
558,7927643.766666667,13809397.78442273,2045889.748910604,7927643.766666667,13809397.78442273,2045889.748910604,7965745.2,13865788.575067213,2065701.8249327876,9555589.466666667,16129909.886060776,2981269.0472725574,7927643.766666667,13809397.78442273,2045889.748910604,9555591.066666666,16129912.472242115,2981269.661091218
559,8448108.933333334,14549232.048345458,2346985.8183212085,8448108.933333334,14549232.048345458,2346985.8183212085,8452815.866666667,14539851.13151478,2365780.601818554,10137880.533333333,17028328.258057617,3247432.8086090516,8448108.933333334,14549232.048345458,2346985.8183212085,10137880.6,17028328.360190198,3247432.8398098024
560,7871046.766666667,13627292.192959271,2114801.340374061,7862749.083333333,13620160.71436816,2105337.4522985043,7853805.55,13604665.650390614,2102945.4496093867,9539256.133333333,16080648.205630118,2997864.0610365476,7871046.766666667,13627292.192959271,2114801.340374061,9539256.133333333,16080648.19868219,2997864.067984475
561,8079032.566666666,13943535.619148225,2214529.5141851082,8069142.933333334,13935061.745040355,2203224.121626312,8059925.533333333,13920059.057703191,2199792.008963475,10168800.3,17068386.771540865,3269213.828459138,8079032.566666666,13943535.619148225,2214529.5141851082,10168800.133333333,17068386.47090047,3269213.795766198
562,7406452.1,12953772.493491728,1859131.7065082714,7398099.7,12946575.00824936,1849624.3917506412,7405001.033333333,12971613.860732093,1838388.205934573,9241492.633333333,15602097.179317724,2880888.087348941,7406452.1,12953772.493491728,1859131.7065082714,9241495.666666666,15602102.331186509,2880889.0021468233
563,7788159.933333334,13478168.2694772,2098151.5971894674,7778071.433333334,13469486.400258781,2086656.4664078858,7793164.8,13491432.672058921,2094896.9279410783,9438874.0,15817303.648818187,3060444.3511818135,7788159.933333334,13478168.2694772,2098151.5971894674,9438877.0,15817308.692285925,3060445.307714074
564,7343175.5,12567599.850088201,2118751.1499117995,7324996.416666667,12551139.00674072,2098853.826592615,7342897.783333333,12592615.254238136,2093180.3124285303,8785239.4,14700770.733002663,2869708.066997338,7343175.5,12567599.850088201,2118751.1499117995,8785242.633333333,14700776.199533656,2869709.0671330085
565,7990157.666666667,13268224.368629567,2712090.9647037657,7973146.316666666,13250906.84264081,2695385.790692523,8008516.6,13313342.49947083,2703690.7005291684,9648741.6,15815549.732673187,3481933.4673268134,7990157.666666667,13268224.368629567,2712090.9647037657,9648741.566666666,15815549.674358442,3481933.4589748913
566,6905017.833333333,11927611.69520022,1882423.9714664463,6896078.233333333,11919225.87862815,1872930.5880385162,6946206.45,11996835.517678712,1895577.3823212897,8547509.7,14348497.793962482,2746521.606037515,6905017.833333333,11927611.69520022,1882423.9714664463,8547509.7,14348497.793962482,2746521.606037515
567,6833553.1,11877521.346692849,1789584.8533071503,6824333.35,11868922.821983926,1779743.8780160723,6849507.15,11919957.966947868,1779056.3330521323,8342792.7,14085819.266606541,2599766.133393459,6833553.1,11877521.346692849,1789584.8533071503,8342795.733333333,14085824.769121673,2599766.6975449948
568,6898080.1,11887822.115580466,1908338.0844195345,6880617.5,11872387.188550891,1888847.8114491086,6896731.116666666,11916885.003829082,1876577.22950425,8227544.333333333,13893903.111363016,2561185.555303649,6898080.1,11887822.115580466,1908338.0844195345,8227544.3,13893903.071310917,2561185.5286890827
569,6869948.9,11814220.252819631,1925677.5471803704,6860063.366666666,11805312.093891257,1914814.639442075,6874286.383333334,11845354.519900808,1903218.2467658594,8098294.6,13686968.178816691,2509621.021183309,6869948.9,11814220.252819631,1925677.5471803704,8098294.566666666,13686968.11775184,2509621.0155814933
570,6951736.533333333,11907729.844147269,1995743.2225193977,6933426.416666667,11891500.226265736,1975352.607067599,6963553.183333334,11948119.043111103,1978987.3235555645,8300191.966666667,14066559.5888327,2533824.344500633,6951736.533333333,11907729.844147269,1995743.2225193977,8300191.933333334,14066559.526114542,2533824.340552125
571,7053531.433333334,12096492.065809153,2010570.800857515,7042863.933333334,12086911.661750473,1998816.204916195,7063491.183333334,12134040.637863982,1992941.7288026847,8433179.733333332,14260186.810718648,2606172.655948016,7053531.433333334,12096492.065809153,2010570.800857515,8433179.5,14260186.391856337,2606172.608143663
572,7374285.933333334,12594834.462436892,2153737.404229774,7363303.366666666,12584487.059266146,2142119.674067186,7359568.733333333,12590449.980331711,2128687.4863349553,8798917.4,14861446.504843054,2736388.2951569464,7374285.933333334,12594834.462436892,2153737.404229774,8798917.2,14861446.142287772,2736388.2577122273
573,7862910.2,13075784.770492423,2650035.629507576,7842715.866666666,13055050.610937335,2630381.122395997,7907470.766666667,13149382.228671543,2665559.304661789,8977848.233333332,14905478.147199497,3050218.3194671674,7862910.2,13075784.770492423,2650035.629507576,8977848.166666666,14905478.030205727,3050218.3031276055
574,8238178.733333333,13820671.493513137,2655685.9731535297,8216083.3,13801105.009828206,2631061.5901717944,8258918.066666666,13865305.699942105,2652530.4333912283,9716282.033333333,16313931.07586921,3118632.9907974573,8238178.733333333,13820671.493513137,2655685.9731535297,9716281.966666667,16313930.962210096,3118632.971123238
575,8087903.733333333,13855035.79909303,2320771.6675736355,8065110.45,13835374.341642926,2294846.558357075,8050492.25,13814749.932055209,2286234.567944791,9141362.166666666,15540846.65337189,2741877.679961443,8087903.733333333,13855035.79909303,2320771.6675736355,9141362.033333333,15540846.418608313,2741877.648058353
576,8120642.2,14081088.691189256,2160195.708810744,8095622.716666667,14058838.920965064,2132406.5123682683,8060776.683333334,13993172.916279774,2128380.450386894,9204406.033333333,15686983.773518225,2721828.2931484412,8120642.2,14081088.691189256,2160195.708810744,9204405.966666667,15686983.654340297,2721828.2789930366
577,7845140.166666667,13533867.49569402,2156412.837639313,7815407.5,13507765.726866007,2123049.273133994,7812791.15,13506470.527385555,2119111.7726144465,8984285.533333333,15285860.35778024,2682710.708886425,7845140.166666667,13533867.49569402,2156412.837639313,8984285.433333334,15285860.176006705,2682710.6906599635
578,7842426.3,13487741.95856203,2197110.64143797,7810201.4,13459221.583002664,2161181.2169973366,7797898.866666666,13463839.693274109,2131958.040059224,8716327.4,14731041.885811675,2701612.9141883263,7842426.3,13487741.95856203,2197110.64143797,8716327.266666668,14731041.66985865,2701612.8634746866
579,7890003.6,13562021.98358279,2217985.21641721,7857523.433333334,13532688.349264693,2182358.5174019756,7881687.0,13570769.40821419,2192604.59178581,8974488.6,15175066.862554409,2773910.3374455906,7890003.6,13562021.98358279,2217985.21641721,8974488.466666667,15175066.619618315,2773910.3137150193
580,8221191.466666667,14676744.584590059,1765638.3487432748,8190798.616666666,14650264.278373249,1731332.9549600827,8231291.533333333,14706018.452187872,1756564.6144787949,9616410.6,16700112.254939985,2532708.9450600147,8221191.466666667,14676744.584590059,1765638.3487432748,9616410.366666667,16700111.870051956,2532708.8632813785
581,8367471.1,14885436.677098218,1849505.52290178,8337698.883333334,14859604.921768565,1815792.8448981019,8366471.6,14912099.865411073,1820843.3345889263,9642250.4,16723308.146866351,2561192.6531336494,8367471.1,14885436.677098218,1849505.52290178,9642250.266666668,16723307.918248668,2561192.6150846668
582,8358704.466666667,14889403.00053459,1828005.9327987442,8329139.916666667,14863698.891211366,1794580.9421219677,8422977.05,15032837.796045437,1813116.303954564,9504465.333333334,16467113.560405675,2541817.1062609926,8351023.8,14882550.837299855,1819496.7627001442,9504465.166666666,16467113.293205801,2541817.0401275307
583,8932686.1,15374495.871092526,2490876.328907473,8903434.4,15346596.04885703,2460272.751142972,8979591.116666667,15480282.86828449,2478899.3650488434,10369971.233333332,17552593.546239976,3187348.920426689,8932686.1,15374495.871092526,2490876.328907473,10369971.066666666,17552593.27933993,3187348.8539934037
584,9194002.933333334,15867147.150832258,2520858.71583441,9160405.583333334,15837277.77959305,2483533.3870736165,9231884.4,15990849.544779409,2472919.255220593,10553186.166666666,17890786.46009406,3215585.8732392704,9194002.933333334,15867147.150832258,2520858.71583441,10553188.066666666,17890789.601814248,3215586.531519087
585,9420213.533333333,16056118.088790275,2784308.977876392,9385080.566666666,16025217.228247106,2744943.9050862277,9469238.95,16181402.859589161,2757075.040410837,10100319.066666666,17093044.308203127,3107593.8251302047,9420213.533333333,16056118.088790275,2784308.977876392,10100318.933333334,17093044.098808132,3107593.767858534
586,8971682.666666666,15605099.140811846,2338266.1925214864,8934830.2,15572818.859043036,2296841.540956963,8953641.916666666,15588940.69121162,2318343.1421217117,10292528.233333332,17517476.96338334,3067579.5032833265,8971682.666666666,15605099.140811846,2338266.1925214864,10292528.166666666,17517476.852913328,3067579.4804200027
587,8737835.466666667,15243535.522067517,2232135.4112658175,8701990.733333332,15212267.799872512,2191713.666794153,8666697.416666666,15100246.788618278,2233148.0447150553,9022044.233333332,15588170.621478759,2455917.845187906,8737835.466666667,15243535.522067517,2232135.4112658175,9022044.033333333,15588170.261956707,2455917.80470996
588,9151955.6,15732817.18209568,2571094.017904318,9122207.383333333,15706981.958048956,2537432.808617709,9202978.483333332,15826580.211449388,2579376.7552172774,8775793.233333332,15103431.700540313,2448154.7661263514,9142204.633333333,15724014.15563021,2560395.1110364553,8775793.133333333,15103431.52148758,2448154.745179085
589,8757427.266666668,15378905.48945843,2135949.0438749054,8728716.333333334,15354149.459889144,2103283.206777525,8648562.55,15119899.945724895,2177225.1542751063,8311752.633333334,14953620.642507993,1669884.6241586758,8746803.466666667,15369546.229413206,2124060.703920128,8311752.6,14953620.583429705,1669884.6165702948
590,8554585.366666667,14985903.724569736,2123267.0087635983,8520940.416666666,14957474.518433353,2084406.3148999792,8308300.95,14406679.599289037,2209922.300710963,8075692.966666667,14547042.900289489,1604343.0330438446,8542900.833333334,14975940.986277616,2109860.6803890523,8075692.966666667,14547042.900289489,1604343.0330438446
591,8430561.933333334,14762450.378365409,2098673.4883012585,8398022.116666667,14734999.143950358,2061045.0893829763,8088724.583333333,13938405.941035433,2239043.2256312333,8370494.233333333,14576256.65453401,2164731.8121326566,8420262.6,14753696.39862924,2086828.8013707595,8370494.233333333,14576256.607522625,2164731.8591440422
592,8372138.2,14700369.53312584,2043906.8668741612,8340783.283333333,14673905.976734241,2007660.589932425,7867786.883333334,13497223.285609795,2238350.4810568728,7692841.6,13872527.436793774,1513155.763206224,8362889.1,14692513.254802492,2033264.9451975077,7692841.566666666,13872527.34746208,1513155.7858712533
593,8536917.8,14884658.191030057,2189177.4089699443,8506426.5,14859004.931011895,2153848.0689881053,8044362.35,13719529.138617404,2369195.5613825964,7577981.5,13780729.905442767,1375233.0945572322,8526770.733333332,14876052.247911278,2177489.2187553877,7577981.533333333,13780729.97965727,1375233.0870093955
594,8716080.966666667,15046671.254370607,2385490.678962727,8678768.033333333,15015465.483387463,2342070.5832792027,8284689.883333334,14038013.538114939,2531366.2285517287,7943658.566666666,13863674.056006297,2023643.0773270354,8706648.266666668,15038721.518831238,2374575.014502097,7943658.566666666,13863674.034030646,2023643.0993026858
595,9584236.133333333,17067132.22815016,2101340.0385165075,9553659.633333333,17041247.357313093,2066071.9093535738,9209956.516666668,16129508.2071305,2290404.826202837,8819039.133333333,15975471.444287896,1662606.8223787686,9575661.566666666,17059836.94516873,2091486.188164604,8819039.166666666,15975471.469899341,1662606.8634339916
596,9091660.666666666,16382853.698670149,1800467.6346631842,9065238.266666668,16360394.38381957,1770082.1495137643,8872222.716666667,15813234.868347522,1931210.5649858108,8691060.633333333,15704214.728585336,1677906.5380813284,9083628.4,16375984.835180566,1791271.964819435,8691060.5,15704214.487819277,1677906.5121807242
597,9040508.966666667,16403250.525612805,1677767.4077205276,9015351.55,16381810.415662888,1648892.684337113,8836971.783333333,15856791.313021325,1817152.253645341,8729815.0,15764399.45178852,1695230.5482114796,9032358.633333333,16396258.834915727,1668458.4317509374,8729814.966666667,15764399.393218014,1695230.5401153192
598,9282092.066666666,16625271.955929384,1938912.1774039483,9256024.816666666,16603036.433451716,1909013.199881616,8902947.566666666,15644301.921720423,2161593.21161291,8999300.733333332,16249187.076559184,1749414.3901074808,9273233.733333332,16617625.986815497,1928841.4798511676,8999300.666666666,16249186.972956926,1749414.3603764055
599,8172976.033333333,15273521.175454572,1072430.8912120955,8141644.4,15246511.275958914,1036777.5240410874,7913105.133333334,14606344.227456328,1219866.039210341,8134677.0,15277126.166633103,992227.833366896,8164905.133333334,15266516.820951385,1063293.445715282,8134676.9,15277126.028452223,992227.7715477776
600,9094664.733333332,16311700.006005812,1877629.4606608525,9083067.65,16301926.305554358,1864208.9944456425,8704761.45,15310585.289103236,2098937.6108967625,8529593.1,15662795.514816202,1396390.685183796,9094664.733333332,16311700.006005812,1877629.4606608525,8529593.1,15662795.491862636,1396390.7081373641
601,8790538.266666668,15936695.96248705,1644380.5708462847,8756581.516666668,15902116.018984027,1611047.0143493088,8309598.583333333,14712400.75459053,1906796.412076137,8099060.3,15123152.948182274,1074967.651817725,8782975.066666666,15927984.986977909,1637965.146355424,8099060.2,15123152.79577347,1074967.6042265296
602,8852646.033333333,16017113.863583311,1688178.203083356,8824136.816666666,15989183.961316936,1659089.672016398,8628248.233333332,15492757.371890064,1763739.0947765997,8362068.666666667,15472766.371761665,1251370.9615716701,8844817.466666667,16008093.736414429,1681541.1969189048,8362068.533333333,15472766.184827225,1251370.8818394411
603,9072279.766666668,16302666.733484136,1841892.7998491991,9043337.833333334,16275497.748152448,1811177.91851422,8951354.05,16052200.342072178,1850507.7579278238,8435268.066666666,15555181.386517698,1315354.746815635,9071925.5,16302266.559673082,1841584.440326918,8435268.0,15555181.285675053,1315354.7143249474
604,8853377.366666667,17119440.051396865,587314.6819364699,8822434.75,17091211.86105238,553657.6389476229,8715541.666666666,16773848.018453963,657235.314879369,8566304.433333334,16775098.295561396,357510.57110527065,8844336.933333334,17110736.121621862,577937.7450448051,8566304.433333334,16775098.294630852,357510.57203581557
605,7749848.8,15715006.823721908,-215309.22372190747,7719661.65,15687438.137911018,-248114.83791101817,7721719.333333333,15690081.680760704,-246643.01409403887,7327266.5,15253444.456251625,-598911.456251625,7740777.066666666,15706407.115791626,-224852.9824582925,7327266.533333333,15253444.499204118,-598911.4325374523
606,7592444.133333334,15537297.33127499,-352409.0646083215,7551783.2,15497521.233064044,-393954.83306404296,7575507.7,15522735.232811097,-371719.83281109575,7179887.6,15097426.74040858,-737651.5404085824,7582948.366666666,15527258.44810319,-361361.71476985794,7179887.633333334,15097426.787489176,-737651.5208225092
607,8003073.366666666,15980646.977279946,25499.756053385325,7967685.366666666,15945416.080208112,-10045.34687477909,8009312.383333334,15994043.814299203,24580.95236746315,7275566.366666666,15189004.115854518,-637871.382521186,7994357.166666667,15970407.133407889,18307.19992544502,7275566.4,15189004.164257197,-637871.364257196
608,7997724.866666666,15981960.725442827,13489.007890505716,7960788.316666666,15943762.02529684,-22185.39196350891,7986616.683333334,15973580.017988384,-346.6513217166066,7201156.166666667,15103089.980875842,-700777.6475425083,7990010.7,15972913.211427165,7108.188572835177,7201156.2,15103090.026442094,-700777.6264420934
609,7320985.333333333,15220648.468086142,-578677.801419476,7292991.6,15191794.842846658,-605811.6428466579,7312739.816666666,15215081.132580455,-589601.4992471226,7027859.2,14926910.25947382,-871191.8594738189,7313150.0,15211143.022854678,-584843.0228546783,7027859.233333333,14926910.306098392,-871191.8394317254
610,7938249.2,15936958.445228709,-60460.045228708535,7902671.416666667,15898352.809388595,-93009.97605526075,7925368.633333334,15925292.199095521,-74554.93242885452,7272625.233333333,15226401.818371452,-681151.3517047865,7930191.333333333,15927065.799260166,-66683.13259350043,7272625.533333333,15226402.222890727,-681151.1562240599
611,8001758.866666666,15972556.097368788,30961.63596454449,7972182.216666667,15942213.792046726,2150.641286608763,7990492.616666666,15963979.902555544,17005.330777788535,7430811.366666666,15377053.259771643,-515430.52643831074,7993714.866666666,15962710.690178871,24719.043154460378,7430811.633333334,15377053.624677833,-515430.3580111647
612,7597870.8,15544191.85803673,-348450.2580367299,7568467.916666667,15514054.861888628,-377119.02855529357,7587685.966666667,15537391.975930016,-362020.042596682,7310132.666666667,15242213.72427998,-621948.3909466453,7590339.1,15534905.127189059,-354226.9271890605,7310133.033333333,15242214.201826513,-621948.1351598464
613,7123909.566666666,15019051.852375325,-771232.719041991,7098538.95,14995666.377823645,-798588.4778236449,7115397.933333334,15012319.100923596,-781523.2342569288,7435041.033333333,15443563.937245663,-573481.8705789978,7117212.1,15012588.628823014,-778164.4288230147,7435041.366666666,15443564.361633483,-573481.6283001509
614,7203554.666666667,15103286.225172285,-696176.8918389501,7177164.05,15079220.263770603,-724892.1637706021,7193869.25,15095346.237794522,-707607.7377945231,7454615.433333334,15424228.872833818,-514998.00616715197,7196874.433333334,15096980.585419893,-703231.718753227,7454615.933333334,15424229.512529314,-514997.64586264547
615,7342642.133333334,15258708.524736445,-573424.2580697779,7316845.366666666,15235237.70413014,-601546.9707968067,7266892.316666666,15057543.564018194,-523758.9306848617,7685359.066666666,15695963.839505501,-325245.7061721692,7335510.3,15252012.813136633,-580992.2131366339,7685359.3,15695964.13511667,-325245.53511667065
616,7209885.5,15112537.727012321,-692766.7270123223,7187923.466666667,15092667.340895405,-716820.4075620715,7203280.366666666,15107156.889062643,-700596.1557293115,7553764.766666667,15547660.961533606,-440131.42820027284,7203391.6,15106532.46966707,-699749.2696670694,7553765.033333333,15547661.30356184,-440131.2368951738
617,7803051.0,15771754.840480775,-165652.8404807737,7782552.35,15752954.614769183,-187849.9147691829,7798656.0,15768443.762727201,-171131.76272720005,7735485.133333334,15760997.30093348,-290027.0342668118,7796140.466666667,15765166.470152028,-172885.53681869525,7735485.4,15760997.641728416,-290026.8417284163
618,7844813.566666666,15803362.612376679,-113735.4790433459,7823099.6,15783522.066186741,-137322.8661867408,7851425.9,15847450.66458818,-144598.86458817776,7754823.233333333,15838585.542042088,-328939.0753754219,7838545.433333334,15797363.35487172,-120272.48820505291,7754823.433333334,15838585.803596232,-328938.93692956585
619,7622772.6,15603172.383682068,-357627.18368206825,7603518.9,15585868.980511995,-378831.1805119943,7593891.066666666,15577950.688241867,-390168.5549085345,7917872.3,15984812.911064126,-149068.3110641269,7617061.266666667,15597920.936872775,-363798.4035394415,7917872.5,15984813.172650818,-149068.17265081778
620,8107555.833333333,16199811.406186163,15300.260480503552,8089420.783333333,16183701.342378687,-4859.775712019764,8078452.05,16174502.663932849,-17598.563932849094,7966954.3,16100245.559293434,-166336.9592934344,8101444.466666667,16194298.896980207,8590.036353126168,7966954.466666667,16100245.768040279,-166336.83470694534
621,8158574.533333333,16329801.592473157,-12652.5258064894,8140687.166666667,16313639.204376094,-32264.871042759158,8146041.833333333,16357250.888517857,-65167.22185119055,8276264.7,16575178.29648529,-22648.89648529049,8152410.233333333,16324071.127879187,-19250.661212521605,8276264.866666666,16575178.502305934,-22648.76897260174
622,8490566.433333334,16686906.295186978,294226.57147969026,8470006.15,16666738.178232677,273274.12176732346,8487989.316666666,16758541.56477952,217437.06855381373,8219600.166666667,16567570.450116817,-128370.11678348202,8484036.866666667,16679761.01130335,288312.7220299849,8219600.333333333,16567570.67279855,-128370.00613188371
623,7088694.2,13849605.28121759,327783.1187824104,7079645.95,13840924.675224403,318367.22477559745,7089930.75,13887299.377364382,292562.1226356188,6986697.533333333,13827735.065112531,145660.00155413616,7082888.333333333,13844029.969920268,321746.69674639776,6986697.8,13827735.417770553,145660.18222944532
624,7033310.233333333,13802151.322291512,264469.14437515475,7033175.95,13802024.891070213,264327.0089297863,7053505.95,13895599.838675525,211412.0613244744,7010974.2,13891429.434775151,130518.96522484813,7033224.0,13802070.130209591,264377.8697904097,7010974.466666667,13891429.784203168,130519.14913016651
625,7326442.366666666,14072509.68289924,580375.050434093,7326266.616666666,14072339.702337414,580193.5309959175,7479070.5,14524350.848439265,433790.1515607359,7627474.533333333,14778295.312825982,476653.7538406849,7326329.366666666,14072400.390391612,580258.34294172,7627474.6,14778295.386299796,476653.81370020285
626,6973095.566666666,13426805.296330592,519385.8370027412,6972961.433333334,13426681.914076068,519240.95259059966,7241938.9,14235384.090082593,248493.70991740748,7508975.333333333,14629009.176869791,388941.489796876,6973009.3,13426725.94289821,519292.65710178856,7508975.4,14629009.260472117,388941.53952788375
627,7003176.5,13387850.944553914,618502.0554460865,7003015.283333333,13387701.744838025,618328.8218286419,7332802.333333333,14329610.978429604,335993.68823706266,7570370.933333334,14724420.159727156,416321.70693951193,7003072.766666667,13387754.941622123,618390.5917112092,7570371.033333333,14724420.285693608,416321.7809730591
628,7360155.733333333,14029230.20727216,691081.2593945051,7360063.916666667,14029129.7630767,690998.0702566328,7474690.083333333,14408282.755394362,541097.4112723032,7380036.033333333,14453485.921224002,306586.1454426637,7360099.033333333,14029168.178899504,691029.8877671612,7380036.166666667,14453486.109970754,306586.22336257994
629,7116214.6,13776980.45696367,455448.7430363307,7116140.016666667,13776907.053402746,455372.9799305871,7253195.933333334,14215594.244603984,290797.6220626822,7448510.1,14565521.489152059,331498.7108479403,7116167.266666667,13776933.871985476,455400.6613478558,7448510.2,14565521.61918785,331498.7808121508
630,7081539.566666666,13480720.34457918,682358.7887541521,7081475.583333333,13480651.68065765,682299.4860090166,7366810.7,14287192.215317331,446429.18468267005,7403363.3,14475835.206890538,330891.39310946036,7081498.333333333,13480676.0946127,682320.5720539652,7403363.5,14475835.464374963,330891.5356250368
631,7231706.266666667,14054356.060270289,409056.47306304425,7231556.083333333,14054210.48949263,408901.67717403546,7276814.383333334,14185744.032498315,367884.7341683516,7461858.7,14537808.44571342,385908.95428658184,7231637.633333334,14054289.533285713,408985.7333809547,7461858.833333333,14537808.617580555,385909.04908611067
632,7074101.366666666,13877418.382765606,270784.35056772735,7074101.233333333,13877418.262605678,270784.20406098943,7140391.3,14072762.962129511,208019.63787048962,7447135.233333333,14520884.369570851,373386.09709581546,7074101.3,13877418.32268564,270784.2773143593,7447135.366666666,14520884.551820837,373386.18151249643
633,7199858.833333333,13703387.18025815,696330.4864085168,7199718.6,13703237.039797958,696200.1602020403,7429603.383333334,14372781.718299862,486425.0483668046,7476797.4,14630823.92202457,322770.87797543034,7199782.1,13703305.024473555,696259.1755264448,7476797.566666666,14630824.137978563,322770.99535476975
634,7526759.133333334,14393294.030967094,660224.2356995735,7526755.083333333,14393289.683931893,660220.4827347733,7562441.366666666,14481506.574794425,643376.1585389078,7625504.5,14747018.367647868,503990.6323521333,7526759.133333334,14393294.030967094,660224.2356995735,7625504.633333334,14747018.540323826,503990.726342842
635,7281615.666666667,14132127.3581234,431103.9752099337,7281614.683333334,14132126.413425013,431102.9532416547,7316855.3,14215566.275878435,418144.3241215646,7602678.466666667,14706174.707177406,499182.2261559274,7281615.033333333,14132126.749673529,431103.3169931378,7602678.5,14706174.750746042,499182.24925395846
636,7189372.466666667,14040085.597317914,338659.33601542003,7189364.3,14040078.311735313,338650.28826468624,7067313.7,13685245.505324857,449381.89467514306,7554211.066666666,14622155.584256101,486266.54907723144,7189367.166666667,14040080.869119246,338653.4642140893,7554211.1,14622155.640024398,486266.5599756008
637,7277462.266666667,14105906.396096721,449018.13723661285,7268793.25,14098394.799439728,439191.7005602727,7301506.633333334,14172977.937837927,430035.32882874086,7451013.5,14492073.80522813,409953.1947718691,7277461.9,14105906.051499411,449017.74850058835,7451013.566666666,14492073.892574325,409953.24075900763
638,7314838.933333334,14141954.113234842,487723.75343182497,7305067.266666667,14133484.924101632,476649.60923170205,7275140.633333334,14028734.085531572,521547.18113509566,7466713.966666667,14494252.06678215,439175.8665511841,7314838.933333334,14141954.113234842,487723.75343182497,7466713.966666667,14494252.078076586,439175.85525674745
639,7985359.333333333,14864572.558511198,1106146.1081554685,7973350.7,14854264.342794783,1092437.057205216,7835864.783333333,14489224.801697906,1182504.7649687603,7496419.933333334,14523462.891401771,469376.9752648948,7985359.333333333,14864572.558511198,1106146.1081554685,7496419.933333334,14523462.891401771,469376.9752648948
640,7658292.966666667,14474167.128849236,842418.8044840973,7644026.066666666,14461840.028790355,826212.1045429781,7542938.866666666,14223420.769396065,862456.9639372677,7436659.1,14415037.241727754,458280.9582722448,7658292.966666667,14474167.128849236,842418.8044840973,7436659.1,14415037.258883424,458280.9411165761
641,7383746.866666666,14210593.574560227,556900.1587731056,7371213.2,14199716.758986678,542709.6410133215,7306632.4,14003320.813571706,609943.9864282953,7512956.133333334,14589828.32244948,436083.94421718735,7383746.866666666,14210593.574560227,556900.1587731056,7512956.1,14589828.229710957,436083.9702890422
642,7317738.1,14137662.830778126,497813.3692218736,7304312.5,14125985.64459363,482639.3554063691,7354573.783333333,14186532.38068658,522615.18598008715,7464092.366666666,14445986.008878,482198.7244553324,7317738.1,14137662.830778126,497813.3692218736,7464092.366666666,14445986.008878,482198.7244553324
643,7354699.6,14135918.807255335,573480.3927446641,7344172.4,14126805.378890961,561539.4211090384,7372348.216666667,14195406.173121393,549290.2602119399,7404609.1,14359491.823178936,449726.37682106346,7354697.066666666,14135916.56471873,573477.5686146021,7404609.1,14359491.823178936,449726.37682106346
644,7351054.466666667,14143936.701299578,558172.2320337547,7342406.116666666,14136461.355511963,548350.87782137,7373257.333333333,14208739.229261229,537775.4374054372,7318125.5,14265863.854724454,370387.14527554624,7351054.466666667,14143936.701299578,558172.2320337547,7318125.466666667,14265863.806170639,370387.12716269493
645,7548539.8,14350022.500656545,747057.0993434535,7539479.783333333,14342214.793706808,736744.7729598591,7592879.516666667,14446688.959566558,739070.0737667754,6875475.266666667,13869332.992478196,-118382.45914486144,7548539.8,14350022.500656545,747057.0993434535,6875475.266666667,13869332.992478196,-118382.45914486144
646,7467705.833333333,14275807.652912553,659604.0137541126,7467619.933333334,14275727.935947813,659511.930718855,7528211.883333334,14366399.404819313,690024.361847355,6948780.066666666,13890543.232702933,7016.900630400516,7467705.833333333,14275807.652912553,659604.0137541126,6948780.1,13890543.283060217,7016.916939781979
647,7337267.366666666,13009244.633844262,1665290.0994890705,7328595.8,13001955.651893867,1655235.9481061324,7364531.7,13064236.618346967,1664826.7816530326,6244272.966666667,11992202.076738797,496343.8565945374,7337229.3,13009197.131636966,1665261.4683630327,6244272.9,11992202.011151532,496343.78884846903
648,7103113.7,12759675.990481213,1446551.4095187876,7103063.066666666,12759624.63058769,1446501.5027456433,7142215.9,12832789.567366198,1451642.232633802,6381276.433333334,12157371.698978096,605181.1676885709,7103080.533333333,12759642.34769461,1446518.718972058,6381276.333333333,12157371.582452718,605181.084213947
649,7569688.8,13291742.918689255,1847634.681310745,7569665.783333333,13291712.887596019,1847618.6790706469,7613295.45,13367591.280442268,1858999.6195577318,6362595.2,12120072.31248977,605118.08751023,7569688.8,13291742.918689255,1847634.681310745,6362595.166666667,12120072.28123706,605118.0520962738
650,7612941.0,14429661.494489614,796220.5055103851,7612866.166666667,14429588.238750905,796144.0945824282,7653100.15,14501736.717125094,804463.5828749072,6947721.866666666,13869399.08266979,26044.65066354163,7612941.0,14429661.494489614,796220.5055103851,6947721.833333333,13869399.04953534,26044.617131326348
651,8072503.633333334,15000118.997697853,1144888.268968816,8072410.966666667,15000008.24101685,1144813.6923164846,8125778.066666666,15073179.359843478,1178376.7734898562,7049746.5,14068896.932156608,30596.06784339249,8072503.633333334,15000118.997697853,1144888.268968816,7049746.5,14068896.932156608,30596.06784339249
652,7746455.133333334,14551680.817515686,941229.4491509823,7746454.0,14551679.638901915,941228.3610980855,7797677.15,14634290.575262405,961063.7247375948,6841880.533333333,13746586.069427392,-62825.002760725096,7746455.133333334,14551680.817515686,941229.4491509823,6841880.533333333,13746586.069427392,-62825.002760725096
653,7513833.133333334,14341984.14101842,685682.1256482461,7513733.266666667,14341894.098678559,685572.4346547732,7554302.866666666,14415836.608861245,692769.1244720882,6890727.766666667,13822239.398266122,-40783.864932787605,7513833.133333334,14341984.14101842,685682.1256482461,6890727.766666667,13822239.398266122,-40783.864932787605
654,7511773.566666666,14420843.470778419,602703.6625549141,7511745.5,14420808.33373229,602682.6662677098,7530498.65,14446079.219027586,614918.0809724145,6220313.0,13120276.521531805,-679650.5215318045,7511773.566666666,14420843.470778419,602703.6625549141,6220313.066666666,13120276.622152418,-679650.488819086
655,6507949.666666667,12202666.497950174,813232.835383161,6507945.25,12202661.390161455,813229.1098385444,6526408.783333333,12227065.048044369,825752.5186222969,5622032.6,11422910.578321243,-178845.37832124345,6507949.666666667,12202666.497950174,813232.835383161,5622032.6,11422910.578321243,-178845.37832124345
656,6795513.033333333,13706248.373957654,-115222.30729098804,6795499.916666667,13706235.879263151,-115236.04592981655,6781494.383333334,13669936.516047623,-106947.74938095547,6476884.533333333,13447193.226650447,-493424.15998378117,6795513.033333333,13706248.373957654,-115222.30729098804,6476884.533333333,13447193.226650447,-493424.15998378117
657,5547150.066666666,11117328.07034993,-23027.937016597018,5547148.666666667,11117326.774900813,-23029.44156747777,5580624.183333334,11154591.909684539,6656.456982127391,5794764.266666667,11584839.038745273,4689.4945880603045,5547150.066666666,11117328.07034993,-23027.937016597018,5794764.233333333,11584838.982959729,4689.4837069371715
658,6265595.633333334,11957580.233327586,573611.0333390823,6265542.9,11957509.51951033,573576.2804896701,6249525.916666667,11919015.783133924,580036.0501994109,5962353.8,11781416.75666045,143290.84333954845,6265595.633333334,11957580.233327586,573611.0333390823,5962353.8,11781416.75666045,143290.84333954845
659,5876438.766666667,11543641.519826775,209236.0135065578,5876431.0,11543633.822866425,209228.17713357508,5858538.1,11502179.08556291,214897.11443708744,6081652.166666667,11926412.009109888,236892.32422344666,5876438.766666667,11543641.519826775,209236.0135065578,6081652.133333334,11926411.963503623,236892.30316304415
660,6335607.066666666,12080601.726556428,590612.406776906,6335429.3,12080387.496454054,590471.1035459451,6326646.583333333,12054881.436439022,598411.7302276427,6221569.5,12103317.244373372,339821.7556266282,6335607.066666666,12080601.726556428,590612.406776906,6221569.5,12103317.244373372,339821.7556266282
661,6735872.966666667,12546254.006542193,925491.9267911408,6735840.216666667,12546209.958614383,925470.4747189498,6725777.55,12550517.799627718,901037.3003722811,6190617.533333333,12064939.151682828,316295.91498383787,6735872.966666667,12546254.006542193,925491.9267911408,6190617.533333333,12064939.151682828,316295.91498383787
662,6217215.666666667,11894290.510228438,540140.8231048957,6216927.316666666,11893998.966062814,539855.6672705198,6199708.633333334,11883873.04857396,515544.218092707,6126834.033333333,11899305.654883744,354362.4117829222,6217071.7,11894144.941754038,539998.4582459629,6126834.0,11899305.623976115,354362.37602388486
663,5838036.633333334,11453133.406158462,222939.86050820537,5837979.883333334,11453080.363944478,222879.40272219013,5836368.933333334,11455819.23472074,216918.63194592576,5849623.733333333,11578386.60516424,120860.86150242761,5838036.633333334,11453133.406158462,222939.86050820537,5849623.733333333,11578386.60516424,120860.86150242761
664,6046285.266666667,11743241.215258114,349329.31807521824,6046249.233333333,11743208.730456289,349289.7362103788,6044563.833333333,11750735.306407757,338392.360258908,6064914.433333334,11873254.028587408,256574.83807925787,6046285.266666667,11743241.215258114,349329.31807521824,6064914.4,11873253.972373908,256574.82762609236
665,6475322.466666667,12187538.555124853,763106.3782084798,6475320.866666666,12187536.926297199,763104.8070361344,6485461.55,12228369.006947111,742554.0930528874,6470432.566666666,12337292.115531381,603573.0178019507,6475322.466666667,12187538.555124853,763106.3782084798,6470432.566666666,12337292.115531381,603573.0178019507
666,6358909.466666667,12100308.80632193,617510.1270114025,6358898.8,12100299.205743086,617498.394256914,6365153.733333333,12107512.332117267,622795.1345493998,6589323.333333333,12460458.00207812,718188.6645885464,6358902.433333334,12100302.475931726,617502.3907349398,6589323.3,12460457.971552916,718188.6284470828
667,6488873.6,12236995.702977385,740751.4970226148,6488860.55,12236983.32123849,740737.7787615098,6461071.266666667,12214133.360389994,708009.1729433388,6571493.3,12434725.664745633,708260.9352543661,6488865.0,12236987.543351233,740742.4566487661,6571493.333333333,12434725.721553713,708260.945112952
668,6420117.066666666,12221975.073590355,618259.0597429778,6419863.2,12221743.728727661,617982.6712723402,6392675.283333333,12203037.35057833,582313.216088336,6619779.033333333,12592694.151306335,646863.9153603315,6419968.366666666,12221839.560357423,618097.172975909,6619779.066666666,12592694.209355367,646863.9239779655
669,6618604.5,12453210.594504131,783998.405495869,6618600.783333333,12453207.110851947,783994.4558147192,6605147.316666666,12446171.239920627,764123.3934127064,6757538.733333333,12738230.415606327,776847.0510603394,6618604.5,12453210.594504131,783998.405495869,6757538.733333333,12738230.415606327,776847.0510603394
670,6956869.533333333,12819837.367988389,1093901.6986782784,6956814.233333333,12819784.97542762,1093843.4912390467,6914224.3,12780508.939198546,1047939.6608014544,6978851.166666667,12959909.554111201,997792.7792221317,6956869.533333333,12819837.367988389,1093901.6986782784,6978851.166666667,12959909.554111201,997792.7792221317
671,7588814.0,13435422.203301683,1742205.7966983179,7588805.5,13435411.204441525,1742199.795558474,7534976.183333334,13380360.17896783,1689592.1876988364,6979072.166666667,12898794.681991644,1059349.6513416888,7588814.0,13435422.203301683,1742205.7966983179,6979072.166666667,12898794.681991644,1059349.6513416888
672,6840217.366666666,12684865.14452919,995569.5888041416,6840217.366666666,12684865.14452919,995569.5888041416,6810658.766666667,12657721.432700649,963596.1006326843,6695564.0,12655090.25884796,736037.7411520397,6840217.366666666,12684865.14452919,995569.5888041416,6695564.0,12655090.25884796,736037.7411520397
673,7047832.6,13103406.31300389,992258.886996109,7047832.6,13103406.31300389,992258.886996109,7012186.4,13071085.34835526,953287.451644741,7713833.9,14236322.922803838,1191344.877196162,7047832.6,13103406.31300389,992258.886996109,7713833.9,14236322.942522395,1191344.8574776053
674,6671742.833333333,12578981.20820144,764504.458465226,6671742.833333333,12578981.20820144,764504.458465226,6622625.266666667,12531256.152458262,713994.3808750715,7407867.133333334,13705334.227021756,1110400.039644912,6671742.833333333,12578981.20820144,764504.458465226,7407868.533333333,13705336.51711649,1110400.5495501757
675,5357143.266666667,9883930.41493937,830356.1183939623,5357143.266666667,9883930.41493937,830356.1183939623,5287722.966666667,9816691.658936448,758754.2743968852,5987187.466666667,11016423.103092272,957951.8302410627,5357143.266666667,9883930.41493937,830356.1183939623,5987189.166666667,11016426.191855393,957952.1414779415
676,5264041.2,9734703.42763102,793378.9723689798,5264041.2,9734703.42763102,793378.9723689798,5190180.366666666,9659510.076251537,720850.6570817949,5753882.833333333,10626394.799295576,881370.8673710898,5264041.2,9734703.42763102,793378.9723689798,5753884.0,10626396.835048832,881371.1649511689
677,6169102.966666667,11834646.90032577,503559.033007564,6169102.966666667,11834646.90032577,503559.033007564,6048507.683333334,11702625.276933767,394390.08973289933,6574764.4,12528298.123167848,621230.6768321525,6169102.966666667,11834646.90032577,503559.033007564,6574765.8,12528300.363755092,621231.2362449067
678,7144048.4,13197055.656876195,1091041.1431238046,7143968.333333333,13196986.727774184,1090949.938892481,7029595.65,13072668.570311178,986522.7296888242,7580213.666666667,13928827.491406925,1231599.841926408,7144048.4,13197055.656876195,1091041.1431238046,7580215.6,13928830.580637287,1231600.6193627128
679,7802117.666666667,13907515.660148691,1696719.6731846435,7802089.983333333,13907492.178826053,1696687.787840615,7695392.416666667,13791561.495920189,1599223.3374131462,8120611.2,14447565.873716608,1793656.5262833936,7802117.666666667,13907515.660148691,1696719.6731846435,8120612.333333333,14447567.574411724,1793657.0922549423
680,7702699.766666667,13771876.322310513,1633523.2110228203,7702680.65,13771860.163803404,1633501.1361965965,7601962.616666666,13661353.611538138,1542571.6217951942,7971851.3,14289594.467939362,1654108.1320606377,7702687.266666667,13771865.756564941,1633508.776768391,7971852.633333334,14289596.53217199,1654108.7344946777
681,7646521.966666667,13664110.292910134,1628933.6404231992,7646495.666666667,13664088.010820042,1628903.3225132925,7526643.733333333,13533681.636659432,1519605.8300072346,7768716.033333333,13952355.846943906,1585076.2197227608,7646504.766666667,13664095.720543,1628913.8127903314,7768716.933333334,13952357.225939795,1585076.6407268727
682,7889311.333333333,13991626.571143258,1786996.0955234068,7889278.2,13991598.558159946,1786957.8418400548,7753991.1,13844168.055930618,1663814.144069381,7432590.633333334,13538050.76890503,1327130.497761637,7889289.633333334,13991608.224534327,1786971.0421323404,7432591.566666666,13538051.798862401,1327131.3344709314
683,7450922.566666666,13325932.606580827,1575912.5267525045,7450912.966666667,13325924.38790797,1575901.5454253638,7283615.633333334,13136711.48820446,1430519.7784622079,6958420.133333334,12831930.55224767,1084909.714418998,7450916.3,13325927.241607029,1575905.3583929706,6958420.966666667,12831931.43483331,1084910.498500024
684,7783557.866666666,13861812.931812912,1705302.8015204202,7783496.433333334,13861760.338076137,1705232.528590531,7628931.45,13687871.918345824,1569990.9816541756,7383098.766666667,13462921.786399763,1303275.7469335692,7783517.633333334,13861778.487355845,1705256.7793108225,7383100.2,13462923.388634093,1303277.0113659082
685,8288749.9,14529539.609227095,2047960.190772905,8288708.966666667,14529500.51199338,2047917.4213399533,8118477.133333334,14342034.33860104,1894919.9280656278,7634943.066666666,13915565.438973881,1354320.6943594506,8288749.9,14529539.609227095,2047960.190772905,7634944.166666667,13915566.621652216,1354321.7116811182
686,8939125.8,15254652.762050245,2623598.8379497556,8939097.933333334,15254619.527970932,2623576.338695734,8833980.333333334,15144150.363926008,2523810.3027406596,7655902.966666667,13916041.208987188,1395764.724346145,8939125.8,15254652.762050245,2623598.8379497556,7655903.766666667,13916042.042383421,1395765.490949913
687,9108014.933333334,15760592.845875565,2455437.0207911013,9107961.95,15760544.309536535,2455379.590463463,8964797.45,15605355.802843478,2324239.097156521,8190652.6,14780418.912124116,1600886.2878758833,9107992.6,15760572.386825096,2455412.8131749043,8190653.133333334,14780419.434865734,1600886.831800934
688,9016233.833333334,16566762.957591977,1465704.7090746919,9016233.833333334,16566762.957591977,1465704.7090746919,8899073.766666668,16442737.198878303,1355410.3344550328,8642567.533333333,16108258.10266105,1176876.9640056146,9016233.833333334,16566762.957591977,1465704.7090746919,8642567.933333334,16108258.488251302,1176877.3784153638
689,8338299.366666666,15682462.32148673,994136.4118466033,8338298.716666667,15682461.741035596,994135.692297738,8245432.016666667,15579937.114662152,910926.9186711805,7852861.066666666,15088873.002544342,616849.1307889912,8338298.933333334,15682461.934519283,994135.9321473846,7852861.6,15088873.531387236,616849.6686127624
690,8193171.066666666,15559188.790405013,827153.3429283202,8193104.65,15559128.896186732,827080.4038132699,8077526.5,15375133.038976487,779919.9610235132,7849186.133333334,15106712.351500921,591659.9151657475,8193145.6,15559165.824420948,827125.3755790517,7849186.666666667,15106712.888861187,591660.4444721481
691,7630428.5,14591655.063242625,669201.9367573746,7630395.616666666,14591625.63881726,669165.5945160724,7558672.716666667,14509959.917602483,607385.5157308513,7199068.266666667,14111187.526575727,286949.0067576058,7630407.2,14591636.003663532,669178.396336467,7199068.6,14111187.859861057,286949.34013894293
692,8273485.533333333,15576537.941067947,970433.1255987193,8273468.716666667,15576522.933458392,970414.4998749411,8174311.733333333,15402263.177469008,946360.2891976591,7875594.066666666,15139834.132723188,611354.0006101448,8273485.533333333,15576537.941067947,970433.1255987193,7875594.566666666,15139834.61181673,611354.5215166016
693,8481540.133333333,15774887.956481403,1188192.310185263,8481495.466666667,15774848.422015399,1188142.5113179348,8454955.533333333,15738619.860800881,1171291.2058657855,8142584.5,15396636.551049627,888532.4489503717,8481511.233333332,15774862.37697224,1188160.0896944255,8142585.566666666,15396637.632615121,888533.5007182118
694,8931195.8,16276947.082687274,1585444.5173127279,8931195.066666666,16276946.207423236,1585443.9259100957,8860518.25,16137699.816530067,1583336.6834699325,8215451.2,15518022.689717593,912879.7102824077,8931195.8,16276947.082687274,1585444.5173127279,8215452.966666667,15518024.629676634,912881.3036566991
695,8377367.4,15524023.308104426,1230711.491895575,8377319.933333334,15523964.721024197,1230675.1456424715,8300628.083333333,15369653.69948353,1231602.4671831354,7472184.566666666,14534577.256405335,409791.87692799885,8377337.566666666,15523986.485326849,1230688.6480064848,7472185.966666667,14534578.745181872,409793.188151462
696,7793614.366666666,14851590.537705503,735638.19562783,7793591.016666667,14851566.479093332,735615.5542400004,7748967.816666666,14736074.922183692,761860.7111496413,7425232.466666667,14456355.861077413,394109.07225592155,7793614.366666666,14851590.537705503,735638.19562783,7425235.033333333,14456358.869716953,394111.196949712
697,7554929.033333333,14510023.934282947,599834.13238372,7554864.816666666,14509965.803592136,599763.8297411967,7536581.966666667,14490466.198196618,582697.7351367157,7306078.866666666,14213291.037192011,398866.6961413212,7554929.033333333,14510023.934282947,599834.13238372,7306080.966666667,14213293.395625912,398868.5377074219
698,8438871.7,15790205.851823874,1087537.5481761256,8438832.216666667,15790171.4787353,1087492.9545980338,8417421.95,15698305.315523773,1136538.5844762241,8281631.366666666,15581363.958188651,981898.7751446813,8438846.7,15790184.087427078,1087509.3125729207,8281634.6,15581367.68253688,981901.5174631197
699,8564887.3,15959930.010649472,1169844.589350529,8564868.516666668,15959913.125904985,1169823.9074283512,8490770.85,15815626.189969912,1165915.510030087,8313906.5,15658665.750319146,969147.2496808544,8564887.3,15959930.010649472,1169844.589350529,8313908.966666667,15658668.418221809,969149.5151115246
700,8412447.366666667,15777802.490563795,1047092.2427695403,8412447.366666667,15777802.490563795,1047092.2427695403,8364847.133333334,15650338.82257311,1079355.444093558,8160779.9,15453439.363918394,868120.436081606,8412447.366666667,15777802.490563795,1047092.2427695403,8160782.466666667,15453442.104168266,868122.8291650666
701,8532720.866666667,15989504.167084634,1075937.566248701,8532720.866666667,15989504.167084634,1075937.566248701,8514399.7,15900407.226713337,1128392.1732866606,8234382.866666666,15623720.43806566,845045.2952676741,8532720.866666667,15989504.167084634,1075937.566248701,8234386.1,15623723.903016008,845048.2969839908
702,8590057.833333334,15915453.064833174,1264662.6018334944,8590057.833333334,15915453.064833174,1264662.6018334944,8578187.0,15900982.585190825,1255391.4148091758,8111465.3,15372686.289262906,850244.3107370948,8590057.833333334,15915453.064833174,1264662.6018334944,8111468.266666667,15372689.36622322,850247.1671101134
703,8564621.966666667,16064318.486147996,1064925.4471853385,8564621.966666667,16064318.486147996,1064925.4471853385,8512625.566666666,15937944.854104832,1087306.279228502,8452609.033333333,15898398.007452484,1006820.0592141831,8564621.966666667,16064318.486147996,1064925.4471853385,8452614.6,15898404.374347307,1006824.8256526925
704,8634886.166666666,16141435.539401934,1128336.7939313985,8634850.483333332,16141404.346922215,1128296.6197444499,8582480.516666668,16025161.131625265,1139799.9017080711,8436240.833333334,15871952.91839142,1000528.7482752483,8634886.166666666,16141435.539401934,1128336.7939313985,8436245.1,15871957.536634188,1000532.6633658111
705,9367902.833333334,17234365.912980027,1501439.7536866404,9367902.833333334,17234365.912980027,1501439.7536866404,9316770.7,17126085.80550214,1507455.5944978576,9421392.966666667,17220584.42033977,1622201.5129935648,9367902.833333334,17234365.912980027,1501439.7536866404,9421398.966666667,17220591.651307322,1622206.2820260106
706,9056494.633333333,16721409.31554114,1391579.951125525,9056494.633333333,16721409.31554114,1391579.951125525,9032652.366666667,16699526.412601382,1365778.3207319537,9177000.933333334,16776149.605461787,1577852.2612048807,9056494.633333333,16721409.31554114,1391579.951125525,9177006.933333334,16776156.917474436,1577856.9491922315
707,8970455.8,16623732.970531266,1317178.6294687353,8970455.8,16623732.970531266,1317178.6294687353,8946036.8,16599999.679085977,1292073.920914025,8956917.766666668,16536211.18243978,1377624.3508935552,8970455.8,16623732.970531266,1317178.6294687353,8956920.866666667,16536214.679121241,1377627.0542120934
708,8806907.333333334,16365514.999693586,1248299.6669730823,8806676.75,16365317.271333363,1248036.2286666362,8799495.45,16358277.128719298,1240713.7712807003,8834209.2,16320169.691899717,1348248.7081002807,8806907.333333334,16365514.999693586,1248299.6669730823,8834212.966666667,16320174.025115311,1348251.9082180234
709,8571940.333333334,16015299.729967343,1128580.9366993252,8571940.333333334,16015299.729967343,1128580.9366993252,8549757.733333332,15992600.948359739,1106914.5183069268,8465296.233333332,15841273.488281982,1089318.978384683,8571940.333333334,16015299.729967343,1128580.9366993252,8465299.666666666,15841277.178816896,1089322.1545164352
710,8536036.033333333,15925289.533870902,1146782.5327957654,8536036.033333333,15925289.533870902,1146782.5327957654,8495182.766666668,15887129.881184224,1103235.65214911,8420354.233333332,15829619.108800597,1011089.3578660665,8536036.033333333,15925289.533870902,1146782.5327957654,8420357.0,15829622.015439222,1011091.9845607784
711,7717818.166666667,14921500.757540181,514135.5757931527,7717706.933333334,14921402.151334442,514011.7153322259,7714664.666666667,14915304.278172508,514025.05516082514,7562922.366666666,14731647.39618104,394197.337152292,7717818.166666667,14921500.757540181,514135.5757931527,7562923.866666666,14731648.902818065,394198.83051526826
712,7532386.733333333,13611769.92305707,1453003.5436095968,7532386.733333333,13611769.92305707,1453003.5436095968,7529363.433333334,13603876.95700752,1454849.9096591473,6607289.933333334,12585363.485073686,629216.3815929806,7532386.733333333,13611769.92305707,1453003.5436095968,6607290.833333333,12585364.383054778,629217.2836118881
713,6889635.466666667,12931710.79226914,847560.141064194,6889452.616666666,12931546.035163112,847359.1981702205,6848364.983333333,12888338.388140075,808391.5785265928,6617646.366666666,12548473.240193374,686819.4931399589,6889635.466666667,12931710.79226914,847560.141064194,6617647.633333334,12548474.561051423,686820.7056152448
714,6759946.3,12786376.878802441,733515.7211975576,6759946.3,12786376.878802441,733515.7211975576,6717658.566666666,12743584.395320449,691732.7380128829,6674231.366666666,12664680.737196434,683781.9961368972,6759946.3,12786376.878802441,733515.7211975576,6674232.966666667,12664682.459894994,683783.4734383393
715,6696038.766666667,12718135.945413284,673941.5879200501,6695800.883333334,12717927.328682316,673674.4379843511,6658804.25,12680016.239893,637592.2601070004,6508533.533333333,12467876.3881873,549190.6784793651,6696038.766666667,12718135.945413284,673941.5879200501,6508534.466666667,12467877.330742821,549191.6025905125
716,6937502.766666667,12953144.395203706,921861.1381296264,6937502.766666667,12953144.395203706,921861.1381296264,6895603.233333333,12912377.97882161,878828.4878450567,6534343.266666667,12507413.250629388,561273.2827039454,6937502.766666667,12953144.395203706,921861.1381296264,6534344.233333333,12507414.217499055,561274.2491676128
717,6844425.166666667,12874756.627502963,814093.7058303719,6844425.166666667,12874756.627502963,814093.7058303719,6806124.0,12835912.94634095,776335.0536590498,6542727.3,12518251.706981424,567202.8930185745,6844425.166666667,12874756.627502963,814093.7058303719,6542728.733333333,12518253.265017737,567204.2016489292
718,7167229.733333333,13306082.541052822,1028376.9256138448,7167229.733333333,13306082.541052822,1028376.9256138448,7129110.466666667,13268362.16647521,989858.7668581242,7074780.833333333,13329207.29279852,820354.3738681478,7167229.733333333,13306082.541052822,1028376.9256138448,7074782.266666667,13329208.751825873,820355.7815074613
719,7672677.933333334,14106099.193177894,1239256.6734887743,7672677.933333334,14106099.193177894,1239256.6734887743,7617422.7,14025412.647659402,1209432.752340598,7427392.7,13836937.017026164,1017848.3829738377,7672677.933333334,14106099.193177894,1239256.6734887743,7427395.3,13836940.17984636,1017850.4201536402
720,6726733.833333333,12951799.033836838,501668.6328298291,6726733.833333333,12951799.033836838,501668.6328298291,6688358.733333333,12914007.22417607,462710.24249059707,7049994.933333334,13343655.010394596,756334.8562720716,6726733.833333333,12951799.033836838,501668.6328298291,7049996.866666666,13343657.268474806,756336.4648585273
721,6806029.466666667,13055736.2440216,556322.6893117335,6806029.466666667,13055736.2440216,556322.6893117335,6769315.733333333,13018705.878203463,519925.588463204,6960313.466666667,13275766.220429862,644860.7129034717,6806029.466666667,13055736.2440216,556322.6893117335,6960314.733333333,13275767.610450305,644861.8562163617
722,6768525.633333334,13017609.545878192,519441.7207884751,6768525.633333334,13017609.545878192,519441.7207884751,6736785.666666667,12985722.491399951,487848.8419333836,6788681.6,13092165.898152959,485197.30184704065,6768525.633333334,13017609.545878192,519441.7207884751,6788682.533333333,13092166.871711649,485198.19495501835
723,6721958.266666667,12913387.589478545,530528.9438547892,6721663.916666667,12913126.26378801,530201.569545324,6671102.95,12834704.960634442,507500.9393655583,6645192.366666666,12847243.054696236,443141.6786370957,6721958.266666667,12913387.589478545,530528.9438547892,6645192.966666667,12847243.68937085,443142.2439624835
724,6692670.166666667,12885099.83083691,500240.5024964232,6692332.3,12884802.677591532,499861.9224084662,6629680.716666667,12769148.224027071,490213.20930626336,6727763.633333334,12902791.993100718,552735.2735659489,6692670.166666667,12885099.83083691,500240.5024964232,6727764.533333333,12902793.000825215,552736.0658414504
725,6921944.766666667,13050939.529482279,792950.0038510542,6921719.15,13050741.932966378,792696.3670336222,6875022.75,13000248.236445226,749797.2635547742,6582051.633333334,12698620.356935736,465482.9097309308,6921799.6,13050812.387944244,792786.8120557563,6582052.533333333,12698621.320567176,465483.7460994916
726,5856650.9,10288480.623515505,1424821.1764844954,5856254.35,10288137.068146363,1424371.6318536364,5808134.266666667,10219801.823398005,1396466.709935327,5826814.566666666,10296532.736948593,1357096.3963847402,5856395.633333334,10288259.454927765,1424531.8117389018,5826815.9,10296534.432589784,1357097.3674102174
727,6019318.566666666,10334810.604968954,1703826.528364378,6018792.0,10334268.96821994,1703315.0317800604,5992640.65,10307956.343899064,1677324.956100938,5539423.4,9828000.608706683,1250846.191293317,6019051.2,10334535.555558957,1703566.8444410423,5539424.2,9828001.598015707,1250846.8019842925
728,5711825.533333333,9882608.761772934,1541042.3048937316,5711684.35,9882478.345178045,1540890.3548219535,5658473.766666667,9808878.943593115,1508068.5897402186,5347255.233333333,9525362.923560282,1169147.543106385,5711734.666666667,9882524.82255855,1540944.5107747833,5347255.9,9525363.737124218,1169148.0628757826
729,5895114.166666667,10090411.860240724,1699816.473092609,5894803.316666666,10090128.762779485,1699477.8705538474,5816180.766666667,9986716.200385397,1645645.332947936,6260928.466666667,10839385.24686813,1682471.6864652047,5894914.033333333,10090229.584591405,1699598.482075261,6260929.0,10839386.156960722,1682471.8430392789
730,5812723.7,10034558.38399226,1590889.01600774,5812663.516666667,10034505.682240572,1590821.3510927623,5761434.95,9981574.85796006,1541295.042039941,6449125.433333334,11193614.16402753,1704636.7026391365,5812684.966666667,10034524.465346346,1590845.467986988,6449126.5,11193616.096084837,1704636.903915164
731,5895584.266666667,10113118.190338153,1678050.3429951807,5895490.2,10113037.137306478,1677943.2626935216,5835713.383333334,10033998.669079632,1637428.097587035,5761402.5,9989265.878871733,1533539.1211282667,5895523.7,10113066.001835933,1677981.3981640674,5761403.833333333,9989267.642596535,1533540.0240701316
732,6133971.3,10564200.43375589,1703742.166244111,6133501.25,10563794.852929633,1703207.647070367,6070273.433333334,10482595.52074977,1657951.3459168961,6288164.633333334,10824926.539212927,1751402.7274537403,6133668.633333334,10563939.257134724,1703398.0095319431,6288166.7,10824929.611341165,1751403.788658835
733,6080276.766666667,10475961.222409327,1684592.3109240076,6079883.333333333,10475620.01138043,1684146.6552862357,6033889.566666666,10428190.108086351,1639589.0252469806,6293601.466666667,10832965.228330841,1754237.7050024923,6080023.433333334,10475741.499793688,1684305.3668729793,6293601.433333334,10832965.178414809,1754237.6882518586
734,6958278.466666667,12400479.510792991,1516077.4225403424,6957870.716666667,12400126.701289164,1515614.7320441697,6910379.583333333,12352795.196022442,1467963.9706442244,7155777.966666667,12707130.757332545,1604425.1760007879,6958015.9,12400252.309136454,1515779.4908635458,7155777.9,12707130.68020072,1604425.1197992805
735,6008595.233333333,10313045.662646065,1704144.8040206023,6008046.9,10312570.919596046,1703522.8804039545,5956482.266666667,10258437.185239732,1654527.348093601,6016474.6,10438326.908931326,1594622.2910686722,6008242.066666666,10312739.862877272,1703744.2704560598,6016474.566666666,10438326.858450457,1594622.2748828763
736,5833582.0,9996369.977761097,1670794.0222389032,5832512.75,9995432.244007502,1669593.2559924987,5779593.283333333,9937907.845458608,1621278.7212080578,5884434.233333333,10170482.039586859,1598386.427079808,5832893.366666666,9995765.924897086,1670020.8084362461,5884434.233333333,10170482.04658537,1598386.4200812979
737,6795245.933333334,11826317.40717814,1764174.4594885278,6794938.383333334,11826053.89131355,1763822.8753531193,6737753.116666666,11765005.374765204,1710500.8585681282,6769225.966666667,11880498.918104554,1657953.01522878,6795047.9,11826147.719459005,1763948.080540996,6769225.9,11880498.825540867,1657952.974459134
738,7590131.766666667,13120621.123986468,2059642.4093468646,7589345.733333333,13119947.65559024,2058743.811076426,7523577.766666667,13049799.1734156,1997356.3599177338,7415528.533333333,13008970.241333019,1822086.8253336474,7589625.533333333,13120187.337532021,2059063.7291346462,7415528.466666667,13008970.151705187,1822086.7816281458
739,7519527.7,12524756.689980494,2514298.7100195065,7515510.933333334,12521390.21460366,2509631.6520630065,7449473.183333334,12449268.347370636,2449678.0192960305,6862580.433333334,11918411.055999393,1806749.8106672745,7517260.633333334,12522855.13654016,2511666.130126507,6862580.3,11918410.899004852,1806749.7009951472
740,7461773.366666666,12399412.825689476,2524133.9076438555,7458913.95,12397004.148348587,2520823.7516514137,7386923.583333333,12315072.719199497,2458774.447467168,7390588.666666667,12731158.36679381,2050018.9665395245,7460114.933333334,12398015.046936616,2522214.81973005,7390588.466666667,12731158.03350775,2050018.8998255832
741,8177629.1,13632179.791157655,2723078.408842344,8170749.3,13626363.332763322,2715135.267236679,8100709.75,13546257.313818388,2655162.1861816132,8233276.466666667,14131781.64825032,2334771.2850830127,8173198.4,13628430.102985378,2717966.6970146215,8233276.233333333,14131781.238907512,2334771.2277591554
742,8305401.7,14328320.862579273,2282482.5374207273,8298368.15,14322263.439498626,2274472.860501374,8248658.633333334,14294607.79941962,2202709.4672470493,7592882.4,13688419.511698712,1497345.2883012882,8301138.833333333,14324645.855652984,2277631.811013681,7592882.366666666,13688419.468318455,1497345.2650148775
743,7831457.566666666,12665458.525114058,2997456.6082192753,7824357.716666667,12659429.345281351,2989286.088051982,7723917.383333334,12531515.08130167,2916319.685364997,7003692.066666666,11884674.446667073,2122709.6866662595,7826885.933333334,12661571.737530947,2992200.1291357204,7003693.2,11884676.006461998,2122710.393538002
744,7102816.033333333,11335783.133558145,2869848.9331085216,7094821.866666666,11328896.442704532,2860747.2906288,7002792.083333333,11214087.998776857,2791496.1678898083,6331498.8,10628925.578948844,2034072.0210511563,7097668.733333333,11331342.302203882,2863995.1644627852,6331498.766666667,10628925.545429897,2034071.9879034357
745,6902873.133333334,10981934.260023126,2823812.006643541,6895221.9,10975403.038931,2815040.7610690016,6782309.866666666,10820256.894398618,2744362.8389347135,6148444.266666667,10309022.214661434,1987866.318671898,6897946.633333334,10977722.63238471,2818170.6342819585,6148445.866666666,10309024.591845304,1987867.1414880282
746,8117301.4,13519648.149503365,2714954.6504966356,8116156.733333333,13518671.324366825,2713642.142299842,8002642.233333333,13361679.581437556,2643604.8852291107,8031068.233333333,13863560.87804876,2198575.588617906,8116564.4,13519019.108981188,2714109.6910188114,8031068.133333334,13863560.723256242,2198575.543410425
747,7938383.3,13262128.279195024,2614638.320804976,7936920.983333333,13260881.953585476,2612960.013081191,7845893.3,13152694.578943403,2539092.021056596,6995259.5,12314563.049097355,1675955.9509026436,7937441.9,13261325.752484702,2613558.0475153,6995260.433333334,12314564.166763538,1675956.6999031287
748,7853456.933333334,13181540.41661447,2525373.450052198,7852404.75,13180642.417729128,2524167.082270872,7775654.216666667,13087530.376260027,2463778.0570733063,6868414.166666667,12184243.55945055,1552584.773882784,7852779.633333334,13180962.275526797,2524596.99113987,6868414.666666667,12184244.11146342,1552585.2218699139
749,7422712.033333333,12708960.14889155,2136463.917775118,7422068.95,12708411.839469234,2135726.060530767,7309013.183333334,12549779.581467103,2068246.7851995649,6397438.566666666,11608253.898926023,1186623.2344073094,7422298.166666667,12708607.241231449,2135989.092101886,6397439.0,11608254.387132298,1186623.6128677027
750,7651574.566666666,13092318.800291536,2210830.3330417965,7650597.383333334,13091476.186412267,2209718.580254401,7527403.15,12917815.09013613,2136991.2098638704,6309276.433333334,11694913.40273085,923639.4639358167,7650945.766666667,13091776.516373586,2210115.016959748,6309276.433333334,11694913.40273085,923639.4639358167
751,6274311.966666667,10358398.27176562,2190225.661567713,6273934.65,10358078.019364486,2189791.280635515,6168601.833333333,10183166.540530173,2154037.1261364934,5021176.633333334,8970704.069082377,1071649.1975842896,6274069.3,10358192.290017696,2189946.309982303,5021176.533333333,8970703.971832495,1071649.0948341712
752,6785049.366666666,11708715.880504448,1861382.8528288836,6784686.083333333,11708402.75852105,1860969.4081456168,6664870.916666667,11534344.746174738,1795397.0871585952,5531562.533333333,10380257.713544175,682867.3531224905,6784815.8,11708514.55243979,1861117.0475602085,5531562.5,10380257.683048658,682867.3169513429
753,6131016.933333334,10719566.760944348,1542467.1057223203,6130412.733333333,10719037.720755816,1541787.7459108513,6040342.366666666,10576941.402039595,1503743.3312937375,4888195.233333333,9358234.001160797,418156.465505871,6130628.466666667,10719226.582875513,1542030.350457821,4888195.233333333,9358234.001160797,418156.465505871
754,6045242.266666667,10578799.246220775,1511685.2871125592,6044737.816666666,10578360.437915139,1511115.195418193,5973711.75,10486256.746851102,1461166.7531488985,5469955.3,10085434.996037737,854475.6039622631,6044918.0,10578517.150197398,1511318.8498026012,5469955.266666667,10085434.959620425,854475.5737129077
755,6589381.6,12153326.525236195,1025436.6747638043,6588466.916666667,12152516.347941205,1024417.485392129,6525641.383333334,12078019.838257255,973262.9284094125,6039094.766666667,11655408.304592326,422781.2287410069,6588793.7,12152805.72894328,1024781.6710567204,6039094.7,11655408.211706866,422781.1882931357
756,6739446.1,12352243.492782332,1126648.7072176663,6739025.7,12351875.935732469,1126175.4642675305,6675180.366666666,12269057.71296588,1081303.0203674529,5425605.733333333,10964753.067179546,-113541.6005128799,6739175.933333334,12352007.271378294,1126344.5952883726,5425605.666666667,10964753.004252413,-113541.67091907933
757,5521889.233333333,9177096.63807659,1866681.828590076,5521626.35,9176873.284559065,1866379.4154409342,5444366.116666666,9062143.25569965,1826588.977633683,4323053.566666666,7786825.824068152,859281.3092651805,5521720.333333333,9176953.127308588,1866487.539358078,4323053.533333333,7786825.792325441,859281.2743412256
758,6227416.833333333,10422105.112537533,2032728.554129133,6226928.516666667,10421685.15769813,2032171.875635203,6120423.5,10270785.33625332,1970061.6637466797,5425013.1,9618741.368411886,1231284.8315881141,6227103.0,10421835.189313754,2032370.8106862446,5425013.0,9618741.231690817,1231284.7683091834
759,6538949.1,10973445.214305092,2104452.9856949076,6538167.433333334,10972763.692893136,2103571.173773532,6347437.983333333,10688049.913760055,2006826.052906612,5550375.133333334,9902094.661952142,1198655.604714525,6538446.633333334,10973007.061954683,2103886.204711985,5550374.6,9902093.899387311,1198655.300612688
760,5980290.633333334,10472577.752147505,1488003.5145191625,5979137.283333333,10471540.500518538,1486734.0661481293,5866082.566666666,10295156.97564871,1437008.1576846223,4728165.966666667,9080264.173775956,376067.7595573785,5979549.166666667,10471910.792669587,1487187.5406637462,4728165.9,9080264.109204551,376067.69079544954
761,6849240.466666667,11797794.754894096,1900686.178439238,6847850.45,11796564.794063658,1899136.1059363429,6674823.616666666,11551466.111656459,1798181.1216768734,5970897.1,10891669.304777209,1050124.8952227905,6848346.7,11797003.730951555,1899689.6690484453,5970896.1,10891667.896169547,1050124.3038304532
762,6094009.433333334,10261672.698928218,1926346.167738448,6091940.2,10259814.140424946,1924066.2595750536,5969576.8,10088259.917888522,1850893.6821114784,5514626.4,9686533.892062288,1342718.907937714,6094009.433333334,10261672.698928218,1926346.167738448,5514626.266666667,9686533.68759415,1342718.8457391844
763,5799900.666666667,9771727.886698931,1828073.4466344025,5798022.683333334,9770009.534306984,1826035.8323596823,5655705.5,9566041.744055882,1745369.255944118,5279472.3,9241582.58639272,1317362.0136072813,5799900.666666667,9771727.886698931,1828073.4466344025,5279472.166666667,9241582.377333192,1317361.9560001413
764,6752598.833333333,11510023.441284027,1995174.2253826382,6748983.25,11506665.937826522,1991300.5621734774,6592644.033333333,11276635.634386053,1908652.432280613,6096579.0,10827030.633611802,1366127.366388199,6752341.633333334,11509784.251903212,1994899.0147634558,6096578.866666666,10827030.456868114,1366127.2764652185
765,6328987.733333333,10913817.541200355,1744157.925466313,6328987.733333333,10913817.541200355,1744157.925466313,6142100.0,10660463.055997297,1623736.9440027028,5725916.6,10275839.389808062,1175993.8101919377,6328987.733333333,10913817.541200355,1744157.925466313,5725915.666666667,10275838.032497624,1175993.30083571
766,7413703.4,12458836.115769036,2368570.6842309637,7413703.4,12458836.115769036,2368570.6842309637,7194603.9,12154685.021980308,2234522.7780196937,6433840.633333334,11406955.814415783,1460725.452250884,7413703.4,12458836.115769036,2368570.6842309637,6433839.866666666,11406954.812714405,1460724.920618927
767,7424837.4,12439586.181540247,2410088.6184597537,7424837.4,12439586.181540247,2410088.6184597537,7261436.0,12235967.314641822,2286904.685358177,6259409.9,11133875.425806396,1384944.374193606,7424837.4,12439586.181540247,2410088.6184597537,6259408.966666667,11133874.184637334,1384943.7486959994
768,5791268.2,9403446.36682089,2179090.033179111,5791268.2,9403446.36682089,2179090.033179111,5691689.933333334,9265071.076545974,2118308.7901206925,4365104.1,7748678.77821579,981529.4217842096,5791268.2,9403446.36682089,2179090.033179111,4365104.033333333,7748678.716737606,981529.3499290603
769,5516362.533333333,9251593.786180526,1781131.28048614,5516362.533333333,9251593.786180526,1781131.28048614,5417361.866666666,9108406.130461015,1726317.6028723167,5234379.433333334,9021907.020175021,1446851.846491647,5516362.533333333,9251593.786180526,1781131.28048614,5234378.4,9021905.52450489,1446851.2754951105
770,5395822.1,9053665.277272299,1737978.9227277003,5395822.1,9053665.277272299,1737978.9227277003,5316781.2,8920390.918689411,1713171.4813105902,4919276.5,8507552.882256126,1331000.1177438744,5395822.1,9053665.277272299,1737978.9227277003,4919275.533333333,8507551.515367607,1330999.5512990602
771,6177454.3,10768868.926751774,1586039.6732482268,6177454.3,10768868.926751774,1586039.6732482268,6150865.3,10732885.921374537,1568844.6786254626,6000949.233333333,10683098.932576189,1318799.534090478,6177454.3,10768868.926751774,1586039.6732482268,6000948.433333334,10683097.905283298,1318798.9613833698
772,5590525.066666666,9323628.606747312,1857421.5265860208,5590525.066666666,9323628.606747312,1857421.5265860208,5587870.066666666,9313797.329004405,1861942.8043289278,4899769.133333334,8548665.922986131,1250872.3436805354,5590525.066666666,9323628.606747312,1857421.5265860208,4899769.1,8548665.88626426,1250872.3137357393
773,6464187.666666667,11194055.603366043,1734319.7299672905,6464187.666666667,11194055.603366043,1734319.7299672905,6463526.9,11191668.749803795,1735385.0501962062,5550142.133333334,10161695.261995774,938589.0046708928,6464187.666666667,11194055.603366043,1734319.7299672905,5550142.133333334,10161695.261995774,938589.0046708928
774,6093154.233333333,10209743.322981274,1976565.143685393,6089217.283333333,10206158.207982749,1972276.3586839186,6052220.916666667,10162345.459811708,1942096.3735216265,5375363.933333334,9431317.723994348,1319410.1426723185,6093154.233333333,10209743.322981274,1976565.143685393,5375363.933333334,9431317.723994348,1319410.1426723185
775,6642775.9,11496462.89809898,1789088.9019010207,6640818.95,11494668.829275504,1786969.0707244966,6621571.95,11473394.713480644,1769749.1865193555,5833426.1,10712243.865531445,954608.3344685547,6642775.9,11496462.89809898,1789088.9019010207,5833426.066666666,10712243.833446413,954608.2998869196
776,6684863.833333333,11540321.483458627,1829406.183208039,6684863.833333333,11540321.483458627,1829406.183208039,6650933.133333334,11503761.526927773,1798104.7397388956,6178837.333333333,11069026.284287496,1288648.3823791705,6684863.833333333,11540321.483458627,1829406.183208039,6178836.9,11069025.787894407,1288648.0121055935
777,5094470.333333333,8777534.698141187,1411405.9685254782,5092944.916666667,8776115.31954748,1409774.5137858544,5070456.566666666,8749620.53965319,1391292.593680143,4774969.333333333,8393313.010155056,1156625.6565116104,5094470.333333333,8777534.698141187,1411405.9685254782,4774969.3,8393312.976087304,1156625.6239126958
778,5788546.966666667,10487945.026426889,1089148.9069064455,5788546.966666667,10487945.026426889,1089148.9069064455,5751006.433333334,10443820.455444839,1058192.4112218274,5685482.7,10338777.655764792,1032187.7442352083,5788546.966666667,10487945.026426889,1089148.9069064455,5685482.233333333,10338777.059189562,1032187.407477105
779,6266227.066666666,11302383.635681076,1230070.4976522569,6264383.5,11300658.672865313,1228108.3271346884,6239326.75,11265058.44006861,1213595.059931389,5731909.7,10697282.638788898,766536.7612111038,6266227.066666666,11302383.635681076,1230070.4976522569,5731909.733333333,10697282.690751314,766536.7759153517
780,5973579.866666666,10822789.591076229,1124370.1422571046,5973579.866666666,10822789.591076229,1124370.1422571046,5952619.633333334,10798774.92177238,1106464.3448942872,5586006.9,10407721.824841524,764291.9751584772,5973579.866666666,10822789.591076229,1124370.1422571046,5586006.9,10407721.824841524,764291.9751584772
781,5652009.833333333,10369087.99428254,934931.6723841261,5652009.833333333,10369087.99428254,934931.6723841261,5642488.833333333,10359190.134841926,925787.5318247406,5867432.2,10817544.86388577,917319.5361142308,5652009.833333333,10369087.99428254,934931.6723841261,5867432.2,10817544.86388577,917319.5361142308
782,5773753.366666666,10581213.373276059,966293.3600572748,5773753.366666666,10581213.373276059,966293.3600572748,5752872.0,10557793.682181071,947950.3178189285,5619450.4,10425531.193302698,813369.6066973032,5773753.366666666,10581213.373276059,966293.3600572748,5619450.4,10425531.193302698,813369.6066973032
783,5479726.866666666,9381647.417926325,1577806.3154070075,5479726.866666666,9381647.417926325,1577806.3154070075,5480981.733333333,9381627.991601523,1580335.4750651433,5037307.666666667,8804000.741374858,1270614.5919584753,5479726.866666666,9381647.417926325,1577806.3154070075,5037307.666666667,8804000.747927008,1270614.5854063253
784,5711114.333333333,9738485.738714544,1683742.9279521224,5711114.333333333,9738485.738714544,1683742.9279521224,5682654.833333333,9705146.072114488,1660163.594552178,5624779.4,9656724.12377912,1592834.6762208808,5711114.333333333,9738485.738714544,1683742.9279521224,5624779.133333334,9656723.743001148,1592834.523665519
785,4997900.366666666,8694537.391916063,1301263.3414172707,4997900.366666666,8694537.391916063,1301263.3414172707,4985816.266666667,8681927.751168635,1289704.782164699,5001321.766666667,8721680.978162238,1280962.5551710948,4997900.366666666,8694537.391916063,1301263.3414172707,5001321.766666667,8721680.978162238,1280962.5551710948
786,5857514.766666667,10580562.48766002,1134467.0456733126,5857514.766666667,10580562.48766002,1134467.0456733126,5816004.033333333,10539224.852694489,1092783.2139721764,6301066.8,11096506.496973697,1505627.1030263016,5857514.766666667,10580562.48766002,1134467.0456733126,6301066.6,11096506.238378616,1505626.9616213832
787,6548957.366666666,11468683.141525738,1629231.5918075936,6548957.366666666,11468683.141525738,1629231.5918075936,6531072.633333334,11450817.208457548,1611328.0582091203,6857414.966666667,11863569.90002374,1851260.0333095929,6548957.366666666,11468683.141525738,1629231.5918075936,6857414.8,11863569.6856741,1851259.9143259004
788,6836423.2,12170774.393212177,1502072.0067878244,6836423.2,12170774.393212177,1502072.0067878244,6819031.066666666,12153386.871971257,1484675.2613620758,6957593.6,12365573.756931305,1549613.4430686953,6836423.2,12170774.393212177,1502072.0067878244,6957593.566666666,12365573.711880809,1549613.4214525241
789,6921954.5,12249892.724753186,1594016.275246814,6921954.5,12249892.724753186,1594016.275246814,6853161.933333334,12164723.321224801,1541600.545441866,6502863.1,11777630.284628987,1228095.9153710129,6921954.5,12249892.724753186,1594016.275246814,6502863.133333334,11777630.318082072,1228095.9485845957
790,7171468.133333334,12621199.389164282,1721736.8775023855,7171468.133333334,12621199.389164282,1721736.8775023855,7101776.666666667,12534727.235300962,1668826.098032372,6610695.2,11996838.115726598,1224552.2842734028,7171468.133333334,12621199.389164282,1721736.8775023855,6610695.2,11996838.113156643,1224552.2868433585
791,7747098.966666667,13434439.152394455,2059758.7809388796,7747098.966666667,13434439.152394455,2059758.7809388796,7630279.166666667,13289971.980796937,1970586.352536397,7821266.6,13548510.145339586,2094023.0546604143,7747098.966666667,13434439.152394455,2059758.7809388796,7821266.4,13548509.882790118,2094022.9172098814
792,7272731.833333333,12723832.181960892,1821631.484705775,7272731.833333333,12723832.181960892,1821631.484705775,7163908.0,12587230.531307403,1740585.468692596,6637010.233333333,11919077.730363254,1354942.7363034133,7272731.833333333,12723832.181960892,1821631.484705775,6637010.233333333,11919077.730363254,1354942.7363034133
793,6629454.1,11607582.34036169,1651325.859638309,6629454.1,11607582.34036169,1651325.859638309,6536264.666666667,11488435.629258897,1584093.7040744359,5953719.433333334,10783260.067947399,1124178.7987192674,6629454.1,11607582.34036169,1651325.859638309,5953719.4,10783260.031120133,1124178.7688798672
794,6823658.9,12234708.993285079,1412608.8067149213,6823658.9,12234708.993285079,1412608.8067149213,6705762.933333334,12054886.325027846,1356639.5416388223,6169076.4,11472633.35159732,865519.4484026814,6823658.9,12234708.993285079,1412608.8067149213,6169076.433333334,11472633.384575337,865519.4820913309
795,6701191.233333333,11910612.885332484,1491769.581334184,6699837.433333334,11909287.902707603,1490386.9639590634,6666542.333333333,11908415.36172758,1424669.3049390865,5996069.1,11101337.105847111,890801.0941528883,6701191.233333333,11910612.885332484,1491769.581334184,5996069.1,11101337.105847111,890801.0941528883
796,7229257.666666667,12889913.949661467,1568601.3836718677,7229257.666666667,12889913.949661467,1568601.3836718677,7199175.266666667,12879513.910781339,1518836.6225519953,6552566.233333333,12138549.858815152,966582.6078515137,7229257.666666667,12889913.949661467,1568601.3836718677,6552566.233333333,12138549.858815152,966582.6078515137
797,6631054.433333334,11992282.115244549,1269826.7514221193,6628787.266666667,11989059.558632744,1268514.9747005887,6589228.4,11948844.026822872,1229612.7731771283,6165986.633333334,11422529.272198677,909443.9944679905,6631054.433333334,11992282.115244549,1269826.7514221193,6165986.666666667,11422529.307924137,909444.0254091974
798,6567252.2,11992885.73020779,1141618.6697922098,6567252.2,11992885.73020779,1141618.6697922098,6525800.9,11952095.9374596,1099505.8625404015,6785770.366666666,12263425.049183752,1308115.684149581,6567252.2,11992885.73020779,1141618.6697922098,6785770.366666666,12263425.049183752,1308115.684149581
799,6713578.0,12088744.682160288,1338411.3178397128,6712268.366666666,12086885.479021668,1337651.254311664,6785460.766666667,12261615.95078028,1309305.5825530533,6572613.266666667,11889580.35958827,1255646.173745064,6713578.0,12088744.682160288,1338411.3178397128,6572613.266666667,11889580.375181798,1255646.1581515344
800,6516482.1,11734406.797673482,1298557.4023265159,6515310.666666667,11732718.400341285,1297902.9329920486,6588154.333333333,11907772.017920334,1268536.6487463312,6457343.533333333,11632658.709203262,1282028.3574634055,6516482.1,11734406.797673482,1298557.4023265159,6457343.533333333,11632658.709203262,1282028.3574634055
801,6308053.266666667,11190475.348370325,1425631.1849630075,6308053.266666667,11190475.348370325,1425631.1849630075,6315982.166666667,11220109.136179343,1411855.197153992,6172974.9,11017617.668220669,1328332.1317793326,6308053.266666667,11190475.348370325,1425631.1849630075,6172974.9,11017617.668220669,1328332.1317793326
802,6844906.333333333,12031732.7788013,1658079.8878653664,6838252.75,12022213.338063216,1654292.1619367842,6908053.316666666,12192197.517330483,1623909.1160028512,6332405.666666667,11446688.158416899,1218123.174916435,6844906.333333333,12031732.7788013,1658079.8878653664,6332405.666666667,11446688.158416899,1218123.174916435
803,6889088.8,12622038.792402767,1156138.807597233,6889088.8,12622038.792402767,1156138.807597233,6949821.266666667,12798586.999284718,1101055.534048614,6850795.0,12573414.805242814,1128175.1947571859,6889088.8,12622038.792402767,1156138.807597233,6850794.966666667,12573414.762032157,1128175.1713011768
804,5803297.0,10069197.24198592,1537396.7580140783,5803297.0,10069197.24198592,1537396.7580140783,5807258.533333333,10120126.46994694,1494390.5967197279,5655952.466666667,9883874.80493601,1428030.1283973241,5803297.0,10069197.24198592,1537396.7580140783,5655952.466666667,9883874.80493601,1428030.1283973241
805,5951917.966666667,11009113.599576503,894722.3337568305,5951917.966666667,11009113.599576503,894722.3337568305,6091101.566666666,11419249.478458375,762953.654874959,6106107.566666666,11173877.994377643,1038337.1389556909,5951917.966666667,11009113.599576503,894722.3337568305,6106107.633333334,11173878.070818763,1038337.1958479034
806,6912821.166666667,12338104.922106842,1487537.4112264924,6912821.166666667,12338104.922106842,1487537.4112264924,6915547.866666666,12384316.707737327,1446779.0255960058,6478481.466666667,11847822.25028056,1109140.6830527727,6912821.166666667,12338104.922106842,1487537.4112264924,6478481.433333334,11847822.217587836,1109140.649078831
807,5871842.466666667,10096483.016415305,1647201.9169180272,5867815.75,10090236.451276198,1645395.048723801,6108574.816666666,10661929.650617126,1555219.9827162055,5716388.466666667,9900264.429230684,1532512.5041026496,5871839.7,10096478.719879236,1647200.6801207634,5716388.433333334,9900264.395374825,1532512.471291842
808,6498829.5,11755728.863821143,1241930.1361788567,6498829.5,11755728.863821143,1241930.1361788567,6499686.233333333,11789799.43604064,1209573.030626026,6524065.133333334,11812767.303964302,1235362.9627023656,6498829.5,11755728.863821143,1241930.1361788567,6524065.166666667,11812767.348342998,1235362.984990336
809,6757780.0,12056005.857518978,1459554.1424810216,6754078.633333334,12050736.31147267,1457420.9551939983,6819353.183333334,12258403.001982596,1380303.3646840723,6483706.033333333,11705656.924720513,1261755.1419461537,6757780.0,12056005.857518978,1459554.1424810216,6483705.966666667,11705656.842894156,1261755.090439178
810,6232407.933333334,10954974.873075768,1509840.9935908997,6231144.25,10953057.806291435,1509230.693708566,6288940.666666667,11122152.628728066,1455728.7046052683,5619242.8,10206033.644149676,1032451.9558503237,6232407.933333334,10954974.873075768,1509840.9935908997,5619242.8,10206033.644149676,1032451.9558503237
811,6727446.433333334,12065308.721619405,1389584.1450472614,6720390.4,12055177.746766996,1385603.053233005,6626476.916666667,11865893.622699376,1387060.2106339578,6161695.966666667,11392175.166932983,931216.7664003503,6727446.433333334,12065308.721619405,1389584.1450472614,6161695.933333334,11392175.13637461,931216.7302920576
812,6515258.133333334,11688258.321581867,1342257.9450848,6513937.95,11686326.55873726,1341549.341262742,6423915.966666667,11500406.75126072,1347425.1820726134,5868507.966666667,10927704.348289993,809311.5850433409,6515258.133333334,11688258.321581867,1342257.9450848,5868507.933333334,10927704.318365088,809311.5483015794
813,6289680.833333333,11078483.522720553,1500878.143946113,6286125.45,11073103.22372156,1499147.6762784394,6274061.233333333,11078822.335718438,1469300.1309482288,5692785.5,10355297.192731012,1030273.8072689893,6289680.833333333,11078483.522720553,1500878.143946113,5692785.5,10355297.191041538,1030273.8089584615
814,7089363.433333334,12377617.358955787,1801109.5077108797,7087532.55,12374982.919943739,1800082.1800562618,6882732.466666667,11917853.255958581,1847611.6773747522,6308638.166666667,11471318.855790963,1145957.4775423706,7089363.433333334,12377617.358955787,1801109.5077108797,6308638.133333334,11471318.812182846,1145957.454483822
815,8022035.1,14446061.922521845,1598008.2774781538,8022035.1,14446061.922521845,1598008.2774781538,7996523.133333334,14426946.402639631,1566099.8640270354,7574902.7,13978682.802821215,1171122.597178786,8022035.1,14446061.922521845,1598008.2774781538,7574902.6,13978682.675980821,1171122.524019177
816,8042917.1,14401597.70983534,1684236.4901646608,8041200.116666666,14399265.17278176,1683135.0605515726,8046037.266666667,14450467.364764225,1641607.1685691075,7416801.333333333,13717995.147375643,1115607.5192910228,8042917.1,14401597.70983534,1684236.4901646608,7416801.333333333,13717995.147375643,1115607.5192910228
817,8370991.6,15131492.454662956,1610490.745337042,8366851.85,15126026.69517562,1607677.0048243795,8372144.35,15157097.54090552,1587191.1590944799,8552323.166666666,15282807.548270317,1821838.7850630153,8370979.2,15131476.068647772,1610482.3313522274,8552323.2,15282807.580219816,1821838.819780183
818,8879722.533333333,16196163.540949713,1563281.525716952,8876498.833333334,16191985.05918676,1561012.6074799066,8861950.966666667,16184076.712794341,1539825.2205389924,9033760.266666668,16316403.474967465,1751117.0583658693,8879722.533333333,16196163.540949713,1563281.525716952,9033760.266666668,16316403.474967465,1751117.0583658693
819,8414360.5,15183664.68530671,1645056.3146932907,8412512.45,15181127.607105788,1643897.2928942107,8477651.016666668,15339294.636450328,1616007.396883008,8510875.7,15219170.225210723,1802581.174789277,8414360.5,15183664.68530671,1645056.3146932907,8510875.733333332,15219170.257337607,1802581.2093290566
820,8298939.133333334,15320965.130895741,1276913.1357709253,8295877.116666666,15317172.072410204,1274582.1609231299,8264330.95,15261146.661081119,1267515.2389188819,8566640.066666666,15612214.903658014,1521065.229675318,8297198.066666666,15318807.773093168,1275588.3602401642,8566640.066666666,15612214.903658014,1521065.229675318
821,8399710.866666667,15613806.587046124,1185615.1462872094,8396199.283333333,15609171.19302561,1183227.373641057,8634827.9,16145206.099124268,1124449.700875733,8488338.566666666,15671116.357993066,1305560.7753402675,8397916.666666666,15611437.391283456,1184395.942049875,8488338.566666666,15671116.357365562,1305560.7759677712
822,7405343.933333334,13326244.170169959,1484443.6964967083,7402599.466666667,13322397.367474996,1482801.565858339,7413332.5,13335790.138131373,1490874.8618686264,7506008.033333333,13404538.750163745,1607477.3165029204,7404246.8,13324705.80310168,1483787.7968983203,7506008.0,13404538.717034336,1607477.282965663
823,6716412.633333334,11738404.935731124,1694420.3309355443,6714925.816666666,11736177.341752179,1693674.2915811548,6839767.1,11923488.936820142,1756045.2631798564,6920120.5,11872209.789354421,1968031.2106455788,6715866.533333333,11737586.56828951,1694146.4983771546,6920120.5,11872209.789354421,1968031.2106455788
824,6972824.766666667,12832547.64070063,1113101.8926327014,6972824.766666667,12832547.64070063,1113101.8926327014,6957382.733333333,12805204.81620466,1109560.650462008,7807858.9,13724885.798795056,1890832.0012049442,6972824.766666667,12832547.64070063,1113101.8926327014,7807858.866666666,13724885.76580765,1890831.9675256833
825,6495764.4,11675591.704673484,1315937.0953265177,6495764.4,11675591.704673484,1315937.0953265177,6566043.3,11806412.365278516,1325674.2347214827,7196112.433333334,12470248.272266738,1921976.594399929,6495764.4,11675591.704673484,1315937.0953265177,7196112.433333334,12470248.272266738,1921976.594399929
826,6185311.433333334,11349514.257611869,1021108.6090547983,6185311.433333334,11349514.257611869,1021108.6090547983,6138124.466666667,11235329.943011615,1040918.9903217182,7118262.733333333,12393456.920262199,1843068.546404467,6185311.433333334,11349514.257611869,1021108.6090547983,7118262.733333333,12393456.920262199,1843068.546404467
827,6909156.133333334,13084150.23651137,734162.0301552974,6909156.133333334,13084150.23651137,734162.0301552974,6751182.933333334,12757647.696033914,744718.1706327545,7629004.866666666,13907347.037955172,1350662.6953781592,6909156.133333334,13084150.23651137,734162.0301552974,7629004.866666666,13907347.037955172,1350662.6953781592
828,6435088.533333333,11820832.854068033,1049344.212598633,6435088.533333333,11820832.854068033,1049344.212598633,6317419.166666667,11582022.153542828,1052816.1797905061,7219856.466666667,12694419.77456681,1745293.158766523,6435088.533333333,11820832.854068033,1049344.212598633,7219856.433333334,12694419.731690496,1745293.134976171
829,7077594.3,13234483.50419841,920705.095801591,7077594.3,13234483.50419841,920705.095801591,7067751.566666666,13264517.87727404,870985.2560592918,8062516.6,14351864.768273497,1773168.4317265023,7077594.3,13234483.50419841,920705.095801591,8062516.6,14351864.768273497,1773168.4317265023
830,6765165.1,12250164.590599496,1280165.6094005033,6765165.1,12250164.590599496,1280165.6094005033,6677783.633333334,12056338.223526452,1299229.0431402167,7048750.3,12512395.67740984,1585104.9225901589,6765165.1,12250164.590599496,1280165.6094005033,7048750.233333333,12512395.614011496,1585104.8526551705
831,7382738.366666666,13588918.9594854,1176557.773847933,7381474.333333333,13587228.906508029,1175719.7601586366,7139652.083333333,13095887.309647512,1183416.8570191544,7612926.166666667,13802638.574385026,1423213.7589483075,7382737.666666667,13588918.023297414,1176557.3100359188,7612926.166666667,13802638.574385026,1423213.7589483075
832,7412068.233333333,13747096.30948954,1077040.157177127,7412068.233333333,13747096.30948954,1077040.157177127,7187895.5,13284752.410872817,1091038.589127182,7726863.0,14065179.924430259,1388546.0755697424,7412068.233333333,13747096.30948954,1077040.157177127,7726863.0,14065179.924430259,1388546.0755697424
833,6648029.366666666,11856218.125159081,1439840.6081742514,6647010.483333333,11854742.215408038,1439278.7512586275,6628592.6,11896743.588620424,1360441.611379576,7252468.0,12576678.952979242,1928257.0470207576,6648029.366666666,11856218.125159081,1439840.6081742514,7252468.033333333,12576678.985627528,1928257.0810391381
834,7059755.066666666,12272448.243460206,1847061.8898731265,7059755.066666666,12272448.243460206,1847061.8898731265,7002765.966666667,12249311.951607611,1756219.9817257235,7077844.933333334,12272991.21826364,1882698.648403028,7059755.066666666,12272448.243460206,1847061.8898731265,7077844.866666666,12272991.154476266,1882698.578857066
835,6880680.433333334,12137621.708475757,1623739.1581909107,6880680.433333334,12137621.708475757,1623739.1581909107,6778665.433333334,12003194.637014449,1554136.2296522195,7306118.933333334,12635159.859604895,1977078.007061772,6880680.433333334,12137621.708475757,1623739.1581909107,7306118.9,12635159.826945856,1977077.9730541455
836,5646705.166666667,9986313.910035478,1307096.423297856,5646705.166666667,9986313.910035478,1307096.423297856,5543947.133333334,9875418.480402617,1212475.7862640508,6575384.8,11148587.169901732,2002182.4300982673,5646705.166666667,9986313.910035478,1307096.423297856,6575384.733333333,11148587.10278225,2002182.3638844164
837,5713410.866666666,9929842.512449648,1496979.2208836842,5713410.866666666,9929842.512449648,1496979.2208836842,5556398.033333333,9721302.820505919,1391493.2461607475,6068942.666666667,10219150.16540474,1918735.1679285942,5713410.866666666,9929842.512449648,1496979.2208836842,6068942.666666667,10219150.16540474,1918735.1679285942
838,6297366.833333333,11567511.522480194,1027222.1441864725,6297366.833333333,11567511.522480194,1027222.1441864725,5825905.833333333,10582025.872582046,1069785.7940846197,7161250.9,12533515.167310035,1788986.632689966,6297366.833333333,11567511.522480194,1027222.1441864725,7161250.8,12533515.08371733,1788986.5162826702
839,6196025.066666666,11477032.787756782,915017.3455765517,6196025.066666666,11477032.787756782,915017.3455765517,5747588.333333333,10503799.654137421,991377.0125292446,6805955.2,12048649.91130263,1563260.4886973696,6196025.066666666,11477032.787756782,915017.3455765517,6805955.166666667,12048649.879560363,1563260.4537729723
840,6851817.366666666,12337739.17858437,1365895.5547489626,6851817.366666666,12337739.17858437,1365895.5547489626,6437479.133333334,11410040.681621362,1464917.585045306,6733894.833333333,12065323.044590965,1402466.6220757011,6851817.366666666,12337739.17858437,1365895.5547489626,6733894.8,12065323.011491962,1402466.5885080379
841,6140621.366666666,10978117.293460228,1303125.439873104,6140621.366666666,10978117.293460228,1303125.439873104,6204995.8,11115217.489986805,1294774.1100131944,6214483.766666667,10868391.577855207,1560575.9554781262,6140621.366666666,10978117.293460228,1303125.439873104,6214483.733333333,10868391.545708224,1560575.9209584435
842,7807700.533333333,13875314.458464392,1740086.608202275,7803433.1,13867920.785398751,1738945.4146012478,7393827.566666666,13025755.766110608,1761899.3672227245,7097557.266666667,12673381.655524114,1521732.877809219,7807685.733333333,13875288.799127607,1740082.66753906,7097557.266666667,12673381.655524114,1521732.877809219
843,7024408.4,12567822.232168067,1480994.5678319335,7023907.0,12566989.741368733,1480824.2586312657,6579738.7,11580480.608073663,1578996.7919263365,6605341.366666666,11831173.13877557,1379509.5945577621,7024105.9,12567319.963053893,1480891.8369461084,6605341.366666666,11831173.13877557,1379509.5945577621
844,7052442.3,12657885.455415647,1446999.1445843522,7051647.4,12656705.72350472,1446589.0764952805,6595791.5,11656860.036760345,1534722.963239655,6821959.1,12276672.85791493,1367245.342085069,7051936.9,12657135.330957718,1446738.4690422816,6821959.1,12276672.85791493,1367245.342085069
845,6848603.8,11900557.327803217,1796650.2721967828,6844374.383333334,11893166.997782823,1795581.768883844,6839972.55,11957703.715414628,1722241.3845853703,6285766.433333334,11001330.479711037,1570202.386955631,6847983.566666666,11899472.827033345,1796494.306299989,6285766.433333334,11001330.480849061,1570202.385817605
846,6176084.7,11159453.847046293,1192715.552953708,6175823.55,11159115.011575969,1192532.0884240307,5683019.7,10074104.764278963,1291934.635721038,6065593.7,10986958.710714102,1144228.6892858986,6175918.766666667,11159238.546825022,1192598.9865083108,6065593.666666667,10986958.676880237,1144228.6564530972
847,5845411.966666667,10240517.338889368,1450306.5944439666,5842812.316666666,10235229.59712826,1450395.036205073,5828070.666666667,10294059.436616335,1362081.896716999,5188999.566666666,8904034.76894737,1473964.3643859625,5845083.2,10239848.38521278,1450318.0147872195,5188999.633333334,8904034.857270075,1473964.409396593
848,6026626.466666667,10530550.918891368,1522702.0144419651,6025094.95,10527455.958581902,1522733.9414180974,5934519.733333333,10471379.17111862,1397660.295548047,5184150.233333333,8919984.661808856,1448315.8048578105,6026204.033333333,10529697.100289885,1522710.9663767805,5184150.233333333,8919984.661808856,1448315.8048578105
849,8243451.1,14204257.271592088,2282644.928407912,8241582.416666667,14200779.508184642,2282385.3251486914,8084061.333333333,14078734.884338247,2089387.7823284194,6863571.466666667,12127894.882127188,1599248.0512061454,8243187.6,14203766.767831776,2282608.432168224,6863571.466666667,12127894.882127188,1599248.0512061454
850,7234155.466666667,13343533.534635454,1124777.3986978782,7233567.4,13342712.416826472,1124422.38317353,6707494.116666666,12157679.654993635,1257308.5783396987,6696854.766666667,12664792.51636289,728917.0169704435,7233813.766666667,13343056.393352214,1124571.139981119,6696854.666666667,12664792.416600734,728916.9167326
851,8153517.1,14830371.781783868,1476662.4182161326,8153517.1,14830371.781783868,1476662.4182161326,7603954.1,13611034.205767397,1596873.9942326015,8354042.833333333,15075379.684287228,1632705.9823794374,8153517.1,14830371.781783868,1476662.4182161326,8354042.833333333,15075379.678457655,1632705.988209012
852,8997830.533333333,16618646.372728318,1377014.6939383475,8997830.533333333,16618646.372728318,1377014.6939383475,8081663.1,14311906.979858002,1851419.2201419976,8722815.6,16418739.588837512,1026891.6111624874,8997830.533333333,16618646.372728318,1377014.6939383475,8722815.566666666,16418739.556397583,1026891.5769357486
853,8873747.0,16451734.047355447,1295759.952644554,8872563.6,16450210.818534747,1294916.3814652525,7967590.616666666,14197779.496678872,1737401.7366544604,8747509.166666666,16430900.535644982,1064117.797688351,8873747.0,16451734.047355447,1295759.952644554,8747509.2,16430900.56826436,1064117.831735639
854,8616298.333333334,15080259.005617026,2152337.6610496426,8615079.266666668,15078619.221317554,2151539.312015781,7897158.1,13689221.813306313,2105094.3866936853,8472768.933333334,15035604.147187097,1909933.7194795702,8616298.333333334,15080259.005617026,2152337.6610496426,8472768.933333334,15035604.147187097,1909933.7194795702
855,8621903.633333333,15369966.183875494,1873841.082791172,8621903.633333333,15369966.183875494,1873841.082791172,7932156.7,14182041.415340114,1682271.984659886,8318124.3,14972682.718716566,1663565.8812834332,8621903.633333333,15369966.183875494,1873841.082791172,8318124.3,14972682.718716566,1663565.8812834332
856,8253963.233333333,14811966.924501441,1695959.5421652244,8252908.933333334,14810473.379929638,1695344.4867370296,7536651.95,13454015.01225295,1619288.8877470512,8125559.1,14731939.31495594,1519178.8850440588,8253963.233333333,14811966.924501441,1695959.5421652244,8125559.033333333,14731939.244915854,1519178.8217508122
857,8514950.8,15182137.593526859,1847764.0064731427,8513769.533333333,15180338.005026404,1847201.0616402617,7707123.966666667,13746604.506124668,1667643.4272086667,8187950.7,14796823.092331044,1579078.307668956,8514950.8,15182137.593526859,1847764.0064731427,8187950.666666667,14796823.05933215,1579078.2740011849
858,9145038.033333333,16110574.887711532,2179501.178955134,9145038.033333333,16110574.887711532,2179501.178955134,8338498.833333333,14623717.77732839,2053279.8893382754,8644769.733333332,15549644.53656675,1739894.9300999166,9145038.033333333,16110574.887711532,2179501.178955134,8644769.633333333,15549644.388355823,1739894.8783108424
859,8382856.633333334,15114972.135482706,1650741.1311839614,8382856.633333334,15114972.135482706,1650741.1311839614,7615401.066666666,13722836.383708198,1507965.7496251352,8938409.333333334,15949214.048432067,1927604.6182346018,8382856.633333334,15114972.135482706,1650741.1311839614,8938409.3,15949213.965845086,1927604.6341549167
860,8179845.2,14843976.905109935,1515713.4948900659,8179845.2,14843976.905109935,1515713.4948900659,7330104.4,13262934.130499985,1397274.6695000157,8453203.466666667,15333406.468872622,1573000.464460712,8179845.2,14843976.905109935,1515713.4948900659,8453203.466666667,15333406.468872622,1573000.464460712
861,8044357.0,14627341.683000857,1461372.316999143,8044357.0,14627341.683000857,1461372.316999143,7303834.1,13182624.859701175,1425043.340298824,8531316.966666667,15350384.690800466,1712249.242532867,8044357.0,14627341.683000857,1461372.316999143,8531317.0,15350384.722057289,1712249.2779427115
862,7625878.8,14163031.093574798,1088726.506425202,7625878.8,14163031.093574798,1088726.506425202,6940361.7,12732854.325990347,1147869.0740096532,8367086.5,15055739.38898715,1678433.61101285,7625878.8,14163031.093574798,1088726.506425202,8367086.533333333,15055739.420829635,1678433.6458370304
863,8114982.666666667,14784395.566538654,1445569.7667946806,8114982.666666667,14784395.566538654,1445569.7667946806,7388015.366666666,13266391.069953643,1509639.6633796897,8511137.866666667,15308127.396445159,1714148.3368881764,8114982.666666667,14784395.566538654,1445569.7667946806,8511137.866666667,15308127.396445159,1714148.3368881764
864,8427437.066666666,16372894.841473406,481979.29185992666,8427437.066666666,16372894.841473406,481979.29185992666,7746317.0,14913794.803708449,578839.1962915519,9454123.966666667,17549978.170552604,1358269.7627807315,8427437.066666666,16372894.841473406,481979.29185992666,9454123.966666667,17549978.170552604,1358269.7627807315
865,8174922.6,15978200.819916848,371644.3800831521,8174922.6,15978200.819916848,371644.3800831521,7431494.6,14479284.546761122,383704.6532388767,9077551.666666666,17091335.96985919,1063767.3634741427,8174922.6,15978200.819916848,371644.3800831521,9077551.666666666,17091335.96985919,1063767.3634741427
866,8332521.7,15920269.140473299,744774.2595267007,8332521.7,15920269.140473299,744774.2595267007,7516895.166666667,14314858.264152495,718932.0691808388,8926279.433333334,16722308.842717424,1130250.0239492431,8332521.7,15920269.140473299,744774.2595267007,8926279.466666667,16722308.874420619,1130250.058912715
867,9567403.0,17649098.063470714,1485707.9365292853,9565626.833333334,17646933.9856926,1484319.6809740672,8636215.683333334,15990093.438746382,1282337.9279202865,9750074.866666667,17971228.31492821,1528921.4184051221,9567403.0,17649098.063470714,1485707.9365292853,9750074.9,17971228.3477637,1528921.4522363022
868,9442221.3,17518640.919760577,1365801.6802394232,9440780.266666668,17516896.242520146,1364664.2908131909,8688341.3,16171488.261976697,1205194.338023304,9712936.333333334,17894546.352937557,1531326.3137291092,9442221.3,17518640.919760577,1365801.6802394232,9712936.366666667,17894546.384673797,1531326.3486595359
869,9344594.5,17210747.144539755,1478441.8554602442,9344594.5,17210747.144539755,1478441.8554602442,8603835.466666667,16047165.481961656,1160505.4513716772,9396748.633333333,17355119.654324308,1438377.6123423576,9344594.5,17210747.144539755,1478441.8554602442,9396748.6,17355119.624232084,1438377.5757679157
870,8950616.933333334,16673099.464248559,1228134.4024181087,8950616.933333334,16673099.464248559,1228134.4024181087,8399243.4,15990958.10482827,807528.6951717306,9134168.366666667,16982182.625935294,1286154.1073980397,8950616.933333334,16673099.464248559,1228134.4024181087,9134168.366666667,16982182.625935294,1286154.1073980397
871,9897799.066666666,18825137.523038574,970460.6102947574,9897799.066666666,18825137.523038574,970460.6102947574,9281141.966666667,17975789.76605221,586494.1672811229,9836971.366666667,18839164.876509428,834777.8568239044,9897799.066666666,18825137.523038574,970460.6102947574,9836971.366666667,18839164.882672578,834777.8506607544
872,10281970.2,19494012.681513116,1069927.7184868827,10281970.2,19494012.681513116,1069927.7184868827,9505618.133333333,18273781.752095267,737454.5145713985,10255813.866666667,19559699.703062184,951928.030271152,10281970.2,19494012.681513116,1069927.7184868827,10255813.833333334,19559699.6730894,951927.993577268
873,10492143.766666668,19632814.386956744,1351473.1463765912,10490996.45,19631475.4709909,1350517.4290090986,9741424.883333333,18471790.360752918,1011059.4059137478,10420955.233333332,19694758.633117765,1147151.8335488997,10492143.766666668,19632814.386956744,1351473.1463765912,10420955.2,19694758.586469747,1147151.8135302495
874,10702845.9,20099073.506785933,1306618.2932140678,10702845.9,20099073.506785933,1306618.2932140678,9949788.966666667,18868657.19338855,1030920.739944784,10712865.066666666,20219061.92902483,1206668.2043085024,10702845.9,20099073.506785933,1306618.2932140678,10712865.1,20219062.016199633,1206668.183800364
875,9725045.566666666,18612449.223542865,837641.9097904675,9725045.566666666,18612449.223542865,837641.9097904675,9171565.133333333,17807598.82458014,535531.4420865234,9994660.1,19098544.155079573,890776.044920424,9725045.566666666,18612449.223542865,837641.9097904675,9994659.966666667,19098543.997187864,890775.9361454695
876,8370471.933333334,16933086.34961551,-192142.4829488434,8370471.933333334,16933086.34961551,-192142.4829488434,7733186.766666667,15807676.3687385,-341302.8354051672,8961209.866666667,17672871.353200443,249548.38013288938,8370471.933333334,16933086.34961551,-192142.4829488434,8961209.766666668,17672871.22781912,249548.30551421642
877,8831533.966666667,17547689.80749455,115378.1258387845,8831533.966666667,17547689.80749455,115378.1258387845,8138391.466666667,16404676.693764348,-127893.76043101493,9307388.933333334,18135977.49688515,478800.36978151463,8831533.966666667,17547689.80749455,115378.1258387845,9307388.966666667,18135977.530391775,478800.4029415585
878,8921600.566666666,17668769.264089018,174431.8692443166,8921600.566666666,17668769.264089018,174431.8692443166,8557747.433333334,17294836.699917533,-179341.83325086348,9771650.333333334,18729722.937313125,813577.7293535452,8921600.566666666,17668769.264089018,174431.8692443166,9771650.266666668,18729722.826818213,813577.7065151241
879,9040947.9,17822433.35109077,259462.44890923053,9040947.9,17822433.35109077,259462.44890923053,8687525.433333334,17384826.757155582,-9775.890488915145,10175508.766666668,19303273.96479246,1047743.5685408767,9040947.9,17822433.35109077,259462.44890923053,10175508.7,19303273.86607778,1047743.5339222178
880,9105864.666666666,18030355.203123838,181374.13020949252,9105864.666666666,18030355.203123838,181374.13020949252,8816301.966666667,17485701.20891942,146902.72441391088,10372080.833333334,19586042.443126425,1158119.2235402446,9105864.666666666,18030355.203123838,181374.13020949252,10372080.733333332,19586042.306727752,1158119.1599389128
881,9036995.533333333,17002290.61619152,1071700.450475147,9036995.533333333,17002290.61619152,1071700.450475147,8944781.833333334,16913010.5454581,976553.1212085681,9680595.6,17823113.294819437,1538077.9051805604,9036995.533333333,17002290.61619152,1071700.450475147,9680595.566666666,17823113.249107137,1538077.8842261955
882,8676561.866666667,16366907.101380134,986216.6319532003,8676561.866666667,16366907.101380134,986216.6319532003,8655458.766666668,16361319.184927821,949598.3484055139,9216783.433333334,17090315.60589315,1343251.2607735163,8676561.866666667,16366907.101380134,986216.6319532003,9216783.433333334,17090315.606576256,1343251.2600904098
883,7980218.766666667,15440559.854967723,519877.67836561054,7980218.766666667,15440559.854967723,519877.67836561054,7948227.6,15419729.59263143,476725.6073685698,8791784.833333334,16488258.62514903,1095311.0415176367,7980218.766666667,15440559.854967723,519877.67836561054,8791784.766666668,16488258.543368582,1095310.9899647543
884,8295149.366666666,16082707.624888437,507591.1084448956,8295149.366666666,16082707.624888437,507591.1084448956,8211588.933333334,16020352.814360213,402825.0523064537,9689414.3,17760224.883624822,1618603.7163751815,8295149.366666666,16082707.624888437,507591.1084448956,9689414.4,17760225.007290646,1618603.7927093552
885,8791877.8,16995339.10872973,588416.4912702693,8791877.8,16995339.10872973,588416.4912702693,8750039.0,16952074.799929466,548003.200070533,10183580.2,18648645.626211226,1718514.7737887725,8791877.8,16995339.10872973,588416.4912702693,10183580.2,18648645.626211226,1718514.7737887725
886,8964140.666666666,17189445.057466492,738836.27586684,8964140.666666666,17189445.057466492,738836.27586684,8730808.933333334,16925459.67204547,536158.1946211979,10467262.366666667,18957134.544248383,1977390.1890849508,8964140.666666666,17189445.057466492,738836.27586684,10467262.466666667,18957134.66150547,1977390.2718278654
887,9282338.666666666,17489356.5736585,1075320.7596748313,9280054.05,17486601.20345215,1073506.8965478512,8936212.316666666,17103722.336512435,768702.2968208967,10042209.7,18444633.48639486,1639785.9136051405,9282330.0,17489346.11662831,1075313.8833716875,10042209.7,18444633.49627114,1639785.9037288595
888,8973713.666666666,16857494.31891866,1089933.01441467,8973713.666666666,16857494.31891866,1089933.01441467,8729737.633333333,16568963.772880785,890511.4937858814,10414636.866666667,18671330.563407067,2157943.169926267,8973713.666666666,16857494.31891866,1089933.01441467,10414636.933333334,18671330.643685207,2157943.2229814623
889,9796915.0,18281403.343959093,1312426.656040905,9796915.0,18281403.343959093,1312426.656040905,9364300.766666668,17831496.873744793,897104.65958854,11518180.2,20457971.329995718,2578389.0700042807,9796915.0,18281403.343959093,1312426.656040905,11518180.166666666,20457971.290586993,2578389.042746337
890,9708321.633333333,18150079.690703735,1266563.575962929,9708321.633333333,18150079.690703735,1266563.575962929,9197162.766666668,17626476.36204221,767849.1712911259,11295445.533333333,20073590.316743936,2517300.74992273,9708321.633333333,18150079.690703735,1266563.575962929,11295445.3,20073590.02784016,2517300.5721598417
891,10245009.433333334,18950242.065773062,1539776.800893603,10244564.65,18949810.24923101,1539319.0507689882,9694104.8,18389218.35089437,998991.2491056323,11694370.3,20596721.031061906,2792019.568938095,10244726.466666667,18949967.338347126,1539485.5949862078,11694370.3,20596721.031061906,2792019.568938095
892,10035011.333333334,18550228.820204176,1519793.8464624938,10034642.933333334,18549872.02709105,1519413.8395756166,9475994.816666666,17949429.92042377,1002559.7129095662,11221381.033333333,19830983.977546014,2611778.0891206525,10034776.9,18550001.765893552,1519552.0341064483,11221381.066666666,19830984.03730634,2611778.096026996
893,10169387.933333334,18456168.955042947,1882606.9116237191,10167479.533333333,18453816.413188763,1881142.6534779053,9603471.583333334,17869343.47047438,1337599.6961922878,10823364.566666666,19187143.61028073,2459585.523052603,10169170.0,18455900.217903458,1882439.7820965443,10823364.6,19187143.667761765,2459585.5322382357
894,10537992.9,19191295.83459867,1884689.965401329,10537242.683333334,19190401.06146574,1884084.3052009288,9935643.15,18524016.848024644,1347269.451975355,11406653.833333334,20273697.82256356,2539609.844103107,10537600.566666666,19190827.87314467,1884373.2601886597,11406653.8,20273697.757918496,2539609.842081506
895,10113490.833333334,18583015.734660923,1643965.9320057426,10113265.016666668,18582746.833118267,1643783.2002150677,9536272.6,17978577.508734144,1093967.6912658531,10860365.9,19509020.370678235,2211711.429321766,10113397.733333332,18582904.868794475,1643890.5978721902,10860365.6,19509020.000220023,2211711.1997799743
896,11164120.9,20201208.71148581,2127033.088514192,11163938.35,20200958.418037143,2126918.2819628567,10575749.35,19605783.40822561,1545715.2917743884,11340299.6,20458119.73005616,2222479.469943842,11164004.7,20201049.388630927,2126960.01136907,11340299.4,20458119.513911404,2222479.286088597
897,10532688.533333333,19028066.030627944,2037311.0360387228,10532439.25,19027697.868061222,2037180.631938776,9953430.15,18422572.091351524,1484288.2086484786,10422552.3,18813396.19116926,2031708.4088307433,10532557.566666666,19027872.604757126,2037242.5285762064,10422552.0,18813395.83069645,2031708.1693035495
898,10308369.7,18682491.11963196,1934248.2803680394,10308000.433333334,18682038.226249374,1933962.6404172927,9723172.633333333,18067680.201151617,1378665.0655150497,10711636.166666666,19179947.40412779,2243324.9292055387,10308178.366666667,18682256.44790703,1934100.2854263028,10711635.933333334,19179947.158018723,2243324.708647944
899,9756933.933333334,17735501.414103363,1778366.4525633045,9755542.366666667,17733805.165602386,1777279.5677309474,9203625.683333334,17146641.762308005,1260609.6043586629,10057425.633333333,18029827.559472736,2085023.7071939306,9756727.766666668,17735250.049393233,1778205.4839401022,10057425.366666667,18029827.26066643,2085023.4726669053
900,10010066.966666667,18222900.030297827,1797233.9030355057,10008701.05,18221265.67746266,1796136.4225373399,9392864.266666668,17544751.12862993,1240977.4047034048,10330257.666666666,18516006.778821707,2144508.5545116253,10009951.033333333,18222761.279665757,1797140.7870009085,10330257.4,18516006.49109239,2144508.3089076104
901,10565550.5,19175242.29727172,1955858.702728277,10565443.916666666,19175123.575736046,1955764.2575972844,9964939.366666667,18516659.685196064,1413219.048137268,11098541.933333334,19765736.079974853,2431347.786691813,10565482.666666666,19175166.7381806,1955798.5951527301,11098541.7,19765735.827880364,2431347.5721196346
902,10544121.3,19100938.615189686,1987303.984810315,10540816.1,19097048.04375899,1984584.1562410109,9947361.166666666,18460379.124370046,1434343.2089632843,11086391.166666666,19690525.57343967,2482256.759893663,10544028.333333334,19100829.11706125,1987227.5496054161,11086390.833333334,19690525.204932265,2482256.461734403
903,10694004.166666666,19314969.832408335,2073038.500924997,10693606.016666668,19314499.321358867,2072712.7119744662,10091048.2,18665403.852405533,1516692.5475944635,11063819.933333334,19724633.64376557,2403006.2229010966,10693750.666666666,19314670.252410904,2072831.0809224304,11063819.633333333,19724633.316496078,2403005.9501705877
904,11241543.966666667,20487165.609641723,1995922.3236916084,11241317.083333334,20486910.126934525,1995724.0397321433,10612086.85,19777430.30914002,1446743.3908599801,11709537.033333333,21001835.744328663,2417238.3223380037,11241399.533333333,20487002.967558403,1995796.0991082639,11709536.9,21001835.6096538,2417238.190346202
905,10915473.9,20239905.629906192,1591042.1700938102,10915121.783333333,20239565.51678197,1590678.0498846956,10324482.433333334,19558308.99714296,1090655.8695237078,11754404.7,21095524.80359495,2413284.596405048,10915249.633333333,20239689.00251248,1590810.2641541846,11754404.433333334,21095524.532348115,2413284.334318552
906,10297300.966666667,19043011.672769964,1551590.2605633717,10297002.7,19042726.071745962,1551279.3282540347,9667965.4,18316570.281542525,1019360.518457476,11150970.166666666,19916345.160439856,2385595.1728934757,10297111.033333333,19042829.800278626,1551392.26638804,11150969.933333334,19916344.920898687,2385594.94576798
907,10919441.666666666,19927066.905959774,1911816.4273735583,10919202.3,19926812.19542449,1911592.4045755137,10279150.166666666,19186655.244233847,1371645.0890994854,11597867.1,20650536.410991695,2545197.7890083045,10919289.2,19926904.663061112,1911673.7369388863,11597866.9,20650536.19842527,2545197.60157473
908,10790540.566666666,19838689.09808284,1742392.0352504943,10790163.216666667,19838305.42923966,1742021.004093673,10168987.766666668,19117586.588599637,1220388.9447336998,11674073.733333332,20774654.483198695,2573492.983467972,10790300.1,19838444.597739913,1742155.6022600848,11674073.433333334,20774654.155088894,2573492.711577771
909,10131497.633333333,18361957.848035485,1901037.418631182,10131112.833333334,18361589.29302786,1900636.3736388078,9422520.7,17563965.76317614,1281075.63682386,11157054.333333334,19485349.635507047,2828759.0311596226,10131252.366666667,18361722.92773895,1900781.8055943847,11157054.033333333,19485349.255222067,2828758.811444601
910,9406181.133333333,17149227.360673144,1663134.905993523,9405483.366666667,17148551.479782935,1662415.253550399,8730584.016666668,16357575.574203197,1103592.4591301382,10496136.3,18321769.99686631,2670502.6031336924,9405736.3,17148796.45184078,1662676.1481592208,10496135.966666667,18321769.604784258,2670502.328549076
911,9809823.9,17904288.453997806,1715359.346002194,9809154.266666668,17903653.367102884,1714655.1662304495,9100672.166666666,17098885.839914344,1102458.493418986,10384764.866666667,18542688.00988411,2226841.7234492237,9809396.9,17903883.458394695,1714910.3416053066,10384764.866666667,18542688.00988411,2226841.7234492237
912,9641564.666666666,17583887.211702526,1699242.1216308055,9640875.45,17583241.747907646,1698509.1520923506,8967091.583333334,16816622.632140994,1117560.5345256757,10243950.9,18255460.665827975,2232441.134172024,9641125.033333333,17583475.46067641,1698774.605990257,10243950.9,18255460.637475953,2232441.16252405
913,9743592.066666666,17679605.96948628,1807578.1638470497,9742273.85,17678346.55893097,1806201.1410690295,9061992.266666668,16894000.46961385,1229984.063719485,10313585.566666666,18329861.001394764,2297310.13193857,9742750.9,17678802.23048885,1806699.5695111481,10313585.566666666,18329861.001394764,2297310.13193857
914,9618029.566666666,17475393.30252056,1760665.8308127727,9617238.95,17474647.41431077,1759830.4856892284,8926461.083333334,16666974.569886174,1185947.596780493,10215987.7,18146004.577080183,2285970.822919816,9617524.966666667,17474917.214579176,1760132.7187541574,10215987.666666666,18146004.54707157,2285970.7862617625
915,9492854.4,17139367.083869122,1846341.7161308778,9491477.116666667,17138045.1971033,1844909.036230037,8734388.7,16227463.721150573,1241313.678849426,9865254.333333334,17579943.567603953,2150565.0990627157,9491975.133333333,17138523.07278184,1845427.1938848281,9865254.366666667,17579943.646898657,2150565.0864346763
916,10398727.333333334,18715878.30929745,2081576.3573692162,10396287.883333333,18713473.111542597,2079102.6551240673,9658840.05,17833692.937592834,1483987.1624071682,10655521.233333332,18948070.17889778,2362972.2877688855,10397169.533333333,18714342.065151118,2079997.0015155496,10655521.233333332,18948070.17889778,2362972.2877688855
917,10548303.966666667,19275008.020478617,1821599.9128547162,10544585.85,19271452.103698187,1817719.5963018108,9848338.5,18394941.551483292,1301735.4485167079,10969526.8,19653493.09932042,2285560.500679584,10545929.233333332,19272736.181179654,1819122.285487011,10969526.8,19653493.09932042,2285560.500679584
918,10671387.733333332,19274210.232123032,2068565.2345436309,10668747.466666667,19271666.174276516,2065828.7590568196,9945632.133333333,18337732.92365698,1553531.3430096842,10860628.9,19375288.440441974,2345969.3595580272,10669701.233333332,19272584.827569745,2066817.6390969194,10860628.933333334,19375288.441437945,2345969.4252287205
919,10931946.866666667,19692786.493476007,2171107.239857327,10928841.766666668,19689638.76207908,2168044.7712542564,10195747.733333332,18697690.270353492,1693805.1963131726,10789769.066666666,19295036.512066364,2284501.6212669667,10929963.3,19690775.205752265,2169151.394247737,10789769.133333333,19295036.569834687,2284501.696831979
920,10324946.533333333,18713889.051800884,1936004.0148657802,10318409.383333333,18707249.08661016,1929569.680056503,9651181.216666667,17789023.532392208,1513338.900941127,10266648.866666667,18436906.869672015,2096390.863661318,10320770.466666667,18709645.04715596,1931895.8861773703,10266648.866666667,18436906.86868518,2096390.8646481577
921,9993935.466666667,18025836.8553436,1962034.0779897347,9985386.133333333,18016861.238333922,1953911.0283327429,9296197.3,17080462.934715413,1511931.6652845908,9959586.233333332,17867967.69919601,2051204.7674706532,9988473.8,18020098.830641042,1956848.7693589581,9959586.233333332,17867967.69919601,2051204.7674706532
922,10154440.766666668,18155623.18477901,2153258.348554326,10145519.766666668,18146004.17423984,2145035.359093494,9452198.533333333,17222912.92860793,1681484.138058737,10144322.7,18072125.991485547,2216519.408514452,10148741.366666667,18149473.442507442,2148009.2908258922,10144322.733333332,18072126.020428713,2216519.4462379524
923,10201526.866666667,18167620.554495707,2235433.1788376262,10194265.2,18160167.67558463,2228362.724415371,9589962.7,17230557.110512584,1949368.289487416,9994713.266666668,17800932.815099962,2188493.718233373,10196887.333333334,18162855.921345267,2230918.7453213995,9994713.3,17800932.844003662,2188493.755996338
924,10245498.1,18357242.29326501,2133753.906734987,10241661.933333334,18353522.87201467,2129800.9946519975,9657724.283333333,17449240.620791167,1866207.9458755013,10219217.6,18160562.001999117,2277873.19800088,10243047.0,18354864.983485572,2131229.016514429,10219217.633333333,18160562.030863933,2277873.2358027333
925,10313828.2,18403267.279346325,2224389.120653675,10308791.816666666,18398227.364806194,2219356.26852714,9628439.15,17425538.55969181,1831339.7403081907,10130048.866666667,18003606.201430924,2256491.53190241,10310713.333333334,18400148.807549246,2221277.8591174204,10130048.8,18003606.079201784,2256491.5207982175
926,10007163.433333334,17963509.351525646,2050817.5151410205,10004348.516666668,17960804.931649994,2047892.101683341,9313907.983333332,16982229.718963835,1645586.2477028305,10085325.633333333,17892352.11640366,2278299.150263002,10005364.633333333,17961780.720574692,2048948.546091972,10085325.666666666,17892352.145284183,2278299.188049148
927,9074914.066666666,15907801.442740478,2242026.6905928543,9072277.983333332,15905302.976792742,2239252.9898739243,8368483.9,14905878.66167282,1831089.1383271804,9192604.566666666,15974508.207317948,2410700.9260153845,9073229.433333334,15906204.305857219,2240254.5608094474,9192604.533333333,15974508.176609429,2410700.890057238
928,8800940.533333333,15510357.088369453,2091523.978297213,8796974.433333334,15506549.952652559,2087398.9140141075,8164292.2,14583670.35836317,1744914.0416368311,9143872.866666667,15885445.286333583,2402300.446999751,8798405.533333333,15507922.654940914,2088888.411725752,9143872.833333334,15885445.180154633,2402300.486512034
929,9034693.266666668,15713511.7214817,2355874.8118516346,9029567.983333332,15708624.802725133,2350511.1639415324,8420054.3,14842274.654666122,1997833.9453338785,9280846.3,15985103.270776104,2576589.3292238982,9031416.9,15710385.98957634,2352447.81042366,9280846.633333333,15985103.583330829,2576589.683335838
930,9096003.8,15872749.498225406,2319258.1017745957,9090955.1,15868000.557591397,2313909.642408601,8518667.15,15035687.034398492,2001647.2656015083,9388606.466666667,16178482.424227938,2598730.5091053946,9092775.866666667,15869711.5545431,2315840.178790234,9388606.833333334,16178482.774574084,2598730.8920925837
931,9010753.466666667,15777354.3503067,2244152.5830266317,9008670.516666668,15775450.030341592,2241891.0029917434,8399974.5,14927928.281413343,1872020.7185866572,9472121.366666667,16305164.508382563,2639078.224950771,9009421.566666666,15776136.38824003,2242706.745093303,9472121.733333332,16305164.860471722,2639078.606194943
932,10266082.166666666,18244866.542984962,2287297.7903483706,10264257.55,18243252.777249724,2285262.3227502787,9461418.933333334,17068699.866439242,1854138.0002274262,10917799.7,18948703.93912573,2886895.460874268,10264915.3,18243834.334175058,2285996.265824944,10917800.066666666,18948704.331038173,2886895.8022951586
933,10187627.4,18094424.579876125,2280830.220123877,10184526.283333333,18091672.26523287,2277380.301433798,9517339.833333334,17080114.467028975,1954565.1996376924,10925514.8,18894239.936588228,2956789.6634117737,10185643.833333334,18092663.580658298,2278624.08600837,10925515.266666668,18894240.382621225,2956790.15071211
934,9076838.4,16161964.608901579,1991712.1910984227,9071217.45,16156856.547577271,1985578.3524227273,8580485.566666666,15429797.326443018,1731173.8068903144,9206582.2,16244653.174940333,2168511.225059665,9073242.533333333,16158694.880562453,1987790.1861042138,9206582.5,16244653.45800335,2168511.5419966504
935,9151286.8,16280408.394727547,2022165.2052724548,9148973.366666667,16278303.84884229,2019642.884491046,8483886.533333333,15265812.830025442,1701960.2366412254,9428944.066666666,16541739.23184042,2316148.9014929133,9149881.733333332,16279129.85297519,2020633.6136914762,9428944.366666667,16541739.51964412,2316149.2136892136
936,8753040.1,15763780.260418998,1742299.9395810012,8750837.466666667,15761792.504615381,1739882.4287179513,8040296.05,14655654.593735617,1424937.506264382,9263917.466666667,16334917.515006095,2192917.4183272393,8751630.9,15762508.229117956,1740753.5708820447,9263917.866666667,16334917.888464935,2192917.8448683983
937,9050172.533333333,15893008.293425754,2207336.773240912,9049353.166666666,15892260.433066368,2206445.900266963,8396051.766666668,14915696.57494828,1876406.958385056,9477576.233333332,16344122.559931234,2611029.9067354314,9049689.333333334,15892567.216889478,2206811.4497771906,9477576.8,16344123.138934541,2611030.46106546
938,8731595.9,15598444.4749362,1864747.3250638004,8731106.666666666,15597977.885948261,1864235.4473850708,8227030.216666667,14853041.17781695,1601019.2555163829,8836033.5,15599336.60428152,2072730.3957184795,8731282.833333334,15598145.883257248,1864419.7834094204,8836034.166666666,15599337.312281128,2072731.021052204
939,10140385.066666666,17467320.946660224,2813449.1866731076,10139693.166666666,17466308.521024592,2813077.812308739,9240730.05,16158601.159480013,2322858.9405199885,10092205.433333334,17301695.951899342,2882714.914767327,10140110.033333333,17466918.474580172,2813301.592086495,10092206.166666666,17301696.97707986,2882715.356253473
940,10460858.333333334,17828002.554806203,3093714.111860466,10457770.366666667,17823659.66258682,3091881.070746514,9667962.733333332,16654385.877950262,2681539.5887164026,9427368.933333334,16565355.32789406,2289382.538772607,10460676.0,17827745.990435727,3093606.009564275,9427369.3,16565355.68270308,2289382.917296922
941,9492281.1,16552488.857317092,2432073.3426829074,9492076.183333334,16552237.43854487,2431914.928121797,9586193.916666666,16570175.332742205,2602212.500591127,8179771.3,15084895.467285411,1274647.1327145882,9492154.333333334,16552333.320604974,2431975.3460616935,8179771.466666667,15084895.625460198,1274647.3078731354
942,9067294.966666667,16003403.743876433,2131186.1894569006,9067293.616666667,16003402.449567776,2131184.783765559,9236573.15,16155386.112604294,2317760.1873957077,8096333.033333333,14798735.639677342,1393930.4269893253,9067294.966666667,16003403.743876433,2131186.1894569006,8096333.233333333,14798735.83009354,1393930.6365731275
943,8587744.666666666,14517516.46533497,2657972.8679983607,8587708.066666666,14517471.977767397,2657944.155565935,8650671.466666667,14558422.279483518,2742920.653849816,7501544.966666667,13208036.630592559,1795053.3027407741,8587721.266666668,14517488.022365056,2657954.510968279,7501545.233333333,13208036.900302093,1795053.5663645724
944,8979431.1,15731971.05047819,2226891.149521808,8979082.0,15731617.942044485,2226546.0579555137,8595169.583333334,14640878.844147349,2549460.322519319,8179085.466666667,14838902.434017912,1519268.499315423,8979207.5,15731744.87507768,2226670.1249223193,8179085.833333333,14838902.8069249,1519268.859741766
945,9268927.2,16609576.275806304,1928278.1241936935,9268448.783333333,16609096.693060402,1927800.8736062655,8862356.2,15493245.416391857,2231466.9836081415,8025522.166666667,15187160.601470146,863883.7318631867,9268626.133333333,16609274.461356837,1927977.8053098293,8025522.5,15187160.932747643,863884.0672523566
946,9748771.366666667,17189848.710313097,2307694.0230202368,9748277.316666666,17189304.942133863,2307249.6911994694,9404269.183333334,16162585.421360705,2645952.945305961,9026907.766666668,16490311.064962566,1563504.46837077,9748478.933333334,17189526.833092973,2307431.0335736936,9026908.1,16490311.520979574,1563504.6790204253
947,9644561.9,16775399.17428237,2513724.6257176306,9640682.116666667,16770321.62007447,2511042.6132588647,9310395.616666667,15831205.092459565,2789586.1408737693,7912944.3,14820495.25483922,1005393.3451607814,9644331.433333334,16775097.336768854,2513565.5298978137,7912944.733333333,14820495.714869726,1005393.7517969413
948,9434333.533333333,16462966.28530825,2405700.781358416,9434333.5,16462966.246372122,2405700.7536278786,9165593.2,15611432.711172445,2719753.6888275538,7987983.666666667,14885323.08294158,1090644.2503917543,9434333.533333333,16462966.28530825,2405700.781358416,7987984.266666667,14885323.742964802,1090644.790368531
949,8232903.366666666,14064482.126204148,2401324.6071291836,8232788.083333333,14064362.973648936,2401213.1930177314,8021605.916666667,13419678.079191884,2623533.75414145,7240289.866666666,13029100.764911354,1451478.9684219789,8232829.466666667,14064405.744912349,2401253.188420986,7240290.5,13029101.504633076,1451479.4953669235
950,9059325.3,15261183.442814138,2857467.157185863,9057348.45,15258607.560626226,2856089.339373773,8790541.683333334,14602011.829693064,2979071.536973604,7876949.766666667,14020396.95769702,1733502.5756363124,9059260.333333334,15261098.752165036,2857421.9145016316,7876950.666666667,14020398.09871832,1733503.234615014
951,9471902.7,16341432.29750567,2602373.1024943283,9471796.516666668,16341326.987641107,2602266.045692227,9104111.783333333,15500115.092313893,2708108.474352774,9372814.5,16496187.480517361,2249441.5194826378,9471834.633333333,16341364.790032966,2602304.4766336996,9372815.3,16496188.811660051,2249441.78833995
952,9314077.0,16131780.234415194,2496373.765584806,9313917.916666666,16131632.8977089,2496202.935624431,8989045.916666666,15343067.042165421,2635024.79116791,9363320.5,16459586.999601994,2267054.0003980054,9314043.133333333,16131748.867251765,2496337.3994149016,9363320.9,16459587.621299177,2267054.1787008233
953,9570510.833333334,16426124.971284151,2714896.695382516,9560172.466666667,16405795.52274967,2714549.410583663,9460051.3,16107202.696953516,2812899.903046486,9323953.3,16234788.410831679,2413118.1891683238,9564070.0,16413454.910800772,2714685.089199228,9323953.866666667,16234789.29525654,2413118.438076793
954,10389814.233333332,17607644.743812047,3171983.72285462,10377296.183333334,17585960.08437086,3168632.28229581,10154057.65,17034580.452037632,3273534.84796237,9187601.3,16314014.480972381,2061188.1190276202,10383480.7,17595976.359574176,3170985.040425822,9187601.733333332,16314015.105474168,2061188.3611924965
955,9998805.8,16958704.62252857,3038906.977471431,9988833.883333333,16940584.041028585,3037083.7256380795,9801085.416666666,16459032.526623096,3143138.3067102367,8115090.433333334,14824390.457911104,1405790.4087555623,9992667.3,16947510.82506793,3037823.7749320706,8115090.7,14824390.743890967,1405790.656109034
956,9754605.333333334,16515063.304907314,2994147.3617593525,9745104.433333334,16496436.878251672,2993771.9884149963,9549982.15,16064108.905363832,3035855.394636168,8594993.5,15218633.012515374,1971353.9874846274,9748693.9,16503469.846276231,2993917.9537237687,8594993.666666666,15218633.245488137,1971354.0878451942
957,10630226.7,17986129.86354097,3274323.5364590306,10620032.866666667,17968005.735087022,3272059.998246311,10569435.3,17804779.829943,3334090.7700569984,9068844.633333333,16187341.714625977,1950347.5520406887,10624441.033333333,17975585.49023038,3273296.576436285,9068844.733333332,16187341.816776464,1950347.6498902012
958,9846500.7,17049765.939076185,2643235.460923814,9837493.233333332,17033080.649402734,2641905.817263931,9574914.266666668,16467167.691589406,2682660.8417439293,8156329.266666667,15056802.015157115,1255856.5181762176,9840901.033333333,17039390.28550519,2642411.781161475,8156329.366666666,15056802.01733061,1255856.7160027223
959,9157022.266666668,15916900.6291282,2397143.904205137,9148386.983333332,15900868.10069092,2395905.865975746,8962604.15,15519972.507187666,2405235.7928123344,8300316.233333333,14751657.3046508,1848975.1620158665,9151668.933333334,15906948.39375984,2396389.472906828,8300316.4,14751657.531704422,1848975.2682955787
960,9907320.166666666,17117535.96411278,2697104.369220552,9907245.7,17117459.485388316,2697031.9146116823,9675882.233333332,16631742.581424573,2720021.8852420915,8425840.366666667,15445953.241625004,1405727.4917083308,9907272.366666667,17117486.87223752,2697057.861095815,8425840.533333333,15445953.399403024,1405727.667263641
961,9910968.566666666,17124028.74314504,2697908.3901882917,9910917.2,17123977.519865192,2697856.880134807,9695965.95,16693292.791368019,2698639.1086319797,8601683.6,15669509.069865085,1533858.130134915,9910935.566666666,17123995.835101064,2697875.2982322695,8601683.9,15669509.384043714,1533858.4159562867
962,9898408.1,16698341.099263724,3098475.1007362762,9898321.366666667,16698230.780195963,3098411.9531373708,9754405.683333334,16430873.942396663,3077937.424270005,8130716.4,14754351.389928583,1507081.4100714168,9898356.9,16698275.97574354,3098437.824256462,8130716.633333334,14754351.609466664,1507081.657200003
963,10553213.0,17937382.727901567,3169043.272098434,10553135.916666666,17937255.453270994,3169016.380062336,10372670.866666667,17629693.616950892,3115648.1163824415,8456381.1,15333278.17673861,1579484.0232613888,10553163.466666667,17937300.94159613,3169025.9917372027,8456381.266666668,15333278.375383956,1579484.1579493787
964,9865865.866666667,16560597.981182951,3171133.752150384,9864315.2,16558225.047480762,3170405.3525192365,9791038.0,16467942.357505126,3114133.642494874,7683996.266666667,13990542.627507474,1377449.905825859,9865865.7,16560597.726069767,3171133.6739302306,7683996.5,13990542.877145048,1377450.1228549527
965,10771192.833333334,18235899.387985177,3306486.2786814887,10770970.416666666,18235570.809329722,3306370.024003611,10462872.633333333,17602897.68180407,3322847.584862599,8674656.266666668,15682304.8392745,1667007.6940588346,10771054.2,18235694.580583427,3306413.8194165714,8674656.733333332,15682305.35664871,1667008.1100179544
966,10439221.033333333,17591942.62294092,3286499.443725746,10437437.316666666,17589374.477644857,3285500.1556884767,9985252.166666666,16624107.963326395,3346396.3700069385,8561347.9,15417877.217704702,1704818.5822952986,10439185.033333333,17591890.775103807,3286479.291562861,8561348.433333334,15417877.795972332,1704819.0706943348
967,10822277.866666667,17811068.54498765,3833487.1883456875,10820397.45,17808252.215076737,3832542.6849232633,9838022.233333332,16130715.571880534,3545328.8947861306,9237194.666666666,15772091.703439048,2702297.6298942845,10822259.133333333,17811040.47880963,3833477.787857038,9237195.366666667,15772092.524783745,2702298.20854959
968,10108069.833333334,16833643.806704182,3382495.8599624857,10108026.583333334,16833590.741059188,3382462.42560748,9072796.9,14984690.623735871,3160903.1762641286,10120821.266666668,17343741.677494444,2897900.855838891,10108058.466666667,16833629.86025529,3382487.0730780438,10120821.933333334,17343742.50306747,2897901.363599194
969,10577063.166666666,17492938.866538297,3661187.466795034,10577063.166666666,17492938.866538297,3661187.466795034,9460849.2,15546068.529583696,3375629.870416303,9185288.3,16250019.189312808,2120557.4106871923,10577063.166666666,17492938.866538297,3661187.466795034,9185288.9,16250019.907315567,2120557.8926844345
970,10574126.666666666,17522372.34699941,3625880.9863339216,10574099.65,17522330.538378432,3625868.7616215684,9429422.9,15509388.779118987,3349457.020881014,9413354.433333334,16443922.053925302,2382786.812741366,10574109.3,17522345.471828345,3625873.128171657,9413355.066666666,16443922.856865382,2382787.276467951
971,9287927.433333334,15290640.556707643,3285214.309959025,9287857.3,15290554.830585584,3285159.7694144165,8614381.833333334,14269467.0763014,2959296.590365269,8747070.7,15070441.41313612,2423699.9868638767,9287882.366666667,15290585.469983406,3285179.263349929,8747071.533333333,15070442.525368297,2423700.541298369
972,9941986.133333333,16112836.994345963,3771135.2723207017,9941946.1,16112780.677266475,3771111.5227335244,9294812.65,15154628.644568026,3434996.6554319756,8098864.0,14366319.225837747,1831408.7741622534,9941960.4,16112800.793748956,3771120.0062510455,8098864.133333334,14366319.365435712,1831408.9012309546
973,10417637.733333332,16782907.345264602,4052368.1214020615,10415056.766666668,16778984.440742735,4051129.0925906003,9781930.183333334,15833222.507698363,3730637.8589683045,8168127.833333333,14535281.812091693,1800973.8545749737,10416597.7,16781326.11139304,4051869.2886069613,8168127.933333334,14535281.867307823,1800973.999358843
974,10128340.733333332,16333006.007606115,3923675.4590605497,10122923.083333334,16326073.542736571,3919772.6239300966,9517256.65,15425873.097243242,3608640.2027567597,8208567.333333333,14568877.019125052,1848257.6475416133,10127153.866666667,16331485.761340657,3922821.971992677,8208567.466666667,14568877.143047646,1848257.7902856888
975,9116862.0,14929047.526270524,3304676.4737294773,9112940.083333334,14924227.62211285,3301652.544553818,8475031.066666666,14213710.032508131,2736352.100825201,8256461.2,14496428.490371995,2016493.9096280048,9115917.566666666,14927885.932684582,3303949.20064875,8256461.266666667,14496428.5280135,2016494.0053198338
976,9462478.466666667,15534491.578787424,3390465.35454591,9449245.0,15514487.568961924,3384002.431038076,8820264.716666667,14823780.505922344,2816748.927410991,8223179.5,14430960.283832703,2015398.7161672963,9454290.433333334,15522102.174470274,3386478.6921963934,8223179.533333333,14430960.288869506,2015398.7777971607
977,8545481.5,14087561.074340407,3003401.925659594,8542664.333333334,14084389.800532555,3000938.8661341127,7912571.45,13375838.734337192,2449304.1656628093,8150218.666666667,14121508.340172626,2178928.993160707,8544052.2,14085951.4320565,3002152.967943499,8150218.733333333,14121508.365934148,2178929.1007325193
978,8794549.633333333,14454365.184166301,3134734.0825003656,8793943.816666666,14453675.219297959,3134212.4140353743,8179139.916666667,13772442.353303665,2585837.4800296687,7902210.866666666,13937960.226039018,1866461.507294313,8794492.166666666,14454299.724713698,3134684.608619633,7902210.833333333,13937960.077030402,1866461.5896362634
979,8662772.1,14395076.949897124,2930467.2501028758,8661478.916666666,14393528.341951791,2929429.491381542,8013023.583333333,13666313.1705897,2359733.9960769657,7624149.666666667,13670162.043277642,1578137.2900556922,8661939.7,14394080.010220082,2929799.389779916,7624149.733333333,13670162.10789027,1578137.3587763952
980,8661011.6,14096442.754327891,3225580.445672108,8660949.383333333,14096346.84098744,3225551.9256792255,7999766.716666667,13361550.582018685,2637982.851314648,7418612.3,13019485.824533809,1817738.7754661907,8660985.1,14096401.90156481,3225568.298435188,7418612.366666666,13019485.905230608,1817738.8281027246
981,8526943.8,13804199.15128219,3249688.448717812,8526943.8,13804199.15128219,3249688.448717812,7862935.866666666,13035534.575675022,2690337.1576583106,7644667.533333333,13281709.099092085,2007625.9675745815,8526943.8,13804199.15128219,3249688.448717812,7644667.6,13281709.177252762,2007626.0227472363
982,9752400.733333332,15793604.026966706,3711197.43969996,9751876.066666666,15792864.4206324,3710887.7127009323,9126890.583333334,15066772.902760215,3187008.2639064537,8558584.966666667,14830581.356189897,2286588.5771434363,9752377.7,15793571.554077586,3711183.8459224124,8558585.066666666,14830581.44746158,2286588.685871752
983,9746953.9,16222191.137398168,3271716.6626018323,9743609.383333333,16217373.537751194,3269845.2289154707,9139279.133333333,15544652.849777553,2733905.4168891124,8577084.966666667,15311200.373224165,1842969.5601091692,9746856.766666668,16222051.133116975,3271662.4002163606,8577085.133333333,15311200.539243767,1842969.7274228986
984,9035696.866666667,15375211.237740539,2696182.4955927944,9035662.016666668,15375167.244283259,2696156.789050075,8440877.15,14718240.943474224,2163513.356525777,8750228.166666666,15474438.780762622,2026017.55257071,9035678.7,15375188.304666884,2696169.0953331143,8750228.233333332,15474438.855114326,2026017.61155234
985,9994998.033333333,16690509.949586347,3299486.1170803206,9993859.683333334,16688992.689693907,3298726.67697276,9462054.666666666,16130290.879380777,2793818.4539525546,8380619.133333334,15331947.991625777,1429290.275040891,9994770.033333333,16690205.999936597,3299334.066730069,8380619.2,15331948.056400735,1429290.3435992645
986,9027136.566666666,15487125.722791715,2567147.4105416182,9027094.5,15487077.427825378,2567111.5721746217,8475040.6,14889926.539916402,2060154.6600835975,7728240.0,14448641.567466013,1007838.4325339869,9027111.0,15487096.37065497,2567125.6293450296,7728239.966666667,14448641.460203964,1007838.4731293693
987,9285067.033333333,15866237.02219934,2703897.0444673263,9285051.05,15866219.93393793,2703882.166062071,8732994.733333332,15256484.220000729,2209505.246665935,8343759.0,15216011.69937975,1471506.3006202495,9285056.733333332,15866226.010143118,2703887.456523547,8343759.0,15216011.69937975,1471506.3006202495
988,9121833.933333334,15756826.940009382,2486840.9266572865,9121833.433333334,15756826.416326601,2486840.450340066,8524686.766666668,15078977.025314702,1970396.5080186334,7995860.166666667,14889990.767894112,1101729.5654392233,9121833.866666667,15756826.870185003,2486840.8631483326,7995860.2,14889990.799791815,1101729.6002081856
989,9146255.6,15607932.68339393,2684578.516606069,9146255.566666666,15607932.64773076,2684578.4856025735,8597255.5,14982560.31341179,2211950.686588209,8152150.1,14928946.15761694,1375354.0423830608,9146255.6,15607932.68339393,2684578.516606069,8152150.166666667,14928946.221545357,1375354.1117879776
990,9232281.666666666,15719172.11674929,2745391.216584041,9232274.283333333,15719164.080398478,2745384.4862681897,8674305.316666666,15074439.43573208,2274171.197601253,8279459.166666667,15066198.32091745,1492720.012415884,9232276.966666667,15719167.00105498,2745386.9322783547,8279459.2,15066198.31245144,1492720.0875485586
991,8967787.866666667,15376857.453572705,2558718.27976063,8967785.733333332,15376855.232532049,2558716.2341346163,8425153.633333333,14733434.464162346,2116872.8025043188,8242627.0,14953046.434726235,1532207.5652737664,8967787.833333334,15376857.418868925,2558718.2477977434,8242627.033333333,14953046.470826544,1532207.5958401235
992,9738812.466666667,17040153.14523977,2437471.788093564,9738805.633333333,17040145.55878733,2437465.7078793366,8853124.05,15597578.427800365,2108669.6721996358,8920074.066666666,16547999.502280664,1292148.63105267,9738808.1,17040148.2973088,2437467.9026911994,8920074.133333333,16547999.573596211,1292148.6930704545
993,10477186.066666666,17901385.184683993,3052986.9486493394,10476509.05,17900479.701335467,3052538.398664532,9526529.983333332,16397046.434776329,2656013.5318903374,9222781.6,16873798.290942688,1571764.9090573117,10477178.633333333,17901375.241641447,3052982.0250252187,9222781.633333333,16873798.326263703,1571764.9404029632
994,9850233.133333333,17242034.16679611,2458432.099870555,9850229.383333333,17242030.431356564,2458428.3353101015,8789528.966666667,15516745.64865784,2062312.2846754948,9383643.8,17151671.223592274,1615616.3764077285,9850230.733333332,17242031.77611396,2458429.690552705,9383643.933333334,17151671.349844843,1615616.5168218222
995,9020898.266666668,15462855.70962547,2578940.8237078656,9019824.4,15461787.216212805,2577861.5837871954,8026068.083333333,13975950.049819026,2076186.116847639,8644754.766666668,15421061.221947782,1868448.3113855524,9020887.9,15462845.391542695,2578930.4084573053,8644754.766666668,15421061.185627334,1868448.3477060013
996,9230848.9,15838890.841760535,2622806.958239467,9230831.483333332,15838874.255580425,2622788.7110862397,8218275.966666667,14356948.412813779,2079603.5205195537,8763593.633333333,15686762.911176842,1840424.355489823,9230837.7,15838880.175794821,2622795.2242051763,8763593.7,15686762.933281258,1840424.4667187398
997,8471517.133333333,14544023.038738832,2399011.227927833,8471505.7,14544011.173642403,2399000.226357596,7401610.233333333,12843098.724725321,1960121.7419413459,8260847.133333334,14871785.648711752,1649908.6179549145,8471509.8,14544015.428463396,2399004.171536606,8260847.066666666,14871785.505663391,1649908.6276699407
998,8867000.366666667,15162707.057055071,2571293.6762782633,8866985.133333333,15162691.093659695,2571279.1730069704,7839598.866666666,13527521.041003507,2151676.692329826,8527433.933333334,15343720.10528651,1711147.7613801565,8866990.533333333,15162696.752440114,2571284.314226554,8527433.866666667,15343720.034529414,1711147.6988039194
999,10479962.866666667,17856605.01858705,3103320.714746286,10479955.583333334,17856597.86665465,3103313.3000120204,9449322.933333334,16129115.868848871,2769529.9978177967,9678797.5,17460658.675934523,1896936.3240654785,10479958.2,17856600.43611002,3103315.9638899798,9678797.533333333,17460658.706589915,1896936.3600767506
1000,10176793.1,17485688.128925346,2867898.0710746534,10176783.033333333,17485678.344708458,2867887.721958209,9114493.083333334,15750854.94793806,2478131.2187286075,9477629.366666667,17096026.696177468,1859232.0371558685,10176786.633333333,17485681.84369381,2867891.422972855,9477629.433333334,17096026.757306032,1859232.1093606343
