x,meanNoByzantine,upNoByzantine,lowNoByzantine,meanGreyhole,upGreyhole,lowGreyhole,meanSinkhole,upSinkhole,lowSinkhole,meanSelectiveJam,upSelectiveJam,lowSelectiveJam,meanPosSpoofing,upPosSpoofing,lowPosSpoofing,meanAllAttacks,upAllAttacks,lowAllAttacks
1,571571.3666666667,1353674.6857965267,-210531.95246319345,562682.8333333334,1345037.745563028,-219672.0788963613,568486.05,1350632.7399145628,-213660.6399145627,513979.23333333334,1296546.6102526444,-268588.1435859778,571571.3666666667,1353674.6857965267,-210531.95246319345,513979.23333333334,1296546.6102526444,-268588.1435859778
2,482850.8,1155385.5253479967,-189683.9253479967,474253.06666666665,1146942.9894008834,-198436.85606755014,483309.51666666666,1155847.8258313045,-189228.79249797115,465655.3333333333,1138922.3364357764,-207611.66976910975,482850.8,1155385.5253479967,-189683.9253479967,465655.3333333333,1138922.3364357764,-207611.66976910975
3,479326.4,1262593.1790284226,-303940.37902842264,470516.98333333334,1253900.7062256339,-312866.7395589671,476258.2,1259522.5143800594,-307006.1143800595,461707.56666666665,1245588.6344998458,-322173.5011665125,479326.4,1262593.1790284226,-303940.37902842264,461707.56666666665,1245588.6344998458,-322173.5011665125
4,757154.0,1678540.622716136,-164232.62271613604,747940.4666666667,1669774.6278008763,-173893.6944675428,758292.4666666667,1679648.3443787924,-163063.4110454591,738726.9333333333,1661361.9388594658,-183908.07219279907,757154.0,1678540.622716136,-164232.62271613604,738726.9333333333,1661361.9388594658,-183908.07219279907
5,503710.26666666666,1224970.9571166867,-217550.42378335336,503710.26666666666,1224970.9571166867,-217550.42378335336,503710.26666666666,1224970.9571166867,-217550.42378335336,503710.26666666666,1224970.9571166867,-217550.42378335336,503710.26666666666,1224970.9571166867,-217550.42378335336,503710.26666666666,1224970.9571166867,-217550.42378335336
6,349540.56666666665,790622.5534863472,-91541.42015301384,349540.56666666665,790622.5534863472,-91541.42015301384,349540.56666666665,790622.5534863472,-91541.42015301384,349540.56666666665,790622.5534863472,-91541.42015301384,349540.56666666665,790622.5534863472,-91541.42015301384,349540.56666666665,790622.5534863472,-91541.42015301384
7,318483.1666666667,727307.5285398571,-90341.19520652376,318483.1666666667,727307.5285398571,-90341.19520652376,318483.1666666667,727307.5285398571,-90341.19520652376,318483.1666666667,727307.5285398571,-90341.19520652376,318483.1666666667,727307.5285398571,-90341.19520652376,318483.1666666667,727307.5285398571,-90341.19520652376
8,351656.3333333333,741720.8064330805,-38408.13976641389,343181.76666666666,733148.5574294257,-46785.024096092384,356020.7,746411.2645897621,-34369.864589762,334707.2,725283.3088845122,-55868.908884512144,351656.3333333333,741720.8064330805,-38408.13976641389,334707.2,725283.3088845122,-55868.908884512144
9,404020.6,1007220.1247824271,-199178.92478242714,404020.6,1007220.1247824271,-199178.92478242714,404020.6,1007220.1247824271,-199178.92478242714,404020.6,1007220.1247824271,-199178.92478242714,404020.6,1007220.1247824271,-199178.92478242714,404020.6,1007220.1247824271,-199178.92478242714
10,501017.3,1176050.4693463969,-174015.86934639694,491242.5833333333,1166383.6765700728,-183898.50990340608,501602.95,1176646.9176550217,-173441.01765502157,481467.86666666664,1157260.2192721462,-194324.485938813,501017.3,1176050.4693463969,-174015.86934639694,481467.86666666664,1157260.2192721462,-194324.485938813
11,344456.93333333335,879371.7891253541,-190457.92245868745,344456.93333333335,879371.7891253541,-190457.92245868745,344456.93333333335,879371.7891253541,-190457.92245868745,344456.93333333335,879371.7891253541,-190457.92245868745,344456.93333333335,879371.7891253541,-190457.92245868745,344456.93333333335,879371.7891253541,-190457.92245868745
12,327300.43333333335,854562.3587855062,-199961.49211883952,327300.43333333335,854562.3587855062,-199961.49211883952,327300.43333333335,854562.3587855062,-199961.49211883952,327300.43333333335,854562.3587855062,-199961.49211883952,327300.43333333335,854562.3587855062,-199961.49211883952,327300.43333333335,854562.3587855062,-199961.49211883952
13,67522.36666666667,142009.21864312812,-6964.485309794763,67522.36666666667,142009.21864312812,-6964.485309794763,67522.36666666667,142009.21864312812,-6964.485309794763,47523.6,112820.16336271248,-17772.963362712493,67522.36666666667,142009.21864312812,-6964.485309794763,47523.6,112820.16336271248,-17772.963362712493
14,62949.4,131808.07661117538,-5909.276611175381,62949.4,131808.07661117538,-5909.276611175381,62949.4,131808.07661117538,-5909.276611175381,42864.96666666667,101345.43843018141,-15615.505096848072,62949.4,131808.07661117538,-5909.276611175381,42864.96666666667,101345.43843018141,-15615.505096848072
15,83284.9,178345.49339660665,-11775.693396606643,83284.9,178345.49339660665,-11775.693396606643,83284.9,178345.49339660665,-11775.693396606643,83284.9,178345.49339660665,-11775.693396606643,83284.9,178345.49339660665,-11775.693396606643,83284.9,178345.49339660665,-11775.693396606643
16,66290.86666666667,140177.0517393304,-7595.318405997052,66290.86666666667,140177.0517393304,-7595.318405997052,66290.86666666667,140177.0517393304,-7595.318405997052,66290.86666666667,140177.0517393304,-7595.318405997052,66290.86666666667,140177.0517393304,-7595.318405997052,66290.86666666667,140177.0517393304,-7595.318405997052
17,61020.26666666667,149164.17814870976,-27123.64481537643,61020.26666666667,149164.17814870976,-27123.64481537643,61020.26666666667,149164.17814870976,-27123.64481537643,40935.833333333336,121170.06666666665,-39298.39999999999,61020.26666666667,149164.17814870976,-27123.64481537643,40935.833333333336,121170.06666666665,-39298.39999999999
18,69090.7,171789.08553398633,-33607.685533986325,69090.7,171789.08553398633,-33607.685533986325,89568.26666666666,198117.89895377343,-18981.36562044012,69090.7,171789.08553398633,-33607.685533986325,69090.7,171789.08553398633,-33607.685533986325,69090.7,171789.08553398633,-33607.685533986325
19,55035.166666666664,131839.8953437396,-21769.562010406276,55035.166666666664,131839.8953437396,-21769.562010406276,55035.166666666664,131839.8953437396,-21769.562010406276,55035.166666666664,131839.8953437396,-21769.562010406276,55035.166666666664,131839.8953437396,-21769.562010406276,55035.166666666664,131839.8953437396,-21769.562010406276
20,145360.5,365463.11819707067,-74742.11819707067,145360.5,365463.11819707067,-74742.11819707067,145360.5,365463.11819707067,-74742.11819707067,145360.5,365463.11819707067,-74742.11819707067,145360.5,365463.11819707067,-74742.11819707067,145360.5,365463.11819707067,-74742.11819707067
21,144978.3,357850.39935333084,-67893.79935333086,144978.3,357850.39935333084,-67893.79935333086,144978.3,357850.39935333084,-67893.79935333086,144978.3,357850.39935333084,-67893.79935333086,144978.3,357850.39935333084,-67893.79935333086,144978.3,357850.39935333084,-67893.79935333086
22,120239.03333333334,295476.598962063,-54998.53229539633,120239.03333333334,295476.598962063,-54998.53229539633,120239.03333333334,295476.598962063,-54998.53229539633,120239.03333333334,295476.598962063,-54998.53229539633,120239.03333333334,295476.598962063,-54998.53229539633,120239.03333333334,295476.598962063,-54998.53229539633
23,69127.53333333334,167560.3720783473,-29305.30541168063,69127.53333333334,167560.3720783473,-29305.30541168063,69127.53333333334,167560.3720783473,-29305.30541168063,69127.53333333334,167560.3720783473,-29305.30541168063,69127.53333333334,167560.3720783473,-29305.30541168063,69127.53333333334,167560.3720783473,-29305.30541168063
24,162472.56666666668,345584.2871247736,-20639.153791440243,162472.56666666668,345584.2871247736,-20639.153791440243,162472.56666666668,345584.2871247736,-20639.153791440243,140132.86666666667,307656.57547412685,-27390.84214079351,162472.56666666668,345584.2871247736,-20639.153791440243,140132.86666666667,307656.57547412685,-27390.84214079351
25,780686.5666666667,2217277.989817064,-655904.8564837305,779833.6166666667,2216375.0126666473,-656707.7793333142,802632.3166666667,2238228.9137366433,-632964.28040331,755423.1333333333,2191357.234371907,-680510.9677052407,780686.5666666667,2217277.989817064,-655904.8564837305,755423.1333333333,2191357.234371907,-680510.9677052407
26,812574.5333333333,2136870.247630174,-511721.1809635073,812574.5333333333,2136870.247630174,-511721.1809635073,837935.2333333333,2161101.974310319,-485231.50764365226,812574.5333333333,2136870.247630174,-511721.1809635073,812574.5333333333,2136870.247630174,-511721.1809635073,812574.5333333333,2136870.247630174,-511721.1809635073
27,732042.6666666666,1855161.8587273704,-391076.525394037,732042.6666666666,1855161.8587273704,-391076.525394037,732042.6666666666,1855161.8587273704,-391076.525394037,732042.6666666666,1855161.8587273704,-391076.525394037,732042.6666666666,1855161.8587273704,-391076.525394037,732042.6666666666,1855161.8587273704,-391076.525394037
28,576596.1,1378282.42172314,-225090.22172313987,576596.1,1378282.42172314,-225090.22172313987,604034.0,1404909.5139909992,-196841.51399099908,576596.1,1378282.42172314,-225090.22172313987,576596.1,1378282.42172314,-225090.22172313987,576596.1,1378282.42172314,-225090.22172313987
29,473701.6,1194064.2833957602,-246661.08339576027,473701.6,1194064.2833957602,-246661.08339576027,473701.6,1194064.2833957602,-246661.08339576027,473701.6,1194064.2833957602,-246661.08339576027,473701.6,1194064.2833957602,-246661.08339576027,473701.6,1194064.2833957602,-246661.08339576027
30,605700.8,1605506.4794333545,-394104.87943335425,605700.8,1605506.4794333545,-394104.87943335425,605700.8,1605506.4794333545,-394104.87943335425,583756.9333333333,1581357.4468822728,-413843.58021560614,605700.8,1605506.4794333545,-394104.87943335425,583756.9333333333,1581357.4468822728,-413843.58021560614
31,845953.6666666666,2302085.186278466,-610177.8529451328,845953.6666666666,2302085.186278466,-610177.8529451328,845953.6666666666,2302085.186278466,-610177.8529451328,824964.1,2279963.8181843297,-630035.6181843298,845953.6666666666,2302085.186278466,-610177.8529451328,824964.1,2279963.8181843297,-630035.6181843298
32,888974.1666666666,2432663.427781392,-654715.0944480585,882100.9833333333,2425606.8853887287,-661404.918722062,882100.9833333333,2425606.8853887287,-661404.918722062,845657.6666666666,2390155.4458943275,-698840.1125609941,888974.1666666666,2432663.427781392,-654715.0944480585,845657.6666666666,2390155.4458943275,-698840.1125609941
33,715572.4666666667,1927976.7712800275,-496831.837946694,715572.4666666667,1927976.7712800275,-496831.837946694,715572.4666666667,1927976.7712800275,-496831.837946694,697107.8666666667,1908764.9800292354,-514549.24669590197,715572.4666666667,1927976.7712800275,-496831.837946694,697107.8666666667,1908764.9800292354,-514549.24669590197
34,375083.4666666667,892317.9960611672,-142151.0627278338,355207.5333333333,869837.3585999103,-159422.2919332437,355207.5333333333,869837.3585999103,-159422.2919332437,259822.06666666668,769073.3173333333,-249429.18399999998,375083.4666666667,892317.9960611672,-142151.0627278338,259822.06666666668,769073.3173333333,-249429.18399999998
35,823784.3666666667,2207765.7455186006,-560197.0121852669,812372.5166666667,2196686.5087454105,-571941.4754120769,841153.6166666667,2224379.1650047824,-542071.9316714488,762079.0666666667,2147824.091342689,-623665.9580093557,823784.3666666667,2207765.7455186006,-560197.0121852669,762079.0666666667,2147824.091342689,-623665.9580093557
36,739141.3666666667,1745931.8686365646,-267649.1353032312,655231.5333333333,1629814.2429446252,-319351.17627795856,817880.6,1837837.5942859766,-202076.39428597665,493313.0333333333,1460206.5786666665,-473580.512,739141.3666666667,1745931.8686365646,-267649.1353032312,493313.0333333333,1460206.5786666665,-473580.512
37,838616.2666666667,1860206.89558942,-182974.36225608678,763646.1166666667,1759914.5482326546,-232622.31489932118,825069.4666666667,1822374.5271498621,-172235.5938165289,607364.8333333334,1586315.7799289792,-371586.1132623125,838616.2666666667,1860206.89558942,-182974.36225608678,607364.8333333334,1586315.7799289792,-371586.1132623125
38,1431339.4333333333,3486273.785168587,-623594.9185019208,1320529.0166666666,3349508.450249393,-708450.4169160598,1391112.8666666667,3418722.8783450956,-636497.1450117622,1069041.1,2998567.5057782447,-860485.3057782445,1431339.4333333333,3486273.785168587,-623594.9185019208,1069041.1,2998567.5057782447,-860485.3057782445
39,1882465.3666666667,5037614.281318497,-1272683.547985163,1798830.1666666667,4949268.621561021,-1351608.288227687,1990668.8666666667,5150791.964561677,-1169454.2312283427,1639357.1333333333,4794251.740583845,-1515537.4739171788,1882465.3666666667,5037614.281318497,-1272683.547985163,1639357.15,4794251.75610328,-1515537.4561032802
40,1733433.9333333333,4508571.279391987,-1041703.4127253208,1635842.3666666667,4401516.503096664,-1129831.7697633305,1805105.0333333334,4582761.048944286,-972550.982277619,1452233.7666666666,4220270.072877388,-1315802.5395440557,1733433.9333333333,4508571.279391987,-1041703.4127253208,1452233.7833333334,4220270.088385738,-1315802.5217190718
41,2351014.8,6079427.123185644,-1377397.5231856438,2250970.75,5971690.808861554,-1469749.3088615537,2341962.05,6061606.746925453,-1377682.646925453,2080890.8666666667,5804951.494684703,-1643169.7613513693,2351014.8,6079427.123185644,-1377397.5231856438,2080890.8666666667,5804951.494684703,-1643169.7613513693
42,2493842.7333333334,6680307.8536054455,-1692622.3869387791,2399714.2,6582704.392929781,-1783275.9929297804,2452751.05,6633001.461089022,-1727499.3610890228,2275289.966666667,6462253.062989194,-1911673.1296558604,2493842.7333333334,6680307.8536054455,-1692622.3869387791,2275289.966666667,6462253.062989194,-1911673.1296558604
43,2460784.2666666666,6730285.214028112,-1808716.6806947784,2398043.2666666666,6667437.7828001855,-1871351.2494668523,2452483.716666667,6719160.096585919,-1814192.6632525856,2280187.3666666667,6554940.698044779,-1994565.9647114458,2460784.2666666666,6730285.214028112,-1808716.6806947784,2280187.3666666667,6554940.698044779,-1994565.9647114458
44,2095312.5666666667,5171112.293680528,-980487.1603471946,2027961.1,5101756.222903049,-1045834.0229030484,2089848.1,5160626.324634424,-980930.1246344242,1894088.4333333333,4972903.1008369615,-1184726.2341702946,2095312.5666666667,5171112.293680528,-980487.1603471946,1894088.4333333333,4972903.1008369615,-1184726.2341702946
45,2640927.3666666667,6795976.767053679,-1514122.0337203448,2566903.5833333335,6721499.558347415,-1587692.3916807487,2634491.2666666666,6785666.057602,-1516683.5242686672,2436550.566666667,6596472.711182296,-1723371.577848963,2640927.3666666667,6795976.767053679,-1514122.0337203448,2436550.566666667,6596472.711182296,-1723371.577848963
46,2416375.8666666667,6091151.612074973,-1258399.8787416397,2346921.8333333335,6019834.904538205,-1325991.237871538,2493437.6666666665,6164337.860470164,-1177462.5271368306,2172836.566666667,5851296.132851045,-1505622.9995177109,2416375.8666666667,6091151.612074973,-1258399.8787416397,2172836.566666667,5851296.132851045,-1505622.9995177109
47,2593474.6666666665,6618572.299767945,-1431622.9664346124,2525535.5833333335,6549520.122301129,-1498448.9556344617,2598598.2666666666,6619054.912888134,-1421858.3795548012,2342354.966666667,6371893.175591638,-1687183.2422583052,2593474.6666666665,6618572.299767945,-1431622.9664346124,2342354.966666667,6371893.175591638,-1687183.2422583052
48,2758125.7,6997606.043933809,-1481354.6439338084,2689471.033333333,6928166.880495914,-1549224.8138292478,2818329.4833333334,7053974.552680506,-1417315.5860138396,2503927.6666666665,6748934.2590231,-1741078.9256897676,2758125.7,6997606.043933809,-1481354.6439338084,2503927.6666666665,6748934.2590231,-1741078.9256897676
49,2777900.4,7008217.6303748,-1452416.8303748001,2612190.683333333,6817725.5530472845,-1593344.1863806187,2835189.8833333333,7062509.137997851,-1392129.3713311837,2315778.0,6523492.714149719,-1891936.714149719,2777900.4,7008217.6303748,-1452416.8303748001,2315778.0,6523492.714149719,-1891936.714149719
50,2986084.533333333,7406633.054331619,-1434463.9876649529,2908993.816666667,7328337.331008539,-1510349.6976752044,3073646.0166666666,7491181.964399844,-1343889.9310665112,2726573.7666666666,7153324.175364291,-1700176.642030958,2986084.533333333,7406633.054331619,-1434463.9876649529,2726573.7666666666,7153324.175364291,-1700176.642030958
51,3182770.9,8090123.741733102,-1724581.9417331018,3138000.25,8046737.525916529,-1770737.025916529,3234963.15,8138739.09432302,-1668812.794323021,3047542.4,7960687.144201919,-1865602.3442019192,3182770.9,8090123.741733102,-1724581.9417331018,3047542.4,7960687.144201919,-1865602.3442019192
52,2837239.966666667,7828157.6850585565,-2153677.751725223,2801072.1666666665,7793133.654285269,-2190989.3209519363,2847337.1,7836867.182011621,-2142192.9820116204,2685165.966666667,7682628.668541696,-2312296.7352083623,2837239.966666667,7828157.6850585565,-2153677.751725223,2685165.966666667,7682628.668541696,-2312296.7352083623
53,2498806.966666667,6842700.533542524,-1845086.6002091905,2466720.45,6811630.425009626,-1878189.5250096256,2533821.5833333335,6875511.949639138,-1807868.7829724713,2344743.1333333333,6695236.192014592,-2005749.9253479247,2498806.966666667,6842700.533542524,-1845086.6002091905,2344743.1333333333,6695236.192014592,-2005749.9253479247
54,2286870.5,6186308.12967078,-1612567.1296707802,2242594.5833333335,6142441.785273994,-1657252.6186073273,2323230.3,6219799.915229134,-1573339.3152291346,2122461.6333333333,6027671.617575056,-1782748.3509083893,2286870.5,6186308.12967078,-1612567.1296707802,2122461.6333333333,6027671.617575056,-1782748.3509083893
55,3283315.7666666666,8774675.610966494,-2208044.077633161,3226927.6,8719779.040790435,-2265923.8407904343,3322955.783333333,8811137.252642464,-2165225.6859757984,3088367.3666666667,8588509.141857224,-2411774.4085238907,3283315.7666666666,8774675.610966494,-2208044.077633161,3088367.3666666667,8588509.141857224,-2411774.4085238907
56,2316881.2666666666,6192952.143643436,-1559189.6103101028,2251836.0,6126477.943948714,-1622805.9439487136,2363034.1166666667,6234950.844931662,-1508882.6115983287,2075984.7333333334,5955669.619028756,-1803700.1523620891,2316881.2666666666,6192952.143643436,-1559189.6103101028,2075984.7333333334,5955669.619028756,-1803700.1523620891
57,2725892.7333333334,7068241.267519841,-1616455.8008531742,2683839.8666666667,7027230.597183613,-1659550.8638502802,2773218.3833333333,7112407.320471585,-1565970.5538049177,2492302.3666666667,6839731.815243544,-1855127.0819102102,2725892.7333333334,7068241.267519841,-1616455.8008531742,2492302.3666666667,6839731.815243544,-1855127.0819102102
58,2306307.9,6056517.8998643365,-1443902.0998643362,2233235.4,5980815.604509856,-1514344.8045098558,2370281.433333333,6115911.71241172,-1375348.8457450536,2054758.0333333334,5806727.008809803,-1697210.9421431364,2306307.9,6056517.8998643365,-1443902.0998643362,2054758.0333333334,5806727.008809803,-1697210.9421431364
59,2607583.2333333334,6807368.5255999435,-1592202.0589332767,2515350.25,6710510.228383974,-1679809.7283839742,2701916.933333333,6900069.575099485,-1496235.7084328192,2326111.2666666666,6529371.120566316,-1877148.5872329827,2607583.2333333334,6807368.5255999435,-1592202.0589332767,2326111.2666666666,6529371.120566316,-1877148.5872329827
60,2755210.6666666665,6857548.805645072,-1347127.4723117389,2656380.1166666667,6753156.503016489,-1440396.2696831552,2850454.716666667,6952026.672737695,-1251117.2394043622,2487698.2666666666,6590311.690848373,-1614915.1575150401,2755210.6666666665,6857548.805645072,-1347127.4723117389,2487698.2666666666,6590311.690848373,-1614915.1575150401
61,2914435.533333333,7642019.920053039,-1813148.8533863723,2819647.5833333335,7543516.317211237,-1904221.1505445694,3026450.283333333,7755391.8299604645,-1702491.263293798,2703039.2,7430225.149692947,-2024146.7496929467,2914435.533333333,7642019.920053039,-1813148.8533863723,2703039.2,7430225.149692947,-2024146.7496929467
62,2687926.7,7159710.510098781,-1783857.110098781,2584527.55,7050129.782199903,-1881074.6821999038,2762677.7666666666,7233703.630952956,-1708348.097619623,2414691.066666667,6885628.426825913,-2056246.2934925794,2687926.7,7159710.510098781,-1783857.110098781,2414691.066666667,6885628.426825913,-2056246.2934925794
63,2512695.466666667,6876603.579557388,-1851212.6462240545,2512695.466666667,6876603.579557388,-1851212.6462240545,2577684.816666667,6938493.85941332,-1783124.226079987,2435029.566666667,6801651.354601486,-1931592.2212681514,2512695.466666667,6876603.579557388,-1851212.6462240545,2435029.566666667,6801651.354601486,-1931592.2212681514
64,2889987.566666667,7443810.10300523,-1663834.9696718962,2774899.8666666667,7320859.858592801,-1771060.125259467,2974016.283333333,7526072.91423667,-1578040.347570004,2593884.033333333,7145676.010626097,-1957907.9439594308,2889987.566666667,7443810.10300523,-1663834.9696718962,2593884.033333333,7145676.010626097,-1957907.9439594308
65,2167174.3,5563842.131298765,-1229493.531298765,2067266.5166666666,5454653.642939482,-1320120.6096061482,2248025.1,5643970.947047711,-1147920.7470477112,1863730.8333333333,5254606.2070376305,-1527144.5403709637,2167174.3,5563842.131298765,-1229493.531298765,1863730.8333333333,5254606.2070376305,-1527144.5403709637
66,2142910.2666666666,6056570.138378361,-1770749.605045028,2142910.2666666666,6056570.138378361,-1770749.605045028,2222709.283333333,6133705.511909416,-1688286.9452427495,2095140.5,6010567.537441607,-1820286.5374416066,2142910.2666666666,6056570.138378361,-1770749.605045028,2095140.5,6010567.537441607,-1820286.5374416066
67,2576268.066666667,7025650.003146602,-1873113.8698132685,2521095.933333333,6970586.175571227,-1928394.3089045607,2687206.6333333333,7133635.249280257,-1759221.982613591,2382471.8333333335,6836952.413790349,-2072008.7471236824,2576268.066666667,7025650.003146602,-1873113.8698132685,2382471.8333333335,6836952.413790349,-2072008.7471236824
68,2106212.566666667,5627188.971531868,-1414763.8381985337,2063025.5166666666,5584231.341190016,-1458180.3078566822,2165326.55,5683436.498896256,-1352783.3988962565,1952075.6666666667,5477468.3431076,-1573317.009774266,2106212.566666667,5627188.971531868,-1414763.8381985337,1952075.6666666667,5477468.3431076,-1573317.009774266
69,2128107.966666667,5299546.248473866,-1043330.3151405323,2041151.1333333333,5205941.355959314,-1123639.0892926473,2206166.3833333333,5376970.7581161205,-964637.9914494539,1926632.9333333333,5095012.301829522,-1241746.435162855,2128107.966666667,5299546.248473866,-1043330.3151405323,1926632.9333333333,5095012.301829522,-1241746.435162855
70,1791243.1333333333,4216009.4538763575,-633523.1872096909,1722594.9,4142359.631855402,-697169.8318554023,1861378.4333333333,4285296.268941894,-562539.4022752272,1615723.3666666667,4037516.8690043557,-806070.1356710223,1791243.1333333333,4216009.4538763575,-633523.1872096909,1615723.3666666667,4037516.8690043557,-806070.1356710223
71,1910624.4666666666,4617754.296930915,-796505.3635975814,1850753.05,4555498.43806348,-853992.3380634796,1993418.45,4699870.834375519,-713033.9343755192,1777108.1333333333,4484426.791441168,-930210.5247745011,1910624.4666666666,4617754.296930915,-796505.3635975814,1777108.1333333333,4484426.791441168,-930210.5247745011
72,1805227.5,4578191.597825572,-967736.5978255714,1744093.2833333334,4514204.417045993,-1026017.8503793261,1843372.9333333333,4613446.269994989,-926700.4033283226,1659952.0333333334,4432901.938851082,-1112997.872184415,1805227.5,4578191.597825572,-967736.5978255714,1659952.0333333334,4432901.938851082,-1112997.872184415
73,2568625.7333333334,6660746.8908748645,-1523495.4242081977,2557205.933333333,6650084.501147671,-1535672.6344810044,2626743.7666666666,6716906.453782264,-1463418.9204489314,2502778.8333333335,6598378.155197211,-1592820.4885305432,2568625.7333333334,6660746.8908748645,-1523495.4242081977,2502778.8333333335,6598378.155197211,-1592820.4885305432
74,2445828.466666667,5847125.220599743,-955468.287266409,2436042.7333333334,5838101.8641678225,-966016.3975011553,2487937.683333333,5887186.921799069,-911311.5551324035,2270967.8333333335,5677136.350765859,-1135200.6840991918,2445828.466666667,5847125.220599743,-955468.287266409,2270967.8333333335,5677136.350765859,-1135200.6840991918
75,2733418.3,6997920.70003737,-1531084.1000373708,2713777.8333333335,6978492.3265016265,-1550936.65983496,2768541.1,7030084.028291237,-1493001.828291237,2652427.2666666666,6920225.001961006,-1615370.4686276726,2733418.3,6997920.70003737,-1531084.1000373708,2652427.2666666666,6920225.001961006,-1615370.4686276726
76,2656909.9,6898504.84266345,-1584685.0426634508,2656909.9,6898504.84266345,-1584685.0426634508,2741373.2666666666,6979188.591879146,-1496442.058545813,2591143.2666666666,6836361.555032491,-1654075.0216991575,2656909.9,6898504.84266345,-1584685.0426634508,2591143.2666666666,6836361.555032491,-1654075.0216991575
77,2621812.8,6952878.035976975,-1709252.4359769756,2612492.8666666667,6944184.543767391,-1719198.810434057,2659055.433333333,6988385.938009154,-1670275.0713424883,2576026.066666667,6909378.5066965725,-1757326.3733632392,2621812.8,6952878.035976975,-1709252.4359769756,2576026.066666667,6909378.5066965725,-1757326.3733632392
78,2710648.566666667,7160981.824027386,-1739684.6906940513,2710648.566666667,7160981.824027386,-1739684.6906940513,2747432.183333333,7195380.882582996,-1700516.5159163293,2692443.033333333,7143458.9791264115,-1758572.912459745,2710648.566666667,7160981.824027386,-1739684.6906940513,2692443.033333333,7143458.9791264115,-1758572.912459745
79,2694933.6666666665,7067389.427262386,-1677522.0939290537,2694933.6666666665,7067389.427262386,-1677522.0939290537,2734010.4166666665,7103945.777486473,-1635924.9441531398,2687139.1,6966266.702301815,-1591988.5023018145,2694933.6666666665,7067389.427262386,-1677522.0939290537,2687139.1,6966266.702301815,-1591988.5023018145
80,3098036.433333333,8274538.202480534,-2078465.3358138674,3098036.433333333,8274538.202480534,-2078465.3358138674,3145077.033333333,8318669.691996619,-2028515.6253299527,3107914.8333333335,8283496.5008938555,-2067666.834227189,3098036.433333333,8274538.202480534,-2078465.3358138674,3107914.8333333335,8283496.5008938555,-2067666.834227189
81,3111863.966666667,7689111.086500226,-1465383.153166892,3101400.4166666665,7678980.226165907,-1476179.392832575,3166122.05,7739648.978944207,-1407404.878944207,3033044.7666666666,7540575.444494681,-1474485.9111613482,3111863.966666667,7689111.086500226,-1465383.153166892,3033044.7666666666,7540575.444494681,-1474485.9111613482
82,3429690.966666667,9036516.214696161,-2177134.281362828,3418033.9,9025395.895463428,-2189328.0954634272,3493689.95,9096902.031878252,-2109522.1318782503,3367236.433333333,8977456.13294579,-2242983.266279125,3429690.966666667,9036516.214696161,-2177134.281362828,3367236.433333333,8977456.13294579,-2242983.266279125
83,3012509.1666666665,7432615.935025161,-1407597.6016918286,2988934.05,7410513.093501111,-1432644.993501111,3063427.216666667,7481694.6569051985,-1354840.223571865,2873386.4,7216746.923474425,-1469974.1234744252,3012509.1666666665,7432615.935025161,-1407597.6016918286,2873386.4,7216746.923474425,-1469974.1234744252
84,3587643.6,9003309.212168613,-1828022.0121686128,3566000.3333333335,8982488.23407097,-1850487.5674043023,3603904.2666666666,9017595.242810667,-1809786.7094773343,3489961.066666667,8909193.21272954,-1929271.0793962055,3587643.6,9003309.212168613,-1828022.0121686128,3489961.066666667,8909193.21272954,-1929271.0793962055
85,3398617.1666666665,8584219.973661346,-1786985.6403280138,3350879.966666667,8536448.836335171,-1834688.9030018374,3425267.5166666666,8606516.651997177,-1755981.6186638437,3255912.9,8446204.092960788,-1934378.2929607886,3398617.1666666665,8584219.973661346,-1786985.6403280138,3255912.9,8446204.092960788,-1934378.2929607886
86,3734691.066666667,9638719.946238313,-2169337.8129049796,3698846.7333333334,9602916.090132486,-2205222.6234658184,3791277.2,9690453.130378496,-2107898.7303784965,3567799.0,9478238.42226101,-2342640.422261011,3734691.066666667,9638719.946238313,-2169337.8129049796,3567799.0,9478238.42226101,-2342640.422261011
87,3631563.7333333334,9417671.689834647,-2154544.223167981,3598253.533333333,9384026.743360195,-2187519.676693528,3670915.1,9452453.378723025,-2110623.1787230247,3469416.7666666666,9260569.42289723,-2321735.8895638976,3631563.7333333334,9417671.689834647,-2154544.223167981,3469416.7666666666,9260569.42289723,-2321735.8895638976
88,3052419.433333333,7714834.970676824,-1609996.1040101587,3032355.8333333335,7695561.941004129,-1630850.2743374626,3072474.55,7733226.670803757,-1588277.5708037578,2898377.533333333,7472782.747478607,-1676027.6808119407,3052419.433333333,7714834.970676824,-1609996.1040101587,2898377.533333333,7472782.747478607,-1676027.6808119407
89,2785053.3,6965659.545892288,-1395552.9458922883,2766014.8333333335,6947643.831545684,-1415614.1648790166,2827329.1333333333,7005331.4211380975,-1350673.154471431,2678065.6666666665,6790199.947303407,-1434068.6139700739,2785053.3,6965659.545892288,-1395552.9458922883,2678065.6666666665,6790199.947303407,-1434068.6139700739
90,3036961.033333333,7058418.23288046,-984496.1662137937,3000674.816666667,7022883.84848505,-1021534.215151716,3050038.2666666666,7068724.580092081,-968648.0467587477,2703791.1666666665,6729989.418909872,-1322407.0855765385,3036961.033333333,7058418.23288046,-984496.1662137937,2703791.1666666665,6729989.418909872,-1322407.0855765385
91,2720524.9,6436030.914076432,-994981.1140764318,2688326.933333333,6404350.628919523,-1027696.7622528565,2754018.0833333335,6466112.1030798,-958075.9364131326,2321202.2,5967677.089976693,-1325272.6899766917,2720524.9,6436030.914076432,-994981.1140764318,2321202.2,5967677.089976693,-1325272.6899766917
92,2844481.7333333334,6988702.2751464015,-1299738.8084797347,2814994.4,6960900.933330631,-1330912.1333306315,2901276.466666667,7042532.80743224,-1239979.8740989063,2752440.6333333333,6902155.21355316,-1397273.9468864934,2844481.7333333334,6988702.2751464015,-1299738.8084797347,2752440.6333333333,6902155.21355316,-1397273.9468864934
93,3564540.7333333334,9289894.883931845,-2160813.4172651786,3541646.95,9268252.497155285,-2184958.597155284,3615901.5833333335,9338453.236435061,-2106650.069768395,3365474.8666666667,9101101.757218296,-2370152.023884963,3564540.7333333334,9289894.883931845,-2160813.4172651786,3365474.8666666667,9101101.757218296,-2370152.023884963
94,3234937.433333333,7279619.115610512,-809744.2489438462,3190152.35,7236059.645887185,-855754.9458871847,3216719.15,7260557.235186905,-827118.9351869044,2922282.7,6910058.870615657,-1065493.470615657,3234937.433333333,7279619.115610512,-809744.2489438462,2922282.7,6910058.870615657,-1065493.470615657
95,2956570.8666666667,6685492.009118126,-772350.2757847924,2880679.1666666665,6606407.715351404,-845049.3820180707,2935117.7,6657549.022499476,-787313.6224994753,2593117.7,6239077.112455677,-1052841.7124556769,2956570.8666666667,6685492.009118126,-772350.2757847924,2593117.7,6239077.112455677,-1052841.7124556769
96,2424908.533333333,5602070.148540569,-752253.0818739021,2379229.3833333333,5559007.313593175,-800548.5469265082,2452280.25,5629143.883435045,-724583.3834350454,2147746.966666667,5241915.543094058,-946421.6097607245,2424908.533333333,5602070.148540569,-752253.0818739021,2147746.966666667,5241915.543094058,-946421.6097607245
97,3223237.933333333,8157307.447727326,-1710831.5810606596,3190611.2333333334,8126178.535265661,-1744956.068598994,3240252.15,8172999.933862008,-1692495.6338620079,3036377.8666666667,7885308.822213661,-1812553.088880328,3223237.933333333,8157307.447727326,-1710831.5810606596,3036377.8666666667,7885308.822213661,-1812553.088880328
98,4044766.7,10511942.986498898,-2422409.5864988975,4013712.65,10482536.786949543,-2455111.486949544,4051077.933333333,10517293.977964971,-2415138.1112983054,3872974.9,10351246.238832176,-2605296.4388321755,4044766.7,10511942.986498898,-2422409.5864988975,3872974.9,10351246.238832176,-2605296.4388321755
99,4165132.933333333,10589642.82318685,-2259376.9565201835,4120744.1666666665,10547407.649548063,-2305919.3162147305,4144452.6,10569383.197572866,-2280477.9975728667,3915745.6333333333,10355143.823079428,-2523652.5564127606,4165132.933333333,10589642.82318685,-2259376.9565201835,3915745.6333333333,10355143.823079428,-2523652.5564127606
100,3595233.8333333335,9174971.47786303,-1984503.811196363,3549722.0166666666,9132201.37595055,-2032757.3426172175,3580883.033333333,9161199.79939556,-1999433.732728893,3329427.7,8921009.454100717,-2262154.0541007165,3595233.8333333335,9174971.47786303,-1984503.811196363,3329427.7,8921009.454100717,-2262154.0541007165
101,4146163.4,10719272.817373594,-2426946.017373594,4107479.4,10683069.810297905,-2468111.010297905,4173827.1,10745222.872011079,-2397568.672011079,3883528.7666666666,10463138.649559243,-2696081.1162259094,4146163.4,10719272.817373594,-2426946.017373594,3883528.7666666666,10463138.649559243,-2696081.1162259094
102,3879617.2666666666,10169803.051576603,-2410568.51824327,3837465.8,10130095.570244215,-2455163.970244215,3914194.55,10202337.20955611,-2373948.1095561096,3741038.0,10036457.310009468,-2554381.3100094683,3879617.2666666666,10169803.051576603,-2410568.51824327,3741038.0,10036457.310009468,-2554381.3100094683
103,3813662.0,9986929.95026885,-2359605.9502688507,3779579.15,9954986.762560327,-2395828.4625603273,3852835.1666666665,10024232.281919895,-2318561.948586562,3663302.3333333335,9844417.674244994,-2517813.007578327,3813662.0,9986929.95026885,-2359605.9502688507,3663302.3333333335,9844417.674244994,-2517813.007578327
104,4309448.733333333,10920578.433135461,-2301680.9664687943,4257521.816666666,10871853.838474974,-2356810.205141641,4290726.333333333,10902751.538977375,-2321298.872310709,4125504.6666666665,10749120.163467908,-2498110.8301345757,4309448.733333333,10920578.433135461,-2301680.9664687943,4125504.6666666665,10749120.163467908,-2498110.8301345757
105,4600700.4,11591011.175780531,-2389610.3757805303,4544372.683333334,11535947.60698754,-2447202.2403208734,4606110.033333333,11593801.11110356,-2381581.0444368944,4304404.0,11307730.715135265,-2698922.715135266,4600700.4,11591011.175780531,-2389610.3757805303,4304404.0,11307730.715135265,-2698922.715135266
106,3735864.433333333,9049703.576050526,-1577974.7093838598,3696532.316666667,9011329.35259807,-1618264.719264736,3773756.8666666667,9084279.882399805,-1536766.149066472,3209976.033333333,8432209.10787742,-2012257.0412107538,3735864.433333333,9049703.576050526,-1577974.7093838598,3209976.033333333,8432209.10787742,-2012257.0412107538
107,3701692.1333333333,9111270.391660877,-1707886.1249942095,3678530.25,9088604.835474942,-1731544.335474941,3746772.816666667,9152542.296216879,-1658996.6628835448,3270343.966666667,8585218.768806858,-2044530.8354735244,3701692.1333333333,9111270.391660877,-1707886.1249942095,3270343.966666667,8585218.768806858,-2044530.8354735244
108,3184596.966666667,7881126.806891914,-1511932.8735585809,3160293.283333333,7857591.465177886,-1537004.8985112198,3209224.5,7902939.469243173,-1484490.4692431726,2817782.7,7431413.378862083,-1795847.9788620826,3184596.966666667,7881126.806891914,-1511932.8735585809,2817782.7,7431413.378862083,-1795847.9788620826
109,3340690.6,8246765.262890162,-1565384.0628901613,3297402.4833333334,8205305.000184326,-1610500.0335176596,3338721.816666667,8243775.634286156,-1566332.0009528217,3064361.7,7983333.881294768,-1854610.481294768,3340690.6,8246765.262890162,-1565384.0628901613,3064361.7,7983333.881294768,-1854610.481294768
110,3208414.1666666665,7468919.693521218,-1052091.3601878858,3160509.6166666667,7421700.293305375,-1100681.0599720418,3221000.55,7479034.874060141,-1037033.7740601413,2756827.0,7031492.824408829,-1517838.8244088292,3208414.1666666665,7468919.693521218,-1052091.3601878858,2756827.0,7031492.824408829,-1517838.8244088292
111,3202240.4,7109104.347016459,-704623.54701646,3171938.9833333334,7080028.077050108,-736150.1103834417,3272717.033333333,7175104.017472977,-629669.9508063099,2706748.0,6539095.3146354025,-1125599.3146354025,3202240.4,7109104.347016459,-704623.54701646,2706748.0,6539095.3146354025,-1125599.3146354025
112,3257824.0,7477583.226060856,-961935.2260608561,3222451.1666666665,7443559.235069664,-998656.9017363316,3336062.783333333,7551326.912109995,-879201.3454433288,2838836.1,7065728.3957652785,-1388056.1957652788,3257824.0,7477583.226060856,-961935.2260608561,2838836.1,7065728.3957652785,-1388056.1957652788
113,3466168.4,8022967.62625573,-1090630.8262557308,3438981.066666667,7997541.762707489,-1119579.6293741553,3549470.9,8101658.737317447,-1002716.9373174463,3176272.7333333334,7745345.827530194,-1392800.3608635273,3466168.4,8022967.62625573,-1090630.8262557308,3176272.7333333334,7745345.827530194,-1392800.3608635273
114,4074343.1666666665,9471601.962098194,-1322915.6287648608,4028595.7,9428317.492261495,-1371126.092261495,4103931.066666667,9498429.150229305,-1290567.0168959717,3699055.3,9115559.071703676,-1717448.4717036774,4074343.1666666665,9471601.962098194,-1322915.6287648608,3699055.3,9115559.071703676,-1717448.4717036774
115,3513893.8,7984440.505188442,-956652.9051884422,3471468.7666666666,7944149.90746245,-1001212.3741291165,3549768.0166666666,8017222.174420205,-917686.1410868717,3092061.9,7423384.33954113,-1239260.5395411304,3513893.8,7984440.505188442,-956652.9051884422,3092061.9,7423384.33954113,-1239260.5395411304
116,2884738.2666666666,6724089.114304977,-954612.5809716429,2844056.0166666666,6684943.078568814,-996831.0452354816,2910114.2666666666,6746916.140741741,-926687.6074084076,2769590.2,7050653.864418261,-1511473.4644182604,2884738.2666666666,6724089.114304977,-954612.5809716429,2769590.2,7050653.864418261,-1511473.4644182604
117,2812241.1333333333,6616002.6794852335,-991520.4128185674,2786841.3833333333,6591711.5428612195,-1018028.7761945529,2867385.05,6667218.645757152,-932448.5457571521,2777353.533333333,7107164.0197983235,-1552456.953131657,2812241.1333333333,6616002.6794852335,-991520.4128185674,2777353.533333333,7107164.0197983235,-1552456.953131657
118,2590939.2333333334,6138241.148036932,-956362.6813702649,2567047.716666667,6115869.870654561,-981774.4373212275,2618577.4166666665,6164698.764492146,-927543.9311588127,2579974.066666667,6559504.763522348,-1399556.6301890146,2590939.2333333334,6138241.148036932,-956362.6813702649,2579974.066666667,6559504.763522348,-1399556.6301890146
119,2650560.433333333,6419648.402215276,-1118527.5355486097,2621640.25,6392084.600395984,-1148804.100395984,2680991.3,6447809.770516443,-1085827.1705164434,2700202.7,7093083.990957265,-1692678.5909572644,2650560.433333333,6419648.402215276,-1118527.5355486097,2700202.7,7093083.990957265,-1692678.5909572644
120,3515474.5,8444656.05281002,-1413707.0528100217,3474383.4166666665,8403988.775238046,-1455221.9419047139,3529613.966666667,8456120.035764128,-1396892.1024307953,3282970.1666666665,8806780.192118824,-2240839.85878549,3515474.5,8444656.05281002,-1413707.0528100217,3282970.1666666665,8806780.192118824,-2240839.85878549
121,3289780.433333333,8149392.336029742,-1569831.4693630761,3240926.4,8102374.509209922,-1620521.7092099222,3291271.1,8149285.988677958,-1566743.7886779583,3296964.9,8674932.20599647,-2081002.4059964702,3289780.433333333,8149392.336029742,-1569831.4693630761,3296964.9,8674932.20599647,-2081002.4059964702
122,3081032.2,7871487.193002077,-1709422.7930020764,3034256.533333333,7827268.219936477,-1758755.1532698106,3084435.1333333333,7874253.866077406,-1705383.5994107393,3116049.2666666666,8341370.475200329,-2109271.9418669958,3081032.2,7871487.193002077,-1709422.7930020764,3116049.2666666666,8341370.475200329,-2109271.9418669958
123,2765468.7666666666,6811380.08678048,-1280442.553447147,2734204.1333333333,6781489.907024749,-1313081.6403580816,2793168.75,6836814.728004564,-1250477.2280045636,2928913.033333333,7575989.387526123,-1718163.3208594564,2765468.7666666666,6811380.08678048,-1280442.553447147,2928913.033333333,7575989.387526123,-1718163.3208594564
124,2884988.5,7139043.036652295,-1369066.036652295,2850187.0833333335,7105651.844406048,-1405277.6777393813,2902109.6666666665,7154115.306109335,-1349895.9727760018,3259548.6333333333,8498630.714017197,-1979533.4473505304,2884988.5,7139043.036652295,-1369066.036652295,3259548.6333333333,8498630.714017197,-1979533.4473505304
125,3929874.466666667,10037774.113471113,-2178025.1801377805,3878564.35,9989435.301341213,-2232306.6013412136,3937256.6333333333,10044169.318724055,-2169656.0520573887,3701710.8333333335,9743163.148806103,-2339741.482139436,3929874.466666667,10037774.113471113,-2178025.1801377805,3701710.8333333335,9743163.148806103,-2339741.482139436
126,2496903.6666666665,5857957.206280852,-864149.8729475192,2460253.716666667,5822504.996392839,-901997.5630595046,2520986.783333333,5879375.345427208,-837401.7787605412,2371843.466666667,6049243.143962413,-1305556.21062908,2496903.6666666665,5857957.206280852,-864149.8729475192,2371843.466666667,6049243.143962413,-1305556.21062908
127,2196765.1333333333,5287343.136058124,-893812.8693914572,2167127.5166666666,5258782.896440847,-924527.8631075136,2211695.35,5300464.571771521,-877073.8717715209,2232626.033333333,5688354.027128657,-1223101.9604619904,2196765.1333333333,5287343.136058124,-893812.8693914572,2232626.033333333,5688354.027128657,-1223101.9604619904
128,2140700.033333333,5115260.7693375815,-833860.7026709155,2110089.1,5085669.221591024,-865491.0215910231,2135025.0166666666,5108656.79500014,-838606.7616668069,2122249.6333333333,5440898.525248529,-1196399.2585818633,2140700.033333333,5115260.7693375815,-833860.7026709155,2122249.6333333333,5440898.525248529,-1196399.2585818633
129,2660332.3333333335,6610046.379585562,-1289381.7129188948,2619899.0166666666,6570725.734240955,-1330927.7009076215,2644473.533333333,6593378.811049123,-1304431.7443824569,2789813.2333333334,7351269.414041047,-1771642.9473743802,2660332.3333333335,6610046.379585562,-1289381.7129188948,2789813.2333333334,7351269.414041047,-1771642.9473743802
130,2804912.7333333334,6994071.696573571,-1384246.2299069045,2757301.7,6948128.299025899,-1433524.899025898,2786989.433333333,6975610.841446892,-1401631.9747802261,2600601.3666666667,6812363.7743319515,-1611161.0409986177,2804912.7333333334,6994071.696573571,-1384246.2299069045,2600601.3666666667,6812363.7743319515,-1611161.0409986177
131,2984814.1,7364711.746131808,-1395083.546131807,2949896.35,7331268.0940905865,-1431475.3940905868,2994596.283333333,7372851.116898085,-1383658.5502314186,2858219.066666667,7317230.164233178,-1600792.0308998446,2984814.1,7364711.746131808,-1395083.546131807,2858219.066666667,7317230.164233178,-1600792.0308998446
132,3079031.966666667,7846703.001827473,-1688639.0684941392,3046760.7,7815875.744141069,-1722354.3441410689,3098345.0833333335,7864162.642170938,-1667472.4755042703,2912949.8333333335,7715521.640019802,-1889621.973353135,3079031.966666667,7846703.001827473,-1688639.0684941392,2912949.8333333335,7715521.640019802,-1889621.973353135
133,3582921.1666666665,9008899.477595204,-1843057.144261871,3558137.316666667,8985601.023429021,-1869326.390095687,3630192.8,9052984.547038743,-1792598.9470387436,3401414.2666666666,8760986.376421722,-1958157.8430883884,3582921.1666666665,9008899.477595204,-1843057.144261871,3401414.2666666666,8760986.376421722,-1958157.8430883884
134,3018662.6,7140811.777424338,-1103486.577424338,2984341.1,7107445.235584322,-1138763.0355843226,3006960.9833333334,7127925.367417306,-1114003.4007506385,2936729.4,7328797.312968679,-1455338.5129686785,3018662.6,7140811.777424338,-1103486.577424338,2936729.4,7328797.312968679,-1455338.5129686785
135,3183635.533333333,7382886.376469352,-1015615.3098026859,3147063.5833333335,7348242.728278464,-1054115.5616117972,3184061.9833333334,7382170.37074568,-1014046.4040790135,3171205.6,7817627.921137309,-1475216.721137309,3183635.533333333,7382886.376469352,-1015615.3098026859,3171205.6,7817627.921137309,-1475216.721137309
136,2554839.433333333,5914985.723926814,-805306.8572601485,2514476.9166666665,5875766.068158342,-846812.234825009,2573458.9833333334,5930788.028901325,-783870.0622346578,2759961.2,6813054.987607239,-1293132.587607238,2554839.433333333,5914985.723926814,-805306.8572601485,2759961.2,6813054.987607239,-1293132.587607238
137,3040503.6666666665,7622944.016534351,-1541936.6832010173,3005824.816666667,7589731.196556823,-1578081.56322349,3047822.7666666666,7628814.458232543,-1533168.9248992102,3361131.1666666665,8872975.270062113,-2150712.9367287797,3040503.6666666665,7622944.016534351,-1541936.6832010173,3361131.1666666665,8872975.270062113,-2150712.9367287797
138,3591197.6333333333,9285251.629767956,-2102856.363101289,3554898.1333333333,9250589.837124012,-2140793.5704573463,3580295.2333333334,9274098.846340004,-2113508.3796733366,3835193.1333333333,10456276.214827096,-2785889.94816043,3591197.6333333333,9285251.629767956,-2102856.363101289,3835193.1333333333,10456276.214827096,-2785889.94816043
139,3783030.966666667,9770476.673537616,-2204414.740204281,3755290.25,9744282.91090405,-2233702.410904051,3793489.95,9779779.246719081,-2192799.3467190806,3661156.466666667,9875553.891610313,-2553240.9582769806,3783030.966666667,9770476.673537616,-2204414.740204281,3661156.466666667,9875553.891610313,-2553240.9582769806
140,3123747.7,7237201.738106508,-989706.3381065074,3100141.716666667,7215153.629247241,-1014870.1959139076,3152197.4833333334,7263116.50996048,-958721.5432938137,2843367.8333333335,6935058.890869819,-1248323.2242031512,3123747.7,7237201.738106508,-989706.3381065074,2843367.8333333335,6935058.890869819,-1248323.2242031512
141,3302299.466666667,7727935.047743278,-1123336.114409944,3267435.783333333,7695224.49929333,-1160352.9326266637,3320966.033333333,7744724.008685412,-1102791.9420187455,3055178.2333333334,7560766.491610731,-1450410.0249440642,3302299.466666667,7727935.047743278,-1123336.114409944,3055178.2333333334,7560766.491610731,-1450410.0249440642
142,3428238.6666666665,8328862.058927363,-1472384.7255940293,3397574.3666666667,8299427.660362488,-1504278.9270291547,3453132.0,8351159.823609099,-1444895.8236090988,3077230.533333333,7843764.997698528,-1689303.9310318613,3428238.6666666665,8328862.058927363,-1472384.7255940293,3077230.533333333,7843764.997698528,-1689303.9310318613
143,3315112.6,7892256.795003606,-1262031.5950036063,3296742.1333333333,7874908.746701049,-1281424.4800343825,3358262.7666666666,7932448.312823773,-1215922.7794904402,3202235.1,8006214.048999779,-1601743.8489997783,3315112.6,7892256.795003606,-1262031.5950036063,3202235.1,8006214.048999779,-1601743.8489997783
144,3222061.2,7530572.002047617,-1086449.6020476166,3193906.7333333334,7503865.898035124,-1116052.4313684572,3232046.066666667,7538959.414237816,-1074867.2809044817,3144729.4,7766661.986607298,-1477203.186607299,3222061.2,7530572.002047617,-1086449.6020476166,3144729.4,7766661.986607298,-1477203.186607299
145,3089047.466666667,7174023.058875268,-995928.1255419352,3063435.3666666667,7149569.520180643,-1022698.7868473097,3129955.65,7212436.613708369,-952525.3137083692,2789003.933333333,6791111.18107369,-1213103.314407024,3089047.466666667,7174023.058875268,-995928.1255419352,2789003.933333333,6791111.18107369,-1213103.314407024
146,2791274.1333333333,6368412.501512233,-785864.234845567,2761153.25,6339371.721777714,-817065.2217777139,2820236.85,6394412.978189854,-753939.2781898542,2396982.6,5874164.361627527,-1080199.1616275269,2791274.1333333333,6368412.501512233,-785864.234845567,2396982.6,5874164.361627527,-1080199.1616275269
147,2475766.7,5630685.433721462,-679152.0337214619,2436474.0833333335,5592762.243763693,-719814.0770970257,2485102.5833333335,5637720.217704313,-667515.0510376464,2152402.6666666665,5200595.67966689,-895790.3463335568,2475766.7,5630685.433721462,-679152.0337214619,2152402.6666666665,5200595.67966689,-895790.3463335568
148,2338977.8666666667,5360183.22178166,-682227.4884483269,2305730.6666666665,5328663.363315022,-717202.0299816886,2333553.15,5354147.592837684,-687041.292837684,2021241.6,4937670.441354263,-895187.2413542625,2338977.8666666667,5360183.22178166,-682227.4884483269,2021241.6,4937670.441354263,-895187.2413542625
149,2590338.7666666666,6143295.278591992,-962617.7452586587,2563505.966666667,6118042.032095401,-991030.0987620666,2603059.816666667,6154472.616741812,-948352.9834084781,2272300.6,5736153.030323571,-1191551.8303235709,2590338.7666666666,6143295.278591992,-962617.7452586587,2272300.6,5736153.030323571,-1191551.8303235709
150,3053685.7666666666,7265955.067248914,-1158583.5339155812,3012498.55,7226721.786529789,-1201724.6865297891,3015341.5166666666,7228764.618422739,-1198081.585089406,2671247.6,6824403.222952003,-1481908.022952003,3053685.7666666666,7265955.067248914,-1158583.5339155812,2671247.6,6824403.222952003,-1481908.022952003
151,2683909.3,6063042.55032009,-695223.9503200902,2648996.6666666665,6030071.692402007,-732078.359068674,2673752.8833333333,6052425.524706772,-704919.758040105,2319335.3,5567134.4216567855,-928463.8216567854,2683909.3,6063042.55032009,-695223.9503200902,2319335.3,5567134.4216567855,-928463.8216567854
152,2814327.7333333334,6416292.638090709,-787637.171424042,2769241.5,6372145.439403745,-833662.4394037453,2797435.65,6397388.643707678,-802517.3437076779,2479225.033333333,5940713.730789174,-982263.6641225079,2814327.7333333334,6416292.638090709,-787637.171424042,2479225.033333333,5940713.730789174,-982263.6641225079
153,3731268.3666666667,9163606.354925508,-1701069.6215921747,3703682.033333333,9137687.538023528,-1730323.4713568613,3727549.2,9159405.811287612,-1704307.4112876114,3376195.5,8638027.771361075,-1885636.7713610753,3731268.3666666667,9163606.354925508,-1701069.6215921747,3376195.5,8638027.771361075,-1885636.7713610753
154,2380074.966666667,5560511.82571534,-800361.8923820062,2341149.1666666665,5522718.958376616,-840420.6250432837,2351727.6666666665,5531675.469082612,-828220.1357492786,2037894.5,5148467.738093173,-1072678.7380931736,2380074.966666667,5560511.82571534,-800361.8923820062,2037894.5,5148467.738093173,-1072678.7380931736
155,3383191.6,8173191.396700142,-1406808.1967001422,3338486.45,8129722.338840135,-1452749.438840135,3362517.3,8151702.045364975,-1426667.4453649754,2909869.6666666665,7623864.303170215,-1804124.9698368828,3383191.6,8173191.396700142,-1406808.1967001422,2909869.6666666665,7623864.303170215,-1804124.9698368828
156,2818847.7666666666,6513803.193244133,-876107.6599107995,2789733.6,6485248.904354164,-905781.7043541647,2823813.65,6516302.013615625,-868674.7136156247,2389569.7,5982315.80622125,-1203176.40622125,2818847.7666666666,6513803.193244133,-876107.6599107995,2389569.7,5982315.80622125,-1203176.40622125
157,2967834.8666666667,6915273.719804787,-979603.9864714537,2919808.45,6867952.443614523,-1028335.5436145226,2915247.9833333334,6860622.6928074155,-1030126.7261407492,2509889.5,6359593.122231284,-1339814.1222312846,2967834.8666666667,6915273.719804787,-979603.9864714537,2509889.5,6359593.122231284,-1339814.1222312846
158,2793607.8333333335,6542874.402764112,-955658.7360974443,2745188.316666667,6496030.791847041,-1005654.1585137071,2733045.933333333,6484101.552641232,-1018009.6859745649,2439081.1666666665,6099375.64596444,-1221213.3126311065,2793607.8333333335,6542874.402764112,-955658.7360974443,2439081.1666666665,6099375.64596444,-1221213.3126311065
159,2804017.9,6878917.915738555,-1270882.1157385544,2749720.066666667,6826391.4471729575,-1326951.3138396237,2746613.8833333333,6823068.565748561,-1329840.7990818946,2502912.6333333333,6427729.182105927,-1421903.9154392602,2804017.9,6878917.915738555,-1270882.1157385544,2502912.6333333333,6427729.182105927,-1421903.9154392602
160,2846332.1,7219915.158892693,-1527250.9588926933,2791355.216666667,7165923.809452173,-1583213.3761188397,2785890.7333333334,7158905.423762823,-1587123.9570961567,2529085.0,6783572.725548007,-1725402.7255480066,2846332.1,7219915.158892693,-1527250.9588926933,2529085.0,6783572.725548007,-1725402.7255480066
161,3308385.066666667,8285381.233641246,-1668611.100307912,3263451.1166666667,8241925.037537109,-1715022.8042037752,3275231.35,8251682.684337599,-1701219.9843375986,2915834.566666667,7767849.777994879,-1936180.6446615444,3308385.066666667,8285381.233641246,-1668611.100307912,2915834.566666667,7767849.777994879,-1936180.6446615444
162,3885396.933333333,9823811.529438758,-2053017.6627720916,3841196.966666667,9781437.941385057,-2099044.0080517223,3862279.933333333,9800048.629698213,-2075488.7630315474,3469305.7666666666,9281283.840566231,-2342672.3072328977,3885396.933333333,9823811.529438758,-2053017.6627720916,3469305.7666666666,9281283.840566231,-2342672.3072328977
163,4107351.7666666666,10484931.830006966,-2270228.296673633,4052485.95,10432239.77539938,-2327267.875399378,4061054.85,10439451.985982338,-2317342.2859823382,3715466.433333333,9922913.748697331,-2491980.8820306654,4107351.7666666666,10484931.830006966,-2270228.296673633,3715466.433333333,9922913.748697331,-2491980.8820306654
164,3899725.2666666666,9887027.62552602,-2087577.092192687,3865089.05,9853896.851344846,-2123718.7513448475,3842595.2,9832367.655566681,-2147177.25556668,3528147.3666666667,9456298.652574813,-2400003.91924148,3899725.2666666666,9887027.62552602,-2087577.092192687,3528147.3666666667,9456298.652574813,-2400003.91924148
165,4137444.033333333,10386940.94642317,-2112052.879756502,4102990.933333333,10354331.731297014,-2148349.8646303476,4095512.8833333333,10345048.986234028,-2154023.219567361,3723656.566666667,9838041.913339566,-2390728.780006233,4137444.033333333,10386940.94642317,-2112052.879756502,3723656.566666667,9838041.913339566,-2390728.780006233
166,4918711.666666667,12592918.378396366,-2755495.045063032,4873745.4,12549763.456345178,-2802272.6563451774,4856638.383333334,12531948.80329433,-2818672.036627664,4450615.4,11957942.313812893,-3056711.513812893,4918711.666666667,12592918.378396366,-2755495.045063032,4450615.4,11957942.313812893,-3056711.513812893
167,4556932.766666667,11174597.139492888,-2060731.6061595539,4521608.883333334,11140789.893432725,-2097572.1267660568,4440118.1,11060110.45514835,-2179874.255148351,4122498.433333333,10670963.64971557,-2425966.783048905,4556932.766666667,11174597.139492888,-2060731.6061595539,4122498.433333333,10670963.64971557,-2425966.783048905
168,4001296.8666666667,9696091.610552644,-1693497.8772193105,3958339.95,9654929.920796996,-1738250.0207969956,3892611.2333333334,9589457.847355058,-1804235.3806883916,3526491.033333333,9057633.89638007,-2004651.829713405,4001296.8666666667,9696091.610552644,-1693497.8772193105,3526491.033333333,9057633.89638007,-2004651.829713405
169,3668697.033333333,8807701.45240855,-1470307.385741884,3626308.033333333,8767455.712266512,-1514839.6455998467,3606206.183333333,8747350.758503757,-1534938.3918370917,3232815.433333333,8248010.35074117,-1782379.4840745036,3668697.033333333,8807701.45240855,-1470307.385741884,3232815.433333333,8248010.35074117,-1782379.4840745036
170,3155932.466666667,7550602.6003086,-1238737.6669752663,3101277.316666667,7496864.816377057,-1294310.1830437235,3088678.25,7485407.583670603,-1308051.083670603,2771429.2333333334,7066664.101867474,-1523805.635200807,3155932.466666667,7550602.6003086,-1238737.6669752663,2771429.2333333334,7066664.101867474,-1523805.635200807
171,3222163.966666667,7658664.789513108,-1214336.8561797747,3157835.8,7595703.892908915,-1280032.2929089153,3139186.5,7576434.271272275,-1298061.2712722747,2796190.1999999997,7128601.470317101,-1536221.0703171021,3222163.966666667,7658664.789513108,-1214336.8561797747,2796190.1999999997,7128601.470317101,-1536221.0703171021
172,3440044.1666666665,8007419.994739644,-1127331.6614063117,3381484.35,7951095.044090301,-1188126.3440903001,3381322.8333333335,7950900.769479131,-1188255.1028124648,3042892.7,7501007.349876422,-1415221.949876422,3440044.1666666665,8007419.994739644,-1127331.6614063117,3042892.7,7501007.349876422,-1415221.949876422
173,3809011.8,9277842.865312336,-1659819.2653123364,3755512.683333333,9226237.861283679,-1715212.4946170119,3736773.716666667,9209224.192570176,-1735676.7592368415,3444742.8333333335,8774190.272123938,-1884704.605457272,3809011.8,9277842.865312336,-1659819.2653123364,3444742.8333333335,8774190.272123938,-1884704.605457272
174,3543822.8333333335,8494079.618187448,-1406433.9515207815,3492598.05,8443641.387011617,-1458445.2870116187,3438151.1666666665,8391591.990914583,-1515289.6575812497,3187472.1666666665,8095154.640282113,-1720210.3069487805,3543822.8333333335,8494079.618187448,-1406433.9515207815,3187472.1666666665,8095154.640282113,-1720210.3069487805
175,4461967.933333334,11045653.36529367,-2121717.498627004,4414869.9,10999883.87582443,-2170144.0758244293,4364028.85,10950873.90663233,-2222816.206632332,4065407.7333333334,10666987.727160567,-2536172.2604939006,4461967.933333334,11045653.36529367,-2121717.498627004,4065407.7333333334,10666987.727160567,-2536172.2604939006
176,4002159.6666666665,9459746.49781506,-1455427.164481727,3934048.0166666666,9392169.50799418,-1524073.4746608473,3881575.683333333,9339773.951411618,-1576622.5847449522,3484427.533333333,8960642.508367589,-1991787.4417009223,4002159.6666666665,9459746.49781506,-1455427.164481727,3484427.533333333,8960642.508367589,-1991787.4417009223
177,3612561.4,8293002.4927934185,-1067879.6927934182,3539278.6,8218911.211319579,-1140354.0113195782,3456155.0833333335,8131911.811778747,-1219601.64511208,3162678.066666667,7848865.825376388,-1523509.6920430535,3612561.4,8293002.4927934185,-1067879.6927934182,3162678.066666667,7848865.825376388,-1523509.6920430535
178,3605206.6,8254205.742253836,-1043792.5422538365,3547448.816666667,8196796.758601384,-1101899.12526805,3454265.566666667,8101198.235818911,-1192667.102485577,3007045.2333333334,7495197.743195199,-1481107.2765285326,3605206.6,8254205.742253836,-1043792.5422538365,3007045.2333333334,7495197.743195199,-1481107.2765285326
179,2949844.8333333335,6645848.573407756,-746158.9067410887,2886530.65,6584006.05317357,-810944.7531735706,2852771.183333333,6551103.185131142,-845560.8184644761,2546285.6333333333,6093536.229432748,-1000964.9627660811,2949844.8333333335,6645848.573407756,-746158.9067410887,2546285.6333333333,6093536.229432748,-1000964.9627660811
180,2599385.3333333335,6001103.251298977,-802332.5846323106,2540769.2333333334,5944274.201210143,-862735.7345434758,2555038.6333333333,5957155.877041235,-847078.610374568,2265809.7,5528775.678784069,-997156.2787840683,2599385.3333333335,6001103.251298977,-802332.5846323106,2265809.7,5528775.678784069,-997156.2787840683
181,2979967.033333333,6684721.489755666,-724787.423088999,2896927.1666666665,6602852.329496616,-808997.9961632825,2915955.8833333333,6619509.745494271,-787597.9788276036,2605485.433333333,6155352.040588177,-944381.1739215106,2979967.033333333,6684721.489755666,-724787.423088999,2605485.433333333,6155352.040588177,-944381.1739215106
182,3044371.4,6501366.405581286,-412623.60558128636,2966772.466666667,6425328.47572686,-491783.54239352606,2954098.45,6410595.468633777,-502398.5686337771,2579735.8666666667,5856616.726096645,-697144.9927633116,3044371.4,6501366.405581286,-412623.60558128636,2579735.8666666667,5856616.726096645,-697144.9927633116
183,2661445.1333333333,5619767.371586139,-296877.1049194727,2603993.25,5564055.092516586,-356068.5925165857,2616753.3,5574570.876806123,-341064.27680612355,2275324.1333333333,5045029.220549125,-494380.9538824586,2661445.1333333333,5619767.371586139,-296877.1049194727,2275324.1333333333,5045029.220549125,-494380.9538824586
184,2710514.7666666666,5693285.206643812,-272255.6733104787,2662219.9833333334,5646571.196816664,-322131.23014999786,2653131.1333333333,5636484.282953342,-330222.0162866758,2397951.566666667,5375717.911589377,-579814.7782560424,2710514.7666666666,5693285.206643812,-272255.6733104787,2397951.566666667,5375717.911589377,-579814.7782560424
185,2521419.1333333333,5127455.978587456,-84617.71192078898,2482736.3,5090600.775312969,-125128.17531296937,2471950.7,5071691.2841399545,-127789.88413995411,2158295.5,4745913.626709281,-429322.62670928007,2521419.1333333333,5127455.978587456,-84617.71192078898,2158295.5,4745913.626709281,-429322.62670928007
186,2217767.7333333334,4377834.92189091,57700.54477575701,2162509.533333333,4320771.597262839,4247.469403828029,2142672.9166666665,4287374.920802318,-2029.0874689850025,1853062.0666666667,3983285.817030995,-277161.6836976621,2217767.7333333334,4377834.92189091,57700.54477575701,1853062.0666666667,3983285.817030995,-277161.6836976621
187,2069447.9,4277940.295400336,-139044.49540033657,2013194.0,4222288.951661963,-195900.95166196255,2046603.1833333333,4259086.576919071,-165880.2102524049,1713263.9,3901313.230715407,-474785.43071540724,2069447.9,4277940.295400336,-139044.49540033657,1713263.9,3901313.230715407,-474785.43071540724
188,1931759.7333333334,3953991.451958107,-90471.98529144004,1867505.15,3889283.179704929,-154272.8797049292,1844958.25,3860450.8948622746,-170534.39486227487,1577980.4,3569113.9913436472,-413153.1913436472,1931759.7333333334,3953991.451958107,-90471.98529144004,1577980.4,3569113.9913436472,-413153.1913436472
189,1722451.7333333334,3540432.846946598,-95529.380279931,1666344.95,3484154.238444831,-151464.33844483108,1664909.9,3477951.0163342687,-148131.21633426892,1388446.8666666667,3055162.280386897,-278268.54705356364,1722451.7333333334,3540432.846946598,-95529.380279931,1388446.8666666667,3055162.280386897,-278268.54705356364
190,1989182.5,4077830.27887907,-99465.27887907019,1920706.35,4006214.1028257553,-164801.40282575507,1901532.6666666667,3981284.592985795,-178219.25965246162,1581936.7,3529559.348646438,-365685.9486464383,1989182.5,4077830.27887907,-99465.27887907019,1581936.7,3529559.348646438,-365685.9486464383
191,2179835.4,4462913.44233104,-103242.64233104046,2115599.05,4397227.922638666,-166029.82263866626,2053510.0666666667,4328845.030752722,-221824.8974193891,1735715.8333333333,3882998.72361146,-411567.0569447938,2179835.4,4462913.44233104,-103242.64233104046,1735715.8333333333,3882998.72361146,-411567.0569447938
192,2313064.2333333334,4866585.827168638,-240457.3605019711,2243154.3833333333,4794085.390483879,-307776.6238172115,2167699.466666667,4699668.285791904,-364269.3524585706,1846124.4,4222928.822960958,-530680.0229609581,2313064.2333333334,4866585.827168638,-240457.3605019711,1846124.4,4222928.822960958,-530680.0229609581
193,2274292.1,4626992.389549519,-78408.18954951875,2203650.45,4555202.974839818,-147902.07483981736,2193550.3666666667,4542314.655849391,-155213.92251605727,1796256.8666666667,3950322.738925632,-357809.0055922987,2274292.1,4626992.389549519,-78408.18954951875,1796256.8666666667,3950322.738925632,-357809.0055922987
194,2809759.066666667,6090138.409235783,-470620.2759024487,2736474.316666667,6015495.532401383,-542546.8990680487,2738072.1166666667,6019108.402407564,-542964.1690742304,2314056.1666666665,5513221.263090793,-885108.9297574605,2809759.066666667,6090138.409235783,-470620.2759024487,2314056.1666666665,5513221.263090793,-885108.9297574605
195,2908378.7,6358773.853788927,-542016.4537889268,2812672.066666667,6259742.606311523,-634398.4729781896,2751785.5,6196943.336875411,-693372.3368754103,2378927.7666666666,5765398.048744339,-1007542.5154110054,2908378.7,6358773.853788927,-542016.4537889268,2378927.7666666666,5765398.048744339,-1007542.5154110054
196,2904054.6,6315154.066808327,-507044.8668083269,2811135.25,6218124.568595187,-595854.0685951868,2832673.3666666667,6248306.237478146,-582959.5041448134,2365584.533333333,5699235.013285054,-968065.946618387,2904054.6,6315154.066808327,-507044.8668083269,2365584.533333333,5699235.013285054,-968065.946618387
197,3095490.033333333,6847783.833406962,-656803.7667402956,3022236.4833333334,6773069.325086134,-728596.3584194668,2868395.1666666665,6607051.566162197,-870261.2328288639,2502488.066666667,6180145.013320204,-1175168.8799868696,3095490.033333333,6847783.833406962,-656803.7667402956,2502488.066666667,6180145.013320204,-1175168.8799868696
198,2977801.1333333333,6814347.793884402,-858745.5272177351,2900465.5833333335,6736197.53276362,-935266.3660969529,2877777.466666667,6718008.294807295,-962453.3614739617,2497139.3,6277707.507083872,-1283428.9070838732,2977801.1333333333,6814347.793884402,-858745.5272177351,2497139.3,6277707.507083872,-1283428.9070838732
199,3142553.5,7467272.966769109,-1182165.9667691085,3081732.65,7407473.306426626,-1244008.0064266264,3055881.3666666667,7383043.362803124,-1271280.629469791,2731267.4,6935137.649516646,-1472602.8495166455,3142553.5,7467272.966769109,-1182165.9667691085,2731267.4,6935137.649516646,-1472602.8495166455
200,614745.0333333333,1167543.7978348918,61946.26883177494,614722.25,1167524.367013414,61920.13298658619,626474.85,1178201.195518016,74748.50448198407,559228.3666666667,1089383.1991975792,29073.534135754337,614745.0333333333,1167543.7978348918,61946.26883177494,559228.3666666667,1089383.1991975792,29073.534135754337
201,900205.7,1787651.2621964663,12760.137803533464,890804.6333333333,1778922.1246652845,2687.1420013820753,906026.4333333333,1792630.8628859618,19422.003780704807,832025.0333333333,1691764.3139082477,-27714.247241580975,900205.7,1787651.2621964663,12760.137803533464,832025.0333333333,1691764.3139082477,-27714.247241580975
202,913027.5,1863991.5688991314,-37936.56889913126,904278.1166666667,1855872.19535013,-47315.96201679681,950271.4166666666,1901314.1775321553,-771.3441988220438,836799.1,1746724.4717399874,-73126.27173998754,913027.5,1863991.5688991314,-37936.56889913126,836799.1,1746724.4717399874,-73126.27173998754
203,1083065.1333333333,2249787.374280583,-83657.10761391651,1083029.65,2249756.2500279658,-83696.95002796571,1120134.9166666667,2288114.41165525,-47844.578321916284,998516.9666666667,2152011.1303418977,-154977.19700856425,1083065.1333333333,2249787.374280583,-83657.10761391651,998516.9666666667,2152011.1303418977,-154977.19700856425
204,1044111.9,1982125.1924385093,106098.60756149085,1043998.7833333333,1982028.6993388105,105968.86732785625,1072075.85,2012383.853202349,131767.84679765126,1000083.7,1933158.3429740663,67009.05702593352,1044111.9,1982125.1924385093,106098.60756149085,1000083.7,1933158.3429740663,67009.05702593352
205,1086807.1666666667,2136392.1427073814,37222.19062595209,1079056.3,2129363.1558194323,28749.44418056775,1095680.5666666667,2144944.420246,46416.713087333366,1075734.3666666667,2123942.555147598,27526.17818573548,1086807.1666666667,2136392.1427073814,37222.19062595209,1075734.3666666667,2123942.555147598,27526.17818573548
206,1129551.3333333333,2223219.142261017,35883.5244056494,1129433.6,2223117.40994119,35749.79005881003,1136924.9,2229687.497393011,44162.3026069887,1114570.6333333333,2208557.0016234377,20584.265043228865,1129551.3333333333,2223219.142261017,35883.5244056494,1114570.6333333333,2208557.0016234377,20584.265043228865
207,849289.9666666667,1580834.5637336627,117745.36959967064,849225.0666666667,1580779.6170830806,117670.51625025284,849262.0166666667,1580810.9091085726,117713.12422476069,806637.8,1533843.2980754958,79432.30192450422,849289.9666666667,1580834.5637336627,117745.36959967064,806637.8,1533843.2980754958,79432.30192450422
208,709963.5333333333,1315589.8775895666,104337.18907710013,709934.8666666667,1315565.6569975703,104304.07633576321,716660.3666666667,1321390.9254271502,111929.80790618318,694666.1666666666,1299686.6942982345,89645.63903509872,709963.5333333333,1315589.8775895666,104337.18907710013,694666.1666666666,1299686.6942982345,89645.63903509872
209,643067.1,1209502.1916369693,76632.00836303062,643013.9,1209456.9582497438,76570.84175025625,642983.3,1209430.947729054,76535.65227094607,650765.3,1216970.885866343,84559.71413365693,643067.1,1209502.1916369693,76632.00836303062,650765.3,1216970.885866343,84559.71413365693
210,530753.0333333333,1032403.7861082291,29102.280558437633,530739.1166666667,1032391.7813107856,29086.452022547892,530408.1,1032106.6746520118,28709.525347988063,506314.6666666667,988511.4582036452,24117.875129688182,530753.0333333333,1032403.7861082291,29102.280558437633,506314.6666666667,988511.4582036452,24117.875129688182
211,662252.0666666667,1355335.5148868826,-30831.38155354932,654589.5666666667,1348144.9752657712,-38965.841932437965,655070.7,1348588.5452528521,-38447.14525285212,636609.3666666667,1316910.5043717287,-43691.771038395236,662252.0666666667,1355335.5148868826,-30831.38155354932,636609.3666666667,1316910.5043717287,-43691.771038395236
212,983068.4333333333,2281748.2984598074,-315611.4317931407,975723.3,2274896.115289386,-323449.5152893858,976295.9333333333,2275425.857084778,-322833.9904181112,907127.8,2200735.4961043047,-386479.8961043046,983068.4333333333,2281748.2984598074,-315611.4317931407,907127.8,2200735.4961043047,-386479.8961043046
213,859039.1333333333,1875064.053227868,-156985.78656120144,858772.25,1874826.7642949773,-157282.2642949773,858869.0333333333,1874912.7448451468,-157174.67817848013,800540.6666666666,1811541.321704435,-210459.98837110167,859039.1333333333,1875064.053227868,-156985.78656120144,800540.6666666666,1811541.321704435,-210459.98837110167
214,685087.5666666667,1370965.861261251,-790.727927917731,684871.75,1370778.0012187345,-1034.501218734542,692250.45,1377353.7056049546,7147.194395045168,636406.6,1317027.9372072075,-44214.737207207596,685087.5666666667,1370965.861261251,-790.727927917731,636406.6,1317027.9372072075,-44214.737207207596
215,763882.1666666666,1623602.752857788,-95838.41952445463,754043.25,1614241.9649848659,-106155.46498486598,755631.6333333333,1615726.1283179282,-104462.86165126157,759116.5333333333,1619029.3634684975,-100796.29680183087,763882.1666666666,1623602.752857788,-95838.41952445463,759116.5333333333,1619029.3634684975,-100796.29680183087
216,878294.2666666667,1873196.8155714641,-116608.28223813057,869538.8166666667,1864999.1914868047,-125921.55815347144,871372.7333333333,1866692.839579091,-123947.37291242438,843103.1333333333,1839584.589594008,-153378.32292734133,878294.2666666667,1873196.8155714641,-116608.28223813057,843103.1333333333,1839584.589594008,-153378.32292734133
217,531649.2333333333,1120655.996908701,-57357.53024203447,531622.5833333334,1120632.520311513,-57387.35364484624,531549.95,1120568.541940086,-57468.641940086265,475345.0333333333,1060089.5808175118,-109399.51415084512,531649.2333333333,1120655.996908701,-57357.53024203447,475345.0333333333,1060089.5808175118,-109399.51415084512
218,566518.5666666667,1237177.2162636877,-104140.08293035452,566432.0833333334,1237100.3155503722,-104236.1488837055,566583.4166666666,1237235.008869078,-104068.17553574487,537617.2,1209004.0678574857,-133769.66785748594,566518.5666666667,1237177.2162636877,-104140.08293035452,537617.2,1209004.0678574857,-133769.66785748594
219,513290.8,1108836.4123375313,-82254.81233753142,513206.85,1108761.9816382024,-82348.28163820249,513348.06666666665,1108887.280874215,-82191.14754088165,496840.06666666665,1093359.2394617847,-99679.1061284513,513290.8,1108836.4123375313,-82254.81233753142,496840.06666666665,1093359.2394617847,-99679.1061284513
220,462632.93333333335,969751.3820709975,-44485.5154043308,462341.9,969494.1128822048,-44810.31288220477,463097.4,970163.3684458681,-43968.56844586809,462222.56666666665,969433.0368590575,-44987.90352572419,462632.93333333335,969751.3820709975,-44485.5154043308,462222.56666666665,969433.0368590575,-44987.90352572419
221,518437.63333333336,1030986.8862109432,5888.380455723498,484242.0,987658.1380988621,-19174.13809886214,480444.6666666667,983526.5774709932,-22637.244137659727,420268.4,895323.1376750194,-54786.33767501934,518437.63333333336,1030986.8862109432,5888.380455723498,420268.4,895323.1376750194,-54786.33767501934
222,435301.23333333334,857811.7761914604,12790.690475206298,426650.06666666665,849274.3093573125,4025.823976020736,434113.18333333335,856608.033122261,11618.333544405643,396928.76666666666,804612.539273411,-10755.005940077768,435301.23333333334,857811.7761914604,12790.690475206298,396928.76666666666,804612.539273411,-10755.005940077768
223,442501.2,981642.6494795654,-96640.24947956536,442493.86666666664,981636.1118239576,-96648.37849062431,442476.5833333333,981620.7051189034,-96667.53845223685,405009.0,938305.7022802121,-128287.70228021208,442501.2,981642.6494795654,-96640.24947956536,405009.0,938305.7022802121,-128287.70228021208
224,613757.7666666667,1303008.5791662051,-75493.04583287158,607057.6,1296706.1093431162,-82590.9093431161,608055.1333333333,1297630.1057449777,-81519.83907831111,555834.6666666666,1240304.9151905724,-128635.58185723913,613757.7666666667,1303008.5791662051,-75493.04583287158,555834.6666666666,1240304.9151905724,-128635.58185723913
225,669257.3666666667,1493705.4122112542,-155190.67887792084,659107.3166666667,1483893.502552261,-165678.8692189278,660723.1833333333,1485424.3844628208,-163978.01779615425,638796.3333333334,1464345.4501436213,-186752.78347695468,669257.3666666667,1493705.4122112542,-155190.67887792084,638796.3333333334,1464345.4501436213,-186752.78347695468
226,595697.0333333333,1306168.7255108643,-114774.65884419763,593897.65,1304462.7555950289,-116667.45559502882,601244.0166666667,1311148.4862133814,-108660.45288004784,556100.8666666667,1262506.906651331,-150305.17331799783,595697.0333333333,1306168.7255108643,-114774.65884419763,556100.8666666667,1262506.906651331,-150305.17331799783
227,578207.4666666667,1181677.6426381427,-25262.709304809454,552172.1166666667,1152486.4515164848,-48142.21818315156,539809.65,1140057.9146102255,-60438.61461022543,473369.93333333335,1056302.0432110257,-109562.17654435884,578207.4666666667,1181677.6426381427,-25262.709304809454,473369.93333333335,1056302.0432110257,-109562.17654435884
228,682989.1333333333,1428602.4589937592,-62624.192327092635,654668.35,1397424.4765707788,-88087.7765707788,644445.7333333333,1387145.6059998572,-98254.13933319075,605150.1666666666,1342474.767535445,-132174.4342021118,682989.1333333333,1428602.4589937592,-62624.192327092635,605150.1666666666,1342474.767535445,-132174.4342021118
229,643328.5666666667,1336252.4769493968,-49595.343616063474,624562.3333333334,1317297.903079404,-68173.23641273717,616764.4833333333,1309870.3690940458,-76341.40242737939,604209.6333333333,1298257.8714244524,-89838.60475778568,643328.5666666667,1336252.4769493968,-49595.343616063474,604209.6333333333,1298257.8714244524,-89838.60475778568
230,618756.4666666667,1324496.0002189386,-86983.0668856051,615545.8333333334,1321420.609685496,-90328.94301882922,615400.0666666667,1321291.5855766856,-90491.45224335219,645605.6666666666,1350841.4700944438,-59630.13676111051,618756.4666666667,1324496.0002189386,-86983.0668856051,645605.6666666666,1350841.4700944438,-59630.13676111051
231,1221823.5666666667,2435059.083608717,8588.04972461611,1212186.3333333333,2426384.2762859436,-2011.609619276831,1212941.3166666667,2427058.9507206595,-1176.3173873263877,1236760.2,2443510.4135720357,30009.98642796441,1221823.5666666667,2435059.083608717,8588.04972461611,1236760.2,2443510.4135720357,30009.98642796441
232,1222345.6333333333,2678094.9080709787,-233403.6414043121,1211626.95,2668255.095202408,-245001.19520240766,1212777.0,2669305.596650237,-243751.59665023745,1215728.8,2673509.680749192,-242052.08074919204,1222345.6333333333,2678094.9080709787,-233403.6414043121,1215728.8,2673509.680749192,-242052.08074919204
233,1275551.1,2696726.8428611825,-145624.64286118234,1272586.5666666667,2694069.6326717157,-148896.4993383824,1279181.0,2699943.570557989,-141581.57055798895,1255008.8,2675797.651186158,-165780.05118615762,1275551.1,2696726.8428611825,-145624.64286118234,1255008.8,2675797.651186158,-165780.05118615762
234,1055386.5,2150297.0424257005,-39524.04242570046,1051550.3833333333,2146832.026258951,-43731.25959228468,1051305.3833333333,2146617.9594566766,-44007.19279001001,986658.2333333333,2075934.8634959506,-102618.39682928415,1055386.5,2150297.0424257005,-39524.04242570046,986658.2333333333,2075934.8634959506,-102618.39682928415
235,1126061.5666666667,2438379.024954914,-186255.89162158058,1122686.7333333334,2435323.691988752,-189950.22532208543,1122530.2333333334,2435184.856718894,-190124.39005222754,1136553.8666666667,2437274.769671252,-164167.03633791883,1126061.5666666667,2438379.024954914,-186255.89162158058,1136553.8666666667,2437274.769671252,-164167.03633791883
236,963780.2333333333,2097056.446410745,-169495.97974407848,961157.6333333333,2094687.4618817468,-172372.19521508017,960958.9666666667,2094510.9510135232,-172593.01768018992,944042.7666666667,2079113.3138802005,-191027.78054686694,963780.2333333333,2097056.446410745,-169495.97974407848,944042.7666666667,2079113.3138802005,-191027.78054686694
237,848134.9333333333,1717515.2649830142,-21245.39831634739,846334.45,1715911.261245273,-23242.361245273263,845775.7166666667,1715423.5127169238,-23872.079383590375,796997.0666666667,1667729.4970089113,-73735.36367557815,848134.9333333333,1717515.2649830142,-21245.39831634739,796997.0666666667,1667729.4970089113,-73735.36367557815
238,760466.9,1648889.629863441,-127955.82986344083,759763.7833333333,1648262.8542101525,-128735.28754348587,759276.4333333333,1647829.6848345841,-129276.81816791755,755038.6,1643733.698532785,-133656.4985327851,760466.9,1648889.629863441,-127955.82986344083,755038.6,1643733.698532785,-133656.4985327851
239,892359.4,1843327.4593607537,-58608.65936075349,891107.1,1842216.6130307352,-60002.41303073522,890873.2666666667,1842011.6131940247,-60265.07986069133,865279.8,1818303.8451074646,-87744.24510746438,892359.4,1843327.4593607537,-58608.65936075349,865279.8,1818303.8451074646,-87744.24510746438
240,937492.9,1909776.074749535,-34790.27474953502,933980.6,1906629.7100150168,-38668.51001501689,933663.5833333334,1906352.6190273562,-39025.45236068941,929413.2,1902567.7600906948,-43741.360090694856,937492.9,1909776.074749535,-34790.27474953502,929413.2,1902567.7600906948,-43741.360090694856
241,1128998.5333333334,2377938.2521422175,-119941.18547555059,1124981.9,2374314.833039123,-124351.03303912329,1124360.4,2373766.4416698273,-125045.64166982751,1131026.8333333333,2362771.8101981273,-100718.14353146101,1128998.5333333334,2377938.2521422175,-119941.18547555059,1131026.8333333333,2362771.8101981273,-100718.14353146101
242,1244596.5,2602379.5927212206,-113186.59272122057,1241598.45,2599703.8628569515,-116506.9628569514,1241049.05,2599220.0763826603,-117121.97638265998,1205327.8666666667,2563668.8035729225,-153013.07023958908,1244596.5,2602379.5927212206,-113186.59272122057,1205327.8666666667,2563668.8035729225,-153013.07023958908
243,1242583.0333333334,2410762.9242607183,74403.1424059486,1240145.7666666666,2408633.172945817,71658.36038751644,1239391.8833333333,2407983.708740591,70800.05792607553,1190887.1,2359888.3729121108,21885.82708788966,1242583.0333333334,2410762.9242607183,74403.1424059486,1190887.1,2359888.3729121108,21885.82708788966
244,1010252.8666666667,1969431.4107838608,51074.32254947268,1007178.9666666667,1966712.1760264444,47645.75730688905,1006788.5833333334,1966375.4715644754,47201.6951021913,929432.7,1887945.25530932,-29079.855309320148,1010252.8666666667,1969431.4107838608,51074.32254947268,929432.7,1887945.25530932,-29079.855309320148
245,1049898.9333333333,2160910.9790590196,-61113.112392352894,1046667.8,2158019.9708912997,-64684.3708912998,1046131.4333333333,2157549.362399482,-65286.49573281547,1033883.2666666667,2146263.0664758496,-78496.53314251604,1049898.9333333333,2160910.9790590196,-61113.112392352894,1033883.2666666667,2146263.0664758496,-78496.53314251604
246,1244305.2666666666,2512935.976532786,-24325.443199452944,1241617.55,2510425.4480286045,-27190.34802860464,1241346.3833333333,2510188.931771368,-27496.165104701417,1178284.0,2449280.6298149396,-92712.62981493957,1244305.2666666666,2512935.976532786,-24325.443199452944,1178284.0,2449280.6298149396,-92712.62981493957
247,1137837.8666666667,2282029.28397848,-6353.550645146286,1137166.0166666666,2281441.853453518,-7109.8201201844495,1136605.7,2280954.2872844366,-7742.887284436729,1063325.9333333333,2207906.4915192383,-81254.62485257164,1137837.8666666667,2282029.28397848,-6353.550645146286,1063325.9333333333,2207906.4915192383,-81254.62485257164
248,1048217.2333333333,2091586.8000617474,4847.666604919126,1047749.55,2091179.5925407805,4319.507459219545,1046233.1,2089860.2153687289,2605.9846312711015,1006632.5666666667,2049863.2028705422,-36598.069537208765,1048217.2333333333,2091586.8000617474,4847.666604919126,1006632.5666666667,2049863.2028705422,-36598.069537208765
249,753179.8333333334,1480927.3042391716,25432.36242749507,752462.7333333333,1480303.2432633163,24622.223403350334,751905.7,1479821.553206137,23989.846793863107,753523.0333333333,1481471.5514934168,25574.515173249878,753179.8333333334,1480927.3042391716,25432.36242749507,753523.0333333333,1481471.5514934168,25574.515173249878
250,676726.6333333333,1244088.418394081,109364.84827258554,675437.7333333333,1242978.6028773268,107896.86378933967,674854.1333333333,1242485.025015414,107223.24165125261,667689.5333333333,1235236.6048663792,100142.46180028748,676726.6333333333,1244088.418394081,109364.84827258554,667689.5333333333,1235236.6048663792,100142.46180028748
251,781790.1666666666,1507712.8393751644,55867.493958168896,779344.0333333333,1505544.40704452,53143.65962214675,778012.7333333333,1504394.692837061,51630.77382960555,766434.7333333333,1476723.3759353892,56146.09073127748,781790.1666666666,1507712.8393751644,55867.493958168896,766434.7333333333,1476723.3759353892,56146.09073127748
252,1094344.1666666667,2282194.770674215,-93506.43734088168,1093435.55,2281389.033485157,-94517.93348515686,1092383.8,2280463.189228913,-95695.58922891249,1058260.0333333334,2229028.510379282,-112508.44371261518,1094344.1666666667,2282194.770674215,-93506.43734088168,1058260.0333333334,2229028.510379282,-112508.44371261518
253,1083596.1666666667,2188856.1851160033,-21663.851782669546,1082645.5666666667,2188021.2152636256,-22730.081930292305,1082424.8833333333,2187828.8101749346,-22979.043508268194,1023432.8333333334,2124696.222771949,-77830.55610528227,1083596.1666666667,2188856.1851160033,-21663.851782669546,1023432.8333333334,2124696.222771949,-77830.55610528227
254,763617.2666666667,1399766.051530829,127468.48180250451,763617.2666666667,1399766.051530829,127468.48180250451,762964.6,1399214.8637752165,126714.33622478344,704959.0,1331618.0072045824,78299.99279541767,763617.2666666667,1399766.051530829,127468.48180250451,704959.0,1331618.0072045824,78299.99279541767
255,775940.2333333333,1462099.2521315226,89781.21453514404,773667.5833333334,1460056.9806790324,87278.18598763435,773122.5,1459591.7568693059,86653.24313069414,740988.6666666666,1429595.9283615076,52381.404971825774,775940.2333333333,1462099.2521315226,89781.21453514404,740988.6666666666,1429595.9283615076,52381.404971825774
256,1109739.2333333334,2184614.290949242,34864.17571742437,1108875.6,2183855.161848156,33896.03815184464,1107645.1166666667,2182789.335633711,32500.897699622205,1078763.0,2154480.7509348663,3045.249065133976,1109739.2333333334,2184614.290949242,34864.17571742437,1078763.0,2154480.7509348663,3045.249065133976
257,942772.4666666667,1867275.2271193317,18269.70621400175,941808.7333333333,1866423.5418788665,17193.924787800177,939501.4333333333,1864413.8714926725,14588.995173994219,911711.9333333333,1835297.8119842575,-11873.945317590842,942772.4666666667,1867275.2271193317,18269.70621400175,911711.9333333333,1835297.8119842575,-11873.945317590842
258,844584.0333333333,1665144.9803928412,24023.086273825495,844584.0333333333,1665144.9803928412,24023.086273825495,841616.1333333333,1662558.0651753892,20674.201491277432,840975.6333333333,1661761.6176464218,20189.649020244717,844584.0333333333,1665144.9803928412,24023.086273825495,840975.6333333333,1661761.6176464218,20189.649020244717
259,843079.5,1809401.0930076698,-123242.09300766967,843079.5,1809401.0930076698,-123242.09300766967,839575.5166666667,1806247.1679629632,-127096.13462962979,850849.4333333333,1818121.1964190234,-116422.32975235686,843079.5,1809401.0930076698,-123242.09300766967,850849.4333333333,1818121.1964190234,-116422.32975235686
260,977428.3666666667,2055209.8029086967,-100353.0695753633,968209.9333333333,2046623.4020415684,-110203.53537490172,964438.4333333333,2043255.050071064,-114378.18340439722,968177.6,2048108.8867612984,-111753.68676129857,977428.3666666667,2055209.8029086967,-100353.0695753633,968177.6,2048108.8867612984,-111753.68676129857
261,1257923.1666666667,2488206.504023474,27639.829309859313,1251033.4333333333,2482017.196784324,20049.669882342685,1247822.5833333333,2479197.62237229,16447.54429437616,1271362.6666666667,2502502.123139345,40223.21019398817,1257923.1666666667,2488206.504023474,27639.829309859313,1271362.6666666667,2502502.123139345,40223.21019398817
262,1240860.5333333334,2351168.630375447,130552.43629121967,1240860.5333333334,2351168.630375447,130552.43629121967,1237427.95,2348204.782154611,126651.11784538906,1215935.4,2327023.6233916245,104847.17660837527,1240860.5333333334,2351168.630375447,130552.43629121967,1215935.4,2327023.6233916245,104847.17660837527
263,1443280.6,2824898.67697037,61662.523029630305,1443280.6,2824898.67697037,61662.523029630305,1439681.3833333333,2821750.793202402,57611.9734642643,1387930.6,2769705.71323386,6155.4867661402095,1443280.6,2824898.67697037,61662.523029630305,1387930.6,2769705.71323386,6155.4867661402095
264,1116473.3,2083891.6094862316,149054.9905137685,1116473.3,2083891.6094862316,149054.9905137685,1114322.4333333333,2082046.1343521725,146598.7323144942,1073548.3666666667,2039766.8709881774,107329.86234515603,1116473.3,2083891.6094862316,149054.9905137685,1073548.3666666667,2039766.8709881774,107329.86234515603
265,1281999.8333333333,2603210.4493684815,-39210.78270181478,1281999.8333333333,2603210.4493684815,-39210.78270181478,1280206.7333333334,2601637.721409817,-41224.25474315067,1273665.8666666667,2596222.4585172487,-48890.725183915114,1281999.8333333333,2603210.4493684815,-39210.78270181478,1273665.8666666667,2596222.4585172487,-48890.725183915114
266,1520452.2666666666,3045348.0733296564,-4443.539996323409,1520452.2666666666,3045348.0733296564,-4443.539996323409,1516614.8833333333,3041979.3575416226,-8749.590874956222,1485734.5333333334,3012470.3018892882,-41001.23522262112,1520452.2666666666,3045348.0733296564,-4443.539996323409,1485734.5333333334,3012470.3018892882,-41001.23522262112
267,1777833.3333333333,3555185.8439309215,480.82273574499413,1777833.3333333333,3555185.8439309215,480.82273574499413,1771663.8,3549741.4523177175,-6413.852317717392,1742916.0,3521910.4547105515,-36078.45471055154,1777833.3333333333,3555185.8439309215,480.82273574499413,1742916.0,3521910.4547105515,-36078.45471055154
268,1616838.1333333333,3140492.019307575,93184.24735909142,1616838.1333333333,3140492.019307575,93184.24735909142,1612189.5,3136427.4729927126,87951.52700728737,1617034.8,3141198.373288694,92871.22671130602,1616838.1333333333,3140492.019307575,93184.24735909142,1617034.8,3141198.373288694,92871.22671130602
269,1544282.6,2950638.272542188,137926.927457812,1544282.6,2950638.272542188,137926.927457812,1538765.0333333334,2945805.700805329,131724.36586133833,1539361.7333333334,2925542.4999803747,153180.9666862921,1544282.6,2950638.272542188,137926.927457812,1539361.7333333334,2925542.4999803747,153180.9666862921
270,1374314.3333333333,2680767.2113721306,67861.4552945362,1374314.3333333333,2680767.2113721306,67861.4552945362,1366956.5,2674221.30930409,59691.69069590978,1357797.0333333334,2647974.152021019,67619.91464564786,1374314.3333333333,2680767.2113721306,67861.4552945362,1357797.0333333334,2647974.152021019,67619.91464564786
271,1516987.7,3096460.2332736654,-62484.833273665514,1516987.7,3096460.2332736654,-62484.833273665514,1506707.4333333333,3087176.7651437093,-73761.89847704279,1478558.2666666666,3044738.377439421,-87621.84410608793,1516987.7,3096460.2332736654,-62484.833273665514,1478558.2666666666,3044738.377439421,-87621.84410608793
272,2381380.2666666666,5513538.813947916,-750778.2806145828,2381380.2666666666,5513538.813947916,-750778.2806145828,2377001.9,5509569.3003017185,-755565.5003017187,2376521.8666666667,5509225.84747331,-756182.1141399769,2381380.2666666666,5513538.813947916,-750778.2806145828,2376521.8666666667,5509225.84747331,-756182.1141399769
273,2496790.433333333,5669347.12070389,-675766.2540372238,2496790.433333333,5669347.12070389,-675766.2540372238,2491221.1333333333,5664304.995041263,-681862.7283745967,2470363.3666666667,5644688.767150462,-703962.0338171283,2496790.433333333,5669347.12070389,-675766.2540372238,2470363.3666666667,5644688.767150462,-703962.0338171283
274,1634094.3666666667,3336719.3712713635,-68530.63793802983,1634094.3666666667,3336719.3712713635,-68530.63793802983,1629884.5333333334,3332987.2978844997,-73218.231217833,1628392.1666666667,3332235.694561488,-75451.36122815427,1634094.3666666667,3336719.3712713635,-68530.63793802983,1628392.1666666667,3332235.694561488,-75451.36122815427
275,2216715.7,4762930.898384909,-329499.4983849088,2216715.7,4762930.898384909,-329499.4983849088,2213736.2,4760276.375287076,-332803.9752870756,2244457.0,4788699.530636521,-299785.53063652106,2216715.7,4762930.898384909,-329499.4983849088,2244457.0,4788699.530636521,-299785.53063652106
276,2375372.6666666665,5140812.009743959,-390066.67641062615,2375372.6666666665,5140812.009743959,-390066.67641062615,2370474.0833333335,5136433.069669423,-395484.9030027557,2815640.1333333333,5694670.121452181,-63389.854785514064,2375372.6666666665,5140812.009743959,-390066.67641062615,2815640.1333333333,5694670.121452181,-63389.854785514064
277,1923779.1,3897465.645880137,-49907.44588013692,1923779.1,3897465.645880137,-49907.44588013692,1918484.25,3892792.0516374446,-55823.55163744441,2397377.3,4630392.150966144,164362.44903385546,1923779.1,3897465.645880137,-49907.44588013692,2397377.3,4630392.150966144,164362.44903385546
278,1600825.1,3437790.6475638216,-236140.44756382145,1600825.1,3437790.6475638216,-236140.44756382145,1595967.4333333333,3433429.94543746,-241495.07877079328,2190784.6,4441379.163853522,-59809.96385352174,1600825.1,3437790.6475638216,-236140.44756382145,2190784.6,4441379.163853522,-59809.96385352174
279,1620226.7333333334,3685551.2682537213,-445097.8015870543,1620226.7333333334,3685551.2682537213,-445097.8015870543,1619018.3666666667,3684464.2402775995,-446427.5069442659,1976721.0666666667,4158866.078260499,-205423.94492716598,1620226.7333333334,3685551.2682537213,-445097.8015870543,1976721.0666666667,4158866.078260499,-205423.94492716598
280,1741261.2333333334,3990518.5811820114,-507996.1145153446,1741261.2333333334,3990518.5811820114,-507996.1145153446,1739640.3333333333,3989057.779095391,-509777.11242872453,2298021.966666667,4843855.202723446,-247811.26939011272,1741261.2333333334,3990518.5811820114,-507996.1145153446,2298021.966666667,4843855.202723446,-247811.26939011272
281,2622947.2,5852037.185604477,-606142.7856044765,2613862.183333333,5843775.574657533,-616051.2079908676,2609680.0166666666,5840016.895272021,-620656.861938688,3030026.033333333,6452745.839012994,-392693.772346328,2622947.2,5852037.185604477,-606142.7856044765,3030026.033333333,6452745.839012994,-392693.772346328
282,2771570.033333333,6208623.748653099,-665483.681986432,2771570.033333333,6208623.748653099,-665483.681986432,2769499.8,6206768.300184371,-667768.7001843709,3279688.3333333335,6901919.707916675,-342543.04125000816,2771570.033333333,6208623.748653099,-665483.681986432,3279688.3333333335,6901919.707916675,-342543.04125000816
283,2218124.1,4475708.355734324,-39460.15573432343,2218124.1,4475708.355734324,-39460.15573432343,2216740.533333333,4474500.171026723,-41019.10436005751,2719710.6333333333,5270406.718142088,169014.54852457903,2218124.1,4475708.355734324,-39460.15573432343,2719710.6333333333,5270406.718142088,169014.54852457903
284,2409358.8333333335,5355409.70307694,-536692.036410273,2409358.8333333335,5355409.70307694,-536692.036410273,2408663.8333333335,5354789.035417555,-537461.3687508875,3006582.1,6188520.807819993,-175356.60781999305,2409358.8333333335,5355409.70307694,-536692.036410273,3006582.1,6188520.807819993,-175356.60781999305
285,2800344.033333333,6239510.017504354,-638821.9508376876,2800344.033333333,6239510.017504354,-638821.9508376876,2799561.6666666665,6238808.421031388,-639685.0876980554,3509144.1,7191540.998691641,-173252.7986916406,2800344.033333333,6239510.017504354,-638821.9508376876,3509144.1,7191540.998691641,-173252.7986916406
286,2583808.2,5763157.180180132,-595540.780180132,2581597.183333333,5760232.207385962,-597037.8407192957,2578888.216666667,5757803.655834293,-600027.2225009594,3314168.2,6799641.7280841805,-171305.32808417967,2583808.2,5763157.180180132,-595540.780180132,3314168.2,6799641.7280841805,-171305.32808417967
287,3376047.933333333,7685023.267244995,-932927.4005783289,3374734.2,7683295.449530737,-933827.0495307362,3371143.3,7680162.802497295,-937876.2024972951,4116329.3333333335,8699097.870777017,-466439.20411034906,3376047.933333333,7685023.267244995,-932927.4005783289,4116329.3333333335,8699097.870777017,-466439.20411034906
288,3635557.6666666665,8465164.77962104,-1194049.446287708,3634252.716666667,8463615.518108547,-1195110.0847752132,3630526.683333333,8460246.699031148,-1199193.3323644814,4383021.9,9499551.16711872,-733507.3671187209,3635557.6666666665,8465164.77962104,-1194049.446287708,4383021.9,9499551.16711872,-733507.3671187209
289,3150127.033333333,7282257.481866492,-982003.415199826,3148022.7666666666,7279909.518420416,-983863.9850870827,3144138.033333333,7276396.127448148,-988120.0607814817,4066071.6666666665,8670924.66238196,-538781.3290486275,3150127.033333333,7282257.481866492,-982003.415199826,4066071.6666666665,8670924.66238196,-538781.3290486275
290,3399855.3666666667,7855393.546416903,-1055682.81308357,3395464.783333333,7850603.409097036,-1059673.84243037,3386840.6166666667,7842796.198441252,-1069114.9651079183,4386567.066666666,9373476.4787492,-600342.3454158669,3399855.3666666667,7855393.546416903,-1055682.81308357,4386567.066666666,9373476.4787492,-600342.3454158669
291,3537890.533333333,8009044.45690451,-933263.3902378436,3533481.1333333333,8004115.216203934,-937152.9495372665,3527122.933333333,7998374.645247936,-944128.7785812696,4501373.8,9521291.823429883,-518544.22342988383,3537890.533333333,8009044.45690451,-933263.3902378436,4501373.8,9521291.823429883,-518544.22342988383
292,2921589.933333333,6447805.552480701,-604625.6858140351,2920799.3833333333,6446881.494379205,-605282.7277125381,2912150.816666667,6439059.52692395,-614757.8935906161,3645296.8,7574780.571129563,-284186.97112956364,2921589.933333333,6447805.552480701,-604625.6858140351,3645296.8,7574780.571129563,-284186.97112956364
293,2955665.1333333333,6265229.915932987,-353899.64926632075,2953536.9,6262323.186926961,-355249.3869269616,2944613.6,6254322.185718835,-365094.98571883515,3547292.1,7150972.552261073,-56388.35226107249,2955665.1333333333,6265229.915932987,-353899.64926632075,3547292.1,7150972.552261073,-56388.35226107249
294,3648853.566666667,8703344.799363038,-1405637.6660297033,3648853.566666667,8703344.799363038,-1405637.6660297033,3644434.433333333,8699326.105150145,-1410457.2384834778,4375425.333333333,9625377.552585937,-874526.885919271,3648853.566666667,8703344.799363038,-1405637.6660297033,4375425.333333333,9625377.552585937,-874526.885919271
295,3973930.533333333,10093699.495038072,-2145838.428371405,3973930.533333333,10093699.495038072,-2145838.428371405,3971604.0833333335,10091564.910401147,-2148356.7437344803,4663954.066666666,10912987.848417576,-1585079.7150842426,3973930.533333333,10093699.495038072,-2145838.428371405,4663954.066666666,10912987.848417576,-1585079.7150842426
296,2974133.6666666665,7248575.589948915,-1300308.2566155824,2974133.6666666665,7248575.589948915,-1300308.2566155824,2966688.8,7241766.418171091,-1308388.8181710914,3648966.5,8137659.82838261,-839726.8283826103,2974133.6666666665,7248575.589948915,-1300308.2566155824,3648966.5,8137659.82838261,-839726.8283826103
297,3402991.6,8377875.76447344,-1571892.5644734395,3402991.6,8377875.76447344,-1571892.5644734395,3396344.4,8371848.480253432,-1579159.6802534326,3931950.3333333335,9095768.183440628,-1231867.516773961,3402991.6,8377875.76447344,-1571892.5644734395,3931950.3333333335,9095768.183440628,-1231867.516773961
298,4264935.233333333,10285587.696985792,-1755717.2303191256,4262148.516666667,10282969.341815656,-1758672.3084823228,4232780.4,10255676.403746217,-1790115.6037462158,4328791.066666666,10410275.81002169,-1752693.6766883563,4264935.233333333,10285587.696985792,-1755717.2303191256,4328791.066666666,10410275.81002169,-1752693.6766883563
299,4103570.2,9925821.353276003,-1718680.9532760018,4103570.2,9925821.353276003,-1718680.9532760018,4087116.3,9910649.735953605,-1736417.1359536052,4469628.833333333,10478582.94165225,-1539325.2749855826,4103570.2,9925821.353276003,-1718680.9532760018,4469628.833333333,10478582.94165225,-1539325.2749855826
300,3663854.2333333334,8224283.655312513,-896575.1886458462,3663854.2333333334,8224283.655312513,-896575.1886458462,3642999.8333333335,8205152.892352646,-919153.2256859788,3796789.7333333334,8450813.814007975,-857234.3473413074,3663854.2333333334,8224283.655312513,-896575.1886458462,3796789.7333333334,8450813.814007975,-857234.3473413074
301,4228371.333333333,9575816.89169433,-1119074.2250276636,4223909.616666666,9571372.816846533,-1123553.5835132003,4188851.9833333334,9538981.272129592,-1161277.3054629248,4271432.733333333,9616556.382721318,-1073690.9160546511,4228371.333333333,9575816.89169433,-1119074.2250276636,4271432.733333333,9616556.382721318,-1073690.9160546511
302,3731174.9,8286249.555891529,-823899.7558915294,3731174.9,8286249.555891529,-823899.7558915294,3695433.2,8253139.766340374,-862273.3663403736,3772969.7333333334,8335351.210982849,-789411.7443161821,3731174.9,8286249.555891529,-823899.7558915294,3772969.7333333334,8335351.210982849,-789411.7443161821
303,3941493.3333333335,8728703.095298624,-845716.4286319572,3938350.683333333,8725572.361702768,-848870.9950361024,3916150.6166666667,8705281.896303471,-872980.6629701382,3987142.8666666667,8786687.752472268,-812402.0191389355,3941493.3333333335,8728703.095298624,-845716.4286319572,3987142.8666666667,8786687.752472268,-812402.0191389355
304,3997370.7333333334,9087537.643140292,-1092796.176473625,3993458.0166666666,9083603.778009156,-1096687.7446758226,3972389.65,9064269.180175336,-1119489.8801753358,4212845.666666667,9369774.279098038,-944082.9457647027,3997370.7333333334,9087537.643140292,-1092796.176473625,4212845.666666667,9369774.279098038,-944082.9457647027
305,2983873.6666666665,6508320.93997512,-540573.6066417866,2983020.45,6507334.732663058,-541293.8326630574,2967119.4833333334,6492812.568940874,-558573.6022742069,3884401.9,7846417.7503603995,-77613.95036039967,2983873.6666666665,6508320.93997512,-540573.6066417866,3884401.9,7846417.7503603995,-77613.95036039967
306,3068565.7,6627505.316630283,-490373.916630283,3068565.7,6627505.316630283,-490373.916630283,3055040.1,6615249.125911314,-505168.9259113143,4377897.733333333,8785548.715325553,-29753.24865888618,3068565.7,6627505.316630283,-490373.916630283,4377897.733333333,8785548.715325553,-29753.24865888618
307,3347750.3666666667,6963639.847769909,-268139.1144365752,3344556.2,6960729.868227342,-271617.4682273418,3331424.9833333334,6948915.377217815,-286065.41055114847,4012740.1666666665,8019343.976324048,6136.35700928513,3347750.3666666667,6963639.847769909,-268139.1144365752,4012740.1666666665,8019343.976324048,6136.35700928513
308,3308071.3666666667,6652428.716734689,-36285.98340135533,3301589.8666666667,6646472.3295286,-43292.59619526705,3278874.933333333,6625977.654497299,-68227.78783063265,3779842.066666667,7438141.072794177,121543.06053915713,3308071.3666666667,6652428.716734689,-36285.98340135533,3779842.066666667,7438141.072794177,121543.06053915713
309,3803511.8,7869786.413742185,-262762.81374218455,3797005.183333333,7863803.551144963,-269793.18447829643,3778666.1,7847155.444852633,-289823.24485263275,4262280.833333333,8587138.910921149,-62577.24425448291,3803511.8,7869786.413742185,-262762.81374218455,4262280.833333333,8587138.910921149,-62577.24425448291
310,4377552.566666666,8509981.87486203,245123.25847130362,4375820.683333334,8507597.56021478,244043.80645188782,4332863.483333333,8468720.355411336,197006.6112553319,5237092.166666667,10065303.48796723,408880.8453661036,4377552.566666666,8509981.87486203,245123.25847130362,5237092.166666667,10065303.48796723,408880.8453661036
311,5461390.633333334,10665140.364107374,257640.90255929343,5447160.666666667,10648855.978828043,245465.35450529028,5371850.45,10579587.161613226,164113.73838677537,5662024.533333333,11259790.085991506,64258.980675161816,5461390.633333334,10665140.364107374,257640.90255929343,5662024.533333333,11259790.085991506,64258.980675161816
312,5459925.933333334,11601503.325624593,-681651.4589579254,5459925.933333334,11601503.325624593,-681651.4589579254,5380795.0,11527679.566936795,-766089.5669367937,6126366.1,12787659.596079081,-534927.396079082,5459925.933333334,11601503.325624593,-681651.4589579254,6126366.1,12787659.596079081,-534927.396079082
313,5864480.633333334,12332865.540435955,-603904.2737692874,5852889.0,12322540.749503478,-616762.7495034775,5778578.866666666,12253853.45388841,-696695.7205550782,6482985.033333333,13364876.427958133,-398906.3612914663,5864480.633333334,12332865.540435955,-603904.2737692874,6482985.033333333,13364876.427958133,-398906.3612914663
314,6905090.2,13600562.53350679,209617.8664932102,6905090.2,13600562.53350679,209617.8664932102,6861320.566666666,13561587.01485103,161054.1184823038,6438825.766666667,12785170.157438662,92481.3758946713,6905090.2,13600562.53350679,209617.8664932102,6438825.766666667,12785170.157438662,92481.3758946713
315,6018355.566666666,12280942.025000315,-244230.8916669814,6006177.3,12270171.189649872,-257816.58964987285,5980998.966666667,12247715.244524077,-285717.31119074207,6098868.633333334,12441712.162194602,-243974.8955279356,6018355.566666666,12280942.025000315,-244230.8916669814,6098868.633333334,12441712.162194602,-243974.8955279356
316,5489545.933333334,11362255.79369492,-383163.92702825274,5482690.0,11350563.70555827,-385183.70555827115,5439545.1,11311459.935071448,-432369.7350714486,5506670.166666667,11430111.381427545,-416771.0480942102,5489545.933333334,11362255.79369492,-383163.92702825274,5506670.166666667,11430111.381427545,-416771.0480942102
317,6239340.366666666,13405390.773312375,-926710.0399790416,6232874.85,13397958.653769879,-932208.9537698794,6205239.733333333,13373027.54409384,-962548.0774271721,5929016.433333334,13029324.966760974,-1171292.1000943081,6239340.366666666,13405390.773312375,-926710.0399790416,5929016.433333334,13029324.966760974,-1171292.1000943081
318,5976057.8,12708467.755453654,-756352.155453654,5972381.783333333,12705062.631424595,-760299.0647579273,5923691.466666667,12660686.36828657,-813303.434953237,6309280.333333333,13422380.185348004,-803819.518681339,5976057.8,12708467.755453654,-756352.155453654,6309280.333333333,13422380.185348004,-803819.518681339
319,5879280.833333333,11933476.35663899,-174914.68997232523,5861894.6,11918039.200023282,-194250.00002328306,5842223.183333334,11900515.239502642,-216068.8728359742,6408390.066666666,12960690.232005093,-143910.09867176134,5879280.833333333,11933476.35663899,-174914.68997232523,6408390.066666666,12960690.232005093,-143910.09867176134
320,6165766.166666667,12304738.430517474,26793.902815859765,6154375.316666666,12294270.960923722,14479.672409610823,6107289.166666667,12251861.093162091,-37282.759828757495,6152083.866666666,12350256.279756378,-46088.54642304499,6165766.166666667,12304738.430517474,26793.902815859765,6152083.866666666,12350256.279756378,-46088.54642304499
321,7055129.2,14259252.519080993,-148994.11908099335,7031203.766666667,14237109.553188208,-174702.0198548762,6972374.333333333,14183957.911730649,-239209.2450639829,6151105.8,12845999.996880142,-543788.3968801424,7055129.2,14259252.519080993,-148994.11908099335,6151105.8,12845999.996880142,-543788.3968801424
322,5738948.566666666,11736918.088764507,-259020.9554311745,5723389.95,11722976.850526027,-276196.9505260261,5685407.25,11688768.263090752,-317953.76309075207,5563434.4,11514942.872273264,-388074.0722732637,5738948.566666666,11736918.088764507,-259020.9554311745,5563434.4,11514942.872273264,-388074.0722732637
323,5898480.4,12051946.871870533,-254986.0718705319,5896705.333333333,12049729.062778194,-256318.3961115284,5864913.233333333,12021292.589974962,-291466.12330829445,5821117.566666666,11906116.783688636,-263881.65035530366,5898480.4,12051946.871870533,-254986.0718705319,5821117.566666666,11906116.783688636,-263881.65035530366
324,6205984.433333334,12749238.04104237,-337269.17437570356,6196886.383333334,12731397.75085323,-337624.9841865618,6158095.166666667,12696560.868687201,-380370.53535386827,5999483.5,12264413.61048213,-265446.61048213113,6205984.433333334,12749238.04104237,-337269.17437570356,5999483.5,12264413.61048213,-265446.61048213113
325,6188571.133333334,13259890.182755265,-882747.9160885978,6182534.216666667,13249577.944313694,-884509.5109803602,6159315.5,13228710.481382333,-910079.4813823337,5535847.133333334,12135504.467047203,-1063810.2003805367,6188571.133333334,13259890.182755265,-882747.9160885978,5535847.133333334,12135504.467047203,-1063810.2003805367
326,5024739.6,11019922.64237403,-970443.4423740301,5013848.95,11008259.915754188,-980562.0157541875,5001146.433333334,10996820.946536172,-994528.079869505,4818455.066666666,10767790.150468823,-1130880.0171354897,5024739.6,11019922.64237403,-970443.4423740301,4818455.066666666,10767790.150468823,-1130880.0171354897
327,5476300.166666667,11578070.292941414,-625469.9596080808,5466395.816666666,11569085.573452909,-636293.9401195766,5439503.4,11544853.00482371,-665846.2048237091,5295937.433333334,11305248.98582923,-713374.1191625632,5476300.166666667,11578070.292941414,-625469.9596080808,5295937.433333334,11305248.98582923,-713374.1191625632
328,5686333.833333333,11540551.126551487,-167883.45988481957,5670126.783333333,11525689.539776403,-185435.97310973797,5632850.933333334,11492160.63780736,-226458.77114069276,5534946.066666666,11303824.681153586,-233932.5478202533,5686333.833333333,11540551.126551487,-167883.45988481957,5534946.066666666,11303824.681153586,-233932.5478202533
329,6601766.366666666,13396379.952318935,-192847.21898560226,6592728.333333333,13388192.660726,-202735.99405933265,6562275.733333333,13360945.524155684,-236394.0574890161,6248542.766666667,12687484.34210604,-190398.80877270643,6601766.366666666,13396379.952318935,-192847.21898560226,6248542.766666667,12687484.34210604,-190398.80877270643
330,6550669.8,13062730.295096539,38609.3049034616,6539858.766666667,13052672.471159652,27045.062173682265,6478874.666666667,12997225.854099806,-39476.52076647151,5907391.3,11994742.30081144,-179959.70081144013,6550669.8,13062730.295096539,38609.3049034616,5907391.316666666,11994742.31533556,-179959.68200222682
331,7089932.533333333,14372939.688436035,-193074.62176936958,7082050.866666666,14365663.43789724,-201561.70456390828,7035875.433333334,14323691.7897325,-251940.92306583282,6109566.033333333,12813519.920614412,-594387.8539477456,7089932.533333333,14372939.688436035,-193074.62176936958,6109566.033333333,12813519.920614412,-594387.8539477456
332,7179066.5,14611058.075094957,-252925.0750949569,7146393.8,14580095.087002657,-287307.48700265866,7065358.0,14505677.263154045,-374961.2631540457,6589206.233333333,13871718.77832797,-693306.311661303,7179066.5,14611058.075094957,-252925.0750949569,6589206.233333333,13871718.77832797,-693306.311661303
333,7140574.433333334,14661205.809676982,-380056.94301031623,7105001.833333333,14627887.185328584,-417883.5186619181,7042040.866666666,14570496.92785298,-486415.19451964926,6339581.666666667,13427008.231932156,-747844.8985988209,7140574.433333334,14661205.809676982,-380056.94301031623,6339581.666666667,13427008.231932156,-747844.8985988209
334,6420061.533333333,12883317.531719584,-43194.46505291667,6381291.4,12838523.37232748,-75940.57232747879,6315620.35,12778558.825135496,-147318.1251354972,5734157.933333334,11934916.788526978,-466600.92186031025,6420061.533333333,12883317.531719584,-43194.46505291667,5734157.933333334,11934916.788526978,-466600.92186031025
335,6897256.066666666,14062962.39476284,-268450.2614295073,6846634.533333333,14012380.971051551,-319111.904384885,6787166.95,13957995.515570737,-383661.6155707361,6106499.166666667,12951071.84419235,-738073.5108590163,6897256.066666666,14062962.39476284,-268450.2614295073,6106499.166666667,12951071.84419235,-738073.5108590163
336,5688856.466666667,11899123.92553267,-521410.9921993371,5673600.666666667,11884770.878476433,-537569.5451431004,5627411.666666667,11842191.51007836,-587368.1767450245,5018582.1,11059285.257482095,-1022121.0574820954,5688856.466666667,11899123.92553267,-521410.9921993371,5018582.1,11059285.257482095,-1022121.0574820954
337,6565135.633333334,13205908.219971145,-75636.95330447704,6534494.233333333,13177832.00946002,-108843.54279335495,6534577.9,13177907.933984743,-108752.13398474269,5395328.966666667,11382148.696185175,-591490.7628518417,6565135.633333334,13205908.219971145,-75636.95330447704,5395328.966666667,11382148.696185175,-591490.7628518417
338,6909594.766666667,13968139.717317658,-148950.18398432434,6866468.833333333,13928080.52539504,-195142.8587283725,6849567.516666667,13912601.178451512,-213466.1451181788,5882815.666666667,11956135.697352884,-190504.36401955038,6909594.766666667,13968139.717317658,-148950.18398432434,5882815.666666667,11956135.697352884,-190504.36401955038
339,7157743.6,14371714.719147112,-56227.519147112034,7092708.55,14310043.103803815,-124626.00380381569,7039012.766666667,14260756.263065105,-182730.7297317721,7425118.233333333,14966473.608714271,-116237.14204760548,7157743.6,14371714.719147112,-56227.519147112034,7425118.25,14966473.623207154,-116237.12320715375
340,6110588.266666667,12382645.236185696,-161468.7028523637,6064243.466666667,12339445.703670029,-210958.77033669595,6042603.383333334,12319692.960613936,-234486.19394726772,5426340.033333333,11358118.67381192,-505438.60714525357,6110588.266666667,12382645.236185696,-161468.7028523637,5426340.266666667,11358118.878869668,-505438.34553633444
341,7195036.566666666,14484079.351882804,-94006.21854947135,7165511.183333334,14457388.12081828,-126365.75415161345,7165022.566666666,14456950.260442683,-126905.12710935064,6440527.566666666,13400435.5664744,-519380.4331410676,7195036.566666666,14484079.351882804,-94006.21854947135,6440527.566666666,13400435.5664744,-519380.4331410676
342,6895074.4,14269374.727912188,-479225.9279121859,6857258.666666667,14235073.201202838,-520555.8678695038,6859801.533333333,14237356.4599052,-517753.3932385333,6592878.433333334,14167280.249014148,-981523.3823474813,6895074.4,14269374.727912188,-479225.9279121859,6592878.433333334,14167280.249014148,-981523.3823474813
343,6527616.1,13480399.350087237,-425167.1500872364,6484513.55,13441214.01329884,-472186.9132988388,6469956.85,13428048.520509725,-488134.8205097262,5880515.933333334,12721285.782621086,-960253.9159544194,6527616.1,13480399.350087237,-425167.1500872364,5880515.933333334,12721285.782621086,-960253.9159544194
344,6556943.666666667,13848534.899928203,-734647.5665948689,6505339.85,13791934.603991315,-781254.9039913155,6440000.066666666,13732303.259929836,-852303.126596502,5908650.166666667,13000600.424400061,-1183300.0910667265,6556943.666666667,13848534.899928203,-734647.5665948689,5908650.166666667,13000600.424400061,-1183300.0910667265
345,6838489.1,14503916.14434272,-826937.9443427213,6779442.633333334,14447223.370359901,-888338.1036932329,6737642.2,14409078.302227557,-933793.9022275554,6372540.266666667,13898882.402446453,-1153801.8691131193,6838489.1,14503916.14434272,-826937.9443427213,6372540.266666667,13898882.402446453,-1153801.8691131193
346,5793757.066666666,12259462.926860658,-671948.7935273256,5724918.316666666,12193706.663192298,-743870.0298589645,5652427.583333333,12127877.061615106,-823021.8949484387,5097121.2,11436274.249671333,-1242031.849671333,5793757.066666666,12259462.926860658,-671948.7935273256,5097121.2,11436274.249671333,-1242031.849671333
347,6450485.066666666,13400137.30995984,-499167.17662650626,6405076.966666667,13358523.038348263,-548369.1050149295,6387022.966666667,13342335.61956831,-568289.686234978,5501924.433333334,12004277.563149523,-1000428.6964828558,6450485.066666666,13400137.30995984,-499167.17662650626,5501924.45,12004277.57794806,-1000428.6779480604
348,7437315.166666667,15385835.333649643,-511205.00031630974,7381147.1,15334235.632086921,-571941.4320869232,7343520.683333334,15300314.120573767,-613272.7539070984,6533071.966666667,14009085.539100619,-942941.6057672855,7437315.166666667,15385835.333649643,-511205.00031630974,6533072.016666667,14009085.583312582,-942941.549979249
349,7469996.033333333,15475133.662053302,-535141.5953866364,7404687.516666667,15409524.576105889,-600149.5427725548,7360526.716666667,15369896.86133065,-648843.4279973162,7061083.933333334,15027443.452324107,-905275.585657441,7469996.033333333,15475133.662053302,-535141.5953866364,7061084.116666666,15027443.614131298,-905275.3807979645
350,6039565.633333334,12421817.360296847,-342686.09363017976,6007664.533333333,12388719.73420064,-373390.66753397323,5949272.833333333,12336607.181704044,-438061.5150373792,5286099.633333334,11313592.751087014,-741393.4844203461,6039565.633333334,12421817.360296847,-342686.09363017976,5286099.633333334,11313592.751087014,-741393.4844203461
351,6014397.833333333,12079670.342480883,-50874.67581421696,5955497.883333334,12013054.911505923,-102059.14483925607,5909683.216666667,11972218.402086169,-152851.96875283588,5182030.3,10858188.59004825,-494127.9900482502,6014397.833333333,12079670.342480883,-50874.67581421696,5182030.3,10858188.59004825,-494127.9900482502
352,5078549.233333333,10624086.926077293,-466988.45941062644,5026222.816666666,10575729.82609978,-523284.1927664466,4993804.7,10545813.27604825,-558203.8760482492,4987307.066666666,10752127.44817913,-777513.3148457976,5078549.233333333,10624086.926077293,-466988.45941062644,4987307.066666666,10752127.44817913,-777513.3148457976
353,4623764.3,9759762.703651309,-512234.1036513094,4584423.6,9718187.978292,-549340.7782920003,4583987.583333333,9717829.73008492,-549854.5634182543,4630383.2,9840554.264001777,-579787.864001777,4623764.3,9759762.703651309,-512234.1036513094,4630383.2,9840554.264001777,-579787.864001777
354,5074185.2,10688560.792665068,-540190.3926650668,5037317.6,10646792.769619968,-572157.5696199685,5027255.616666666,10638032.719043668,-583521.4857103368,5167273.2,10889304.844625749,-554758.4446257474,5074185.2,10688560.792665068,-540190.3926650668,5167273.2,10889304.844625749,-554758.4446257474
355,5037760.766666667,10125737.86512408,-50216.33179074712,5006304.35,10089945.903666217,-77337.20366621856,4962700.15,10050639.021765796,-125238.72176579572,5394378.666666667,10878807.365833284,-90050.03249995038,5037760.766666667,10125737.86512408,-50216.33179074712,5394378.666666667,10878807.365833284,-90050.03249995038
356,4761968.333333333,9579781.886897366,-55845.22023070138,4707277.816666666,9522888.706758989,-108333.07342565618,4698035.45,9514603.755117971,-118532.85511797201,4257963.8,8860135.787409928,-344208.18740992714,4761968.333333333,9579781.886897366,-55845.22023070138,4257963.8,8860135.787409928,-344208.18740992714
357,5082855.033333333,10005059.571444448,160650.49522221833,5036544.9,9956947.551293094,116142.2487069061,5016175.566666666,9938555.779829722,93795.35350361187,4582624.9,9357596.374023408,-192346.57402340602,5082855.033333333,10005059.571444448,160650.49522221833,4582624.9,9357596.374023408,-192346.57402340602
358,4497214.6,8807813.697732393,186615.50226760656,4464463.616666666,8778094.632251378,150832.60108195432,4458906.966666667,8773148.009414583,144665.9239187492,4396321.1,8772612.595410116,20029.604589882307,4497214.6,8807813.697732393,186615.50226760656,4396321.1,8772612.595410116,20029.604589882307
359,5051978.533333333,10067474.461240897,36482.60542576946,5020725.066666666,10039216.49184611,2233.641487223096,5034704.166666667,10051763.531451644,17644.80188168958,5049115.333333333,10154806.527000844,-56575.86033417843,5051978.533333333,10067474.461240897,36482.60542576946,5049115.333333333,10154806.527000844,-56575.86033417843
360,4256546.466666667,8842739.416424986,-329646.4830916533,4225979.4,8812600.068155747,-360641.2681557471,4240539.45,8825782.52343155,-344703.62343155127,4482454.1,9254017.891170548,-289109.691170549,4256546.466666667,8842739.416424986,-329646.4830916533,4482454.1,9254017.891170548,-289109.691170549
361,4129506.8666666667,7968656.866774213,290356.8665591213,4089361.816666667,7918894.153230801,259829.48010253208,4096954.45,7925639.121119129,268269.77888087137,3974026.1666666665,7816113.805529594,131938.52780373907,4129506.8666666667,7968656.866774213,290356.8665591213,3974026.1666666665,7816113.805529594,131938.52780373907
362,3927114.566666667,7750791.587399168,103437.54593416583,3903096.0166666666,7726304.971736824,79887.0615965086,3901896.15,7725165.0604256075,78627.23957439233,3698308.8,7563240.467275967,-166622.86727596726,3927114.566666667,7750791.587399168,103437.54593416583,3698308.8,7563240.467275967,-166622.86727596726
363,3388850.1,7267914.4252117,-490214.2252116995,3361048.9,7242386.772731,-520288.9727309998,3344274.316666667,7226666.041767292,-538117.4084339584,3449013.7666666666,7485225.498183301,-587197.964849967,3388850.1,7267914.4252117,-490214.2252116995,3449013.7666666666,7485225.498183301,-587197.964849967
364,3245038.966666667,6799007.047541199,-308929.11420786614,3231719.95,6784268.653834496,-320828.75383449486,3231101.8333333335,6785187.043431008,-322983.37676434126,3272375.3666666667,7031773.277241072,-487022.5439077378,3245038.966666667,6799007.047541199,-308929.11420786614,3272375.3666666667,7031773.277241072,-487022.5439077378
365,3029907.933333333,6324056.5218515815,-264240.6551849153,3015046.783333333,6309527.495795973,-279433.9291293067,3014772.15,6309275.616446058,-279731.31644605845,3159233.966666667,6669055.951388269,-350588.01805493515,3029907.933333333,6324056.5218515815,-264240.6551849153,3159233.966666667,6669055.951388269,-350588.01805493515
366,3247247.033333333,6858616.811236357,-364122.74456969136,3218850.55,6832236.8635089975,-394535.76350899786,3227731.8666666667,6840329.216596024,-384865.48326269025,3482106.6666666665,7437535.534135952,-473322.20080261864,3247247.033333333,6858616.811236357,-364122.74456969136,3482106.6666666665,7437535.534135952,-473322.20080261864
367,2850172.1666666665,5968689.988903943,-268345.6555706104,2823469.716666667,5942913.429091616,-295973.995758282,2831263.216666667,5950045.091802892,-287518.6584695587,2924202.6,6111688.753658016,-263283.553658016,2850172.1666666665,5968689.988903943,-268345.6555706104,2924202.6,6111688.753658016,-263283.553658016
368,4369696.633333334,8587768.279050937,151624.9876157306,4331625.15,8549516.238887392,113734.06111260969,4340924.216666667,8557899.037609199,123949.39572413452,4348306.3,8593653.600526225,102958.99947377574,4369696.633333334,8587768.279050937,151624.9876157306,4348306.3,8593653.600526225,102958.99947377574
369,3513255.5,6861777.655981407,164733.34401859296,3477118.4833333334,6819677.928758546,134559.037908121,3495209.683333333,6835941.503998495,154477.86266817153,3552795.066666667,6916571.866575383,189018.26675795112,3513255.5,6861777.655981407,164733.34401859296,3552795.066666667,6916571.866575383,189018.26675795112
370,3182774.1333333333,6409898.451123562,-44350.18445689464,3159741.433333333,6386703.232730135,-67220.36606346909,3171077.033333333,6397105.390512556,-54951.32384588942,3086719.7333333334,6225473.74532369,-52034.2786570224,3182774.1333333333,6409898.451123562,-44350.18445689464,3086719.7333333334,6225473.74532369,-52034.2786570224
371,3063133.466666667,5953060.144388654,173206.7889446793,3024372.566666667,5907295.570827363,141449.56250597117,3044300.183333333,5925392.742445065,163207.62422160106,3869680.566666667,7646998.694781147,92362.43855218636,3063133.466666667,5953060.144388654,173206.7889446793,3869680.566666667,7646998.694781147,92362.43855218636
372,3962548.3666666667,7907886.0976619,17210.63567143306,3947881.6333333333,7887948.01929841,7815.2473682565615,3946126.8333333335,7886343.953046866,5909.713619801216,3810126.7333333334,7628820.016267113,-8566.549600446597,3962548.3666666667,7907886.0976619,17210.63567143306,3810126.7,7628819.987339505,-8566.587339504622
373,3538309.5,7034828.509901864,41790.49009813601,3528100.2666666666,7022710.9948771335,33489.53845619969,3531201.1666666665,7025512.553585088,36889.77974824514,4328909.6,8600421.055748329,57398.14425167162,3538309.5,7034828.509901864,41790.49009813601,4328909.6,8600421.055748329,57398.14425167162
374,3192986.566666667,6357213.691229905,28759.442103428766,3182180.3833333333,6346292.293963587,18068.47270308016,3182180.3833333333,6346292.293963587,18068.47270308016,3294611.2666666666,6539228.243960489,49994.28937284509,3192986.566666667,6357213.691229905,28759.442103428766,3294611.2666666666,6539228.243960489,49994.28937284509
375,3384922.533333333,7098427.709968565,-328582.6433018986,3383851.033333333,7097480.941166254,-329778.8744995878,3384922.533333333,7098427.709968565,-328582.6433018986,3435082.033333333,7274370.291278041,-404206.22461137455,3384922.533333333,7098427.709968565,-328582.6433018986,3435082.033333333,7274370.291278041,-404206.22461137455
376,3602718.6,7554338.426485989,-348901.22648598906,3602718.6,7554338.426485989,-348901.22648598906,3602718.6,7554338.426485989,-348901.22648598906,3414029.1,7261454.552238819,-433396.352238819,3602718.6,7554338.426485989,-348901.22648598906,3414029.1,7261454.552238819,-433396.352238819
377,3651234.033333333,7708515.08915888,-406047.0224922127,3650877.216666667,7708200.025580295,-406445.5922469618,3651234.033333333,7708515.08915888,-406047.0224922127,3560293.533333333,7586010.867236434,-465423.80056976667,3651234.033333333,7708515.08915888,-406047.0224922127,3560293.533333333,7586010.867236434,-465423.80056976667
378,3637417.8333333335,7668891.252194259,-394055.58552759234,3637417.8333333335,7668891.252194259,-394055.58552759234,3637417.8333333335,7668891.252194259,-394055.58552759234,4029631.433333333,8109730.838910647,-50467.972243980505,3637417.8333333335,7668891.252194259,-394055.58552759234,4029631.433333333,8109730.838910647,-50467.972243980505
379,3398526.7333333334,7136100.675811971,-339047.2091453038,3386859.05,7125618.667896535,-351900.5678965361,3386859.05,7125618.667896535,-351900.5678965361,3373242.533333333,6992988.648191651,-246503.58152498538,3398526.7333333334,7136100.675811971,-339047.2091453038,3373242.533333333,6992988.648191651,-246503.58152498538
380,3205252.8333333335,6847352.137353081,-436846.4706864138,3200571.1333333333,6842774.159845598,-441631.893178931,3200571.1333333333,6842774.159845598,-441631.893178931,3083688.8,6655880.106568929,-488502.5065689292,3205252.8333333335,6847352.137353081,-436846.4706864138,3083688.8,6655880.106568929,-488502.5065689292
381,3053679.8,6475797.096782733,-368437.4967827336,3053679.8,6475797.096782733,-368437.4967827336,3053679.8,6475797.096782733,-368437.4967827336,3106745.7,6612153.199692983,-398661.7996929828,3053679.8,6475797.096782733,-368437.4967827336,3106745.7,6612153.199692983,-398661.7996929828
382,2983650.1333333333,6471733.271774276,-504433.00510760956,2983650.1333333333,6471733.271774276,-504433.00510760956,2983650.1333333333,6471733.271774276,-504433.00510760956,2956725.4,6444133.309804792,-530682.5098047922,2983650.1333333333,6471733.271774276,-504433.00510760956,2956725.4,6444133.309804792,-530682.5098047922
383,3456263.1666666665,7713710.798852161,-801184.465518828,3456094.55,7713558.198043872,-801369.098043872,3456094.55,7713558.198043872,-801369.098043872,3379721.3333333335,7639811.210331531,-880368.5436648638,3456263.1666666665,7713710.798852161,-801184.465518828,3379721.3333333335,7639811.210331531,-880368.5436648638
384,2772892.433333333,6020000.8334159665,-474215.9667493007,2772754.7666666666,6019875.812498746,-474366.27916541323,2772892.433333333,6020000.8334159665,-474215.9667493007,2655210.2,5928048.046445093,-617627.6464450927,2772892.433333333,6020000.8334159665,-474215.9667493007,2655210.2,5928048.046445093,-617627.6464450927
385,3936971.7333333334,8882749.584102688,-1008806.1174360216,3931790.65,8877101.304644952,-1013520.0046449513,3931790.65,8877101.304644952,-1013520.0046449513,3582028.7666666666,8468937.895864915,-1304880.362531582,3936971.7333333334,8882749.584102688,-1008806.1174360216,3582028.7666666666,8468937.895864915,-1304880.362531582
386,3449773.8,7717627.504931611,-818079.9049316114,3445818.35,7713280.0665820055,-821643.3665820058,3445818.35,7713280.0665820055,-821643.3665820058,3067207.2333333334,7243647.69247913,-1109233.225812463,3449773.8,7717627.504931611,-818079.9049316114,3067207.2333333334,7243647.69247913,-1109233.225812463
387,3510928.1666666665,7706584.775967324,-684728.4426339916,3501052.3333333335,7695990.372288426,-693885.7056217599,3499209.3666666667,7694295.31798761,-695876.5846542758,3217076.6,7371799.40467827,-937646.2046782696,3510928.1666666665,7706584.775967324,-684728.4426339916,3217076.6,7371799.40467827,-937646.2046782696
388,3437313.5,7235184.787274811,-360557.7872748114,3437313.5,7235184.787274811,-360557.7872748114,3418101.2333333334,7218075.795261853,-381873.3285951866,3178035.6333333333,6895584.592147041,-539513.325480375,3437313.5,7235184.787274811,-360557.7872748114,3178035.6333333333,6895584.592147041,-539513.325480375
389,4041716.9,8440133.808022322,-356700.0080223228,4041716.9,8440133.808022322,-356700.0080223228,4044769.6333333333,8442818.998441853,-353279.7317751865,3744823.933333333,7976595.103956219,-486947.23728955304,4041716.9,8440133.808022322,-356700.0080223228,3744823.933333333,7976595.103956219,-486947.23728955304
390,3682165.1666666665,8176414.280623104,-812083.9472897719,3682165.1666666665,8176414.280623104,-812083.9472897719,3682165.1666666665,8176414.280623104,-812083.9472897719,3405935.6666666665,7772212.050692206,-960340.7173588737,3682165.1666666665,8176414.280623104,-812083.9472897719,3405935.6666666665,7772212.050692206,-960340.7173588737
391,3543757.8,7952115.284071276,-864599.6840712763,3543757.8,7952115.284071276,-864599.6840712763,3498994.7333333334,7911184.016221955,-913194.5495552886,3371664.933333333,7763422.25584138,-1020092.3891747142,3543757.8,7952115.284071276,-864599.6840712763,3371664.933333333,7763422.25584138,-1020092.3891747142
392,3154407.2666666666,7096399.884977019,-787585.3516436862,3154407.2666666666,7096399.884977019,-787585.3516436862,3136169.3333333335,7079921.572212303,-807582.9055456356,3144704.8333333335,7106703.054629621,-817293.3879629541,3154407.2666666666,7096399.884977019,-787585.3516436862,3144704.8333333335,7106703.054629621,-817293.3879629541
393,3237326.533333333,7262910.871416237,-788257.8047495713,3236639.6333333333,7262286.455050578,-789007.1883839122,3236639.6333333333,7262286.455050578,-789007.1883839122,3058254.966666667,7044467.755343581,-927957.822010247,3237326.533333333,7262910.871416237,-788257.8047495713,3058254.966666667,7044467.755343581,-927957.822010247
394,2994751.2666666666,6480143.350336986,-490640.817003652,2994751.2666666666,6480143.350336986,-490640.817003652,2994751.2666666666,6480143.350336986,-490640.817003652,2809460.8333333335,6279421.101104798,-660499.4344381313,2994751.2666666666,6480143.350336986,-490640.817003652,2809460.8333333335,6279421.101104798,-660499.4344381313
395,3092871.7666666666,6560968.437987717,-375224.9046543841,3092871.7666666666,6560968.437987717,-375224.9046543841,3092871.7666666666,6560968.437987717,-375224.9046543841,2919555.2,6386743.606511664,-547633.2065116633,3092871.7666666666,6560968.437987717,-375224.9046543841,2919555.2,6386743.606511664,-547633.2065116633
396,3321168.2,7329053.876646507,-686717.4766465062,3321168.2,7329053.876646507,-686717.4766465062,3321168.2,7329053.876646507,-686717.4766465062,3171369.3666666667,7187868.430260886,-845129.696927553,3321168.2,7329053.876646507,-686717.4766465062,3171369.3666666667,7187868.430260886,-845129.696927553
397,3731980.466666667,7973687.598827445,-509726.66549411137,3731980.466666667,7973687.598827445,-509726.66549411137,3730350.433333333,7972222.6263747495,-511521.75970808277,3579566.066666667,7842026.394813662,-682894.2614803282,3731980.466666667,7973687.598827445,-509726.66549411137,3579566.066666667,7842026.394813662,-682894.2614803282
398,3300098.566666667,6762841.8471111525,-162644.71377781825,3300098.566666667,6762841.8471111525,-162644.71377781825,3265889.8666666667,6732256.091663756,-200476.358330423,3118569.3333333335,6518900.165322775,-281761.4986561076,3300098.566666667,6762841.8471111525,-162644.71377781825,3118569.3333333335,6518900.165322775,-281761.4986561076
399,3247912.433333333,6872047.426734805,-376222.5600681384,3247912.433333333,6872047.426734805,-376222.5600681384,3247912.433333333,6872047.426734805,-376222.5600681384,3209424.433333333,6761606.97652204,-342758.10985537386,3247912.433333333,6872047.426734805,-376222.5600681384,3209424.433333333,6761606.97652204,-342758.10985537386
400,3524951.066666667,7370821.874910549,-320919.7415772155,3524951.066666667,7370821.874910549,-320919.7415772155,3507727.6333333333,7355530.763817367,-340075.49715070054,3440262.3666666667,7322259.078059547,-441734.34472621325,3524951.066666667,7370821.874910549,-320919.7415772155,3440262.3666666667,7322259.078059547,-441734.34472621325
401,4011220.466666667,8382015.773482005,-359574.84014867153,4011220.466666667,8382015.773482005,-359574.84014867153,3958521.066666667,8334415.463015439,-417373.32968210476,3779040.3,8025289.8390970165,-467209.23909701686,4011220.466666667,8382015.773482005,-359574.84014867153,3779040.3,8025289.8390970165,-467209.23909701686
402,4075368.3,8764956.82301546,-614220.2230154611,4075368.3,8764956.82301546,-614220.2230154611,4056908.7,8748182.239285683,-634364.8392856829,3873355.7666666666,8426341.974412534,-679630.4410792002,4075368.3,8764956.82301546,-614220.2230154611,3873355.7666666666,8426341.974412534,-679630.4410792002
403,4115980.1,9130227.102688845,-898266.9026888455,4115980.1,9130227.102688845,-898266.9026888455,4132472.6,9145030.150785092,-880084.9507850916,3932287.9,8840052.508187376,-975476.7081873766,4115980.1,9130227.102688845,-898266.9026888455,3932287.9,8840052.508187376,-975476.7081873766
404,3673381.7333333334,7702561.485458333,-355798.0187916658,3673381.7333333334,7702561.485458333,-355798.0187916658,3673381.7333333334,7702561.485458333,-355798.0187916658,3475817.4,7385632.104014127,-433997.30401412724,3673381.7333333334,7702561.485458333,-355798.0187916658,3475817.4,7385632.104014127,-433997.30401412724
405,4091637.8,8969553.00565226,-786277.4056522595,4091637.8,8969553.00565226,-786277.4056522595,4091637.8,8969553.00565226,-786277.4056522595,4097311.8333333335,9006636.959781254,-812013.2931145872,4091637.8,8969553.00565226,-786277.4056522595,4097311.8333333335,9006636.959781254,-812013.2931145872
406,4571464.1,10080826.54788775,-937898.3478877498,4571464.1,10080826.54788775,-937898.3478877498,4554166.933333334,10065318.852465948,-956984.9857992809,4391373.766666667,9818687.552877631,-1035940.0195442988,4571464.1,10080826.54788775,-937898.3478877498,4391373.766666667,9818687.552877631,-1035940.0195442988
407,3664801.1666666665,7936514.5679008085,-606912.234567475,3664801.1666666665,7936514.5679008085,-606912.234567475,3620576.033333333,7896373.470540518,-655221.4038738515,3448010.066666667,7607722.962122327,-711702.828788993,3664801.1666666665,7936514.5679008085,-606912.234567475,3448010.066666667,7607722.962122327,-711702.828788993
408,3553844.7666666666,7566169.800172795,-458480.26683946187,3553844.7666666666,7566169.800172795,-458480.26683946187,3522922.1,7537795.032111047,-491950.8321110462,3391205.2333333334,7330161.698393475,-547751.231726808,3553844.7666666666,7566169.800172795,-458480.26683946187,3391205.2333333334,7330161.698393475,-547751.231726808
409,3548627.7,7578725.302666135,-481469.9026661343,3548627.7,7578725.302666135,-481469.9026661343,3551709.1666666665,7581504.393650128,-478086.0603167941,3476501.066666667,7432514.716329509,-479512.58299617516,3548627.7,7578725.302666135,-481469.9026661343,3476501.066666667,7432514.716329509,-479512.58299617516
410,3490746.8,7481094.656470106,-499601.05647010636,3490746.8,7481094.656470106,-499601.05647010636,3499911.6333333333,7489435.16088349,-489611.89421682386,3336031.7,7210649.991970766,-538586.5919707655,3490746.8,7481094.656470106,-499601.05647010636,3336031.7,7210649.991970766,-538586.5919707655
411,4088845.533333333,8762674.057784751,-584982.9911180846,4088845.533333333,8762674.057784751,-584982.9911180846,4066172.1,8741908.205141867,-609564.0051418659,3922592.7,8484342.828631055,-639157.4286310552,4088845.533333333,8762674.057784751,-584982.9911180846,3922592.7,8484342.828631055,-639157.4286310552
412,4040409.1333333333,8635429.562864712,-554611.2961980444,4040409.1333333333,8635429.562864712,-554611.2961980444,4043116.2333333334,8637879.950432148,-551647.483765482,3974618.9,8525410.88167453,-576173.0816745297,4040409.1333333333,8635429.562864712,-554611.2961980444,3974618.9,8525410.88167453,-576173.0816745297
413,3997141.7,8588524.168550208,-594240.7685502078,3997141.7,8588524.168550208,-594240.7685502078,4020196.966666667,8609142.331075042,-568748.397741708,3882277.566666667,8399376.300737891,-634821.1674045571,3997141.7,8588524.168550208,-594240.7685502078,3882277.566666667,8399376.300737891,-634821.1674045571
414,3887129.2333333334,8353343.359971476,-579084.893304809,3887129.2333333334,8353343.359971476,-579084.893304809,3887129.2333333334,8353343.359971476,-579084.893304809,3714590.1666666665,8074844.220205214,-645663.8868718804,3887129.2333333334,8353343.359971476,-579084.893304809,3714590.1666666665,8074844.220205214,-645663.8868718804
415,3818394.533333333,8206435.63019076,-569646.5635240935,3818394.533333333,8206435.63019076,-569646.5635240935,3818394.533333333,8206435.63019076,-569646.5635240935,3763728.7,8138231.045660602,-610773.6456606016,3818394.533333333,8206435.63019076,-569646.5635240935,3763728.7,8138231.045660602,-610773.6456606016
416,3825431.9,8451161.76456262,-800297.9645626205,3825431.9,8451161.76456262,-800297.9645626205,3841541.2,8465613.745257474,-782531.3452574741,3815416.3333333335,8470035.862496866,-839203.1958301985,3825431.9,8451161.76456262,-800297.9645626205,3815416.3333333335,8470035.862496866,-839203.1958301985
417,3895753.0,8269703.849159061,-478197.849159061,3895753.0,8269703.849159061,-478197.849159061,3896089.3,8270011.645988942,-477833.0459889425,3789664.7,8131213.128270889,-551883.7282708883,3895753.0,8269703.849159061,-478197.849159061,3789664.7,8131213.128270889,-551883.7282708883
418,4049464.8666666667,8571554.624090387,-472624.8907570527,4049464.8666666667,8571554.624090387,-472624.8907570527,4041446.966666667,8564188.447220836,-481294.51388750225,3981336.033333333,8511590.764311913,-548918.697645247,4049464.8666666667,8571554.624090387,-472624.8907570527,3981336.033333333,8511590.764311913,-548918.697645247
419,3815728.7333333334,8178324.90147388,-546867.434807213,3815728.7333333334,8178324.90147388,-546867.434807213,3832825.533333333,8193569.109640673,-527918.0429740064,3655058.4,7916227.875375278,-606111.075375279,3815728.7333333334,8178324.90147388,-546867.434807213,3655058.4,7916227.875375278,-606111.075375279
420,3959994.7,8464691.155407503,-544701.755407502,3959994.7,8464691.155407503,-544701.755407502,3969923.5,8473790.28045173,-533943.280451729,3914433.6,8456252.32752905,-627385.1275290507,3959994.7,8464691.155407503,-544701.755407502,3914433.6,8456252.32752905,-627385.1275290507
421,4220409.333333333,8829387.430312395,-388568.7636457281,4209374.783333333,8819544.798374575,-400795.2317079073,4200471.533333333,8811235.697308142,-410292.63064147625,4012844.8666666667,8535288.294363633,-509598.56103029987,4220409.333333333,8829387.430312395,-388568.7636457281,4012844.8666666667,8535288.294363633,-509598.56103029987
422,4318292.5,8983610.577618893,-347025.5776188923,4317970.233333333,8983327.69145915,-347387.22479248233,4352420.65,9014737.171357632,-309895.87135763094,3905594.2666666666,8269863.221334572,-458674.68800123874,4318292.5,8983610.577618893,-347025.5776188923,3905594.2666666666,8269863.221334572,-458674.68800123874
423,4005982.4,8441822.21869063,-429857.41869062977,4005982.4,8441822.21869063,-429857.41869062977,4035000.033333333,8468283.290291153,-398283.2236244865,3731634.3333333335,8038521.194710081,-575252.528043414,4005982.4,8441822.21869063,-429857.41869062977,3731634.3333333335,8038521.194710081,-575252.528043414
424,3717213.533333333,8022753.972839908,-588326.9061732413,3717213.533333333,8022753.972839908,-588326.9061732413,3740092.0,8043212.16231401,-563028.1623140099,3527963.6333333333,7761005.403457232,-705078.1367905647,3717213.533333333,8022753.972839908,-588326.9061732413,3527963.6333333333,7761005.403457232,-705078.1367905647
425,3829099.033333333,8157501.955428509,-499303.8887618426,3829099.033333333,8157501.955428509,-499303.8887618426,3847429.8666666667,8173801.819208005,-478942.0858746725,3686364.5,7976032.8439632915,-603303.8439632915,3829099.033333333,8157501.955428509,-499303.8887618426,3686364.5,7976032.8439632915,-603303.8439632915
426,3731788.8333333335,8095293.191537954,-631715.5248712874,3731742.3,8095251.927022923,-631767.3270229232,3731851.0166666666,8095348.337020247,-631646.303686914,3717284.4,8097326.469550885,-662757.669550885,3731788.8333333335,8095293.191537954,-631715.5248712874,3717284.4,8097326.469550885,-662757.669550885
427,4144476.5,8809943.369714431,-520990.36971443053,4144476.5,8809943.369714431,-520990.36971443053,4133355.45,8799816.10015014,-533105.2001501396,3883066.533333333,8409325.28690422,-643192.220237554,4144476.5,8809943.369714431,-520990.36971443053,3883066.533333333,8409325.28690422,-643192.220237554
428,4148878.1666666665,8837350.309658175,-539593.9763248418,4148842.9166666665,8837319.19017594,-539633.3568426068,4151631.0166666666,8839891.742895912,-536629.7095625792,3767862.2666666666,8184407.9735332485,-648683.4401999153,4148878.1666666665,8837350.309658175,-539593.9763248418,3767862.2666666666,8184407.9735332485,-648683.4401999153
429,4143574.0,8821696.221059483,-534548.2210594835,4143531.2666666666,8821658.499372046,-534595.9660387142,4162245.45,8839054.851392942,-514563.9513929412,3721548.0,8083079.066618906,-639983.0666189063,4143574.0,8821696.221059483,-534548.2210594835,3721548.0,8083079.066618906,-639983.0666189063
430,3988564.1333333333,8552741.054094598,-575612.7874279306,3986995.3,8551350.691672783,-577360.0916727828,4007510.066666667,8571069.795873815,-556049.662540481,3611125.966666667,7945768.766214693,-723516.8328813594,3988564.1333333333,8552741.054094598,-575612.7874279306,3611125.966666667,7945768.766214693,-723516.8328813594
431,4021942.0,8516591.058850272,-472707.0588502716,4021865.8333333335,8516523.912967835,-472792.2463011672,4024139.1666666665,8518745.431855721,-470467.09852238884,3775971.066666667,8160316.80963891,-608374.6763055767,4021942.0,8516591.058850272,-472707.0588502716,3775971.066666667,8160316.80963891,-608374.6763055767
432,3768183.8333333335,8167715.4700769875,-631347.803410321,3768160.3833333333,8167694.679941457,-631373.9132747897,3796742.3833333333,8196031.40945423,-602546.6427875631,3652575.4,8066279.951894386,-761129.1518943855,3768183.8333333335,8167715.4700769875,-631347.803410321,3652575.4,8066279.951894386,-761129.1518943855
433,4240569.766666667,9738467.737097573,-1257328.2037642384,4240472.366666666,9738380.278465323,-1257435.5451319898,4263857.75,9760516.316960603,-1232800.816960603,4184803.3333333335,9694670.057832103,-1325063.3911654358,4240569.766666667,9738467.737097573,-1257328.2037642384,4184803.3333333335,9694670.057832103,-1325063.3911654358
434,4327631.7,9923154.43483915,-1267891.0348391496,4327464.383333334,9923004.230049722,-1268075.4633830544,4355377.816666666,9948712.4349575,-1237956.8016241677,4402224.766666667,10072522.652349375,-1268073.119016041,4327631.7,9923154.43483915,-1267891.0348391496,4402224.766666667,10072522.652349375,-1268073.119016041
435,4494406.0,10220021.828976324,-1231209.8289763238,4494123.8,10219768.889198983,-1231521.2891989835,4516698.383333334,10240155.685253669,-1206758.918587001,4547251.033333333,10286991.601478558,-1192489.5348118925,4494406.0,10220021.828976324,-1231209.8289763238,4547251.033333333,10286991.601478558,-1192489.5348118925
436,4667269.8,10593695.793865252,-1259156.1938652536,4666994.966666667,10593449.555353168,-1259459.6220198357,4667091.966666667,10593527.516658079,-1259343.5833247444,4442658.766666667,10181746.35796374,-1296428.8246304085,4667269.8,10593695.793865252,-1259156.1938652536,4442658.766666667,10181746.35796374,-1296428.8246304085
437,4372737.533333333,10026692.224646844,-1281217.1579801776,4372709.05,10026666.65858734,-1281248.5585873416,4358455.416666667,10013500.24893478,-1296589.4156014463,4430209.466666667,10169883.540158989,-1309464.6068256553,4372737.533333333,10026692.224646844,-1281217.1579801776,4430209.466666667,10169883.540158989,-1309464.6068256553
438,4515670.9,10201152.851727206,-1169811.0517272055,4515659.483333333,10201142.636103261,-1169823.6694365945,4503977.366666666,10190350.07792156,-1182395.3445882276,4633127.733333333,10433218.5122424,-1166963.0455757314,4515670.9,10201152.851727206,-1169811.0517272055,4633127.733333333,10433218.5122424,-1166963.0455757314
439,4868405.166666667,10851805.472500237,-1114995.1391669028,4867969.383333334,10851416.46799133,-1115477.7013246622,4887323.65,10869428.831645092,-1094781.5316450913,4628082.133333334,10449505.845543077,-1193341.5788764097,4868405.166666667,10851805.472500237,-1114995.1391669028,4628082.133333334,10449505.845543077,-1193341.5788764097
440,3958856.7,8475556.052951181,-557842.6529511809,3958343.783333333,8475102.338633534,-558414.7719668681,3971318.3,8487759.238544215,-545122.638544214,3984690.3333333335,8657302.97529952,-687922.3086328539,3958856.7,8475556.052951181,-557842.6529511809,3984690.3333333335,8657302.97529952,-687922.3086328539
441,3655135.7666666666,7995477.980150588,-685206.4468172546,3654699.95,7995090.517502587,-685690.6175025869,3658566.8833333333,7998787.70684858,-681653.9401819143,3934455.433333333,8643467.408898395,-774556.5422317279,3655135.7666666666,7995477.980150588,-685206.4468172546,3934455.433333333,8643467.408898395,-774556.5422317279
442,3638309.6,7971060.172519382,-694440.9725193824,3638047.783333333,7970827.384154589,-694731.8174879225,3645003.433333333,7977686.151617054,-687679.2849503872,3883476.6666666665,8595868.340553554,-828915.0072202212,3638309.6,7971060.172519382,-694440.9725193824,3883476.6666666665,8595868.340553554,-828915.0072202212
443,4225447.433333334,9581804.847276714,-1130909.9806100465,4225349.366666666,9581717.017768959,-1131018.2844356261,4238945.933333334,9594517.902855264,-1116626.0361885969,4432059.5,10040580.773594877,-1176461.7735948768,4225447.433333334,9581804.847276714,-1130909.9806100465,4432059.5,10040580.773594877,-1176461.7735948768
444,4202119.633333334,9699734.012565207,-1295494.7458985401,4201990.1,9699617.576470848,-1295637.3764708498,4210466.75,9707512.275335833,-1286578.7753358334,4411384.233333333,10150343.23296991,-1327574.766303243,4202119.633333334,9699734.012565207,-1295494.7458985401,4411384.233333333,10150343.23296991,-1327574.766303243
445,4138217.4,9710313.689412322,-1433878.8894123225,4138057.05,9710169.0868835,-1434054.9868835015,4149559.1333333333,9720900.589428913,-1421782.3227622467,4360888.8,10104795.492387366,-1383017.8923873669,4138217.4,9710313.689412322,-1433878.8894123225,4360888.8,10104795.492387366,-1383017.8923873669
446,3948586.433333333,9225453.601898678,-1328280.735232011,3948586.433333333,9225453.601898678,-1328280.735232011,3927354.2666666666,9205292.161119064,-1350583.627785731,4124973.8666666667,9636669.34385432,-1386721.6105209864,3948586.433333333,9225453.601898678,-1328280.735232011,4124973.8666666667,9636669.34385432,-1386721.6105209864
447,4306645.633333334,9879027.668264166,-1265736.401597497,4306645.633333334,9879027.668264166,-1265736.401597497,4282294.166666667,9854470.453338945,-1289882.1200056113,4397398.966666667,10215285.478983197,-1420487.5456498638,4306645.633333334,9879027.668264166,-1265736.401597497,4397398.966666667,10215285.478983197,-1420487.5456498638
448,4783247.3,11154640.158724373,-1588145.5587243736,4783247.3,11154640.158724373,-1588145.5587243736,4742837.533333333,11114165.949100766,-1628490.8824341,4825192.333333333,11384529.167062476,-1734144.5003958093,4783247.3,11154640.158724373,-1588145.5587243736,4825192.333333333,11384529.167062476,-1734144.5003958093
449,4578770.5,10744549.769580508,-1587008.7695805077,4578579.866666666,10744377.853829075,-1587218.1204957431,4618915.25,10784138.154386334,-1546307.6543863332,4782587.9,11197090.529982941,-1631914.7299829405,4578770.5,10744549.769580508,-1587008.7695805077,4782587.9,11197090.529982941,-1631914.7299829405
450,5015875.333333333,11499127.726387287,-1467377.0597206205,5015651.266666667,11498926.576881343,-1467624.0435480103,5088409.866666666,11574946.694762027,-1398126.9614286944,5472938.266666667,12605422.050073054,-1659545.5167397205,5015875.333333333,11499127.726387287,-1467377.0597206205,5472938.266666667,12605422.050073054,-1659545.5167397205
451,5014545.633333334,11661799.824680246,-1632708.5580135798,5014331.833333333,11661607.348604368,-1632943.681937702,5026437.05,11674109.876347875,-1621235.7763478756,5474437.9,12733674.65144695,-1784798.851446948,5014545.633333334,11661799.824680246,-1632708.5580135798,5474437.9,12733674.65144695,-1784798.851446948
452,5200726.7,12068690.33078906,-1667236.93078906,5200556.05,12068536.773347186,-1667424.6733471863,5241990.016666667,12110961.949111389,-1626981.9157780558,5404155.8,12609373.670061998,-1801062.0700619975,5200726.7,12068690.33078906,-1667236.93078906,5404155.8,12609373.670061998,-1801062.0700619975
453,4868591.166666667,11603243.282426286,-1866060.9490929516,4868591.166666667,11603243.282426286,-1866060.9490929516,4897188.933333334,11631018.319296563,-1836640.4526298959,4632513.2,11373700.194818791,-2108673.7948187916,4868591.166666667,11603243.282426286,-1866060.9490929516,4632513.2,11373700.194818791,-2108673.7948187916
454,5450502.033333333,12487968.710998481,-1586964.6443318147,5450502.033333333,12487968.710998481,-1586964.6443318147,5468838.133333334,12505188.01076557,-1567511.7440989017,5434826.2,12576093.083927114,-1706440.6839271141,5450502.033333333,12487968.710998481,-1586964.6443318147,5434826.2,12576093.083927114,-1706440.6839271141
455,5618378.933333334,12912006.931987237,-1675249.065320569,5618299.066666666,12911935.209847981,-1675337.0765146483,5883626.833333333,13181375.4536612,-1414121.7869945327,5708479.1,13194326.80230983,-1777368.6023098314,5618378.933333334,12912006.931987237,-1675249.065320569,5708479.1,13194326.80230983,-1777368.6023098314
456,5412699.3,12417823.735601082,-1592425.1356010828,5332882.95,12334991.682272913,-1669225.7822729126,5581647.666666667,12604655.436391395,-1441360.1030580606,4949239.333333333,11890411.064300854,-1991932.3976341877,5412699.3,12417823.735601082,-1592425.1356010828,4949239.333333333,11890411.064300854,-1991932.3976341877
457,5051991.233333333,11822409.006775293,-1718426.5401086267,4949036.433333334,11710296.891146474,-1812224.0244798064,5132337.916666667,11914060.64362526,-1649384.8102919245,4926795.2,11864670.206171207,-2011079.8061712068,5051991.233333333,11822409.006775293,-1718426.5401086267,4926795.2,11864670.206171207,-2011079.8061712068
458,5051644.433333334,11670315.15348168,-1567026.2868150137,4935196.983333333,11540989.949041873,-1670595.9823752055,5284636.266666667,11952483.498556312,-1383210.965222979,4888862.633333334,11673083.688136928,-1895358.4214702593,5051644.433333334,11670315.15348168,-1567026.2868150137,4888862.633333334,11673083.688136928,-1895358.4214702593
459,5450254.1,12486741.26761961,-1586233.0676196115,5346718.383333334,12377542.675075471,-1684105.9084088048,5632465.283333333,12693055.587383028,-1428125.0207163617,4894723.6,11800865.568043696,-2011418.3680436965,5450254.1,12486741.26761961,-1586233.0676196115,4894723.6,11800865.568043696,-2011418.3680436965
460,4903141.433333334,11254098.982355043,-1447816.115688377,4815270.483333333,11153975.05954349,-1523434.0928768227,4892927.183333334,11242161.81125596,-1456307.4445892926,4674130.166666667,11203842.441964442,-1855582.108631108,4903141.433333334,11254098.982355043,-1447816.115688377,4674130.166666667,11203842.441964442,-1855582.108631108
461,4070497.033333333,9193138.605086625,-1052144.5384199573,3991510.9166666665,9098530.759561384,-1115508.9262280506,4335206.633333334,9542991.847268287,-872578.5806016196,4051516.6,9501628.027654877,-1398594.8276548763,4070497.033333333,9193138.605086625,-1052144.5384199573,4051516.6,9501628.027654877,-1398594.8276548763
462,4228354.3,9764838.423976636,-1308129.823976636,4108383.7666666666,9621286.256129969,-1404518.7227966348,4552674.55,10201185.278577752,-1095836.1785777528,4176837.3666666667,10009478.279240945,-1655803.5459076115,4228354.3,9764838.423976636,-1308129.823976636,4176837.3666666667,10009478.279240945,-1655803.5459076115
463,4172523.1,9705811.558735406,-1360765.3587354054,4047034.466666667,9560187.581768692,-1466118.648435358,4382552.033333333,9969919.10518237,-1204815.0385157038,4045665.966666667,9804586.927563112,-1713254.9942297796,4172523.1,9705811.558735406,-1360765.3587354054,4045665.966666667,9804586.927563112,-1713254.9942297796
464,3942168.2,9060782.169836074,-1176445.7698360737,3816544.816666667,8915845.48290529,-1282755.849571955,4052638.1166666667,9197675.145971468,-1092398.9126381339,3761094.433333333,9061451.481049128,-1539262.6143824612,3942168.2,9060782.169836074,-1176445.7698360737,3761094.433333333,9061451.481049128,-1539262.6143824612
465,3979725.8,9176357.53195922,-1216905.931959222,3877244.85,9058501.588479888,-1304011.888479887,4129513.75,9362301.661820013,-1103274.161820014,3880811.3666666667,9274625.033234973,-1513002.2999016386,3979725.8,9176357.53195922,-1216905.931959222,3880811.3666666667,9274625.033234973,-1513002.2999016386
466,3952370.7,9196934.665197784,-1292193.2651977837,3869309.216666667,9106589.85737649,-1367971.4240431571,4054865.9,9315238.405995365,-1205506.605995366,3817082.8,9218559.303840859,-1584393.7038408592,3952370.7,9196934.665197784,-1292193.2651977837,3817082.8,9218559.303840859,-1584393.7038408592
467,4235966.7,9795861.066079032,-1323927.6660790313,4145727.25,9688138.383903552,-1396683.8839035518,4229619.3,9788101.694300177,-1328863.094300177,4134041.433333333,9969640.240951316,-1701557.3742846507,4235966.7,9795861.066079032,-1323927.6660790313,4134041.433333333,9969640.240951316,-1701557.3742846507
468,4401918.066666666,9834398.891939562,-1030562.7586062299,4281228.55,9691040.87821225,-1128583.7782122502,4665963.966666667,10191046.092290971,-859118.1589576388,4001560.033333333,9593532.340650868,-1590412.2739842022,4401918.066666666,9834398.891939562,-1030562.7586062299,4001560.033333333,9593532.340650868,-1590412.2739842022
469,4499754.9,10008757.810780631,-1009248.0107806306,4328906.65,9801138.877989016,-1143325.5779890148,4633226.983333333,10190211.133652799,-923757.1669861311,3926896.7666666666,9494848.677755967,-1641055.1444226326,4499754.9,10008757.810780631,-1009248.0107806306,3926896.7666666666,9494848.677755967,-1641055.1444226326
470,3406565.4,7904045.328695644,-1090914.5286956443,3304816.3666666667,7774732.521653753,-1165099.7883204198,3413239.0,7919243.21821493,-1092765.21821493,2995152.2,7537737.453132897,-1547433.0531328963,3406565.4,7904045.328695644,-1090914.5286956443,2995152.2,7537737.453132897,-1547433.0531328963
471,3674853.966666667,8984114.517073082,-1634406.5837397482,3575559.966666667,8860678.829121117,-1709558.895787782,4092095.933333333,9598357.35289559,-1414165.4862289228,3443562.3666666667,8829292.13028067,-1942167.396947336,3674853.966666667,8984114.517073082,-1634406.5837397482,3443562.3666666667,8829292.13028067,-1942167.396947336
472,3605878.7666666666,8667946.281473245,-1456188.7481399113,3442029.8666666667,8455794.678335007,-1571734.9450016734,3879695.25,9065622.841453861,-1306232.3414538624,3316523.066666667,8445354.058639152,-1812307.9253058187,3605878.7666666666,8667946.281473245,-1456188.7481399113,3316523.066666667,8445354.058639152,-1812307.9253058187
473,3423807.6,8325628.069294168,-1478012.869294167,3249698.8333333335,8115535.64849419,-1616137.981827523,3715953.6166666667,8740471.842703989,-1308564.609370655,3256054.3666666667,8263630.451920813,-1751521.718587479,3423807.6,8325628.069294168,-1478012.869294167,3256054.3666666667,8263630.451920813,-1751521.718587479
474,4054287.2,10156309.00100381,-2047734.6010038098,3917818.6666666665,9999609.205543432,-2163971.872210099,4225609.783333333,10377263.341039374,-1926043.774372709,3782030.4,9930293.810675161,-2366233.0106751616,4054287.2,10156309.00100381,-2047734.6010038098,3782030.4,9930293.810675161,-2366233.0106751616
475,4060782.566666667,9955501.525537498,-1833936.392204164,3934454.3333333335,9811966.30668951,-1943057.6400228436,4282006.1,10240006.99293068,-1675994.7929306813,3699510.3666666667,9631850.008617122,-2232829.275283789,4060782.566666667,9955501.525537498,-1833936.392204164,3699510.3666666667,9631850.008617122,-2232829.275283789
476,4415720.366666666,10923007.470969232,-2091566.7376358993,4291307.933333334,10785533.181840256,-2202917.3151735887,4669223.5,11238738.70605237,-1900291.7060523713,3986064.533333333,10508672.31665631,-2536543.2499896446,4415720.366666666,10923007.470969232,-2091566.7376358993,3986064.533333333,10508672.31665631,-2536543.2499896446
477,4181370.4,10408092.299572477,-2045351.4995724778,4047469.2,10252189.843968082,-2157251.443968081,4465444.0,10778250.883941676,-1847362.8839416755,3950436.3,10248624.883617282,-2347752.2836172814,4181370.4,10408092.299572477,-2045351.4995724778,3950436.3,10248624.883617282,-2347752.2836172814
478,4886980.3,12234357.249125997,-2460396.649125997,4760102.633333334,12087469.990935251,-2567264.7242685826,5048039.533333333,12432752.591695864,-2336673.5250291964,4535787.933333334,11920994.615091547,-2849418.748424881,4886980.3,12234357.249125997,-2460396.649125997,4535787.933333334,11920994.615091547,-2849418.748424881
479,5384859.5,13200090.1232024,-2430371.1232024003,5182430.466666667,12971220.39067277,-2606359.457339435,5514784.816666666,13357539.146116337,-2327969.512783004,4780945.733333333,12577249.35873656,-3015357.892069894,5384859.5,13200090.1232024,-2430371.1232024003,4780945.733333333,12577249.35873656,-3015357.892069894
480,5118167.866666666,12735406.985319996,-2499071.251986664,5009347.383333334,12613052.93798919,-2594358.1713225236,5353199.216666667,13030555.154490415,-2324156.7211570814,4670587.1,12319702.816762336,-2978528.6167623373,5118167.866666666,12735406.985319996,-2499071.251986664,4670587.1,12319702.816762336,-2978528.6167623373
481,5138833.1,12923849.222187553,-2646183.0221875533,5020975.366666666,12790743.35969283,-2748792.626359498,5336860.716666667,13169848.896105714,-2496127.4627723815,4805812.633333334,12633456.657439131,-3021831.3907724638,5138833.1,12923849.222187553,-2646183.0221875533,4805812.633333334,12633456.657439131,-3021831.3907724638
482,5211509.833333333,13106999.024722151,-2683979.3580554845,5014501.683333334,12880813.964324534,-2851810.597657866,5259123.316666666,13164289.971100923,-2646043.337767589,4755251.166666667,12666313.322327398,-3155810.988994063,5211509.833333333,13106999.024722151,-2683979.3580554845,4755251.166666667,12666313.322327398,-3155810.988994063
483,5230852.866666666,13116219.625476522,-2654513.89214319,5024020.933333334,12881596.615624309,-2833554.7489576414,5222560.933333334,13109413.766853813,-2664291.900187145,4768319.3,12677720.439068032,-3141081.839068033,5230852.866666666,13116219.625476522,-2654513.89214319,4768319.3,12677720.439068032,-3141081.839068033
484,5288133.466666667,13181911.585031506,-2605644.651698173,5050858.933333334,12910415.469077468,-2808697.6024108008,5101106.716666667,12966182.012067014,-2763968.578733681,4571140.466666667,12426291.641325146,-3284010.7079918114,5288133.466666667,13181911.585031506,-2605644.651698173,4571140.466666667,12426291.641325146,-3284010.7079918114
485,5335998.166666667,13238544.372756023,-2566548.03942269,5097075.233333333,12964833.573781017,-2770683.1071143514,5300643.183333334,13199710.2919538,-2598423.925287133,4737826.766666667,12636240.876814082,-3160587.343480749,5335998.166666667,13238544.372756023,-2566548.03942269,4737826.766666667,12636240.876814082,-3160587.343480749
486,5271473.066666666,13022578.618477914,-2479632.4851445826,5065243.85,12790468.691600293,-2659980.9916002937,5316201.583333333,13071743.664542653,-2439340.4978759866,4650848.166666667,12413881.927250952,-3112185.5939176176,5271473.066666666,13022578.618477914,-2479632.4851445826,4650848.166666667,12413881.927250952,-3112185.5939176176
487,5158644.5,13033344.831564944,-2716055.8315649442,4977992.316666666,12823660.254307352,-2867675.62097402,5260644.6,13151068.613684425,-2629779.413684426,4871206.1,12803467.82808863,-3061055.6280886317,5158644.5,13033344.831564944,-2716055.8315649442,4871206.1,12803467.82808863,-3061055.6280886317
488,5258946.5,12910066.83161581,-2392173.8316158084,5048425.266666667,12641307.464305326,-2544456.930971992,5089512.833333333,12685000.265121538,-2505974.598454873,4700761.8,12336826.181276597,-2935302.5812765965,5258946.5,12910066.83161581,-2392173.8316158084,4700761.8,12336826.181276597,-2935302.5812765965
489,5627089.666666667,13542357.340350468,-2288178.007017133,5414868.333333333,13254118.062991984,-2424381.396325318,5416075.683333334,13251755.002278408,-2419603.635611741,4817712.5,12646326.229726318,-3010901.2297263183,5627089.666666667,13542357.340350468,-2288178.007017133,4817712.5,12646326.229726318,-3010901.2297263183
490,5519699.166666667,13441916.136370713,-2402517.803037379,5364744.183333334,13256883.520440256,-2527395.153773589,5599753.75,13552091.849497346,-2352584.349497346,4448482.4,12296093.205846265,-3399128.4058462633,5519699.166666667,13441916.136370713,-2402517.803037379,4448482.4,12296093.205846265,-3399128.4058462633
491,5417529.666666667,13315078.54406207,-2480019.2107287366,5298541.583333333,13176047.685111087,-2578964.5184444217,5452119.266666667,13369309.595392834,-2465071.0620595003,4553353.9,12402530.735704513,-3295822.9357045125,5417529.666666667,13315078.54406207,-2480019.2107287366,4553353.9,12402530.735704513,-3295822.9357045125
492,5610802.7,13519062.796935305,-2297457.3969353046,5451489.883333334,13329484.771048706,-2426505.0043820394,5515749.4,13411132.693975525,-2379633.893975524,4752384.366666666,12641512.798740037,-3136744.0654067053,5610802.7,13519062.796935305,-2297457.3969353046,4752384.366666666,12641512.798740037,-3136744.0654067053
493,5239339.2,12817167.37890188,-2338488.978901881,5002502.55,12524931.32991475,-2519926.229914751,5099184.716666667,12629305.31673332,-2430935.883399985,4208870.866666666,11706175.815466395,-3288434.082133062,5239339.2,12817167.37890188,-2338488.978901881,4208870.866666666,11706175.815466395,-3288434.082133062
494,5810414.9,13780713.637363214,-2159883.8373632124,5591508.583333333,13496491.247577582,-2313474.0809109155,5356071.066666666,13215613.94980599,-2503471.816472658,4306053.066666666,12133431.902537737,-3521325.769204405,5810414.9,13780713.637363214,-2159883.8373632124,4306053.066666666,12133431.902537737,-3521325.769204405
495,5729033.533333333,13668483.104931582,-2210416.0382649144,5483555.966666667,13364496.339891475,-2397384.406558142,5578595.3,13487136.57973296,-2329945.9797329605,4326989.3,12155285.184818108,-3501306.584818108,5729033.533333333,13668483.104931582,-2210416.0382649144,4326989.3,12155285.184818108,-3501306.584818108
496,5567267.066666666,13432115.110889148,-2297580.977555815,5370553.2,13192762.294064783,-2451655.8940647813,5500356.716666667,13354111.918919586,-2353398.485586253,4276520.866666666,12057336.687552363,-3504294.954219031,5567267.066666666,13432115.110889148,-2297580.977555815,4276520.866666666,12057336.687552363,-3504294.954219031
497,5406880.833333333,13297713.238814663,-2483951.572147996,5214453.433333334,13065689.740794603,-2636782.8741279365,5308567.383333334,13175544.498899678,-2558409.73223301,4415750.533333333,12247111.833922917,-3415610.7672562506,5406880.833333333,13297713.238814663,-2483951.572147996,4415750.533333333,12247111.833922917,-3415610.7672562506
498,5496616.266666667,13047528.13909202,-2054295.6057586875,5257648.2,12707890.158937262,-2192593.758937262,5054812.016666667,12441206.91262714,-2331582.879293807,4257401.733333333,11592935.506050993,-3078132.039384327,5496616.266666667,13047528.13909202,-2054295.6057586875,4257401.733333333,11592935.506050993,-3078132.039384327
499,5583182.0,13552224.279688671,-2385860.2796886703,5347286.166666667,13241240.970618838,-2546668.6372855045,5338098.966666667,13234625.831043102,-2558427.8977097673,4538542.533333333,12388581.044311255,-3311495.977644589,5583182.0,13552224.279688671,-2385860.2796886703,4538542.533333333,12388581.044311255,-3311495.977644589
500,5321816.466666667,13205254.846606225,-2561621.913272892,5151834.016666667,13003342.362719867,-2699674.329386535,5183222.433333334,13043122.55201669,-2676677.685350024,4381444.866666666,12215796.760179633,-3452907.026846301,5321816.466666667,13205254.846606225,-2561621.913272892,4381444.866666666,12215796.760179633,-3452907.026846301
501,5353562.933333334,13202111.36101138,-2494985.494344713,5185688.316666666,13004950.325483847,-2633573.6921505146,5358449.7,13215026.593656808,-2498127.1936568087,4556570.0,12376502.050457455,-3263362.050457455,5353562.933333334,13202111.36101138,-2494985.494344713,4556570.0,12376502.050457455,-3263362.050457455
502,5667881.766666667,13603480.962401463,-2267717.4290681295,5492219.516666667,13383501.977943555,-2399062.9446102222,5517077.383333334,13419502.175464913,-2385347.4087982457,4785026.766666667,12687848.96324785,-3117795.4299145173,5667881.766666667,13603480.962401463,-2267717.4290681295,4785026.766666667,12687848.96324785,-3117795.4299145173
503,6273453.733333333,15494845.007940728,-2947937.5412740605,6144191.366666666,15333208.228429288,-3044825.4950959543,6113997.083333333,15300755.04086589,-3072760.8741992256,5028061.833333333,14165566.566649236,-4109442.899982569,6273453.733333333,15494845.007940728,-2947937.5412740605,5028061.833333333,14165566.566649236,-4109442.899982569
504,6306220.266666667,15220280.778629154,-2607840.24529582,6189146.6,15074473.896917865,-2696180.6969178654,6044115.733333333,14903375.05042072,-2815143.5837540524,4874257.5,13681686.824034357,-3933171.8240343574,6306220.266666667,15220280.778629154,-2607840.24529582,4874257.5,13681686.824034357,-3933171.8240343574
505,6545699.4,15774052.271562185,-2682653.4715621844,6494863.366666666,15711334.52083914,-2721607.7875058083,6394990.983333333,15595948.658583242,-2805966.6919165766,5018122.566666666,14152746.560169972,-4116501.4268366396,6545699.4,15774052.271562185,-2682653.4715621844,5018122.566666666,14152746.560169972,-4116501.4268366396
506,5434131.033333333,12932994.576752983,-2064732.5100863175,5305484.766666667,12781235.729907513,-2170266.1965741804,5367407.766666667,12861241.258591611,-2126425.7252582787,4318364.833333333,11766028.072206892,-3129298.405540225,5434131.033333333,12932994.576752983,-2064732.5100863175,4318364.833333333,11766028.072206892,-3129298.405540225
507,5233717.033333333,13086453.04339832,-2619018.9767316543,5101810.433333334,12938153.558191627,-2734532.691524959,5713717.183333334,13661191.149536727,-2233756.78287006,4851919.1,12761418.953515535,-3057580.753515536,5233717.033333333,13086453.04339832,-2619018.9767316543,4851919.1,12761418.953515535,-3057580.753515536
508,5316515.9,12728201.470651127,-2095169.6706511267,5042578.633333334,12402160.981250167,-2317003.7145835003,5313512.116666666,12734779.967082715,-2107755.733749382,4663175.533333333,12106167.270115115,-2779816.2034484483,5316515.9,12728201.470651127,-2095169.6706511267,4663175.533333333,12106167.270115115,-2779816.2034484483
509,5801185.533333333,13549975.383299086,-1947604.316632419,5545291.616666666,13208307.854520652,-2117724.621187321,5628197.333333333,13318857.344731154,-2062462.6780644879,4622954.266666667,12239876.00703488,-2993967.473701547,5801185.533333333,13549975.383299086,-1947604.316632419,4622954.266666667,12239876.00703488,-2993967.473701547
510,5276534.1,12548508.126328407,-1995439.9263284076,5212730.95,12470952.73073925,-2045490.8307392495,5142766.966666667,12391654.019557554,-2106120.0862242198,4101546.466666667,11288948.982881982,-3085856.0495486474,5276534.1,12548508.126328407,-1995439.9263284076,4101546.466666667,11288948.982881982,-3085856.0495486474
511,5405476.3,12874507.54261059,-2063554.9426105889,5317095.166666667,12765410.435146058,-2131220.101812724,5503596.283333333,13018239.516014356,-2011046.9493476907,4470717.8,11889441.674050298,-2948006.074050299,5405476.3,12874507.54261059,-2063554.9426105889,4470717.8,11889441.674050298,-2948006.074050299
512,6060510.966666667,14060448.303768516,-1939426.370435183,5897668.066666666,13846279.546684429,-2050943.4133510953,6068581.233333333,14075353.572265647,-1938191.1055989806,4681165.5,12552310.644034099,-3189979.6440340998,6060510.966666667,14060448.303768516,-1939426.370435183,4681165.5,12552310.644034099,-3189979.6440340998
513,6007370.666666667,14002870.373474535,-1988129.0401411997,5959658.116666666,13941834.194314763,-2022517.9609814296,5930319.783333333,13880085.51771106,-2019445.9510443937,4506490.066666666,12342710.87059834,-3329730.7372650076,6007370.666666667,14002870.373474535,-1988129.0401411997,4506490.066666666,12342710.87059834,-3329730.7372650076
514,6066128.433333334,13486250.589993816,-1353993.7233271487,5947933.433333334,13339533.73131366,-1443666.8646469926,5637655.15,12940640.58920601,-1665330.2892060103,4300802.033333333,11515149.02131961,-2913544.9546529436,6066128.433333334,13486250.589993816,-1353993.7233271487,4300802.033333333,11515149.02131961,-2913544.9546529436
515,6541829.766666667,14364755.008755822,-1281095.4754224885,6448215.366666666,14234792.86191886,-1338362.1285855267,5975416.15,13597227.707886824,-1646395.4078868236,4395606.366666666,11895574.46983463,-3104361.736501298,6541829.766666667,14364755.008755822,-1281095.4754224885,4395606.366666666,11895574.46983463,-3104361.736501298
516,6506642.6,14356250.865358884,-1342965.6653588843,6432571.7,14247014.32479006,-1381870.924790061,5841213.283333333,13441673.54189023,-1759246.9752235627,4368627.033333333,11871638.282416627,-3134384.2157499604,6506642.6,14356250.865358884,-1342965.6653588843,4368627.033333333,11871638.282416627,-3134384.2157499604
517,6375796.133333334,14485500.864501618,-1733908.5978349512,6186006.033333333,14209474.425566599,-1837462.3588999333,5967199.966666667,13856639.379497185,-1922239.4461638508,4672055.9,12494538.125677295,-3150426.3256772934,6375796.133333334,14485500.864501618,-1733908.5978349512,4672055.9,12494538.125677295,-3150426.3256772934
518,5820886.4,12828851.112743532,-1187078.3127435315,5590814.333333333,12473886.721836496,-1292258.0551698292,5261670.216666667,12003999.662269525,-1480659.2289361907,4193740.433333333,10871528.887016913,-2484048.020350246,5820886.4,12828851.112743532,-1187078.3127435315,4193740.433333333,10871528.887016913,-2484048.020350246
519,5892998.066666666,12793721.086186402,-1007724.9528530696,5630704.316666666,12382502.469585286,-1121093.8362519536,5463535.2,12135748.219902428,-1208677.8199024275,3959224.2333333334,10415171.163763057,-2496722.6970963897,5892998.066666666,12793721.086186402,-1007724.9528530696,3959224.2333333334,10415171.163763057,-2496722.6970963897
520,5459612.933333334,12233551.513188096,-1314325.6465214286,5283232.666666667,12008293.065301828,-1441827.7319684932,5234840.083333333,11955241.315300157,-1485561.1486334912,3919632.2333333334,10509108.272385526,-2669843.8057188606,5459612.933333334,12233551.513188096,-1314325.6465214286,3919632.2333333334,10509108.272385526,-2669843.8057188606
521,5750220.9,12908894.20077524,-1408452.400775238,5584219.9,12680071.26055488,-1511631.4605548792,5474616.333333333,12538568.477371182,-1589335.8107045162,4085011.1666666665,11021748.639975056,-2851726.3066417226,5750220.9,12908894.20077524,-1408452.400775238,4085011.1666666665,11021748.639975056,-2851726.3066417226
522,5548115.3,12924408.17578347,-1828177.5757834697,5313765.35,12650535.045408383,-2023004.3454083838,5338681.233333333,12672820.655008592,-1995458.1883419259,4489107.166666667,11833694.091529986,-2855479.758196652,5548115.3,12924408.17578347,-1828177.5757834697,4489107.166666667,11833694.091529986,-2855479.758196652
523,5552249.633333334,13407926.45813043,-2303427.191463762,5387515.516666667,13226380.539377006,-2451349.5060436726,5552506.633333334,13398496.738693621,-2293483.4720269544,4651047.366666666,12499661.386312839,-3197566.652979506,5552249.633333334,13407926.45813043,-2303427.191463762,4651047.366666666,12499661.386312839,-3197566.652979506
524,4544052.566666666,10937586.454151861,-1849481.3208185276,4507523.283333333,10899826.90592618,-1884780.3392595137,4675033.0,11089874.371919587,-1739808.3719195863,3886526.1,10267460.204816593,-2494408.004816593,4544052.566666666,10937586.454151861,-1849481.3208185276,3886526.1,10267460.204816593,-2494408.004816593
525,5274483.466666667,12352927.648934826,-1803960.7156014917,5246019.716666667,12320681.275324509,-1828641.841991175,5385318.233333333,12470491.751236038,-1699855.2845693715,4174225.566666667,11182814.122611312,-2834362.989277978,5274483.466666667,12352927.648934826,-1803960.7156014917,4174225.566666667,11182814.122611312,-2834362.989277978
526,6140887.9,14355366.17822875,-2073590.378228751,6115332.0,14330517.153865173,-2099853.1538651744,6075351.233333333,14233626.159080993,-2082923.6924143257,4779701.033333333,12881622.92950372,-3322220.8628370548,6140887.9,14355366.17822875,-2073590.378228751,4779701.033333333,12881622.92950372,-3322220.8628370548
527,5840631.3,13541993.55062179,-1860730.9506217912,5833844.216666667,13535408.884349085,-1867720.4510157527,6063345.383333334,13798892.869712241,-1672202.1030455735,4537943.666666667,12089417.575265732,-3013530.2419323986,5840631.3,13541993.55062179,-1860730.9506217912,4537943.666666667,12089417.575265732,-3013530.2419323986
528,4915439.966666667,11291769.451653736,-1460889.5183204021,4903971.783333333,11281311.518059025,-1473367.9513923582,4956956.516666667,11316639.265754975,-1402726.2324216412,4210325.5,10609136.952380028,-2188485.9523800267,4915439.966666667,11291769.451653736,-1460889.5183204021,4210325.5,10609136.952380028,-2188485.9523800267
529,4945272.866666666,10857049.315435592,-966503.5821022606,4912583.216666667,10825601.786291625,-1000435.3529582918,5237000.116666666,11233076.851184921,-759076.6178515889,3914096.066666667,9738109.657614484,-1909917.5242811502,4945272.866666666,10857049.315435592,-966503.5821022606,3914096.066666667,9738109.657614484,-1909917.5242811502
530,4697689.233333333,10471137.99221965,-1075759.5255529825,4664596.083333333,10437234.120363805,-1108041.9536971394,5079179.05,11016327.623072686,-857969.523072686,3452072.966666667,9067426.587710995,-2163280.6543776626,4697689.233333333,10471137.99221965,-1075759.5255529825,3452072.966666667,9067426.587710995,-2163280.6543776626
531,5229176.566666666,11782939.873166554,-1324586.7398332208,5221447.183333334,11775972.798792679,-1333078.4321260117,5206996.383333334,11756657.985759787,-1342665.2190931188,3943967.2333333334,10381726.931805698,-2493792.4651390314,5229176.566666666,11782939.873166554,-1324586.7398332208,3943967.2333333334,10381726.931805698,-2493792.4651390314
532,5992857.233333333,14115658.96008834,-2129944.493421674,5969960.116666666,14091967.2466005,-2152047.013267167,5991223.55,14115087.333662545,-2132640.2336625457,4724961.3,12799575.42243781,-3349652.8224378107,5992857.233333333,14115658.96008834,-2129944.493421674,4724961.3,12799575.42243781,-3349652.8224378107
533,5899800.633333334,14173645.217511242,-2374043.9508445747,5838199.55,14113989.589338254,-2437590.4893382555,5904237.6,14161924.976395205,-2353449.7763952054,4879590.7,13135612.300510362,-3376430.9005103623,5899800.633333334,14173645.217511242,-2374043.9508445747,4879590.7,13135612.300510362,-3376430.9005103623
534,4500612.733333333,10331099.447775843,-1329873.9811091758,4459973.183333334,10290704.845135054,-1370758.4784683865,4647242.066666666,10491993.33169981,-1197509.1983664772,3634243.966666667,9432728.836664617,-2164240.9033312844,4500612.733333333,10331099.447775843,-1329873.9811091758,3634243.966666667,9432728.836664617,-2164240.9033312844
535,5302029.633333334,12065749.856999002,-1461690.5903323358,5271399.016666667,12034108.699649513,-1491310.6663161796,5598458.283333333,12404593.769505389,-1207677.2028387217,4045932.066666667,10726088.904646358,-2634224.7713130233,5302029.633333334,12065749.856999002,-1461690.5903323358,4045932.066666667,10726088.904646358,-2634224.7713130233
536,5385259.7,12068447.136369823,-1297927.7363698222,5385259.7,12068447.136369823,-1297927.7363698222,5800461.05,12516932.728516925,-916010.6285169246,3928739.1333333333,10417229.67317444,-2559751.406507774,5385259.7,12068447.136369823,-1297927.7363698222,3928739.1333333333,10417229.67317444,-2559751.406507774
537,4956923.5,11173995.801064564,-1260148.801064564,4956923.5,11173995.801064564,-1260148.801064564,5289171.183333334,11479141.226010006,-900798.8593433378,3830613.033333333,9849618.308759104,-2188392.242092438,4956923.5,11173995.801064564,-1260148.801064564,3830613.033333333,9849618.308759104,-2188392.242092438
538,4365348.5,9878875.58200701,-1148178.5820070086,4365348.5,9878875.58200701,-1148178.5820070086,4483796.966666667,9949240.9760762,-981647.0427428661,3948553.6666666665,9598848.157475702,-1701740.82414237,4365348.5,9878875.58200701,-1148178.5820070086,3948553.6666666665,9598848.157475702,-1701740.82414237
539,4413491.666666667,10056670.717588205,-1229687.384254871,4398194.5,10042418.4780837,-1246029.4780837,4598434.0,10242108.159199527,-1045240.1591995265,4037647.6333333333,9855062.832465341,-1779767.5657986742,4413491.666666667,10056670.717588205,-1229687.384254871,4037647.6333333333,9855062.832465341,-1779767.5657986742
540,4188687.7333333334,8621534.559947949,-244159.09328128304,4139171.816666667,8572836.307774631,-294492.6744412971,4281214.65,8668083.537395906,-105654.23739590589,2732489.6666666665,6733883.8892561,-1268904.5559227671,4188687.7333333334,8621534.559947949,-244159.09328128304,2732489.6666666665,6733883.8892561,-1268904.5559227671
541,3780485.6666666665,7651175.964877348,-90204.63154401584,3748418.5833333335,7617128.6662371345,-120291.49957046797,3801691.183333333,7613580.422271603,-10198.055604936555,2744533.4,6460717.579690676,-971650.7796906764,3780485.6666666665,7651175.964877348,-90204.63154401584,2744533.4,6460717.579690676,-971650.7796906764
542,3528369.7,7291366.266734723,-234626.86673472263,3528369.7,7291366.266734723,-234626.86673472263,3896119.9833333334,7777330.659758471,14909.306908196304,2845786.7,6691753.543580148,-1000180.1435801475,3528369.7,7291366.266734723,-234626.86673472263,2845786.7,6691753.543580148,-1000180.1435801475
543,3410145.6,7410999.732484979,-590708.5324849784,3398470.6333333333,7399725.171692031,-602783.9050253648,3561355.4833333334,7547002.783059589,-424291.81639292184,2727351.1666666665,6650906.287108958,-1196203.9537756243,3410145.6,7410999.732484979,-590708.5324849784,2727351.1666666665,6650906.287108958,-1196203.9537756243
544,3523224.4,7354627.777841885,-308178.9778418853,3475791.8833333333,7306721.382440861,-355137.6157741947,3611989.7666666666,7487590.37764092,-263610.8443075861,2560540.1333333333,6218805.142041294,-1097724.8753746273,3523224.4,7354627.777841885,-308178.9778418853,2560540.1333333333,6218805.142041294,-1097724.8753746273
545,4024673.2,8438658.480438739,-389312.08043873776,3984531.433333333,8394291.750036921,-425228.88337025465,4189906.033333333,8705554.587170105,-325742.52050343994,2770325.2666666666,6913809.005736897,-1373158.4724035636,4024673.2,8438658.480438739,-389312.08043873776,2770325.2666666666,6913809.005736897,-1373158.4724035636
546,3827600.6666666665,8266735.649801254,-611534.3164679217,3821325.3333333335,8260540.169675151,-617889.5030084834,4281284.05,9120550.185195953,-557982.085195954,2687432.533333333,6786038.121575504,-1411173.0549088372,3827600.6666666665,8266735.649801254,-611534.3164679217,2687432.533333333,6786038.121575504,-1411173.0549088372
547,3907902.1333333333,8568564.455845222,-752760.1891785557,3890759.55,8552945.667959653,-771426.5679596523,3983557.566666667,8692564.846913459,-725449.7135801255,2779524.0,6974267.442161492,-1415219.442161492,3907902.1333333333,8568564.455845222,-752760.1891785557,2779524.0,6974267.442161492,-1415219.442161492
548,3350847.1,7162105.871704276,-460411.67170427553,3328876.25,7141631.593836961,-483879.0938369618,3015325.45,6537619.715102753,-506968.81510275183,2580670.066666667,6133790.319309659,-972450.1859763255,3350847.1,7162105.871704276,-460411.67170427553,2580670.066666667,6133790.319309659,-972450.1859763255
549,3546933.7333333334,7612689.101249058,-518821.6345823915,3531041.8666666667,7596967.179559777,-534883.4462264427,3642232.933333333,7790503.643526101,-506037.7768594343,2739626.8333333335,6582745.013516264,-1103491.3468495966,3546933.7333333334,7612689.101249058,-518821.6345823915,2739626.8333333335,6582745.013516264,-1103491.3468495966
550,4167977.3,8729217.070841515,-393262.4708415158,4108712.4166666665,8671315.740669385,-453890.9073360511,4493327.766666667,9448873.51718773,-462217.98385439534,2575155.1,6424500.5715246145,-1274190.3715246138,4167977.3,8729217.070841515,-393262.4708415158,2575155.1,6424500.5715246145,-1274190.3715246138
551,4066132.8333333335,8656526.560115414,-524260.8934487472,4022710.55,8613362.045946164,-567940.9459461644,4087944.716666667,8617168.909781016,-441279.4764476828,2750190.3666666667,6896575.786715765,-1396195.0533824307,4066132.8333333335,8656526.560115414,-524260.8934487472,2750190.3666666667,6896575.786715765,-1396195.0533824307
552,3741998.033333333,8144368.874393023,-660372.8077263562,3717265.7333333334,8121424.816647008,-686893.3499803413,3554331.1166666667,7774860.209408343,-666197.976075009,2697160.933333333,6764972.56455097,-1370650.6978843035,3741998.033333333,8144368.874393023,-660372.8077263562,2697160.933333333,6764972.56455097,-1370650.6978843035
553,3851455.466666667,8408617.33146545,-705706.3981321165,3819259.9166666665,8377985.903120436,-739466.0697871032,3680196.0833333335,8137380.300093487,-776988.1334268204,2725402.033333333,6978905.592794367,-1528101.5261277007,3851455.466666667,8408617.33146545,-705706.3981321165,2725402.033333333,6978905.592794367,-1528101.5261277007
554,3496851.0,7488471.5003263205,-494769.5003263205,3477262.2666666666,7470345.471364904,-515820.93803157145,3403160.9,7313413.786569361,-507091.9865693613,2276016.1,5911594.674383275,-1359562.4743832755,3496851.0,7488471.5003263205,-494769.5003263205,2276016.1,5911594.674383275,-1359562.4743832755
555,3518348.7666666666,7445670.942028884,-408973.40869555017,3494410.5166666666,7418286.672626056,-429465.6392927221,3672456.933333333,7713203.342097729,-368289.47543106275,2181592.5,5692431.820506597,-1329246.8205065965,3518348.7666666666,7445670.942028884,-408973.40869555017,2181592.5,5692431.820506597,-1329246.8205065965
556,3617016.466666667,7736387.452177091,-502354.5188437565,3559810.4,7669926.88024752,-550306.08024752,4378836.833333333,9408454.979114592,-650781.3124479251,2120470.7333333334,5699205.149859544,-1458263.6831928766,3617016.466666667,7736387.452177091,-502354.5188437565,2120470.7333333334,5699205.149859544,-1458263.6831928766
557,3798278.1333333333,8302681.751739187,-706125.485072521,3768294.4,8259779.215589704,-723190.4155897046,4238843.2,9223978.273433028,-746291.8734330274,2385678.966666667,6222721.771200572,-1451363.8378672386,3798278.1333333333,8302681.751739187,-706125.485072521,2385678.966666667,6222721.771200572,-1451363.8378672386
558,3695429.4,8056551.010136858,-665692.2101368583,3674272.433333333,8037132.948685208,-688588.0820185416,3358004.25,7445058.260834631,-729049.760834631,2689921.6666666665,6666385.259977536,-1286541.9266442037,3695429.4,8056551.010136858,-665692.2101368583,2689921.6666666665,6666385.259977536,-1286541.9266442037
559,3964762.466666667,8615935.344561655,-686410.4112283215,3939245.8,8592375.449735425,-713883.8497354249,4087596.0,8843288.3509322,-668096.3509321995,2741736.4,6887806.761961119,-1404333.9619611194,3964762.466666667,8615935.344561655,-686410.4112283215,2741736.4,6887806.761961119,-1404333.9619611194
560,4765668.333333333,10197749.242788702,-666412.5761220362,4723700.316666666,10138717.062655497,-691316.4293221654,4697639.283333333,10022807.739129111,-627529.1724624448,2652973.4,6793513.332147597,-1487566.5321475975,4765668.333333333,10197749.242788702,-666412.5761220362,2652973.4,6793513.332147597,-1487566.5321475975
561,4416954.2,9360649.308151856,-526740.9081518557,4401250.516666667,9346499.742978685,-543998.7096453514,4020027.9833333334,8507449.493305631,-467393.52663896326,2519494.7,6463904.773482851,-1424915.3734828504,4416954.2,9360649.308151856,-526740.9081518557,2519494.7,6463904.773482851,-1424915.3734828504
562,3904669.3,8315717.642010264,-506379.0420102645,3892545.8833333333,8304814.837812249,-519723.07114558155,3665321.9,7841491.985482127,-510848.1854821276,2328456.6666666665,6164000.978100073,-1507087.644766739,3904669.3,8315717.642010264,-506379.0420102645,2328456.6666666665,6164000.978100073,-1507087.644766739
563,4247714.3,9259438.80097238,-764010.200972381,4236705.05,9249519.728451762,-776109.6284517618,4019753.9,8859509.22837402,-820001.4283740199,2743465.2,7296841.592550851,-1809911.192550851,4247714.3,9259438.80097238,-764010.200972381,2743465.2,7296841.592550851,-1809911.192550851
564,3356760.0,6876502.404739784,-162982.4047397836,3345672.9166666665,6866605.3078674795,-175259.4745341465,3271407.6333333333,6697510.603289114,-154695.3366224477,2090988.2666666666,5151932.714224329,-969956.1808909965,3356760.0,6876502.404739784,-162982.4047397836,2090988.2666666666,5151932.714224329,-969956.1808909965
565,3725853.6,7667657.905529863,-215950.70552986301,3717908.6666666665,7660611.149787333,-224793.8164540003,3646682.433333333,7480308.529677006,-186943.66301034018,2120649.7333333334,5309833.435940681,-1068533.9692740142,3725853.6,7667657.905529863,-215950.70552986301,2120649.7333333334,5309833.435940681,-1068533.9692740142
566,3870999.7666666666,8152508.140829955,-410508.607496622,3858817.033333333,8141531.958507865,-423897.8918411983,3875798.65,8145453.186528098,-393855.88652809756,2045601.1333333333,5176261.723838292,-1085059.457171626,3870999.7666666666,8152508.140829955,-410508.607496622,2045601.1333333333,5176261.723838292,-1085059.457171626
567,4443978.033333333,9611502.546182347,-723546.479515681,4416792.916666667,9568693.251796346,-735107.4184630131,4236578.683333334,9120726.40353658,-647569.0368699143,2467373.1,6332946.196681233,-1398199.996681233,4443978.033333333,9611502.546182347,-723546.479515681,2467373.1,6332946.196681233,-1398199.996681233
568,3067069.3666666667,6629822.314976213,-495683.5816428792,3045242.816666667,6609726.027257727,-519240.3939243937,3086167.183333333,6640122.869553106,-467788.50288644014,2322163.2666666666,5746845.576994691,-1102519.0436613578,3067069.3666666667,6629822.314976213,-495683.5816428792,2322163.2666666666,5746845.576994691,-1102519.0436613578
569,3554088.4,7461669.765879346,-353492.9658793467,3518353.5833333335,7413716.917648828,-377009.75098216115,3707594.3666666667,7703067.810078226,-287879.07674489217,2511025.533333333,6138208.377480972,-1116157.3108143052,3554088.4,7461669.765879346,-353492.9658793467,2511025.533333333,6138208.377480972,-1116157.3108143052
570,4099258.1333333333,8432712.09866313,-234195.8319964637,4020872.85,8300323.544829566,-258577.84482956538,4082472.25,8368528.240905002,-203583.74090500176,2554250.3,6254691.135062415,-1146190.535062415,4099258.1333333333,8432712.09866313,-234195.8319964637,2554250.3,6254691.135062415,-1146190.535062415
571,3471142.966666667,7169280.207748692,-226994.27441535797,3436790.033333333,7124614.837269237,-251034.77060257038,3613906.5166666666,7369430.574351124,-141617.5410177908,2569556.2333333334,6065493.263658673,-926380.7969920062,3471142.966666667,7169280.207748692,-226994.27441535797,2569556.2333333334,6065493.263658673,-926380.7969920062
572,3022119.9,6386590.901768383,-342351.1017683833,3002227.3666666667,6368328.076843249,-363873.34350991575,3100268.05,6477500.825276867,-276964.72527686646,2319131.933333333,5634635.021903673,-996371.155237007,3022119.9,6386590.901768383,-342351.1017683833,2319131.933333333,5634635.021903673,-996371.155237007
573,3033807.2333333334,6350347.927787335,-282733.46112066787,3018448.1166666667,6336397.597247004,-299501.3639136702,3145607.3833333333,6499592.806186182,-208378.03951951582,2483607.5,5787678.757970445,-820463.7579704444,3033807.2333333334,6350347.927787335,-282733.46112066787,2483607.5,5787678.757970445,-820463.7579704444
574,2710752.9,5529791.742547022,-108285.94254702237,2698022.4,5518336.062297203,-122291.2622972033,2888575.7666666666,5768295.307838211,8856.225495121907,2193473.966666667,5016295.288160362,-629347.3548270287,2710752.9,5529791.742547022,-108285.94254702237,2193473.966666667,5016295.288160362,-629347.3548270287
575,2786407.7,5598999.2564765625,-26183.856476561632,2775801.0833333335,5589543.285323525,-37941.118656858336,3082680.1333333333,6097167.818220553,68192.44844611362,1980563.7,4687659.995479214,-726532.5954792143,2786407.7,5598999.2564765625,-26183.856476561632,1980563.7,4687659.995479214,-726532.5954792143
576,3230638.6,6687310.604098966,-226033.4040989657,3209955.65,6659389.547928488,-239478.24792848807,3725902.9166666665,7637202.89746483,-185397.06413149694,2195712.6333333333,5388986.806649673,-997561.5399830062,3230638.6,6687310.604098966,-226033.4040989657,2195712.6333333333,5388986.806649673,-997561.5399830062
577,3014585.6666666665,6165690.383745065,-136519.0504117324,2953147.7333333334,6056107.433547793,-149811.96688112663,3261636.7333333334,6647072.389028218,-123798.92236155039,2122358.433333333,4905023.808642975,-660306.9419763088,3014585.6666666665,6165690.383745065,-136519.0504117324,2122358.433333333,4905023.808642975,-660306.9419763088
578,2631876.033333333,5811096.91304858,-547344.8463819143,2613415.4166666665,5793871.377863186,-567040.5445298534,2641996.15,5808819.647959442,-524827.3479594421,2278390.433333333,5476941.037722027,-920160.1710553607,2631876.033333333,5811096.91304858,-547344.8463819143,2278390.433333333,5476941.037722027,-920160.1710553607
579,3258017.9,7028738.4606458,-512702.6606458002,3220599.75,6979500.520276032,-538301.0202760329,3323163.4166666665,7107396.868478974,-461070.03514564084,2623384.6,6256038.801573798,-1009269.6015737974,3258017.9,7028738.4606458,-512702.6606458002,2623384.6,6256038.801573798,-1009269.6015737974
580,3275065.533333333,6649445.265426535,-99314.19875986874,3182974.933333333,6446783.30774546,-80833.44107879465,3311537.4166666665,6631970.605341624,-8895.772008290514,1716920.6666666667,3823592.015625106,-389750.6822917729,3275065.533333333,6649445.265426535,-99314.19875986874,1716920.6666666667,3823592.015625106,-389750.6822917729
581,2683986.6333333333,5244686.926337143,123286.34032952273,2613454.283333333,5105011.866538136,121896.70012853015,2803831.8333333335,5387979.091135076,219684.57553159073,1517026.1666666667,3457586.4485046966,-423534.1151713631,2683986.6333333333,5244686.926337143,123286.34032952273,1517026.1666666667,3457586.4485046966,-423534.1151713631
582,2658657.7333333334,5262226.553239768,55088.913426897954,2633944.0166666666,5230914.162683405,36973.87064992823,2793964.3666666667,5483733.022039408,104195.711293926,1893432.4666666666,4399245.7816874515,-612380.8483541182,2658657.7333333334,5262226.553239768,55088.913426897954,1893432.4666666666,4399245.7816874515,-612380.8483541182
583,2071750.1333333333,4194033.2726310533,-50533.00596438674,2043819.7833333334,4153896.3599044057,-66256.79323773901,2119934.1,4269933.442278253,-30065.242278252263,1545031.6,3535698.05079707,-445634.8507970697,2071750.1333333333,4194033.2726310533,-50533.00596438674,1545031.6,3535698.05079707,-445634.8507970697
584,1987379.0333333334,3933638.337335525,41119.729331142036,1958383.3666666667,3895105.2108036876,21661.522529646056,2053173.5333333334,4036313.228628296,70033.83803837094,1406416.3,3187947.446352915,-375114.8463529146,1987379.0333333334,3933638.337335525,41119.729331142036,1406416.3,3187947.446352915,-375114.8463529146
585,2005562.1666666667,3875939.501772688,135184.83156064595,1975916.8333333333,3818249.120716276,133584.5459503904,2163859.966666667,4186453.250186675,141266.68314665835,1215099.0666666667,2724148.5582821737,-293950.4249488404,2005562.1666666667,3875939.501772688,135184.83156064595,1215099.0666666667,2724148.5582821737,-293950.4249488404
586,2201748.5,4638524.833212661,-235027.8332126611,2129215.033333333,4462507.326693455,-204077.26002678787,2430132.7666666666,5246403.568990093,-386138.03565675905,920855.5666666667,1968411.338175891,-126700.20484255755,2201748.5,4638524.833212661,-235027.8332126611,920855.5666666667,1968411.338175891,-126700.20484255755
587,1582899.7,3388986.633003995,-223187.23300399468,1581549.2,3387672.828403809,-224574.42840380943,1720831.95,3713465.593448472,-271801.69344847207,725017.4,1544086.7271119775,-94051.92711197748,1582899.7,3388986.633003995,-223187.23300399468,725017.4,1544086.7271119775,-94051.92711197748
588,1134832.8666666667,2116894.8531225664,152770.88021076703,1133249.8333333333,2115303.9572216654,151195.70944500098,1155272.3166666667,2110289.247987692,200255.38534564164,791261.6,1694609.5571111252,-112086.35711112525,1134832.8666666667,2116894.8531225664,152770.88021076703,791261.6,1694609.5571111252,-112086.35711112525
589,1464371.7333333334,2726569.8242084477,202173.6424582193,1459665.6833333333,2721801.520295972,197529.84637069493,1577982.85,2925145.504607224,230820.19539277605,898742.4,1907768.9327869527,-110284.13278695254,1464371.7333333334,2726569.8242084477,202173.6424582193,898742.4,1907768.9327869527,-110284.13278695254
590,1921090.5333333334,3807636.900606567,34544.16606009961,1912154.05,3797783.158850722,26524.94114927831,1954325.5333333334,3823948.966854918,84702.09981174907,793716.6333333333,1712789.1274992176,-125355.86083255103,1921090.5333333334,3807636.900606567,34544.16606009961,793716.6333333333,1712789.1274992176,-125355.86083255103
591,1906165.5333333334,3620666.316076255,191664.75059041195,1888907.9,3597258.6681198208,180557.13188017928,1988756.0666666667,3766540.6244551744,210971.5088781591,829979.7333333333,1797614.6041272373,-137655.13746057078,1906165.5333333334,3620666.316076255,191664.75059041195,829979.7333333333,1797614.6041272373,-137655.13746057078
592,1815127.3333333333,3547900.1422551516,82354.52441151463,1814279.35,3546714.9939041687,81843.70609583147,1795201.9333333333,3490130.7046622997,100273.16200436675,971584.2,2372206.14186519,-429037.74186519,1815127.3333333333,3547900.1422551516,82354.52441151463,971584.2,2372206.14186519,-429037.74186519
593,1769849.0,3554706.5430447506,-15008.543044750812,1754788.5166666666,3538524.5257237507,-28947.492390417727,1733942.7,3482500.598643453,-14615.198643452954,1085630.7,2576775.9253788074,-405514.52537880745,1769849.0,3554706.5430447506,-15008.543044750812,1085630.7,2576775.9253788074,-405514.52537880745
594,1608269.0,3104926.4492693623,111611.55073063774,1602253.0666666667,3099023.1407328527,105482.9926004808,1613189.0833333333,3078139.739643696,148238.42702297028,872081.1333333333,1893717.0336130937,-149554.76694642694,1608269.0,3104926.4492693623,111611.55073063774,872081.1333333333,1893717.0336130937,-149554.76694642694
595,2045428.0,3977666.685150441,113189.31484955922,2023294.8833333333,3955232.8678421164,91356.89882455021,2054462.1833333333,3982796.380929509,126127.98573715729,1022093.0,2286378.7107745805,-242192.71077458048,2045428.0,3977666.685150441,113189.31484955922,1022093.0,2286378.7107745805,-242192.71077458048
596,2008408.8666666667,3995257.5438643927,21560.18946894072,1971426.5833333333,3948575.254900457,-5722.08823379036,2051764.9333333333,4096729.5483385827,6800.318328084191,1050028.3333333333,2370099.6522394624,-270042.9855727956,2008408.8666666667,3995257.5438643927,21560.18946894072,1050028.3333333333,2370099.6522394624,-270042.9855727956
597,1560128.1333333333,3318516.7775562713,-198260.51088960492,1552770.55,3310575.036468912,-205033.93646891206,1598737.1833333333,3377058.234588821,-179583.86792215426,753328.9333333333,1672466.456020647,-165808.58935398026,1560128.1333333333,3318516.7775562713,-198260.51088960492,753328.9333333333,1672466.456020647,-165808.58935398026
598,1079579.3333333333,2004697.5450170198,154461.12164964667,1065351.2166666666,1987725.3839268843,142977.04940644873,1080870.0833333333,1968969.7252376666,192770.44142899977,789805.9666666667,1767333.8280180285,-187721.89468469517,1079579.3333333333,2004697.5450170198,154461.12164964667,789805.9666666667,1767333.8280180285,-187721.89468469517
599,1572225.8,2984248.835864365,160202.76413563523,1551996.05,2961886.933747785,142105.16625221493,1706112.1166666667,3251779.1545410063,160445.07879232708,714666.0,1621485.609267042,-192153.60926704213,1572225.8,2984248.835864365,160202.76413563523,714666.0,1621485.609267042,-192153.60926704213
600,1848959.9,3464917.1289728326,233002.67102716723,1789766.9333333333,3401948.017696546,177585.84897012077,2028298.3333333333,3893643.7604522984,162952.9062143683,695513.6666666666,1526942.1927059165,-135914.85937258322,1848959.9,3464917.1289728326,233002.67102716723,695513.6666666666,1526942.1927059165,-135914.85937258322
601,1664938.0666666667,2964961.2765603466,364914.8567729867,1626009.1833333333,2922436.412850026,329581.9538166409,1792826.8,3263283.6989724403,322369.90102755977,845309.7666666667,1815179.479310796,-124559.94597746246,1664938.0666666667,2964961.2765603466,364914.8567729867,845309.7666666667,1815179.479310796,-124559.94597746246
602,1485739.7666666666,2722357.945492446,249121.58784088725,1463599.9833333334,2695634.007641432,231565.95902523468,1557448.2833333334,2871540.0592581807,243356.5074084862,799115.9333333333,1849355.642943745,-251123.77627707832,1485739.7666666666,2722357.945492446,249121.58784088725,799115.9333333333,1849355.642943745,-251123.77627707832
603,1384665.2,2639280.557917977,130049.84208202269,1376993.5666666667,2630047.0196981495,123940.11363518354,1408679.9666666666,2664807.4458061587,152552.4875271744,894160.7333333333,2069054.49308014,-280733.02641347365,1384665.2,2639280.557917977,130049.84208202269,894160.7333333333,2069054.49308014,-280733.02641347365
604,1468769.7666666666,2602722.6249740804,334816.9083592531,1442577.4333333333,2573828.2864729273,311326.5801937394,1483110.1666666667,2624596.9724692656,341623.3608640677,826298.9333333333,1768652.9538181787,-116055.08715151192,1468769.7666666666,2602722.6249740804,334816.9083592531,826298.9333333333,1768652.9538181787,-116055.08715151192
605,1306243.2,2303055.2520010388,309431.14799896115,1256254.9666666666,2238180.50881618,274329.4245171534,1278605.15,2284912.0184871885,272298.2815128112,839097.0333333333,1768211.6249775384,-90017.55831087171,1306243.2,2303055.2520010388,309431.14799896115,839097.0333333333,1768211.6249775384,-90017.55831087171
606,1062377.4,1797268.7326666152,327486.06733338465,1010848.1666666666,1723679.1624107119,298017.1709226215,1027483.4833333333,1756417.2152642226,298549.751402444,678880.0,1426544.5654900318,-68784.56549003185,1062377.4,1797268.7326666152,327486.06733338465,678880.0,1426544.5654900318,-68784.56549003185
607,913191.8333333334,1645652.6504978957,180731.0161687712,890956.4166666666,1616740.2999915562,165172.53334177705,913507.95,1643006.1970344435,184009.7029655564,640379.4,1392480.7018993846,-111721.90189938457,913191.8333333334,1645652.6504978957,180731.0161687712,640379.4,1392480.7018993846,-111721.90189938457
608,933006.2333333333,1727342.7194378898,138669.74722877692,908352.35,1697389.2457393287,119315.4542606714,975069.1,1792904.6061918451,157233.5938081547,691008.2666666667,1509502.0545568857,-127485.52122355241,933006.2333333333,1727342.7194378898,138669.74722877692,691008.2666666667,1509502.0545568857,-127485.52122355241
609,1116595.4666666666,2072416.1435661488,160774.78976718418,1080006.35,2028243.7451190592,131768.95488094096,1115120.0833333333,2072160.3198909156,158079.84677575086,788649.9666666667,1707306.837953101,-130006.90461976756,1116595.4666666666,2072416.1435661488,160774.78976718418,788649.9666666667,1707306.837953101,-130006.90461976756
610,1232589.5666666667,2180738.4980111034,284440.63532222994,1172597.0,2105382.8725258387,239811.1274741612,1218676.9166666667,2162047.477674984,275306.35565834946,875393.8,1825767.4120688585,-74979.81206885842,1232589.5666666667,2180738.4980111034,284440.63532222994,875393.8,1825767.4120688585,-74979.81206885842
611,1121257.1666666667,2012043.5283144983,230470.80501883535,1060822.4333333333,1936817.563468616,184827.3031980506,1126552.85,2034178.8158082943,218926.88419170585,848337.1666666666,1764830.867855738,-68156.53452240466,1121257.1666666667,2012043.5283144983,230470.80501883535,848337.1666666666,1764830.867855738,-68156.53452240466
612,838822.0666666667,1440075.8927426492,237568.24059068412,777517.9833333333,1345590.9717167856,209444.994949881,810537.25,1397841.1290524933,223233.37094750686,561175.8666666667,1208734.0100064254,-86382.27667309192,838822.0666666667,1440075.8927426492,237568.24059068412,561175.8666666667,1208734.0100064254,-86382.27667309192
613,783858.0666666667,1333053.9896379132,234662.14369542012,741676.6333333333,1265766.164991158,217587.1016755085,788542.5833333334,1333318.3843522419,243766.78231442487,561018.9333333333,1186133.3637314094,-64095.49706474261,783858.0666666667,1333053.9896379132,234662.14369542012,561018.9333333333,1186133.3637314094,-64095.49706474261
614,1311412.0,2325822.155023418,297001.844976582,1224400.0333333334,2207156.591250449,241643.47541621793,1221600.8333333333,2202455.920998941,240745.74566772557,865295.7,1839448.6821929563,-108857.28219295642,1311412.0,2325822.155023418,297001.844976582,865295.7,1839448.6821929563,-108857.28219295642
615,1390435.6333333333,2441226.651264358,339644.61540230876,1289420.4333333333,2304340.4288326744,274500.4378339924,1320942.7166666666,2369608.3133376176,272277.11999571556,687671.0,1494300.2984237135,-118958.29842371354,1390435.6333333333,2441226.651264358,339644.61540230876,687671.0,1494300.2984237135,-118958.29842371354
616,1642255.2,3130838.375612571,153672.024387429,1536245.1833333333,3007683.51218164,64806.85448502656,1564270.0,3039445.098038603,89094.90196139691,686634.0333333333,1507391.4768848754,-134123.4102182088,1642255.2,3130838.375612571,153672.024387429,686634.0333333333,1507391.4768848754,-134123.4102182088
617,1471706.8333333333,2897646.00423796,45767.66242870665,1388777.9,2805754.4687720565,-28198.6687720567,1438998.1166666667,2928988.733461001,-50992.500127667794,682718.9,1545799.7079397677,-180361.9079397677,1471706.8333333333,2897646.00423796,45767.66242870665,682718.9,1545799.7079397677,-180361.9079397677
618,1047515.3666666667,1934459.2470349032,160571.48629843036,979376.85,1850234.0258654521,108519.67413454782,1002230.6666666666,1877389.3399577602,127071.99337557319,689741.1666666666,1563259.2045368035,-183776.8712034704,1047515.3666666667,1934459.2470349032,160571.48629843036,689741.1666666666,1563259.2045368035,-183776.8712034704
619,1198005.5333333334,2122439.3487339336,273571.7179327335,1103594.5666666667,2003057.6108205346,204131.52251279878,1142659.6166666667,2065374.367081489,219944.86625184456,727246.3333333334,1604432.6672396797,-149940.00057301298,1198005.5333333334,2122439.3487339336,273571.7179327335,727246.3333333334,1604432.6672396797,-149940.00057301298
620,1417805.6,2478954.111926805,356657.0880731947,1281140.5833333333,2297571.3545531435,264709.81211352313,1368864.1333333333,2440652.622959177,297075.64370748936,824661.3333333334,1795316.1273204933,-145993.4606538266,1417805.6,2478954.111926805,356657.0880731947,824661.3333333334,1795316.1273204933,-145993.4606538266
621,1538077.0666666667,2713554.4345715223,362599.698761811,1433617.4833333334,2558502.9299199637,308732.03674670286,1479754.8666666667,2648244.066701322,311265.66663201177,812092.1666666666,1756294.5382718407,-132110.20493850752,1538077.0666666667,2713554.4345715223,362599.698761811,812092.1666666666,1756294.5382718407,-132110.20493850752
622,1077159.5666666667,1925235.6502459226,229083.48308741068,981875.4833333333,1782905.967494404,180844.9991722625,1002402.0333333333,1817321.8635007378,187482.20316592883,563712.4333333333,1277420.4967770237,-149995.63011035696,1077159.5666666667,1925235.6502459226,229083.48308741068,563712.4333333333,1277420.4967770237,-149995.63011035696
623,928508.1333333333,1597086.4351746207,259929.8314920459,819667.5166666667,1439156.651995841,200178.3813374926,835934.6833333333,1459191.8152407743,212677.5514258925,596040.2666666667,1274652.041893411,-82571.5085600774,928508.1333333333,1597086.4351746207,259929.8314920459,596040.2666666667,1274652.041893411,-82571.5085600774
624,1206754.7333333334,2076139.6004069042,337369.86625976244,1116159.85,1955486.904150213,276832.7958497871,1138921.9,1983411.150155901,294432.64984409884,730766.7666666667,1518848.6348597147,-57315.10152638133,1206754.7333333334,2076139.6004069042,337369.86625976244,730766.7666666667,1518848.6348597147,-57315.10152638133
625,1371275.6,2511469.999091806,231081.2009081943,1304610.5666666667,2428238.6665651267,180982.46676820633,1315994.1166666667,2425325.449567507,206662.78376582614,559635.8,1194587.4624390504,-75315.86243905022,1371275.6,2511469.999091806,231081.2009081943,559635.8,1194587.4624390504,-75315.86243905022
626,1399593.3333333333,2791530.7565938644,7655.9100728018675,1336078.7,2715167.117644131,-43009.71764413151,1372817.1833333333,2754681.6780995,-9047.311432833085,552944.8333333334,1213090.1945546581,-107200.5278879914,1399593.3333333333,2791530.7565938644,7655.9100728018675,552944.8333333334,1213090.1945546581,-107200.5278879914
627,1195517.0333333334,2541468.476485798,-150434.40981913148,1142762.35,2479051.9085456682,-193527.20854566828,1177823.85,2513946.7287381925,-158299.02873819228,484796.3,1060745.7752776798,-91153.17527767987,1195517.0333333334,2541468.476485798,-150434.40981913148,484796.3,1060745.7752776798,-91153.17527767987
628,967635.0333333333,1828131.9710958116,107138.09557085519,916812.75,1761439.914832812,72185.58516718796,990279.95,1900370.4879029319,80189.41209706804,472612.8333333333,1054970.2838687028,-109744.61720203614,967635.0333333333,1828131.9710958116,107138.09557085519,472612.8333333333,1054970.2838687028,-109744.61720203614
629,1517524.1,2978550.821055716,56497.378944284515,1443998.2,2892582.353433325,-4585.9534333250485,1477256.5,2925768.8773742453,28744.12262575468,575583.8,1242625.815604979,-91458.21560497885,1517524.1,2978550.821055716,56497.378944284515,575583.8,1242625.815604979,-91458.21560497885
630,1723922.2333333334,3227373.594045604,220470.87262106268,1625821.6166666667,3107431.592167788,144211.64116554544,1642635.2,3124887.8285046346,160382.57149536535,757782.2,1601306.4851799326,-85742.08517993265,1723922.2333333334,3227373.594045604,220470.87262106268,757782.2,1601306.4851799326,-85742.08517993265
631,1509529.9666666666,2792778.4202579902,226281.51307534287,1436069.0333333334,2705363.783995925,166774.2826707419,1556767.55,2984940.6110935016,128594.48890649877,731685.5333333333,1539485.599038118,-76114.53237145126,1509529.9666666666,2792778.4202579902,226281.51307534287,731685.5333333333,1539485.599038118,-76114.53237145126
632,1129199.5333333334,2096189.1845441093,162209.8821225575,1047401.1666666666,1978610.879590121,116191.45374321204,1128220.3333333333,2165931.485835111,90509.18083155563,565083.9,1247085.2912967834,-116917.4912967832,1129199.5333333334,2096189.1845441093,162209.8821225575,565095.7166666667,1247095.812992273,-116904.37965893955
633,1089022.3,1934204.0165535067,243840.5834464935,1013399.9833333333,1825503.1786185536,201296.788048113,1053392.35,1902128.5616523558,204656.13834764436,563774.0333333333,1210125.5735361674,-82577.50686950062,1089022.3,1934204.0165535067,243840.5834464935,563774.1,1210125.632500352,-82577.43250035215
634,1279980.9333333333,2401666.7484035804,158295.1182630863,1202313.4166666667,2298778.4670112226,105848.36632211087,1204627.6833333333,2249854.38928445,159400.9773822165,550283.6333333333,1162246.719719584,-61679.45305291761,1279980.9333333333,2401666.7484035804,158295.1182630863,550283.1,1162246.2499005338,-61680.04990053375
635,1333024.4333333333,2586462.2288123844,79586.63785428251,1252328.1333333333,2485659.7837818367,18996.482884830097,1299488.6,2570338.623246109,28638.57675389084,465096.86666666664,1030654.1753200961,-100460.44198676274,1333024.4333333333,2586462.2288123844,79586.63785428251,465089.63333333336,1030647.728243859,-100468.46157719236
636,1476916.5333333334,2916174.811719602,37658.25494706491,1389508.3333333333,2804170.8957956084,-25154.229128941894,1415621.4333333333,2830836.2304280307,406.6362386359833,553770.9666666667,1264670.5830064784,-157128.64967314503,1476916.5333333334,2916174.811719602,37658.25494706491,553770.9666666667,1264670.5830064784,-157128.64967314503
637,1241551.8666666667,2607210.4853507364,-124106.75201740279,1183088.3333333333,2537587.1289627915,-171410.46229612525,1220426.8666666667,2574923.125900783,-134069.39256744971,494311.26666666666,1122545.6663551505,-133923.13302181714,1241551.8666666667,2607210.4853507364,-124106.75201740279,494311.26666666666,1122545.6663551505,-133923.13302181714
638,888687.1,1589318.4118932006,188055.78810679936,832007.5833333334,1508938.144320955,155077.02234571183,880332.8333333334,1572041.8984669815,188623.76819968526,489653.3333333333,1109940.5242820363,-130633.85761536978,888687.1,1589318.4118932006,188055.78810679936,489654.1666666667,1109941.270490207,-130632.9371568737
639,1185709.3666666667,2130401.162084768,241017.57124856545,1091315.9166666667,2001621.1765651507,181010.65676818287,1054912.9333333333,1883162.2178765275,226663.64879013924,579979.0,1313695.9796142022,-153737.97961420217,1185709.3666666667,2130401.162084768,241017.57124856545,579980.1166666667,1313696.9793688576,-153736.74603552418
640,1326731.1,2307742.794579058,345719.40542094223,1193014.15,2120865.4458483784,265162.85415162146,1077274.1333333333,1876495.5800943295,278052.68657233694,709204.5333333333,1545439.9423884167,-127030.87572175008,1326731.1,2307742.794579058,345719.40542094223,709205.5666666667,1545440.8596436158,-127029.72631028236
641,1217087.0,2189745.4470823877,244428.55291761213,1127946.4166666667,2065507.6571840025,190385.17614933115,1135505.45,2060683.392639758,210327.50736024196,855177.7333333333,1870617.7953738556,-160262.32870718907,1217087.0,2189745.4470823877,244428.55291761213,855178.4666666667,1870618.4469002895,-160261.51356695627
642,1158959.9333333333,2160186.240323218,157733.62634344876,1054297.7166666666,2005535.3892398058,103060.04409352737,1070375.0333333334,2030865.6964718692,109884.37019479764,808758.9333333333,1838067.4714111672,-220549.60474450036,1158959.9333333333,2160186.240323218,157733.62634344876,808770.75,1838078.0594795244,-220536.5594795245
643,1225960.8333333333,2273806.3015037435,178115.36516292312,1123621.1833333333,2135395.038881574,111847.3277850931,1127740.7666666666,2130327.6805354166,125153.85279791662,916601.3333333334,1987876.2516060797,-154673.58493941312,1225960.8333333333,2273806.3015037435,178115.36516292312,916601.7666666667,1987876.635826921,-154673.10249358753
644,1394807.2666666666,2608871.019002045,180743.51433128817,1318973.8,2515907.838230061,122039.76176993921,1361636.75,2561291.0932983076,161982.40670169215,1068927.9,2293506.1615334703,-155650.36153347068,1394807.2666666666,2608871.019002045,180743.51433128817,1068929.5,2293507.576539943,-155648.57653994323
645,1380496.4333333333,2494719.4668045216,266273.3998621451,1338539.0,2450122.2667250177,226955.7332749823,1390068.8666666667,2482952.9679780053,297184.7653553281,964918.8666666667,2018891.985650095,-89054.25231676153,1380496.4333333333,2494719.4668045216,266273.3998621451,964934.8,2018905.9879740847,-89036.38797408459
646,1485899.9,2753098.739677828,218701.060322172,1393601.2666666666,2629412.73757367,157789.79575966322,1313395.0666666667,2423316.695243008,203473.43809032533,819870.5666666667,1774894.6185768158,-135153.4852434824,1485899.9,2753098.739677828,218701.060322172,819870.5666666667,1774894.6185768158,-135153.4852434824
647,1316498.9333333333,2502139.9993173163,130857.86734935013,1248020.75,2415845.8145418325,80195.68545816769,1201518.3666666667,2298946.957182438,104089.77615089528,962405.9,2088541.6061107866,-163729.8061107864,1316498.9333333333,2502139.9993173163,130857.86734935013,962405.9,2088541.6061107866,-163729.8061107864
648,981147.5666666667,1783194.7007732943,179100.432560039,923704.1166666667,1707062.5768175712,140345.6565157621,927389.7666666667,1682158.2185562812,172621.31477705238,784919.1666666666,1653632.6562345317,-83794.32290119852,981147.5666666667,1783194.7007732943,179100.432560039,784919.1666666666,1653632.6562345317,-83794.32290119852
649,1100438.8666666667,1990751.3826146561,210126.35071867728,1048267.8,1930268.7059741276,166266.89402587246,1069289.95,1924441.1367762466,214138.7632237533,933547.3,1952039.9538481438,-84945.35384814371,1100438.8666666667,1990751.3826146561,210126.35071867728,933547.3,1952039.9538481438,-84945.35384814371
650,1120635.3333333333,2079893.8464197693,161376.82024689717,1067642.4833333334,2018412.911661761,116872.05500490568,1007428.8333333334,1863513.0113416503,151344.65532501647,908447.3333333334,1938493.6284978613,-121598.96183119447,1120635.3333333333,2079893.8464197693,161376.82024689717,908447.3333333334,1938493.6284978613,-121598.96183119447
651,1143753.0333333334,2094142.3031451534,193363.76352151332,1081617.05,2021271.826796976,141962.27320302406,1096879.4833333334,2032576.9892733963,161181.97739327035,976943.1333333333,2043882.8091169053,-89996.54245023872,1143753.0333333334,2094142.3031451534,193363.76352151332,976943.1333333333,2043882.8091169053,-89996.54245023872
652,875770.9666666667,1509929.5871038605,241612.34622947278,794050.7,1369603.540076294,218497.85992370604,799931.0333333333,1367171.6927350839,232690.37393158267,635491.7333333333,1343146.3170187203,-72162.85035205365,875770.9666666667,1509929.5871038605,241612.34622947278,635491.7333333333,1343146.3170187203,-72162.85035205365
653,1207380.0666666667,2183442.215489746,231317.91784358723,1087410.9166666667,2013560.6965759778,161261.13675735577,1058414.2,1960580.0036125071,156248.39638749266,841684.4666666667,1792854.5816294271,-109485.64829609368,1207380.0666666667,2183442.215489746,231317.91784358723,841665.4333333333,1792837.7782273355,-109506.91156066884
654,1151447.0,2480524.760887456,-177630.7608874559,1068597.3833333333,2385911.601543209,-248716.83487654245,1105249.45,2425299.191550736,-214800.29155073594,955001.2333333333,2295751.7755265725,-385749.30885990604,1151447.0,2480524.760887456,-177630.7608874559,955002.2333333333,2295752.681177805,-385748.21451113874
655,946376.2333333333,1739643.5897496347,153108.87691703183,853365.6333333333,1606067.9957300685,100663.27093659807,845720.1666666666,1595226.1741939785,96214.15913935471,751307.4666666667,1568097.5349741713,-65482.60164083808,946376.2333333333,1739643.5897496347,153108.87691703183,751313.95,1568103.228805215,-65475.328805215075
656,656262.8,1246691.7626470234,65833.83735297655,576950.45,1101127.570045792,52773.329954207875,591105.55,1120867.1412429812,61343.9587570189,566466.2333333333,1226353.2376590716,-93420.77099240513,656262.8,1246691.7626470234,65833.83735297655,566466.2333333333,1226353.2376590716,-93420.77099240513
657,461035.8,834312.7044522702,87758.89554772986,389933.2166666667,672061.9425324632,107804.49080087012,424587.45,732557.6746719307,116617.2253280693,430664.9666666667,958574.9542906798,-97245.02095734642,461035.8,834312.7044522702,87758.89554772986,430664.9666666667,958574.9542906798,-97245.02095734642
658,496623.86666666664,878225.8479542288,115021.88537910458,428674.81666666665,729694.3165578536,127655.3167754797,464789.81666666665,787871.608190566,141708.02514276735,408876.73333333334,905674.3492385002,-87920.88257183362,496623.86666666664,878225.8479542288,115021.88537910458,408876.73333333334,905674.3492385002,-87920.88257183362
659,638945.5,1127522.3668088454,150368.63319115457,541657.5166666667,955433.1812339436,127881.85209938989,564526.7,990802.3014261571,138251.09857384284,394080.8,809922.9085855901,-21761.308585590043,638945.5,1127522.3668088454,150368.63319115457,394080.8,809922.9085855901,-21761.308585590043
660,692239.4666666667,1242153.209568986,142325.72376434738,592456.0,1086401.8051281744,98510.19487182563,648774.9333333333,1189167.4366059294,108382.43006073718,430922.0,928326.6612160725,-66482.66121607256,692239.4666666667,1242153.209568986,142325.72376434738,430922.0,928326.6612160725,-66482.66121607256
661,1006664.9,1980543.8945513032,32785.90544869681,894930.0833333334,1826830.7128478144,-36970.54618114757,943691.35,1899270.57027364,-11887.87027364003,613508.3666666667,1504942.260694678,-277925.52736134443,1006664.9,1980543.8945513032,32785.90544869681,613508.3666666667,1504942.260694678,-277925.52736134443
662,874221.6333333333,1667075.8259553392,81367.44071132736,772805.1333333333,1492361.9925679977,53248.274098668946,803345.15,1557283.2073746994,49407.09262530063,446683.36666666664,1088088.466882784,-194721.7335494507,874221.6333333333,1667075.8259553392,81367.44071132736,446683.36666666664,1088088.466882784,-194721.7335494507
663,789264.0666666667,1476881.236554972,101646.89677836129,693799.5333333333,1311800.9330612586,75798.13360540802,711003.0666666667,1331737.8619491393,90268.27138419414,425936.73333333334,986747.9565182666,-134874.48985159997,789264.0666666667,1476881.236554972,101646.89677836129,425936.73333333334,986747.9565182666,-134874.48985159997
664,660943.6,1153158.8132697644,168728.3867302356,586507.9,1041344.2905633748,131671.5094366253,582605.4,1027259.9312203071,137950.86877969292,308609.76666666666,650997.1542154766,-33777.62088214327,660943.6,1153158.8132697644,168728.3867302356,308609.76666666666,650997.1542154766,-33777.62088214327
665,644485.5,1145227.6817866717,143743.3182133283,566500.45,1010078.0803052332,122922.81969476666,543415.6333333333,971119.9087590202,115711.35790764645,343921.0333333333,720549.6657589469,-32707.5990922802,644485.5,1145227.6817866717,143743.3182133283,343921.0333333333,720549.6657589469,-32707.5990922802
666,648697.3,1209041.3790137637,88353.22098623647,564320.3166666667,1044238.7200050703,84401.91332826298,550840.2833333333,1021692.8112523092,79987.75541435741,489314.5,1080001.0690851798,-101372.06908517994,648697.3,1209041.3790137637,88353.22098623647,489314.5,1080001.0690851798,-101372.06908517994
667,723846.3,1382799.6256811686,64892.97431883146,646315.7333333333,1250399.7392973104,42231.727369356086,634994.6333333333,1234338.748348253,35650.518318413524,609621.8,1338056.3031293503,-118812.70312935009,723846.3,1382799.6256811686,64892.97431883146,609621.8,1338056.3031293503,-118812.70312935009
668,687618.9,1258950.8037161399,116286.99628386018,600091.9833333333,1108415.8491064277,91768.11756023893,610808.4,1119276.995228092,102339.80477190804,533523.1333333333,1140669.1422295286,-73622.87556286203,687618.9,1258950.8037161399,116286.99628386018,533523.1333333333,1140669.1422295286,-73622.87556286203
669,666255.4666666667,1189073.3503042487,143437.58302908466,580878.1,1049683.6583452425,112072.54165475734,611073.55,1089170.475151408,132976.6248485922,403680.73333333334,851096.8536903694,-43735.38702370273,666255.4666666667,1189073.3503042487,143437.58302908466,403680.73333333334,851096.8536903694,-43735.38702370273
670,697357.9,1279094.198500353,115621.60149964725,592626.3166666667,1121037.986105337,64214.64722799626,635326.0,1181231.542346259,89420.457653741,418154.26666666666,933903.3725331766,-97594.83919984323,697357.9,1279094.198500353,115621.60149964725,418154.26666666666,933903.3725331766,-97594.83919984323
671,782303.8666666667,1459106.2085129947,105501.5248203387,664040.1166666667,1273370.9634724539,54709.2698608794,711155.2166666667,1342896.2196197873,79414.21371354605,556416.4333333333,1231976.4420524242,-119143.57538575749,782303.8666666667,1459106.2085129947,105501.5248203387,556416.4333333333,1231976.4420524242,-119143.57538575749
672,744119.9,1341110.6809365759,147129.1190634243,625566.1,1123400.4336183262,127731.76638167369,648109.1333333333,1162623.6058880014,133594.66077866522,362640.3,788640.0077562486,-63359.407756248664,744119.9,1341110.6809365759,147129.1190634243,362640.3,788640.0077562486,-63359.407756248664
673,759011.8666666667,1368507.4858551729,149516.24747816043,639194.0666666667,1147946.2710917373,130441.86224159598,656361.55,1172834.4761511579,139888.62384884228,403309.13333333336,859036.5769425075,-52418.310275840806,759011.8666666667,1368507.4858551729,149516.24747816043,403309.13333333336,859036.5769425075,-52418.310275840806
674,518938.56666666665,944807.8153384009,93069.31799493241,450829.0,817991.3212777311,83666.67872226896,495443.05,888352.007369829,102534.09263017098,319785.26666666666,651506.4102775786,-11935.876944245305,518938.56666666665,944807.8153384009,93069.31799493241,319785.26666666666,651506.4102775786,-11935.876944245305
675,642985.8,1199717.7611469706,86253.83885302965,556132.45,1029636.0447584415,82628.8552415584,572355.25,1057020.5174690862,87689.98253091366,452156.26666666666,956913.0351802025,-52600.50184686913,642985.8,1199717.7611469706,86253.83885302965,452156.26666666666,956913.0351802025,-52600.50184686913
676,644789.3333333334,1263963.0794968759,25615.587169790873,557740.6833333333,1099210.0351715114,16271.331495155348,581830.8666666667,1133967.28219618,29694.45113715355,504566.9666666667,1118580.6479577026,-109446.71462436917,644789.3333333334,1263963.0794968759,25615.587169790873,504566.9666666667,1118580.6479577026,-109446.71462436917
677,545285.3333333334,1092057.7371419119,-1487.0704752452439,468135.85,954606.2012471718,-18334.501247171895,521891.38333333336,1032649.9654200361,11132.801246630552,507657.06666666665,1100663.6154074403,-85349.48207410704,545285.3333333334,1092057.7371419119,-1487.0704752452439,507657.06666666665,1100663.6154074403,-85349.48207410704
678,556488.0,1090092.026258218,22883.973741782014,481979.4166666667,953078.5787049832,10880.254628350085,533607.8333333334,1033146.7575919772,34068.90907468955,484933.3333333333,1041637.3127658772,-71770.64609921054,556488.0,1090092.026258218,22883.973741782014,484933.3333333333,1041637.3127658772,-71770.64609921054
679,846485.6333333333,1565029.6218207418,127941.64484592469,755939.7166666667,1429306.3197548136,82573.11357851978,776870.8666666667,1458229.3813218134,95512.35201151995,489019.63333333336,1088528.607371813,-110489.34070514614,846485.6333333333,1565029.6218207418,127941.64484592469,489019.63333333336,1088528.607371813,-110489.34070514614
680,863969.6333333333,1628087.8091304367,99851.45753622998,771460.5166666667,1481744.5907987142,61176.44253461936,741158.5833333334,1416864.9412148283,65452.225451838574,382479.56666666665,883914.6866554238,-118955.55332209053,863969.6333333333,1628087.8091304367,99851.45753622998,382479.56666666665,883914.6866554238,-118955.55332209053
681,768092.8,1528750.8668549228,7434.733145077364,738096.7166666667,1470042.581222264,6150.852111069253,676063.4,1382580.056438978,-30453.256438978016,421763.26666666666,986149.3518027388,-142622.81846940558,768092.8,1528750.8668549228,7434.733145077364,421763.26666666666,986149.3518027388,-142622.81846940558
682,551116.0666666667,1108277.5849555202,-6045.451622186927,503471.6666666667,988477.8742639321,18465.45906940126,514355.6,1051514.1028072783,-22802.902807278442,249505.06666666668,553930.8841677203,-54920.750834387,551116.0666666667,1108277.5849555202,-6045.451622186927,249505.06666666668,553930.8841677203,-54920.750834387
683,608948.4,1146431.8967573913,71464.90324260865,555388.1833333333,1053064.9446235714,57711.42204309546,480395.81666666665,891536.8376972103,69254.79563612299,249645.53333333333,527180.7992958596,-27889.732629192935,608948.4,1146431.8967573913,71464.90324260865,249645.53333333333,527180.7992958596,-27889.732629192935
684,571356.5333333333,1091597.7515415628,51115.315125103865,530544.0833333334,1018760.8212103825,42327.34545628424,446723.11666666664,844378.3436735248,49067.88965980848,188558.5,377236.6885332562,-119.68853325620876,571356.5333333333,1091597.7515415628,51115.315125103865,188558.5,377236.6885332562,-119.68853325620876
685,699146.0,1302202.354201675,96089.64579832496,658098.35,1226052.8638463654,90143.83615363447,585900.5166666667,1044507.5232994034,127293.51003393007,285619.1666666667,550158.6828387876,21079.650494545815,699146.0,1302202.354201675,96089.64579832496,285619.1666666667,550158.6828387876,21079.650494545815
686,1026474.9,2258133.4911178243,-205183.69111782417,985338.25,2204621.162215174,-233944.66221517394,797727.3333333334,1656705.6334196986,-61250.96675303171,348251.3333333333,725764.1705713451,-29261.50390467851,1026474.9,2258133.4911178243,-205183.69111782417,348251.3333333333,725764.1705713451,-29261.50390467851
687,828486.8666666667,1824547.1301173565,-167573.39678402315,787218.2833333333,1771202.5228654263,-196765.9561987596,637303.9666666667,1309854.6547261993,-35246.72139286611,356837.76666666666,784682.8136289578,-71007.28029562457,828486.8666666667,1824547.1301173565,-167573.39678402315,356837.76666666666,784682.8136289578,-71007.28029562457
688,767610.8666666667,1522881.4013711526,12340.331962180673,720477.05,1448263.1142552537,-7309.014255253482,602624.05,1128370.5163028152,76877.58369718492,374932.73333333334,790419.6767113355,-40554.21004466881,767610.8666666667,1522881.4013711526,12340.331962180673,374932.73333333334,790419.6767113355,-40554.21004466881
689,979291.3333333334,2209957.4921125937,-251374.82544592686,931433.9,2145956.9578844407,-283089.15788444073,737223.7,1564120.0059115794,-89672.60591157945,291812.4666666667,611960.2860839395,-28335.352750606136,979291.3333333334,2209957.4921125937,-251374.82544592686,291812.4666666667,611960.2860839395,-28335.352750606136
690,1145495.8,2587293.2018118184,-296301.6018118181,1090313.4833333334,2504042.5065991757,-323415.53993250895,807653.45,1705987.1241992733,-90680.22419927339,239784.36666666667,479022.62690653815,546.1064267951879,1145495.8,2587293.2018118184,-296301.6018118181,239784.36666666667,479022.62690653815,546.1064267951879
691,494248.63333333336,1001835.048328754,-13337.781662087247,459650.43333333335,907917.3119881431,11383.554678523564,517093.5333333333,1029728.5161121741,4458.550554492569,240434.96666666667,508608.933206909,-27738.999873575638,494248.63333333336,1001835.048328754,-13337.781662087247,240434.96666666667,508608.933206909,-27738.999873575638
692,515662.86666666664,1047604.6824508489,-16278.949117515644,465203.55,908141.5478185066,22265.552181493316,496213.31666666665,962216.9944740548,30209.63885927858,234649.1,471187.4775629386,-1889.2775629385724,515662.86666666664,1047604.6824508489,-16278.949117515644,234649.1,471187.4775629386,-1889.2775629385724
693,666517.8666666667,1240451.0372777474,92584.6960555861,599228.7666666667,1092105.4940064603,106352.0393268732,589501.6666666666,1077624.1028137146,101379.2305196186,279549.9666666667,564064.795775048,-4964.862441714562,666517.8666666667,1240451.0372777474,92584.6960555861,279549.9666666667,564064.795775048,-4964.862441714562
694,666386.0,1308156.5487170499,24615.451282950235,619568.5333333333,1229259.2398406076,9877.826826059027,618605.2,1215320.1892551212,21890.210744878626,221935.63333333333,410943.35476396885,32927.911902697786,666386.0,1308156.5487170499,24615.451282950235,221935.63333333333,410943.35476396885,32927.911902697786
695,644500.7,1314236.0257671005,-25234.625767100602,596924.2166666667,1236942.407338012,-43093.974004678545,581657.8166666667,1171391.4990640185,-8075.865730685182,177657.16666666666,342170.67646682996,13143.656866503326,644500.7,1314236.0257671005,-25234.625767100602,177657.16666666666,342170.67646682996,13143.656866503326
696,1025834.7333333333,2272474.2930803425,-220804.82641367603,955712.65,2187083.051846237,-275657.751846237,772307.25,1611618.248626314,-67003.74862631422,181133.5,367271.21428484813,-5004.214284848131,1025834.7333333333,2272474.2930803425,-220804.82641367603,181133.5,367271.21428484813,-5004.214284848131
697,906209.7,1696239.4691797951,116179.9308202049,833374.3,1599581.4054865427,67167.19451345725,742507.55,1325352.4148225128,159662.6851774872,414399.3333333333,862429.0136214652,-33630.34695479856,906209.7,1696239.4691797951,116179.9308202049,414399.3333333333,862429.0136214652,-33630.34695479856
698,764045.1666666666,1325416.59391498,202673.7394183533,687852.3833333333,1214840.392113458,160864.37455320882,657642.4666666667,1127306.1516260786,187978.78170725465,448098.63333333336,930375.033147568,-34177.76648090128,764045.1666666666,1325416.59391498,202673.7394183533,448098.63333333336,930375.033147568,-34177.76648090128
699,783612.2333333333,1336622.9286990287,230601.53796763788,706737.4166666666,1220464.527553402,193010.30577993137,708828.5333333333,1211967.056334531,205690.01033213566,508045.76666666666,1048616.8875595138,-32525.354226180527,783612.2333333333,1336622.9286990287,230601.53796763788,508045.76666666666,1048616.8875595138,-32525.354226180527
700,789498.4666666667,1387836.960484671,191159.9728486623,674263.0333333333,1193668.3256364954,154857.74103017122,712836.4333333333,1260317.0835266565,165355.7831400102,440219.8333333333,924274.2211182832,-43834.5544516166,789498.4666666667,1387836.960484671,191159.9728486623,440219.8333333333,924274.2211182832,-43834.5544516166
701,608330.2666666667,1062160.3379826332,154500.1953507004,519270.9,900217.6858451145,138324.11415488558,575139.15,1013861.8552353623,136416.44476463774,294125.86666666664,585058.2334995812,3193.4998337519937,608330.2666666667,1062160.3379826332,154500.1953507004,294125.86666666664,585058.2334995812,3193.4998337519937
702,519952.0333333333,896353.9602493045,143550.10641736205,464300.9666666667,807248.2930880322,121353.64024530118,521115.95,912187.0658262614,130044.83417373855,290333.73333333334,604875.8440282947,-24208.377361627994,519952.0333333333,896353.9602493045,143550.10641736205,290333.73333333334,604875.8440282947,-24208.377361627994
703,731874.0333333333,1295814.943632537,167933.1230341295,664623.6166666667,1201426.1005263668,127821.13280696655,770325.9166666666,1398562.5075486053,142089.32578472793,427846.86666666664,908825.6015108456,-53131.86817751237,731874.0333333333,1295814.943632537,167933.1230341295,427846.86666666664,908825.6015108456,-53131.86817751237
704,861332.1,1615131.001419514,107533.198580486,754780.2833333333,1458299.555963915,51261.01070275158,758520.6333333333,1439573.8514202423,77467.41524642415,252083.13333333333,481339.9307481503,22826.335918516386,861332.1,1615131.001419514,107533.198580486,252083.13333333333,481339.9307481503,22826.335918516386
705,1573971.4,3640854.3266274245,-492911.52662742464,1477061.8,3519048.6037565824,-564925.0037565825,1253940.5833333333,2910027.231108347,-402146.0644416802,300261.9666666667,583207.2386446288,17316.69468870462,1573971.4,3640854.3266274245,-492911.52662742464,300261.9666666667,583207.2386446288,17316.69468870462
706,1760687.8,4237593.60308426,-716218.0030842598,1682259.7166666666,4136557.3512678007,-772037.9179344678,1300673.5166666666,3061882.5228744466,-460535.48954111314,277716.3333333333,559426.9557567192,-3994.2890900525963,1760687.8,4237593.60308426,-716218.0030842598,277716.3333333333,559426.9557567192,-3994.2890900525963
707,1188724.6666666667,2605097.440082407,-227648.1067490736,1119994.95,2525262.044999036,-285272.1449990361,984205.75,2122643.8584140902,-154232.35841409047,319508.9666666667,668424.3812026503,-29406.447869316908,1188724.6666666667,2605097.440082407,-227648.1067490736,319508.9666666667,668424.3812026503,-29406.447869316908
708,1016655.7666666667,2049425.8418242806,-16114.308490947122,940293.8,1958887.6420539687,-78300.04205396876,940131.9333333333,1835603.661001591,44660.20566507557,329239.23333333334,715095.6562146408,-56617.18954797415,1016655.7666666667,2049425.8418242806,-16114.308490947122,329239.23333333334,715095.6562146408,-56617.18954797415
709,1680724.0666666667,3812155.271925482,-450707.13859214843,1587428.4833333334,3696632.4481904213,-521775.48152375454,1444306.6666666667,3127945.8176638465,-239332.48433051328,426177.8,915406.9695782319,-63051.36957823194,1680724.0666666667,3812155.271925482,-450707.13859214843,426177.8,915406.9695782319,-63051.36957823194
710,1593725.4,3319096.920446476,-131646.12044647592,1439710.0833333333,3136336.388977576,-256916.2223109093,1420551.2166666666,3015401.8882729085,-174299.4549395754,401140.73333333334,827489.4502301195,-25207.983563452843,1593725.4,3319096.920446476,-131646.12044647592,401140.73333333334,827489.4502301195,-25207.983563452843
711,1447014.7,2956794.255055339,-62764.8550553394,1287101.7,2757407.6889902167,-183204.2889902168,1227073.1666666667,2495543.424718756,-41397.09138542297,368100.4,794096.3184535841,-57895.51845358405,1447014.7,2956794.255055339,-62764.8550553394,368100.4,794096.3184535841,-57895.51845358405
712,1118821.7666666666,2242439.103944252,-4795.57061091857,1019213.0166666667,2121732.502676638,-83306.46934330428,994040.3166666667,1916850.2896266172,71230.34370671608,341947.93333333335,735361.7149707294,-51465.84830406273,1118821.7666666666,2242439.103944252,-4795.57061091857,341947.93333333335,735361.7149707294,-51465.84830406273
713,1545881.6,3341914.1473876745,-250150.94738767436,1438601.0666666667,3223608.2742766575,-346406.1409433242,1362107.9333333333,2848000.4634719193,-123784.59680525283,350371.63333333336,706684.4494573495,-5941.1827906827675,1545881.6,3341914.1473876745,-250150.94738767436,350371.63333333336,706684.4494573495,-5941.1827906827675
714,1728521.1,3715513.190016351,-258470.990016351,1528948.55,3464956.768304676,-407059.6683046755,1533131.45,3394536.208663029,-328273.3086630292,323270.9666666667,667964.2074644332,-21422.27413109981,1728521.1,3715513.190016351,-258470.990016351,323270.9666666667,667964.2074644332,-21422.27413109981
715,2094456.0,4706347.819132557,-517435.8191325576,1884404.6833333333,4437039.37618056,-668230.0095138939,1723889.3,3937731.170359033,-489952.5703590333,459606.56666666665,1031166.1350559777,-111953.00172264443,2094456.0,4706347.819132557,-517435.8191325576,459606.56666666665,1031166.1350559777,-111953.00172264443
716,2033864.3333333333,4708566.877687543,-640838.2110208764,1867061.4166666667,4501617.675811924,-767494.8424785908,1951099.2666666666,4716163.519824192,-813964.9864908583,432967.0333333333,1008883.7525108844,-142949.68584421778,2033864.3333333333,4708566.877687543,-640838.2110208764,432967.0333333333,1008883.7525108844,-142949.68584421778
717,1863757.0,4297014.423407828,-569500.4234078289,1738210.2333333334,4161952.0576397404,-685531.5909730736,1744535.5,4112504.812884784,-623433.8128847838,337150.63333333336,760290.2785323802,-85989.01186571358,1863757.0,4297014.423407828,-569500.4234078289,337150.63333333336,760290.2785323802,-85989.01186571358
718,1262069.3333333333,2665303.9190616813,-141165.25239501474,1161343.6833333333,2550340.1787418285,-227652.81207516207,1228542.2,2625773.7873784667,-168689.38737846655,356844.8333333333,818887.8742647172,-105198.20759805059,1262069.3333333333,2665303.9190616813,-141165.25239501474,356844.8333333333,818887.8742647172,-105198.20759805059
719,1761785.5333333334,4048408.3604089655,-524837.2937422988,1610480.5,3852651.7011222364,-631690.7011222364,1524821.7666666666,3431996.843382938,-382353.31004960486,445206.93333333335,1097925.554089571,-207511.6874229042,1761785.5333333334,4048408.3604089655,-524837.2937422988,445196.8,1097916.336025425,-207522.73602542497
720,1787174.4333333333,4053690.378328804,-479341.51166213746,1602944.8333333333,3841246.124676399,-635356.4580097327,1377828.3333333333,3045039.0196938394,-289382.3530271731,423979.8,1080957.5363337402,-232997.9363337402,1787174.4333333333,4053690.378328804,-479341.51166213746,423979.26666666666,1080957.0485934839,-232998.5152601506
721,1349821.0666666667,2853277.635049683,-153635.50171634974,1152188.45,2596610.6160282483,-292233.71602824866,1005681.1833333333,2086390.6314251826,-75028.26475851587,273395.3,599935.3460327176,-53144.74603271764,1349821.0666666667,2853277.635049683,-153635.50171634974,273393.93333333335,599934.1309305851,-53146.26426391845
722,1087644.1666666667,2181492.350121036,-6204.016787702916,954475.6,2004854.9427156206,-95903.74271562079,852878.55,1645794.742285009,59962.357714991085,210206.8,444184.7007803651,-23771.100780365115,1087644.1666666667,2181492.350121036,-6204.016787702916,210206.8,444184.7007803651,-23771.100780365115
723,1100325.1666666667,2338806.2742837416,-138155.9409504081,986760.1,2201917.1143050315,-228396.91430503142,920570.2666666667,1868108.9766444687,-26968.443311135285,188822.43333333332,359603.26296984917,18041.603696817445,1100325.1666666667,2338806.2742837416,-138155.9409504081,188816.13333333333,359597.88491045265,18034.381756214018
724,1068010.5,2504257.8686994254,-368236.86869942537,992319.7,2424227.151059705,-439587.7510597047,946291.9333333333,2230098.563473546,-337514.6968068795,220200.5,411117.72642680764,29283.27357319236,1068010.5,2504257.8686994254,-368236.86869942537,220199.91666666666,411117.2321819372,29282.601151396084
725,1372861.4,3282184.018866376,-536461.218866376,1264979.7166666666,3146792.6885704277,-616833.2552370944,1165794.2666666666,2857254.3528110534,-525665.8194777204,221915.5,444667.03514671035,-836.0351467103173,1372861.4,3282184.018866376,-536461.218866376,221933.15,444682.35851891,-816.058518910053
726,1614043.7,4038435.454367864,-810348.0543678643,1496212.9833333334,3900042.7643362186,-907616.7976695518,1474356.9166666667,3796531.837874078,-847818.0045407449,228521.23333333334,477019.7624172255,-19977.295750558813,1614043.7,4038435.454367864,-810348.0543678643,228521.23333333334,477019.7624172255,-19977.295750558813
727,1425369.7333333334,3480028.3934112764,-629288.9267446096,1317484.8166666667,3363598.3782271845,-728628.744893851,999457.1,2414412.7883717814,-415498.5883717815,238534.1,523280.3223152424,-46212.12231524239,1425369.7333333334,3480028.3934112764,-629288.9267446096,238534.1,523280.3223152424,-46212.12231524239
728,1061123.3333333333,2484779.00142381,-362532.33475714363,960846.9833333333,2371956.3175780755,-450262.350911409,806778.6166666667,1829309.2683164824,-215752.03498314903,286151.1,632197.1691841255,-59894.9691841256,1061123.3333333333,2484779.00142381,-362532.33475714363,286151.1,632197.1691841255,-59894.9691841256
729,1282397.0666666667,3080294.3461593743,-515500.2128260413,1156834.3,2929594.02030666,-615925.4203066595,1071005.7666666666,2610152.7393698925,-468141.20603655954,318491.93333333335,721624.9742584052,-84641.10759173846,1282397.0666666667,3080294.3461593743,-515500.2128260413,318491.93333333335,721624.9742584052,-84641.10759173846
730,1568973.7666666666,3817400.5683886795,-679453.0350553463,1442367.7166666666,3681953.809652428,-797218.3763190953,1094425.6166666667,2630852.5715086535,-442001.33817531983,294033.3,641698.4705538654,-53631.87055386545,1568973.7666666666,3817400.5683886795,-679453.0350553463,294033.3,641698.4705538654,-53631.87055386545
731,1360532.4666666666,3220812.7717618,-499747.8384284673,1263270.2333333334,3115127.4675626876,-588587.0008960208,1015459.1333333333,2341993.5911817206,-311075.32451505377,300313.0333333333,652758.6623422812,-52132.595675614546,1360532.4666666666,3220812.7717618,-499747.8384284673,300313.0333333333,652758.6623422812,-52132.595675614546
732,1067735.4333333333,2266877.6329657454,-131406.76629907847,954517.4666666667,2134453.5843319222,-225418.65099858877,859000.7833333333,1733109.5996280296,-15108.032961362973,293574.6,618563.0295596045,-31413.82955960452,1067735.4333333333,2266877.6329657454,-131406.76629907847,293574.6,618563.0295596045,-31413.82955960452
733,1174430.9666666666,2573368.552834673,-224506.61950133997,1056494.7333333334,2438770.568965996,-325781.10229932936,1010618.95,2210730.531933965,-189492.63193396502,282194.0,550801.3426192789,13586.657380721008,1174430.9666666666,2573368.552834673,-224506.61950133997,282192.4,550799.965270804,13584.83472919598
734,1117703.2666666666,2570954.7926626024,-335548.2593292692,1035585.0333333333,2484615.039844986,-413444.9731783195,978109.25,2268301.7317823814,-312083.23178238166,263420.06666666665,508622.2654664627,18217.867866870598,1117703.2666666666,2570954.7926626024,-335548.2593292692,263418.86666666664,508621.2362276116,18216.497105721675
735,1476953.3333333333,3566119.0017281873,-612212.3350615206,1389393.0833333333,3460118.672742874,-681332.5060762074,1348953.2,3258837.3555857167,-560930.9555857165,307223.9666666667,606307.7035781795,8140.229755153938,1476953.3333333333,3566119.0017281873,-612212.3350615206,307219.36666666664,606303.7293745123,8135.003958820889
736,1648478.3666666667,4117466.5099126007,-820509.7765792673,1564982.2666666666,4019911.6729001035,-889947.1395667703,1602223.0333333334,4048590.7970735226,-844144.7304068559,304570.2,652076.9374543043,-42936.537454304285,1648478.3666666667,4117466.5099126007,-820509.7765792673,304570.2,652076.9374543043,-42936.537454304285
737,1777255.3333333333,4498278.835353366,-943768.1686866998,1677843.45,4397758.713430171,-1042071.8134301712,1515584.2666666666,3826260.538774593,-795092.0054412596,320761.26666666666,732372.9875470509,-90850.45421371754,1777255.3333333333,4498278.835353366,-943768.1686866998,320761.26666666666,732372.9875470509,-90850.45421371754
738,1140024.6666666667,2651893.8172550444,-371844.48392171087,1038224.4,2543783.748549506,-467334.94854950614,869719.4166666666,1945263.1171825244,-205824.28384919127,334039.0,768570.3902917992,-100492.39029179921,1140024.6666666667,2651893.8172550444,-371844.48392171087,334036.5,768568.1448456452,-100495.14484564512
739,1417812.6666666667,3368142.3896591724,-532517.0563258389,1290491.1166666667,3220491.4247931773,-639509.1914598437,1299557.7833333334,3168426.4525110396,-569310.8858443729,324995.8,727897.2372647754,-77905.6372647754,1417812.6666666667,3368142.3896591724,-532517.0563258389,324993.73333333334,727895.3914090476,-77907.92474238091
740,1433268.7,3401807.445358853,-535270.045358853,1298929.1166666667,3258731.3193649617,-660873.0860316283,1291154.5333333334,3199363.9983793795,-617054.9317127126,309643.23333333334,686660.709243121,-67374.2425764543,1433268.7,3401807.445358853,-535270.045358853,309641.23333333334,686658.9268139396,-67376.46014727285
741,1334972.8666666667,3174953.9466680074,-505008.213334674,1231803.8833333333,3064828.6418076707,-601220.8751410043,1223648.35,2976280.4603136573,-528983.7603136573,307965.2,675002.9273482827,-59072.52734828269,1334972.8666666667,3174953.9466680074,-505008.213334674,307964.1666666667,675002.0088627983,-59073.67552946496
742,1240369.0333333334,2741418.2622112636,-260680.19554459676,1092122.4333333333,2563185.896438099,-378941.0297714323,1137229.7166666666,2555519.232061905,-281059.7987285715,336459.9666666667,746217.171024425,-73297.23769109166,1240369.0333333334,2741418.2622112636,-260680.19554459676,344910.5,754084.7841600168,-64263.7841600168
743,1282783.4333333333,2809596.4723630436,-244029.6056963771,1150900.0833333333,2654230.2999973586,-352430.1333306923,1195677.2166666666,2631529.8746396545,-240175.44130632165,315356.7,648517.8821015991,-17804.482101599046,1282783.4333333333,2809596.4723630436,-244029.6056963771,315355.7,648517.007485098,-17805.60748509789
744,1421195.2,3096511.7264362434,-254121.3264362435,1240375.9333333333,2869809.139412714,-389057.2727460477,1263698.75,2833186.611748107,-305789.11174810654,367996.93333333335,793882.9586453589,-57889.09197869222,1421195.2,3096511.7264362434,-254121.3264362435,367998.73333333334,793884.5526467579,-57887.085980091244
745,1698299.5,3828070.457534715,-431471.45753471507,1526915.2833333334,3628797.4719986804,-574966.9053320133,1517149.8333333333,3528236.4684703564,-493936.80180369015,426880.6666666667,928291.8813287932,-74530.54799545993,1698299.5,3828070.457534715,-431471.45753471507,426894.7833333333,928304.4072135149,-74514.8405468482
746,1871038.4,4347673.934877504,-605597.1348775034,1712145.5166666666,4162618.8701306595,-738327.8367973263,1673834.3166666667,4011485.5053408714,-663816.8720075383,409678.8333333333,886020.2736106445,-66662.60694397782,1871038.4,4347673.934877504,-605597.1348775034,409678.8333333333,886020.2736106445,-66662.60694397782
747,1781063.3333333333,4080491.1154735517,-518364.4488068854,1604161.1166666667,3884203.256367972,-675881.0230346387,1608961.9333333333,3823402.212100258,-605478.3454335912,407930.3333333333,918232.7888343399,-102372.12216767337,1781063.3333333333,4080491.1154735517,-518364.4488068854,407930.3333333333,918232.7888343399,-102372.12216767337
748,1188460.5666666667,2390010.621133254,-13089.487799920607,1020201.0333333333,2178432.0464433935,-138029.97977672692,991196.55,2080654.2772130352,-98261.17721303506,430240.4666666667,969896.0364749541,-109415.10314162076,1188460.5666666667,2390010.621133254,-13089.487799920607,430253.76666666666,969907.9327226414,-109400.39938930812
749,1662415.9,3625916.9387892275,-301085.1387892277,1458227.5166666666,3387019.516355273,-470564.48302193964,1402240.15,3193033.643226639,-388553.3432266391,408021.36666666664,916013.4533921445,-99970.7200588113,1662415.9,3625916.9387892275,-301085.1387892277,408021.0,916013.1257332531,-99971.12573325308
750,2055659.5333333334,4673453.017556116,-562133.9508894493,1801382.1166666667,4377756.436416183,-774992.2030828488,1892349.2666666666,4488423.28731834,-703724.7539850059,318600.06666666665,657667.3900335741,-20467.256700240832,2055659.5333333334,4673453.017556116,-562133.9508894493,318600.06666666665,657667.3900335741,-20467.256700240832
751,1598938.7,3633443.593101548,-435566.19310154836,1421294.65,3438235.4739958467,-595646.1739958469,1409737.8333333333,3344089.754916353,-524614.0882496864,299172.86666666664,620707.0174919995,-22361.28415866627,1598938.7,3633443.593101548,-435566.19310154836,299173.0833333333,620707.2074561741,-22361.040789507446
752,1385521.1666666667,2921238.997356169,-150196.66402283544,1199014.2666666666,2703780.3965610564,-305751.86322772293,1212588.5166666666,2676400.661385468,-251223.62805213477,332115.5,695381.9135349242,-31150.913534924097,1385521.1666666667,2921238.997356169,-150196.66402283544,332092.5833333333,695361.7691429269,-31176.602476260276
753,1097402.2666666666,2004946.9803694705,189857.55296386254,907036.05,1735634.4430147018,78437.65698529815,947840.9166666666,1769033.7116286354,126648.12170469796,334273.63333333336,665754.3221738455,2792.9444928212906,1097402.2666666666,2004946.9803694705,189857.55296386254,334274.0,665754.639864625,2793.360135374998
754,1138512.7666666666,2153376.5478427215,123648.98549061175,930615.5666666667,1849769.1057750317,11462.027558301692,936167.5,1816717.9306744938,55617.06932550622,344042.6666666667,703420.8414716464,-15335.508138313075,1138512.7666666666,2153376.5478427215,123648.98549061175,344057.11666666664,703433.4602805784,-15319.226947245013
755,1374155.3333333333,2704730.2245421996,43580.44212446688,1133895.25,2378178.088313392,-110387.5883133919,1108823.5166666666,2278161.381806364,-60514.34847303061,378937.1666666667,781623.1610103808,-23748.827677047462,1374155.3333333333,2704730.2245421996,43580.44212446688,378937.1666666667,781623.1610103808,-23748.827677047462
756,1334823.6666666667,2776900.917688066,-107253.58435473265,1151304.9666666666,2546373.7052676138,-243763.77193428087,1213108.4,2628567.8846118166,-202351.0846118168,320304.7,662127.3557501904,-21517.95575019042,1334823.6666666667,2776900.917688066,-107253.58435473265,320304.7,662127.3557501904,-21517.95575019042
757,1121240.1666666667,2336315.1146741807,-93834.78134084726,962848.7166666667,2149303.9004061683,-223606.46707283484,974484.1666666666,2119161.8654364343,-170193.5321031009,296450.63333333336,626176.950856575,-33275.68418990832,1121240.1666666667,2336315.1146741807,-93834.78134084726,296450.63333333336,626176.950856575,-33275.68418990832
758,931874.9,1734833.7251822944,128916.07481770555,758620.65,1494955.2362994333,22286.063700566883,776969.8,1485522.8180051744,68416.78199482558,343378.8,727033.1927604063,-40275.592760406376,931874.9,1734833.7251822944,128916.07481770555,343378.8,727033.1927604063,-40275.592760406376
759,1157060.9333333333,2147378.401331573,166743.4653350939,920606.3666666667,1785525.6709876852,55687.062345648184,942286.6,1784391.4905187082,100181.7094812917,392161.2,819676.921370744,-35354.521370743925,1157060.9333333333,2147378.401331573,166743.4653350939,392161.2,819676.921370744,-35354.521370743925
760,1056131.4333333333,1959880.3225869238,152382.54407974286,808742.85,1533865.8173240274,83619.88267597242,855575.9333333333,1618018.9689527047,93132.89771396201,311748.7,621814.5854628974,1682.8145371025894,1056131.4333333333,1959880.3225869238,152382.54407974286,311747.8333333333,621813.8342085402,1681.832458126475
761,817642.3,1400619.3984375917,234665.20156240824,650044.15,1142674.8867192343,157413.41328076588,691859.5833333334,1210826.3096808533,172892.85698581353,325799.0333333333,661322.571082961,-9724.504416294338,817642.3,1400619.3984375917,234665.20156240824,325800.3,661323.6748434402,-9723.074843440205
762,864952.1666666666,1476721.349811037,253182.9835222963,666195.45,1113377.419274913,219013.48072508705,702937.9166666666,1175588.5023678548,230287.3309654785,373147.9666666667,768089.2486156474,-21793.315282314143,864952.1666666666,1476721.349811037,253182.9835222963,373147.0833333333,768088.4758235142,-21794.309156847536
763,1025912.9,1832787.7227602336,219038.07723976637,827848.6166666667,1510885.7935667783,144811.4397665551,885815.4333333333,1565124.1893241573,206506.6773425095,391922.1,779098.4949695135,4745.705030486395,1025912.9,1832787.7227602336,219038.07723976637,391923.1,779099.3608869172,4746.839113082795
764,953219.2333333333,1745254.8395723125,161183.62709435401,805162.9,1550557.44397583,59768.35602417018,817064.2833333333,1524405.4745974764,109723.09206919034,396346.23333333334,783952.8417264805,8739.624940186157,953219.2333333333,1745254.8395723125,161183.62709435401,396344.86666666664,783951.6601574321,8738.073175901256
765,1089216.0666666667,1932344.0922958648,246088.04103746847,931391.95,1725245.4389524017,137538.46104759828,967166.45,1737333.4509301335,196999.44906986644,494089.2,968384.6397219081,19793.760278091882,1089216.0666666667,1932344.0922958648,246088.04103746847,494083.4666666667,968379.6972347158,19787.236098617606
766,888696.2666666667,1633694.8213193705,143697.7120139628,760599.2666666667,1470536.1966359573,50662.33669737622,834378.4,1562395.8167250669,106360.98327493307,374506.4,764586.6314499874,-15573.831449987309,888696.2666666667,1633694.8213193705,143697.7120139628,374634.38333333336,764698.4457587184,-15429.679092051694
767,766468.2666666667,1474631.6752338842,58304.85809944919,708872.55,1408257.2073402763,9487.892659723642,720710.05,1398987.491330457,42432.60866954306,472877.4666666667,999795.9327438866,-54040.99941055325,766468.2666666667,1474631.6752338842,58304.85809944919,472877.4666666667,999795.9327438866,-54040.99941055325
768,1074577.9333333333,2213837.4692217666,-64681.602555099875,977787.3666666667,2063307.6637421306,-107732.93040879723,927459.2666666667,1889747.6509698508,-34829.11763651739,487409.6666666667,1026087.5087459984,-51268.17541266495,1074577.9333333333,2213837.4692217666,-64681.602555099875,487409.6666666667,1026087.5087459984,-51268.17541266495
769,856451.5333333333,1621805.7750939718,91097.2915726949,664871.7666666667,1182939.492372551,146804.04096078238,662479.3166666667,1163731.234357987,161227.39897534635,432861.1,891401.1046642585,-25678.90466425859,856451.5333333333,1621805.7750939718,91097.2915726949,432863.6,891403.2920770543,-25676.092077054374
770,817002.9333333333,1577957.2309665983,56048.63570006844,616014.4333333333,1112210.8188737205,119818.04779294622,574366.1166666667,1014043.9968537594,134688.236479574,383874.76666666666,774906.7303201198,-7157.196986786439,817002.9333333333,1577957.2309665983,56048.63570006844,383877.15,774908.8037559504,-7154.503755950311
771,663704.1,1189875.0198575612,137533.18014243862,518091.9666666667,898427.1082812529,137756.8250520805,594123.25,1055600.7302193514,132645.76978064858,334819.0333333333,692999.1338405139,-23361.06717384729,663704.1,1189875.0198575612,137533.18014243862,334819.0333333333,692999.1338405139,-23361.06717384729
772,779370.3666666667,1510199.4221323933,48541.31120094017,564342.2833333333,1016003.8599141135,112680.70675255312,612096.3166666667,1112963.5606658962,111229.07266743714,338219.1666666667,723369.4125392253,-46931.07920589193,779370.3666666667,1510199.4221323933,48541.31120094017,338219.1666666667,723369.4125392253,-46931.07920589193
773,859467.8666666667,1590289.2853919389,128646.4479413944,673724.4166666666,1196104.4195269938,151344.41380633955,718492.75,1258148.949715884,178836.55028411606,395263.86666666664,811975.9392501803,-21448.205916846928,859467.8666666667,1590289.2853919389,128646.4479413944,395263.86666666664,811975.9392501803,-21448.205916846928
774,743286.8333333334,1325490.015683309,161083.6509833578,601973.55,1058016.2144221312,145930.8855778689,621642.3,1091870.9887882774,151413.61121172277,393263.9,818857.8690838587,-32330.06908385863,743286.8333333334,1325490.015683309,161083.6509833578,393263.9,818857.8690838587,-32330.06908385863
775,649621.6666666666,1142532.1701058215,156711.1632275117,542108.75,975148.0132260555,109069.4867739444,569760.0166666667,998056.6108643792,141463.4224689543,242551.46666666667,505914.8889395105,-20811.95560617716,649621.6666666666,1142532.1701058215,156711.1632275117,242551.46666666667,505914.8889395105,-20811.95560617716
776,727508.8333333334,1310838.6538534944,144179.0128131723,621807.6166666667,1144224.4344918663,99390.79884146701,656636.9166666666,1170089.0570648941,143184.77626843925,254924.2,538189.7711619951,-28341.371161995048,727508.8333333334,1310838.6538534944,144179.0128131723,254924.2,538189.7711619951,-28341.371161995048
777,697692.8333333334,1356999.7571642527,38385.909502414055,579962.9833333333,1154585.2759170178,5340.690749648842,577851.6333333333,1104669.9071276404,51033.35953902616,230879.3,500501.8751127864,-38743.27511278645,697692.8333333334,1356999.7571642527,38385.909502414055,230879.3,500501.8751127864,-38743.27511278645
778,537317.0666666667,1056981.3034289372,17652.82990439603,391779.9166666667,735521.6567097723,48038.17662356101,437645.1,824320.9650513548,50969.23494864511,317214.56666666665,705410.1190112294,-70980.98567789613,537317.0666666667,1056981.3034289372,17652.82990439603,317214.56666666665,705410.1190112294,-70980.98567789613
779,406667.8333333333,758603.3687487271,54732.29791793949,330648.95,634464.1643877188,26833.73561228119,355459.0,668640.8513735058,42277.14862649422,326984.3333333333,743915.701483509,-89947.03481684247,406667.8333333333,758603.3687487271,54732.29791793949,326984.3333333333,743915.701483509,-89947.03481684247
780,441914.23333333334,819671.5215778195,64156.94508884725,337266.61666666664,615284.7104915896,59248.52284174366,337057.36666666664,610198.825528178,63915.907805155264,223277.33333333334,488626.9028365136,-42072.236169846874,441914.23333333334,819671.5215778195,64156.94508884725,223277.33333333334,488626.9028365136,-42072.236169846874
781,322437.3,577778.4939275327,67096.10607246732,255895.48333333334,457674.2402278542,54116.726438812475,276916.5333333333,492131.3633959141,61701.703270752594,231595.4,512260.0339485853,-49069.23394858526,322437.3,577778.4939275327,67096.10607246732,231595.4,512260.0339485853,-49069.23394858526
782,420176.76666666666,797357.4201370231,42996.11319631024,299303.2166666667,551030.4726140056,47575.96071932779,345302.3333333333,617135.8226113985,73468.84405526816,290866.2,671500.8788216047,-89768.47882160469,420176.76666666666,797357.4201370231,42996.11319631024,290866.2,671500.8788216047,-89768.47882160469
783,799654.1333333333,1575482.4036909994,23825.862975667347,659287.3666666667,1357433.319028576,-38858.58569524251,665269.6333333333,1313837.8228931967,16701.44377346977,234725.96666666667,510393.0610087532,-40941.12767541985,799654.1333333333,1575482.4036909994,23825.862975667347,234728.03333333333,510394.8946795594,-40938.82801289274
784,972180.3666666667,2066625.662849347,-122264.92951601371,845632.6833333333,1909340.9596732857,-218075.59300661902,801630.7666666667,1755129.4409526023,-151867.90761926887,187559.0,399493.80367849895,-24375.803678498953,972180.3666666667,2066625.662849347,-122264.92951601371,187561.73333333334,399496.2166561822,-24372.74998951552
785,1332445.5666666667,2971817.020351213,-306925.88701787964,1174981.15,2759497.288999348,-409534.9889993479,1137051.45,2615803.5215386907,-341700.621538691,210017.36666666667,447773.26639905595,-27738.533065722586,1332445.5666666667,2971817.020351213,-306925.88701787964,210035.35,447789.14825338486,-27718.44825338485
786,1403396.9666666666,3215426.4924558606,-408632.55912252725,1263467.4333333333,3044532.1561380723,-517597.28947140556,1217040.35,2854767.798875522,-420687.09887552145,197739.1,421536.7429948108,-26058.542994810792,1403396.9666666666,3215426.4924558606,-408632.55912252725,197675.66666666666,421480.6971484759,-26129.36381514257
787,1372989.0666666667,3253308.5409051203,-507330.407571787,1256042.7166666666,3125830.3875129335,-613744.9541796001,1212080.2833333334,2959438.930109041,-535278.3634423739,218278.93333333332,444484.0974237635,-7926.23075709687,1372989.0666666667,3253308.5409051203,-507330.407571787,218278.93333333332,444484.0974237635,-7926.23075709687
788,990322.9333333333,2085493.565992887,-104847.6993262202,866359.45,1926570.988228827,-193852.0882288271,824372.4333333333,1773160.518473412,-124415.65180674521,253417.93333333332,537561.8433236969,-30725.97665703026,990322.9333333333,2085493.565992887,-104847.6993262202,253423.76666666666,537566.9885236996,-30719.45519036625
789,1062116.0666666667,2160050.2647396903,-35818.13140635728,876908.0,1876056.7748935143,-122240.77489351446,879541.5166666667,1903437.2752911279,-144354.2419577944,243501.36666666667,527531.8625225988,-40529.12918926551,1062116.0666666667,2160050.2647396903,-35818.13140635728,243500.9,527531.4488520938,-40529.64885209376
790,899694.0333333333,1843365.9397732154,-43977.87310654891,750958.8166666667,1611700.279593507,-109782.64626017376,718707.5,1567924.4713788924,-130509.47137889243,179855.46666666667,372365.0113418619,-12654.078008528566,899694.0333333333,1843365.9397732154,-43977.87310654891,179855.8,372365.30342315836,-12653.703423158411
791,873227.7333333333,1795748.020406913,-49292.55374024657,726175.7333333333,1576074.999198163,-123723.53253149625,755755.3333333334,1612644.3775707511,-101133.7109040845,221763.83333333334,459879.3626169945,-16351.69595032779,873227.7333333333,1795748.020406913,-49292.55374024657,221763.56666666668,459879.1288489533,-16351.995515619928
792,842433.5,1561890.3478984032,122976.6521015967,640280.6,1211066.9732791826,69494.22672081739,677258.8833333333,1270612.9010929768,83904.86557368992,309070.63333333336,668370.8513355663,-50229.584668899595,842433.5,1561890.3478984032,122976.6521015967,309070.23333333334,668370.4969146571,-50230.03024799045
793,803362.5333333333,1486979.2885968867,119745.77806977998,663668.35,1276074.6104650605,51262.0895349395,717511.2333333333,1353500.37115272,81522.09551394661,277038.0333333333,570286.9688254211,-16210.902158754412,803362.5333333333,1486979.2885968867,119745.77806977998,277038.0333333333,570286.9688254211,-16210.902158754412
794,995432.3333333334,1943531.9465504196,47332.72011624719,812745.7666666667,1614282.0609595776,11209.472373755765,760687.1833333333,1490561.675976588,30812.690690078656,258468.36666666667,534355.3261201213,-17418.59278678798,995432.3333333334,1943531.9465504196,47332.72011624719,258467.76666666666,534354.8005806191,-17419.26724728581
795,1141800.3,2262416.507706656,21184.09229334374,959317.4666666667,1999094.0902748946,-80459.15694156126,952287.5666666667,1938693.7306742282,-34118.59734089498,248063.06666666668,516823.34199003153,-20697.208656698145,1141800.3,2262416.507706656,21184.09229334374,248063.06666666668,516823.34199003153,-20697.208656698145
796,1214797.5333333334,2562042.8691701666,-132447.80250349944,1054378.4833333334,2369987.238179136,-261230.2715124695,1108487.2666666666,2377445.06593382,-160470.53260048688,212639.93333333332,448060.9780038874,-22781.111337220762,1214797.5333333334,2562042.8691701666,-132447.80250349944,212639.93333333332,448060.9780038874,-22781.111337220762
797,1133447.3333333333,2405676.8858496053,-138782.2191829388,973696.4833333333,2210527.0621632994,-263134.09549663274,981846.5166666667,2122600.0091216625,-158906.9757883289,204950.3,422261.4558195999,-12360.855819599907,1133447.3333333333,2405676.8858496053,-138782.2191829388,204965.28333333333,422274.569201308,-12344.00253464136
798,882028.3,1709408.8860206974,54647.71397930267,725915.6333333333,1483845.0676164026,-32013.80094973615,750204.9333333333,1465581.2144528793,34828.65221378743,243077.06666666668,508239.9933812964,-22085.86004796301,882028.3,1709408.8860206974,54647.71397930267,243078.21666666667,508241.0037401231,-22084.570406789775
799,1320815.0333333334,2858652.482875352,-217022.41620868468,1129860.3833333333,2611917.9348275037,-352197.16816083714,1095936.3,2504803.4985356294,-312930.89853562927,221065.06666666668,457152.55023538007,-15022.416902046709,1320815.0333333334,2858652.482875352,-217022.41620868468,221065.06666666668,457152.55023538007,-15022.416902046709
800,1096573.3666666667,2286933.323747662,-93786.59041432827,903376.0333333333,2005940.1393553545,-199188.07268868794,818527.25,1826596.8249546045,-189542.3249546045,160740.93333333332,345187.9423378872,-23706.075671220548,1096573.3666666667,2286933.323747662,-93786.59041432827,160741.23333333334,345188.20771097986,-23705.74104431318
801,954674.2666666667,2036288.0235178876,-126939.49018455402,814570.7666666667,1857700.7546306704,-228559.22129733686,790214.2666666667,1728881.7499911995,-148453.21665786603,173878.06666666668,360517.4199400592,-12761.2866067258,954674.2666666667,2036288.0235178876,-126939.49018455402,173879.16666666666,360518.3842278891,-12760.05089455581
802,833297.0,1596934.832626061,69659.16737393884,684345.0,1396278.9663614174,-27588.966361417435,669915.3333333334,1316651.9402260948,23178.726440571947,221013.66666666666,455275.31843667023,-13247.985103336949,833297.0,1596934.832626061,69659.16737393884,221013.66666666666,455275.31843667023,-13247.985103336949
803,1069172.7666666666,2035236.8974622597,103108.63587107346,856760.1,1708977.4993670722,4542.70063292759,863530.85,1668468.4967641926,58593.20323580736,264371.63333333336,561558.5715961247,-32815.304929457896,1069172.7666666666,2035236.8974622597,103108.63587107346,264372.7,561559.5125722233,-32814.112572223356
804,1217133.4666666666,2462311.378563592,-28044.445230259094,1043733.0166666667,2224483.008318766,-137016.9749854327,972644.05,2025329.9123349306,-80041.81233493052,292832.7,642365.5614029744,-56700.161402974336,1217133.4666666666,2462311.378563592,-28044.445230259094,298598.31666666665,647674.4679426742,-50477.83460934082
805,1366908.9333333333,2954097.0667371545,-220279.20007048803,1217806.5,2758280.3501054076,-322667.3501054074,1151827.1666666667,2547683.5295541734,-244029.1962208401,301182.9666666667,652397.0637258381,-50031.13039250474,1366908.9333333333,2954097.0667371545,-220279.20007048803,309633.95,660278.158855756,-41010.25885575602
806,1473831.7666666666,3219732.190798071,-272068.65746473824,1304966.9,3016654.2408826416,-406720.4408826416,1255347.3166666667,2845074.0742757237,-334379.4409423906,260545.66666666666,553546.6321462669,-32455.298812933528,1473831.7666666666,3219732.190798071,-272068.65746473824,260545.66666666666,553546.6321462669,-32455.298812933528
807,1422290.6333333333,3136539.017353981,-291957.75068731396,1295909.9333333333,3002922.4108448196,-411102.54417815316,1235716.0,2815358.737599363,-343926.7375993631,327539.6,703107.3850135184,-48028.18501351838,1422290.6333333333,3136539.017353981,-291957.75068731396,327539.6,703107.3850135184,-48028.18501351838
808,1077158.7,2124675.246883925,29642.15311607509,960370.0666666667,1989976.7519988352,-69236.61866550194,910938.4,1843020.03138035,-21143.231380349956,412181.2,860782.3671885715,-36419.967188571405,1077158.7,2124675.246883925,29642.15311607509,412181.2,860782.3671885715,-36419.967188571405
809,1486258.7666666666,3327451.2496987656,-354933.71636543237,1348037.5666666667,3150096.9462662963,-454021.812932963,1287569.9,2930803.248556355,-355663.44855635543,371813.76666666666,767955.4593966441,-24327.92606331082,1486258.7666666666,3327451.2496987656,-354933.71636543237,371813.76666666666,767955.4593966441,-24327.92606331082
810,1282588.8666666667,2873061.145584932,-307883.41225159867,1169992.4,2751478.7482916126,-411493.94829161256,1184991.75,2690275.3080506483,-320291.8080506481,274122.26666666666,564365.1125954427,-16120.579262109299,1282588.8666666667,2873061.145584932,-307883.41225159867,274126.31666666665,564368.6560466837,-16116.022713350365
811,1285427.6333333333,2851518.015066639,-280662.74839997245,1151614.8166666667,2704107.7262302903,-400878.09289695695,1145444.2,2603778.3121212386,-312889.91212123865,302726.73333333334,618442.891680737,-12989.425014070352,1285427.6333333333,2851518.015066639,-280662.74839997245,302725.5333333333,618441.8440939317,-12990.777427265071
812,1253463.4333333333,2516254.104974001,-9327.238307334483,1083184.4166666667,2303077.484936149,-136708.65160281537,1067443.3333333333,2186602.6275584297,-51715.96089176298,417272.0333333333,855449.3137934192,-20905.24712675251,1253463.4333333333,2516254.104974001,-9327.238307334483,417272.0333333333,855449.3137934192,-20905.24712675251
813,1413257.0666666667,2873845.5402591536,-47331.40692582005,1244112.2666666666,2673359.9067824217,-185135.37344908854,1172163.2,2471886.9983085073,-127560.59830850735,441991.7,910710.6868784202,-26727.286878420156,1413257.0666666667,2873845.5402591536,-47331.40692582005,441991.7,910710.6868784202,-26727.286878420156
814,1332435.1,2706846.1810362134,-41975.981036212994,1189470.5,2525170.392473353,-146229.39247335307,1168904.6166666667,2438262.3892599884,-100453.15592665481,415780.76666666666,869059.967863545,-37498.43453021179,1332435.1,2706846.1810362134,-41975.981036212994,416622.95,869802.8258184519,-36556.92581845191
815,1591760.0666666667,3389393.742659112,-205873.60932577867,1429887.3,3175812.0128503283,-316037.4128503285,1414336.2833333334,3097123.962894624,-268451.39622795745,382148.8333333333,782391.7701279134,-18094.10346124682,1591760.0666666667,3389393.742659112,-205873.60932577867,382148.8333333333,782391.7701279134,-18094.10346124682
816,1823799.5333333334,4264864.907621617,-617265.8409549503,1667567.15,4066931.9977909727,-731797.6977909729,1652326.3166666667,4021475.791688324,-716823.1583549909,256772.63333333333,527804.9824934682,-14259.71582680152,1823799.5333333334,4264864.907621617,-617265.8409549503,256772.63333333333,527804.9824934682,-14259.71582680152
817,1860695.4,4519080.096263453,-797689.2962634536,1725541.75,4376941.222802684,-925857.7228026832,1696512.1166666667,4292693.094361769,-899668.8610284352,272307.0,547695.3450859361,-3081.3450859360746,1860695.4,4519080.096263453,-797689.2962634536,272307.0,547695.3450859361,-3081.3450859360746
818,1213055.5666666667,2621129.157679777,-195018.02434644382,1083763.0166666666,2460295.3107369393,-292769.27740360587,1031595.9333333333,2327203.1762749515,-264011.30960828485,307889.73333333334,638274.8620781288,-22495.395411462116,1213055.5666666667,2621129.157679777,-195018.02434644382,307889.73333333334,638274.8620781288,-22495.395411462116
819,1531845.1666666667,3493974.40334183,-430284.0700084965,1398113.3833333333,3335794.0729725766,-539567.30630591,1372510.3833333333,3227370.9518267578,-482350.1851600914,299390.23333333334,654864.5444182522,-56084.077751585515,1531845.1666666667,3493974.40334183,-430284.0700084965,299389.5333333333,654863.9225137153,-56084.85584704869
820,1567405.0,3708640.290623654,-573830.2906236541,1451048.1833333333,3587887.014679241,-685790.6480125745,1431371.7166666666,3470739.813569083,-607996.3802357495,253606.76666666666,561344.2327533659,-54130.69942003256,1567405.0,3708640.290623654,-573830.2906236541,253606.53333333333,561344.0248921579,-54130.958225491224
821,1305858.7333333334,2901430.239085083,-289712.77241841634,1158405.0,2728912.2350491686,-412102.2350491688,1139550.6666666667,2588764.9545215424,-309663.62118820916,281637.06666666665,591056.9921973646,-27782.858864031266,1305858.7333333334,2901430.239085083,-289712.77241841634,281636.36666666664,591056.3765962922,-27783.64326295897
822,1220505.8666666667,2626777.1583735454,-185765.425040212,1059863.85,2436877.1446959022,-317149.4446959023,1058805.8,2351267.08356919,-233655.4835691899,299398.3333333333,638858.1148264038,-40061.448159737105,1220505.8666666667,2626777.1583735454,-185765.425040212,299397.93333333335,638857.7615596731,-40061.89489300636
823,1424586.8666666667,3287959.229458943,-438785.49612560985,1283403.1666666667,3133354.40074706,-566548.0674137261,1226626.4166666667,2918528.1835471946,-465275.3502138611,306313.76666666666,664751.4909624805,-52123.95762914722,1424586.8666666667,3287959.229458943,-438785.49612560985,306347.88333333336,664781.7525013955,-52085.98583472887
824,1267200.8333333333,2924274.493825932,-389872.8271592655,1157084.5833333333,2776632.4078357983,-462463.24116913206,1094694.8,2544173.265335701,-354783.66533570085,283272.56666666665,609366.159150443,-42821.02581710968,1267200.8333333333,2924274.493825932,-389872.8271592655,283271.86666666664,609365.539698997,-42821.80636566377
825,1727335.3,4068800.0256908583,-614129.4256908584,1595129.6166666667,3893959.602357075,-703700.3690237417,1610329.0333333334,3828962.142180412,-608304.0755137454,319580.06666666665,694203.5306234133,-55043.39729007997,1727335.3,4068800.0256908583,-614129.4256908584,319580.06666666665,694203.5306234133,-55043.39729007997
826,1985461.6,4730686.673949009,-759763.4739490086,1834645.5166666666,4539829.202717878,-870538.1693845447,1811875.6333333333,4466679.599466845,-842928.3328001788,294978.6666666667,643032.570599688,-53075.23726635461,1985461.6,4730686.673949009,-759763.4739490086,294978.6666666667,643032.570599688,-53075.23726635461
827,1773770.0666666667,4537697.067467619,-990156.9341342857,1642303.6833333333,4387270.208271764,-1102662.8416050978,1655524.1,4409110.168980803,-1098061.9689808027,170266.33333333334,425183.7909070519,-84651.12424038516,1773770.0666666667,4537697.067467619,-990156.9341342857,170266.33333333334,425183.7909070519,-84651.12424038516
828,1535836.0333333334,3704908.771260475,-633236.7045938082,1383646.5333333334,3502554.6391286394,-735261.5724619727,1330874.45,3342409.0759491036,-680660.1759491034,172027.46666666667,417761.5842831359,-73706.65094980254,1535836.0333333334,3704908.771260475,-633236.7045938082,172027.46666666667,417761.5842831359,-73706.65094980254
829,1714460.3333333333,4230673.740229846,-801753.0735631797,1585822.2666666666,4059677.048907369,-888032.5155740357,1628149.6,4107073.3772580475,-850774.1772580473,188743.73333333334,460087.2042360504,-82599.73756938375,1714460.3333333333,4230673.740229846,-801753.0735631797,188743.73333333334,460087.2042360504,-82599.73756938375
830,1768929.2333333334,4535046.592202067,-997188.1255354001,1668249.3833333333,4407586.488844089,-1071087.722177423,1549562.4,3971549.265386685,-872424.465386685,212663.5,543050.013053918,-117723.01305391802,1768929.2333333334,4535046.592202067,-997188.1255354001,212663.5,543050.013053918,-117723.01305391802
831,1616003.6,4010557.3543220223,-778550.1543220221,1483614.8666666667,3860375.0216540005,-893145.2883206671,1278723.2333333334,3221540.752933977,-664094.2862673104,209788.96666666667,527185.9512658959,-107608.0179325625,1616003.6,4010557.3543220223,-778550.1543220221,209788.96666666667,527185.9512658959,-107608.0179325625
832,1439089.5,3491439.6030648914,-613260.6030648914,1289886.9166666667,3304909.3495763135,-725135.51624298,1063551.85,2634847.3744701203,-507743.67447012034,209483.83333333334,519133.1753805552,-100165.5087138885,1439089.5,3491439.6030648914,-613260.6030648914,209483.83333333334,519133.1753805552,-100165.5087138885
833,1471250.5,3588693.360420756,-646192.360420756,1325890.5166666666,3400210.9317014385,-748429.8983681051,1272702.2333333334,3202345.9204968326,-656941.453830166,206934.4,497320.59378447116,-83451.7937844712,1471250.5,3588693.360420756,-646192.360420756,206967.6,497350.66821342916,-83415.46821342918
834,1361655.5,3371420.124260353,-648109.1242603529,1250162.25,3221072.168562521,-720747.6685625212,1237609.1333333333,3107004.881530229,-631786.6148635626,144677.33333333334,309294.2120062075,-19939.54533954081,1361655.5,3371420.124260353,-648109.1242603529,144677.26666666666,309294.1531010452,-19939.619767711818
835,1568610.0666666667,3860613.0359740118,-723392.9026406787,1441034.5833333333,3695304.413006914,-813235.2463402476,1461530.8166666667,3698409.531413422,-775347.8980800889,141958.73333333334,299130.87092087767,-15213.404254210996,1568610.0666666667,3860613.0359740118,-723392.9026406787,141958.63333333333,299130.78288541595,-15213.516218749253
836,1674418.7333333334,4261745.421874519,-912907.9552078531,1567256.9666666666,4120706.6366377557,-986192.7033044228,1601709.8166666667,4195996.929229807,-992577.2958964736,121005.1,272373.15747962915,-30362.95747962914,1674418.7333333334,4261745.421874519,-912907.9552078531,121005.1,272373.15747962915,-30362.95747962914
837,1688353.6,4368478.543095141,-991771.3430951405,1563111.1666666667,4215203.885346374,-1088981.5520130403,1592302.9333333333,4295026.161286348,-1110420.2946196806,124243.3,281647.1238911424,-33160.52389114238,1688353.6,4368478.543095141,-991771.3430951405,124243.3,281647.1238911424,-33160.52389114238
838,1555325.6,3886058.703002266,-775407.5030022659,1402468.6166666667,3684957.646837123,-880020.4135037898,1374571.9666666666,3600519.809036731,-851375.8757033974,137721.33333333334,333507.15439908067,-58064.48773241398,1555325.6,3886058.703002266,-775407.5030022659,137721.33333333334,333507.15439908067,-58064.48773241398
839,1575667.0666666667,4030052.7512347996,-878718.6179014666,1465400.6666666667,3915342.3010581993,-984540.9677248655,1461242.25,3807254.216771819,-884769.7167718192,125229.96666666666,307560.8147499805,-57100.881416647186,1575667.0666666667,4030052.7512347996,-878718.6179014666,125220.3,307552.0265352923,-57111.42653529225
840,889076.7,2165828.9747427283,-387675.57474272815,811318.6833333333,2081060.309726446,-458422.94305977924,752185.1833333333,1831082.5153231227,-326712.14865645603,72295.86666666667,178090.89778363705,-33499.164450303695,889076.7,2165828.9747427283,-387675.57474272815,72296.7,178091.65569312708,-33498.255693127096
841,883614.7666666667,1960179.2630042983,-192949.72967096476,779577.6166666667,1846313.8088024324,-287158.575469099,714988.5166666667,1597550.0904860208,-167573.05715268722,168710.03333333333,454249.2884522439,-116829.22178557725,883614.7666666667,1960179.2630042983,-192949.72967096476,168709.96666666667,454249.2270034719,-116829.29367013858
842,822954.5666666667,1835032.1493809624,-189123.01604762906,734344.8666666667,1739795.572927102,-271105.8395937686,695542.2666666667,1511011.8077807296,-119927.27444739616,172857.93333333332,453966.72556929046,-108250.85890262379,822954.5666666667,1835032.1493809624,-189123.01604762906,172893.28333333333,453999.20458416257,-108212.63791749591
843,1212830.7333333334,2959393.5119420094,-533732.0452753427,1125012.2333333334,2869523.5887415935,-619499.1220749267,1105279.5333333334,2703277.9340989636,-492718.8674322965,142188.56666666668,353745.718660254,-69368.58532692061,1212830.7333333334,2959393.5119420094,-533732.0452753427,142189.43333333332,353746.50818208547,-69367.64151541883
844,1395079.5666666667,3473567.290705745,-683408.157372412,1304378.5,3347638.6783955335,-738881.6783955335,1241741.35,3055858.2781954566,-572375.5781954566,170858.46666666667,379280.6406839066,-37563.70735057327,1395079.5666666667,3473567.290705745,-683408.157372412,170859.5,379281.56181433203,-37562.561814332
845,1783534.5,4620469.25470107,-1053400.2547010696,1699077.1666666667,4517125.223477083,-1118970.89014375,1675149.3,4373733.810657706,-1023435.2106577058,155468.23333333334,355088.6197313828,-44152.15306471614,1783534.5,4620469.25470107,-1053400.2547010696,155472.23333333334,355092.2072126107,-44147.74054594402
846,1542625.8666666667,3994847.764858309,-909596.0315249758,1471558.0,3925017.401272298,-981901.4012722978,1458766.3333333333,3833165.4754551966,-915632.8087885298,128509.43333333333,333678.95259789133,-76660.08593122465,1542625.8666666667,3994847.764858309,-909596.0315249758,128508.36666666667,333677.9744242545,-76661.24109092119
847,1139912.6666666667,2641047.174220672,-361221.8408873384,1064186.8666666667,2565058.1836644937,-436684.45033116033,989137.4666666667,2315399.8135487195,-337124.8802153863,245078.7,534828.1571706998,-44670.75717069977,1139912.6666666667,2641047.174220672,-361221.8408873384,245078.7,534828.1571706998,-44670.75717069977
848,1068957.0,2292758.924665642,-154844.92466564174,972163.55,2190877.11843714,-246550.0184371397,938848.1,2029465.2398823919,-151769.03988239204,292055.5333333333,613332.1749322907,-29221.108265624032,1068957.0,2292758.924665642,-154844.92466564174,292057.35,613333.7728981475,-29219.07289814751
849,1292401.0666666667,3015097.0464315773,-430294.913098244,1186297.8,2887854.223505483,-515258.62350548315,1209216.2166666666,2852241.501133168,-433809.06779983523,228364.8,503884.53649146337,-47154.93649146339,1292401.0666666667,3015097.0464315773,-430294.913098244,228366.0,503885.6047779212,-47153.604777921224
850,1156691.8333333333,2828815.6254586754,-515431.95879200916,1112790.1833333333,2785421.826204655,-559841.4595379885,1100424.1666666667,2677245.7223651987,-476397.38903186494,229836.56666666668,508767.4171641456,-49094.28383081229,1156691.8333333333,2828815.6254586754,-515431.95879200916,229837.61666666667,508768.3525892128,-49093.11925587946
851,1039473.1666666666,2592393.7972203083,-513447.46388697496,998334.2666666667,2551570.0502125877,-554901.5168792544,1009058.4333333333,2446631.6266966537,-428514.7600299872,185115.13333333333,416135.3165231638,-45905.04985649718,1039473.1666666666,2592393.7972203083,-513447.46388697496,185115.98333333334,416136.07630453154,-45904.109637864894
852,849759.4666666667,1960076.0577499205,-260557.1244165873,814085.8,1921105.837490891,-292934.237490891,834026.55,1833149.7572183306,-165096.65721833066,230689.1,492565.08543175523,-31186.885431755218,849759.4666666667,1960076.0577499205,-260557.1244165873,230724.45,492596.3194605243,-31147.41946052428
853,1253836.0666666667,3081850.6805376816,-574178.5472043483,1199081.5166666666,3011373.5382367037,-613210.5049033705,1123351.4833333334,2691766.935513291,-445063.96884662425,210399.56666666668,438609.5453282575,-17810.4119949241,1253836.0666666667,3081850.6805376816,-574178.5472043483,210399.33333333334,438609.34049156366,-17810.673824897007
854,1331622.5666666667,3346658.1252273386,-683412.9918940051,1301103.1166666667,3298052.3256387617,-695846.0923054281,1083955.7333333334,2610796.554911822,-442885.08824515506,240192.46666666667,492322.8156961759,-11937.88236284253,1331622.5666666667,3346658.1252273386,-683412.9918940051,240193.43333333332,492323.6603817068,-11936.79371504017
855,1905736.7666666666,4944549.498925185,-1133075.965591852,1858036.2,4855528.298995601,-1139455.8989956013,1534221.1666666667,3843407.043710503,-774964.7103771691,262392.3333333333,546867.099820326,-22082.433153659338,1905736.7666666666,4944549.498925185,-1133075.965591852,270823.06666666665,554747.1025444351,-13100.969211101823
856,1958024.6333333333,5148666.041314828,-1232616.7746481616,1903765.5666666667,5056190.47881518,-1248659.3454818467,1734997.55,4486166.296608156,-1016171.1966081553,234087.66666666666,506398.65855208295,-38223.32521874967,1958024.6333333333,5148666.041314828,-1232616.7746481616,234087.66666666666,506398.65855208295,-38223.32521874967
857,1689486.1333333333,4357145.585198546,-978173.3185318797,1652721.1666666667,4308403.55874313,-1002961.2254097972,1570133.2166666666,4015819.310605392,-875552.8772720585,269009.13333333336,594291.3820093989,-56273.11534273211,1689486.1333333333,4357145.585198546,-978173.3185318797,269009.13333333336,594291.3820093989,-56273.11534273211
858,2201685.6,5798526.615703948,-1395155.4157039472,2161275.2,5720947.18278012,-1398396.7827801192,1852947.5166666666,4755734.09805501,-1049839.0647216765,398871.3,906140.5775587489,-108397.97755874885,2201685.6,5798526.615703948,-1395155.4157039472,398875.05,906143.9370051896,-108393.83700518962
859,2191460.4,5787512.252029744,-1404591.4520297442,2121310.15,5613386.772463872,-1370766.4724638723,1674965.1666666667,4212008.19427867,-862077.8609453358,352372.9666666667,822871.2954057447,-118125.36207241134,2191460.4,5787512.252029744,-1404591.4520297442,352372.9666666667,822871.2954057447,-118125.36207241134
860,1428535.6666666667,3625105.27016141,-768033.9368280766,1414030.0,3608884.6316701574,-780824.6316701574,1164729.8166666667,2842922.091873013,-513462.45853967965,290056.9,652225.3452058826,-72111.54520588246,1428535.6666666667,3625105.27016141,-768033.9368280766,290059.25,652227.4459320037,-72108.94593200373
861,1210630.5333333334,3016766.9323248994,-595505.8656582325,1184335.1666666667,2990498.9349305974,-621828.6015972637,1049068.9333333333,2545437.7949611107,-447299.92829444376,276219.9,615717.0057873975,-63277.2057873974,1210630.5333333334,3016766.9323248994,-595505.8656582325,276219.9,615717.0057873975,-63277.2057873974
862,1182182.6333333333,2889220.2667669356,-524855.0001002692,1145981.2166666666,2851712.0810049972,-559749.6476716641,1006664.8833333333,2357021.28052288,-343691.5138562138,283529.8,617705.522713713,-50645.92271371302,1182182.6333333333,2889220.2667669356,-524855.0001002692,283529.8,617705.522713713,-50645.92271371302
863,1406228.9,3547016.5254616137,-734558.7254616139,1292663.9833333334,3297588.4830373945,-712260.5163707279,1031751.7666666667,2465546.506712842,-402042.97337950824,250172.93333333332,526629.2630222072,-26283.39635554058,1406228.9,3547016.5254616137,-734558.7254616139,250177.16666666666,526632.9890257934,-26278.655692460103
864,1655702.6,4312842.3577259835,-1001437.1577259838,1557705.7833333334,4068500.3952729683,-953088.8286063012,1234631.7666666666,3074853.46892926,-605589.9355959268,253774.63333333333,522980.9909161995,-15431.724249532883,1655702.6,4312842.3577259835,-1001437.1577259838,253774.63333333333,522980.9909161995,-15431.724249532883
865,1837983.4333333333,4700336.637777197,-1024369.7711105307,1731677.35,4447892.5724873645,-984537.8724873643,1418646.4,3469013.150359765,-631720.3503597653,289324.5333333333,596319.689328671,-17670.622662004316,1837983.4333333333,4700336.637777197,-1024369.7711105307,289324.5333333333,596319.689328671,-17670.622662004316
866,1930972.2333333334,5012244.93553452,-1150300.4688678533,1841285.2333333334,4812517.370415939,-1129946.9037492727,1533974.55,3854853.6805976247,-786904.5805976249,282185.8,614727.265010773,-50355.66501077294,1930972.2333333334,5012244.93553452,-1150300.4688678533,282185.8,614727.265010773,-50355.66501077294
867,1709395.2333333334,4384458.886077806,-965668.41941114,1636713.4833333334,4233431.773814263,-960004.807147596,1302943.4,3185726.5659184866,-579839.7659184865,285857.26666666666,613412.0997035801,-41697.566370246815,1709395.2333333334,4384458.886077806,-965668.41941114,285857.26666666666,613412.0997035801,-41697.566370246815
868,1600010.0666666667,4061350.1813700283,-861330.0480366948,1533895.7833333334,3897147.8630162664,-829356.2963495997,1414967.2166666666,3491035.896712316,-661101.4633789833,355677.9,778390.3700373771,-67034.57003737713,1600010.0666666667,4061350.1813700283,-861330.0480366948,355677.9,778390.3700373771,-67034.57003737713
869,2130243.5,5695520.477443112,-1435033.4774431125,2046697.8166666667,5482505.569564083,-1389109.9362307491,1576870.7166666666,4039233.048944045,-885491.6156107115,299498.4,659137.2498940277,-60140.44989402767,2130243.5,5695520.477443112,-1435033.4774431125,299498.4,659137.2498940277,-60140.44989402767
870,2023581.4666666666,5429559.012661261,-1382396.0793279272,1931739.0333333334,5191425.975774217,-1327947.9091075507,1474278.45,3780606.0129779046,-832049.1129779045,249034.76666666666,551772.5956699017,-53703.06233656831,2023581.4666666666,5429559.012661261,-1382396.0793279272,249034.76666666666,551772.5956699017,-53703.06233656831
871,1663956.3666666667,4392706.4427270405,-1064793.7093937076,1585770.9,4209691.733566953,-1038149.933566953,1467294.35,3776877.4295703857,-842288.7295703855,239767.13333333333,538278.3009851943,-58744.034318527585,1663956.3666666667,4392706.4427270405,-1064793.7093937076,239767.13333333333,538278.3009851943,-58744.034318527585
872,1866079.9333333333,4921056.925443569,-1188897.0587769023,1773211.8833333333,4708571.544745129,-1162147.778078462,1364611.0,3413489.766351481,-684267.7663514807,270984.6,593785.8789599362,-51816.67895993625,1866079.9333333333,4921056.925443569,-1188897.0587769023,270984.6,593785.8789599362,-51816.67895993625
873,1888301.5333333334,4918285.584834672,-1141682.5181680045,1762811.85,4655326.594033709,-1129702.8940337081,1278903.1833333333,3167580.5260721887,-609774.159405522,262565.86666666664,581413.2374791724,-56281.504145839135,1888301.5333333334,4918285.584834672,-1141682.5181680045,262565.86666666664,581413.2374791724,-56281.504145839135
874,2085817.6,5518443.042884056,-1346807.8428840563,1966399.3166666667,5227236.160880408,-1294437.5275470752,1472985.5333333334,3728479.93813672,-782508.8714700534,300121.8333333333,655670.1450400993,-55426.47837343259,2085817.6,5518443.042884056,-1346807.8428840563,300121.8333333333,655670.1450400993,-55426.47837343259
875,2304691.9,6018877.851704499,-1409494.0517044985,2114569.4166666665,5536773.474302661,-1307634.6409693277,1737540.6666666667,4393832.913734824,-918751.5804014911,326308.3,706910.8328045685,-54294.232804568484,2304691.9,6018877.851704499,-1409494.0517044985,326308.3,706910.8328045685,-54294.232804568484
876,1898179.8,4833856.3131650975,-1037496.7131650972,1808455.7,4624142.1037759995,-1007230.7037759994,1580654.8333333333,3918641.2210663585,-757331.5543996918,318648.4666666667,721610.5057743441,-84313.5724410108,1898179.8,4833856.3131650975,-1037496.7131650972,318648.4666666667,721610.5057743441,-84313.5724410108
877,1663989.9666666666,4366209.128048071,-1038229.1947147374,1595315.65,4194250.5649595,-1003619.2649595002,1349918.2166666666,3461889.535263786,-762053.1019304527,275225.13333333336,681217.9712128441,-130767.70454617741,1663989.9666666666,4366209.128048071,-1038229.1947147374,275225.13333333336,681217.9712128441,-130767.70454617741
878,1018269.8,2491122.673669653,-454583.0736696529,987352.2833333333,2410886.962326988,-436182.39566032134,1248044.5666666667,3178522.7112044245,-682433.5778710914,260246.86666666667,613637.3066790719,-93143.57334573849,1018269.8,2491122.673669653,-454583.0736696529,260246.86666666667,613637.3066790719,-93143.57334573849
879,1463358.0333333334,3707539.7012621397,-780823.6345954726,1443943.3166666667,3660047.7950954232,-772161.1617620897,1390021.0833333333,3511901.9083847096,-731859.7417180429,305129.5,719996.6626626868,-109737.66266268672,1463358.0333333334,3707539.7012621397,-780823.6345954726,305129.5,719996.6626626868,-109737.66266268672
880,1148599.1333333333,2859329.2057354995,-562130.9390688329,1128070.7666666666,2799967.005506345,-543825.4721730116,1128096.3333333333,2783511.5156648383,-527318.8489981717,298025.4,746211.6512395015,-150160.85123950144,1148599.1333333333,2859329.2057354995,-562130.9390688329,298025.4,746211.6512395015,-150160.85123950144
881,831697.2666666667,1953424.4446231592,-290029.9112898257,795628.8,1871653.1434499335,-280395.5434499334,1126069.3833333333,2819631.4086131006,-567492.6419464343,257275.16666666666,652252.9476017328,-137702.61426839945,831697.2666666667,1953424.4446231592,-290029.9112898257,257275.16666666666,652252.9476017328,-137702.61426839945
882,885506.8,2042830.4720629505,-271816.8720629504,811270.5,1893498.1614306367,-270957.16143063665,924647.85,2195009.182267698,-345713.48226769816,266208.6666666667,701697.4473443346,-169280.1140110012,885506.8,2042830.4720629505,-271816.8720629504,266208.6666666667,701697.4473443346,-169280.1140110012
883,1316196.4333333333,3243181.472008555,-610788.6053418885,1198316.95,2972954.7823737194,-576320.8823737195,1203668.3166666667,2967183.3176745055,-559846.684341172,314666.3,837796.871617615,-208464.271617615,1316196.4333333333,3243181.472008555,-610788.6053418885,314666.3,837796.871617615,-208464.271617615
884,1191005.1,3020801.724163791,-638791.5241637912,1105092.1833333333,2802200.8198868968,-592016.4532202301,1077681.0333333334,2709723.3753856607,-554361.3087189938,238157.43333333332,598019.8337440958,-121704.96707742914,1191005.1,3020801.724163791,-638791.5241637912,238157.43333333332,598019.8337440958,-121704.96707742914
885,1677814.4333333333,4352862.696882856,-997233.8302161896,1591960.0,4152261.9471389246,-968341.9471389246,1411514.3166666667,3588940.0358149484,-765911.4024816153,287280.5333333333,708408.970122989,-133847.90345632238,1677814.4333333333,4352862.696882856,-997233.8302161896,287280.5333333333,708408.970122989,-133847.90345632238
886,1742011.8666666667,4545158.531809171,-1061134.7984758373,1604868.1833333333,4197920.769426907,-988184.4027602405,1402218.0166666666,3558858.3686957546,-754422.3353624213,350947.0333333333,915684.7662880576,-213790.6996213909,1742011.8666666667,4545158.531809171,-1061134.7984758373,350947.0333333333,915684.7662880576,-213790.6996213909
887,1323399.5333333334,3421001.391953407,-774202.3252867402,1244769.2666666666,3235777.296478277,-746238.7631449441,1247798.85,3225374.9102023197,-729777.2102023195,292576.3,797223.3205775209,-212070.7205775209,1323399.5333333334,3421001.391953407,-774202.3252867402,292576.3,797223.3205775209,-212070.7205775209
888,1071016.4,2631071.8153113816,-489039.01531138155,980580.3333333334,2409641.731965804,-448481.06529913715,1007329.2333333333,2490834.4968092665,-476176.03014260007,302486.9,780897.7947961325,-175923.99479613238,1071016.4,2631071.8153113816,-489039.01531138155,302486.9,780897.7947961325,-175923.99479613238
889,1386430.3333333333,3385753.4567871345,-612892.790120468,1341607.25,3300951.2569988174,-617736.7569988174,1449470.6833333333,3626511.961912117,-727570.5952454505,327232.0333333333,812939.9687725315,-158475.90210586478,1386430.3333333333,3385753.4567871345,-612892.790120468,327232.0333333333,812939.9687725315,-158475.90210586478
890,1482776.0666666667,3816229.96870144,-850677.8353681064,1357701.2833333334,3505129.0454565026,-789726.4787898355,1515810.5333333334,3940798.1387681914,-909177.0721015243,284085.8,725053.8087866848,-156882.2087866848,1482776.0666666667,3816229.96870144,-850677.8353681064,284085.8,725053.8087866848,-156882.2087866848
891,1235816.2333333334,3115391.7658283263,-643759.2991616598,1142677.1666666667,2892387.727039698,-607033.3937063646,1215490.4166666667,3071725.7649485376,-640744.9316152039,235736.53333333333,608878.6796345991,-137405.61296793248,1235816.2333333334,3115391.7658283263,-643759.2991616598,235736.53333333333,608878.6796345991,-137405.61296793248
892,980520.7,2631197.1205848586,-670155.7205848584,894327.0666666667,2442400.282245106,-653746.1489117728,959945.6166666667,2560121.461566084,-640230.2282327504,97839.63333333333,219879.20556431866,-24199.938897652,980520.7,2631197.1205848586,-670155.7205848584,97839.63333333333,219879.20556431866,-24199.938897652
893,950211.2666666667,2532629.9108761447,-632207.3775428111,849705.9333333333,2303292.6370543996,-603880.7703877327,908697.8666666667,2393546.4860045025,-576150.7526711689,81614.73333333334,175300.7155670589,-12071.248900392238,950211.2666666667,2532629.9108761447,-632207.3775428111,81618.75,175304.26906030346,-12066.769060303472
894,1052441.4,2854806.8611018304,-749924.0611018308,934666.6166666667,2527834.718123192,-658501.4847898588,999801.2,2667495.959408452,-667893.5594084517,99799.3,214411.89223425734,-14813.29223425733,1052441.4,2854806.8611018304,-749924.0611018308,99796.71666666666,214409.6067523389,-14816.173419005587
895,1262302.6,3381922.3867140105,-857317.1867140103,1099051.95,2957562.7156541245,-759458.8156541246,1160146.8333333333,3098795.981117399,-778502.3144507324,98554.83333333333,218537.5312937953,-21427.86462712864,1262302.6,3381922.3867140105,-857317.1867140103,98552.75,218535.67452414098,-21430.17452414098
896,1516587.8,4225962.6746892305,-1192787.0746892302,1324036.0,3686835.063999592,-1038763.0639995919,1186218.4833333334,3188802.236338257,-816365.2696715901,88093.3,206850.83135998197,-30664.23135998196,1516587.8,4225962.6746892305,-1192787.0746892302,88093.3,206850.83135998197,-30664.23135998196
897,1312387.4666666666,3674705.7943651592,-1049930.8610318264,1213464.7666666666,3436433.0188623555,-1009503.4855290223,1177943.7,3284641.0082091084,-928753.6082091082,59726.166666666664,135381.02054825285,-15928.687214919519,1312387.4666666666,3674705.7943651592,-1049930.8610318264,59726.166666666664,135381.02054825285,-15928.687214919519
898,970614.6,2703154.643692065,-761925.443692065,898054.8,2506501.21588395,-710391.6158839499,982436.6666666666,2731320.44034363,-766447.1070102969,105950.6,233733.2148169706,-21832.014816970594,970614.6,2703154.643692065,-761925.443692065,105950.6,233733.2148169706,-21832.014816970594
899,1208558.1,3379495.480138535,-962379.280138535,1084477.8833333333,3030516.6640774403,-861560.8974107739,1216522.8333333333,3374480.252337753,-941434.5856710866,129771.66666666667,305624.1469571037,-46080.81362377033,1208558.1,3379495.480138535,-962379.280138535,129771.66666666667,305624.1469571037,-46080.81362377033
900,1223877.8666666667,3487547.2324242145,-1039791.4990908811,1096984.2833333334,3123224.155885472,-929255.5892188048,1151920.2,3230417.5133346594,-926577.1133346595,82131.43333333333,202307.6047443885,-38044.738077721835,1223877.8666666667,3487547.2324242145,-1039791.4990908811,82131.43333333333,202307.6047443885,-38044.738077721835
901,1249211.9333333333,3394145.6762709357,-895721.8096042692,1103668.0666666667,3053951.910114963,-846615.7767816298,1098783.75,2946683.0697346684,-749115.5697346686,101250.0,227571.67852124487,-25071.678521244874,1249211.9333333333,3394145.6762709357,-895721.8096042692,101250.0,227571.67852124487,-25071.678521244874
902,1025848.7666666667,2725598.122129202,-673900.5887958686,919783.5333333333,2506529.0727980374,-666962.0061313707,946625.5,2489814.7871073484,-596563.7871073482,101212.93333333333,229445.67179405404,-27019.80512738737,1025848.7666666667,2725598.122129202,-673900.5887958686,101212.93333333333,229445.67179405404,-27019.80512738737
903,1127055.9,2984347.650329535,-730235.8503295351,960218.0666666667,2588067.5496920384,-667631.4163587054,1064329.8166666667,2834069.395242909,-705409.7619095759,107967.9,229804.60308474177,-13868.803084741783,1127055.9,2984347.650329535,-730235.8503295351,107968.95,229805.52984268617,-13867.629842686176
904,1077380.8,2862288.329622135,-707526.7296221349,913346.7833333333,2439051.3231901033,-612357.7565234368,879162.95,2333201.760852919,-574875.8608529193,111591.1,252369.07961224183,-29186.879612241813,1077380.8,2862288.329622135,-707526.7296221349,111591.1,252369.07961224183,-29186.879612241813
905,1297775.0666666667,3400624.1306002317,-805073.9972668982,1108670.4833333334,2909478.4048390538,-692137.4381723867,1087433.15,2830432.756248898,-655566.4562488978,162011.9,389380.4003993629,-65356.600399362884,1297775.0666666667,3400624.1306002317,-805073.9972668982,162011.9,389380.4003993629,-65356.600399362884
906,1463522.7666666666,3996606.793766062,-1069561.2604327286,1300031.6833333333,3558030.994414827,-957967.6277481604,1498503.6,4076346.2972889845,-1079339.0972889843,129349.16666666667,324821.98469145375,-66123.65135812039,1463522.7666666666,3996606.793766062,-1069561.2604327286,129349.16666666667,324821.98469145375,-66123.65135812039
907,1494224.2333333334,4195326.760318745,-1206878.2936520777,1380438.9333333333,3909741.042687401,-1148863.1760207342,1360072.5166666666,3859564.406313543,-1139419.37298021,97775.3,215852.54305754893,-20301.94305754891,1494224.2333333334,4195326.760318745,-1206878.2936520777,97775.3,215852.54305754893,-20301.94305754891
908,1063406.0666666667,2850107.0231341794,-723294.8898008463,956266.3166666667,2575697.324732442,-663164.6913991086,1000069.5333333333,2697787.7045518747,-697648.6378852079,138280.76666666666,303320.3829119143,-26758.849578580994,1063406.0666666667,2850107.0231341794,-723294.8898008463,138280.76666666666,303320.3829119143,-26758.849578580994
909,1213888.0666666667,3243205.4973175246,-815429.3639841916,1059072.3166666667,2836968.026738556,-718823.3934052228,1290617.8833333333,3504353.1822011685,-923117.4155345019,160087.03333333333,357302.90690471465,-37128.84023804797,1213888.0666666667,3243205.4973175246,-815429.3639841916,160089.93333333332,357305.4951502484,-37125.628483581764
910,1402795.4333333333,3890186.467851232,-1084595.6011845653,1255468.1666666667,3496445.458681278,-985509.1253479447,1442417.0,4032371.10633304,-1147537.1063330402,111487.83333333333,259110.29260853928,-36134.62594187264,1402795.4333333333,3890186.467851232,-1084595.6011845653,111490.68333333333,259112.857589774,-36131.490923107325
911,1022937.8666666667,2814304.370217013,-768428.6368836798,914024.7833333333,2533848.528432867,-705798.9617662005,1017974.8166666667,2829919.2730724225,-793969.6397390894,102301.96666666666,240850.59156279184,-36246.65822945851,1022937.8666666667,2814304.370217013,-768428.6368836798,102301.96666666666,240850.59156279184,-36246.65822945851
912,1056926.8666666667,2858282.8785292413,-744429.1451959079,937940.8666666667,2556853.2351028,-680971.5017694668,1050759.6333333333,2845196.25649164,-743676.9898249735,149357.96666666667,328853.87934811704,-30137.946014783694,1056926.8666666667,2858282.8785292413,-744429.1451959079,149357.96666666667,328853.87934811704,-30137.946014783694
913,1133061.8666666667,3051067.050837308,-784943.3175039745,981339.95,2672522.491541723,-709842.5915417226,954748.0,2537642.2659546565,-628146.2659546568,120188.53333333334,252279.10196668515,-11902.035300018484,1133061.8666666667,3051067.050837308,-784943.3175039745,120187.76666666666,252278.42769935617,-11902.89436602284
914,1176972.7,3116683.3772601923,-762737.9772601926,1037655.5833333334,2782026.721989935,-706715.5553232682,1103293.95,2952909.2166527733,-746321.3166527734,115691.53333333334,252330.73025072034,-20947.663584053647,1176972.7,3116683.3772601923,-762737.9772601926,115691.53333333334,252330.73025072034,-20947.663584053647
915,1521345.1666666667,4085868.1970295096,-1043177.8636961763,1346735.1666666667,3621624.4625232043,-928154.1291898706,1600328.2166666666,4349682.592851318,-1149026.159517985,162775.36666666667,367287.9988215186,-41737.26548818531,1521345.1666666667,4085868.1970295096,-1043177.8636961763,162775.36666666667,367287.9988215186,-41737.26548818531
916,2077961.0666666667,5770758.100490979,-1614835.9671576458,1856192.7,5165443.513712758,-1453058.1137127585,2021304.2,5620466.162049414,-1577857.7620494135,147507.46666666667,325735.5634626595,-30720.630129326106,2077961.0666666667,5770758.100490979,-1614835.9671576458,147507.46666666667,325735.5634626595,-30720.630129326106
917,2226157.966666667,6232214.235857729,-1779898.3025243958,2047739.6166666667,5779981.778839137,-1684502.545505804,1995389.3833333333,5596212.131383408,-1605433.3647167413,147947.73333333334,316212.08808775526,-20316.62142108858,2226157.966666667,6232214.235857729,-1779898.3025243958,147947.73333333334,316212.08808775526,-20316.62142108858
918,1357147.6666666667,3607076.9438625323,-892781.6105291985,1239026.95,3329189.238701611,-851135.3387016109,1460617.7333333334,3960957.5212354492,-1039722.0545687824,177033.8,374414.6915364133,-20347.091536413325,1357147.6666666667,3607076.9438625323,-892781.6105291985,177033.8,374414.6915364133,-20347.091536413325
919,1593556.2,4197822.1732431045,-1010709.7732431048,1423799.3333333333,3784449.6764592184,-936851.0097925516,1771903.2166666666,4783754.044381455,-1239947.6110481217,230326.46666666667,493773.5765543035,-33120.643220970174,1593556.2,4197822.1732431045,-1010709.7732431048,230326.46666666667,493773.5765543035,-33120.643220970174
920,1776275.2333333334,4769525.489842776,-1216975.02317611,1600050.75,4334318.984672142,-1134217.4846721417,1589452.35,4277452.969486486,-1098548.2694864864,173129.93333333332,376097.547971279,-29837.681304612343,1776275.2333333334,4769525.489842776,-1216975.02317611,173128.85,376096.58701935026,-29838.887019350223
921,1291301.7666666666,3433201.6567028677,-850598.1233695345,1170989.9666666666,3139276.6369716404,-797296.7036383073,1278772.9,3413946.2645019367,-856400.4645019369,179667.4,374107.3537181814,-14772.553718181385,1291301.7666666666,3433201.6567028677,-850598.1233695345,179667.4,374107.3537181814,-14772.553718181385
922,1095430.3666666667,2765832.5416924255,-574971.8083590921,994041.0666666667,2530404.0187685224,-542321.8854351891,1048443.2666666667,2613328.854416245,-516442.3210829118,245815.9,507243.2855132229,-15611.485513222899,1095430.3666666667,2765832.5416924255,-574971.8083590921,245815.9,507243.2855132229,-15611.485513222899
923,1184905.0333333334,2953327.4198507154,-583517.3531840488,1007966.6666666666,2531664.160652096,-515730.8273187628,1016359.5833333334,2463911.4270916507,-431192.26042498404,210444.26666666666,424529.85997137846,-3641.326638045168,1184905.0333333334,2953327.4198507154,-583517.3531840488,210443.93333333332,424529.5700422535,-3641.7033755868615
924,1198840.5,2973087.2234781254,-575406.2234781256,1000412.15,2515459.4275741475,-514635.12757414754,935028.7,2274530.144664435,-404472.7446644353,172163.93333333332,364569.85289574397,-20241.98622907733,1198840.5,2973087.2234781254,-575406.2234781256,172163.93333333332,364569.85289574397,-20241.98622907733
925,1420781.8333333333,3553579.01925826,-712015.3525915935,1202893.9833333334,3038299.374480797,-632511.4078141304,1350329.25,3397529.334939995,-696870.8349399948,196218.63333333333,414311.781202407,-21874.51453574028,1420781.8333333333,3553579.01925826,-712015.3525915935,196218.63333333333,414311.781202407,-21874.51453574028
926,1426011.5,3730680.983864162,-878657.9838641621,1237216.35,3260812.436183313,-786379.736183313,1533280.4333333333,4037585.1471553864,-971024.2804887195,157388.1,356096.7649396387,-41320.564939638716,1426011.5,3730680.983864162,-878657.9838641621,157388.1,356096.7649396387,-41320.564939638716
927,1345108.1666666667,3676818.303020254,-986601.96968692,1186896.0166666666,3310876.890331045,-937084.8569977116,1307724.1333333333,3616305.384834954,-1000857.1181682874,81457.33333333333,176652.14546916718,-13737.478802500525,1345108.1666666667,3676818.303020254,-986601.96968692,81457.33333333333,176652.14546916718,-13737.478802500525
928,1113264.5,2806264.479774422,-579735.4797744218,960575.0166666667,2480017.564331311,-558867.5309979772,1023603.0833333334,2616283.0939545077,-569076.9272878411,157089.46666666667,322297.59873937117,-8118.665406037791,1113264.5,2806264.479774422,-579735.4797744218,157089.46666666667,322297.59873937117,-8118.665406037791
929,1256968.8,3116169.635011074,-602232.0350110743,1046738.1666666666,2640555.9485353227,-547079.6152019895,1214369.1,3076991.0976289595,-648252.8976289593,205654.4,447203.99940132734,-35895.19940132732,1256968.8,3116169.635011074,-602232.0350110743,205654.4,447203.99940132734,-35895.19940132732
930,1156005.9333333333,2948819.0122810183,-636807.1456143514,973295.9833333333,2523633.2010823395,-577041.2344156728,1200054.6333333333,3135021.2348960834,-734911.9682294165,129354.86666666667,273903.30469466804,-15193.571361334733,1156005.9333333333,2948819.0122810183,-636807.1456143514,129354.86666666667,273903.30469466804,-15193.571361334733
931,1090418.2333333334,2851972.804062322,-671136.3373956552,942264.1333333333,2525432.554794385,-640904.2881277185,1016078.6,2709674.8789427313,-677517.6789427312,106473.2,219528.4269284911,-6582.026928491105,1090418.2333333334,2851972.804062322,-671136.3373956552,106473.2,219528.4269284911,-6582.026928491105
932,963404.8333333334,2461609.026100599,-534799.3594339326,825498.6,2181257.0044584265,-530259.8044584264,904493.4333333333,2359980.5517461295,-550993.6850794628,119802.83333333333,261762.83692239324,-22157.170255726567,963404.8333333334,2461609.026100599,-534799.3594339326,119802.76666666666,261762.77770816616,-22157.244374832837
933,1090933.6666666667,2751795.543656959,-569928.2103236255,895570.1333333333,2319284.1075907657,-528143.8409240991,905120.9166666666,2238454.5679990076,-428212.7346656743,122868.13333333333,241692.9662658996,4043.3004007670825,1090933.6666666667,2751795.543656959,-569928.2103236255,122868.11666666667,241692.95188214257,4043.281451190778
934,1011502.3666666667,2542744.5212452793,-519739.7879119457,810746.2,2060465.8890409793,-438973.4890409794,848770.7833333333,2100033.720457009,-402492.1537903423,118739.33333333333,247869.5461910981,-10390.879524431439,1011502.3666666667,2542744.5212452793,-519739.7879119457,118739.03333333334,247869.2827297188,-10391.216063052125
935,1142075.1,2920712.361247639,-636562.1612476388,925228.5833333334,2397383.808865284,-546926.6421986175,1088746.7,2823660.453877954,-646167.0538779541,111420.83333333333,255255.90104506013,-32414.234378393463,1142075.1,2920712.361247639,-636562.1612476388,111420.5,255255.60191183985,-32414.601911839854
936,1270244.4666666666,3234045.176574503,-693556.2432411702,1063299.7833333334,2739434.2267072927,-612834.6600406261,1250662.3333333333,3221035.189191562,-719710.5225248954,143417.56666666668,349664.25539850915,-62829.12206517579,1270244.4666666666,3234045.176574503,-693556.2432411702,143416.61666666667,349663.3928811954,-62830.159547862044
937,1100120.3,2868825.120195919,-668584.5201959191,938421.2833333333,2507694.9939568844,-630852.4272902178,1103803.3833333333,2931120.1214907933,-723513.3548241267,107393.63333333333,246591.74741103317,-31804.480744366505,1100120.3,2868825.120195919,-668584.5201959191,107393.63333333333,246591.74741103317,-31804.480744366505
938,942657.8666666667,2358777.9983873107,-473462.2650539775,826353.3333333334,2117314.007693433,-464607.3410267666,980695.6166666667,2504289.267912214,-542898.0345788808,150852.86666666667,343573.51637376833,-41867.783040434995,942657.8666666667,2358777.9983873107,-473462.2650539775,150852.76666666666,343573.4267425171,-41867.89340918377
939,1124503.8666666667,2814070.4313405417,-565062.6980072081,942541.35,2398243.4883030695,-513160.78830306965,888401.6666666666,2137658.453827506,-360855.1204941728,163330.16666666666,374520.5823293978,-47860.2489960645,1124503.8666666667,2814070.4313405417,-565062.6980072081,163330.08333333334,374520.507533308,-47860.340866641316
940,1103379.3333333333,2742693.52406999,-535934.8574033238,899306.25,2272588.272045327,-473975.7720453269,780897.1,1835167.6149882637,-273373.41498826386,129468.36666666667,311679.5080521435,-52742.774718810164,1103379.3333333333,2742693.52406999,-535934.8574033238,129468.31666666667,311679.46275828796,-52742.829424954616
941,939656.1333333333,2382794.6457409686,-503482.37907430204,840586.0333333333,2188118.629787828,-506946.5631211613,722709.2333333333,1771978.1357574193,-326559.66909075284,100913.33333333333,240105.02834405238,-38278.36167738571,939656.1333333333,2382794.6457409686,-503482.37907430204,100913.25,240104.95301306577,-38278.453013065766
942,791470.8,1930763.1481592157,-347821.5481592156,657131.6,1643224.5208030278,-328961.32080302783,676670.6333333333,1612873.8075162615,-259532.54084959475,112628.96666666666,240169.58725921757,-14911.653925884268,791470.8,1930763.1481592157,-347821.5481592156,112628.65,240169.3076305075,-14912.007630507505
943,1080486.5666666667,2437191.574263322,-276218.44092998886,920101.95,2090571.9566454983,-250368.05664549838,840121.5166666667,1723968.5346906763,-43725.501357342815,266595.23333333334,618126.6304306366,-84936.1637639699,1080486.5666666667,2437191.574263322,-276218.44092998886,266595.1,618126.5104918489,-84936.31049184903
944,1112719.0333333334,2549750.504032568,-324312.4373659012,952470.8166666667,2173723.55523452,-268781.9219011869,771013.2333333333,1573508.5390889617,-31482.07242229511,309821.2,717486.8001890096,-97844.40018900967,1112719.0333333334,2549750.504032568,-324312.4373659012,309821.2,717486.8001890096,-97844.40018900967
945,1297008.5666666667,2983876.770959335,-389859.6376260016,1094486.05,2492215.3060587374,-303243.2060587371,999686.8666666667,2103064.100289163,-103690.36695582955,359881.43333333335,845793.6284956185,-126030.76182895183,1297008.5666666667,2983876.770959335,-389859.6376260016,359881.43333333335,845793.6284956185,-126030.76182895183
946,1353407.5,3024069.7360887956,-317254.7360887956,1159943.85,2581601.5797804,-261713.8797803996,1164108.4666666666,2469468.6910092914,-141251.75767595856,352655.8333333333,823693.4737947847,-118381.80712811812,1353407.5,3024069.7360887956,-317254.7360887956,352655.8333333333,823693.4737947847,-118381.80712811812
947,1392367.9333333333,3217893.024831243,-433157.1581645759,1240756.3833333333,2880348.0062461253,-398835.2395794587,1235589.8833333333,2748980.812749182,-277801.04608251527,294024.6,700625.6495846912,-112576.4495846912,1392367.9333333333,3217893.024831243,-433157.1581645759,294025.05,700626.0564831963,-112575.95648319641
948,1326679.6333333333,2919352.408821662,-265993.14215499535,1137859.8666666667,2517865.9473656006,-242146.21403226745,1182758.0,2508394.0311683277,-142878.03116832743,338492.1,822159.3123212245,-145175.1123212246,1326679.6333333333,2919352.408821662,-265993.14215499535,338490.9,822158.2235371182,-145176.4235371182
949,1196566.8,2673366.821549587,-280233.22154958686,984005.85,2183849.2586184107,-215837.55861841084,832034.5833333334,1689376.1987129916,-25307.032046324923,283552.26666666666,657451.6909268061,-90347.15759347274,1196566.8,2673366.821549587,-280233.22154958686,283552.26666666666,657451.6909268061,-90347.15759347274
950,1163785.6666666667,2645760.516638579,-318189.1833052451,969695.3333333334,2182575.785241026,-243185.11857435934,744000.6666666666,1492972.1515671427,-4970.818233809434,289869.13333333336,661562.5435526473,-81824.27688598068,1163785.6666666667,2645760.516638579,-318189.1833052451,289861.93333333335,661556.0860674991,-81832.21940083237
951,1134441.3,2528479.507207843,-259596.90720784292,1016861.1333333333,2308421.956405533,-274699.6897388664,914785.1666666666,1896383.4467689334,-66813.11343560019,241507.66666666666,577022.0462872959,-94006.71295396253,1134441.3,2528479.507207843,-259596.90720784292,241507.76666666666,577022.1367522993,-94006.60341896594
952,827299.0666666667,1795930.5875320355,-141332.45419870235,722549.4,1599351.736629346,-154252.936629346,713054.8166666667,1442977.7003242024,-16868.066990869236,229107.76666666666,547545.7377012377,-89330.2043679044,827299.0666666667,1795930.5875320355,-141332.45419870235,229108.01666666666,547545.9638761873,-89329.93054285401
953,791902.3333333334,1697806.6557076145,-114001.98904094764,632992.2166666667,1371417.7904126307,-105433.3570792973,551843.9666666667,1096625.5084360456,7062.424897287623,243470.16666666666,564423.2907908779,-77482.95745754454,791902.3333333334,1697806.6557076145,-114001.98904094764,243475.46666666667,564428.0590627595,-77477.12572942616
954,814325.3666666667,1830988.935977551,-202338.20264421753,664943.8833333333,1496820.5630117874,-166932.79634512065,560024.3666666667,1124711.637947757,-4662.9046144236345,266899.5333333333,593987.9195237487,-60188.852857082034,814325.3666666667,1830988.935977551,-202338.20264421753,266899.5333333333,593987.9195237487,-60188.852857082034
955,923862.4333333333,2106807.5976636633,-259082.73099699686,773565.7,1773952.834168071,-226821.4341680709,603718.7,1212921.184852704,-5483.784852703917,305404.93333333335,666068.7712391766,-55258.90457250987,923862.4333333333,2106807.5976636633,-259082.73099699686,305404.93333333335,666068.7712391766,-55258.90457250987
956,1053202.4,2469674.463672417,-363269.66367241764,916679.3833333333,2189928.843928956,-356570.07726228936,806408.3,1749266.6119574006,-136450.01195740036,335884.86666666664,765429.0379622811,-93659.30462894787,1053202.4,2469674.463672417,-363269.66367241764,335884.86666666664,765429.0379622811,-93659.30462894787
957,1087813.4,2535587.3038757946,-359960.5038757946,958396.1833333333,2271883.6501137633,-355091.28344709636,910505.8,2015681.8159243478,-194670.21592434775,328880.23333333334,762097.2163956347,-104336.74972896796,1087813.4,2535587.3038757946,-359960.5038757946,328880.23333333334,762097.2163956347,-104336.74972896796
958,1022471.6666666666,2190243.957392506,-145300.62405917246,919115.5166666667,2029358.6360361744,-191127.60270284105,989007.75,2183019.038420327,-205003.53842032677,365311.56666666665,838833.1466310692,-108210.01329773595,1022471.6666666666,2190243.957392506,-145300.62405917246,365311.56666666665,838833.1466310692,-108210.01329773595
959,1071603.6666666667,2484066.615721626,-340859.28238829295,887278.4833333333,2067093.3004423701,-292536.3337757037,803255.4333333333,1782795.9902748177,-176285.12360815099,260189.83333333334,576775.5056498988,-56395.838983232126,1071603.6666666667,2484066.615721626,-340859.28238829295,260189.83333333334,576775.5056498988,-56395.838983232126
960,1015832.6666666666,2344081.5035127546,-312416.1701794212,848475.2,1967812.6516927183,-270862.25169271836,723658.9166666666,1570756.0584835047,-123438.22515017132,286702.8,614124.1152703245,-40718.5152703246,1015832.6666666666,2344081.5035127546,-312416.1701794212,286702.51666666666,614123.8648005221,-40718.83146718884
961,885019.0666666667,1867702.9817548853,-97664.84842155199,782672.2166666667,1698951.5187540138,-133607.08542068035,749847.8166666667,1573560.600838602,-73864.96750526864,299849.0,647004.1947008374,-47306.19470083731,885019.0666666667,1867702.9817548853,-97664.84842155199,299849.0,647004.1947008374,-47306.19470083731
962,777954.0333333333,1620648.8584533758,-64740.79178670922,677125.7833333333,1440802.2046125717,-86550.6379459051,687231.2833333333,1386945.5847913679,-12483.018124701106,253556.2,560677.8218106292,-53565.421810629196,777954.0333333333,1620648.8584533758,-64740.79178670922,253555.85,560677.5100850342,-53565.8100850342
963,722853.3,1441576.430558987,4130.169441013131,578558.1166666667,1164428.1799682043,-7311.946634870837,565192.1666666666,1101050.5791435367,29333.754189796397,212953.76666666666,456568.2710160458,-30660.737682712526,722853.3,1441576.430558987,4130.169441013131,212953.61666666667,456568.13838475477,-30660.905051421403
964,935725.6,1971832.4778162006,-100381.27781620063,785271.9666666667,1670222.8330543495,-99678.89972101618,697326.1666666666,1372428.689583368,22223.643749965355,304375.3,662120.0076976372,-53369.40769763716,935725.6,1971832.4778162006,-100381.27781620063,304374.88333333336,662119.6379881522,-53369.87132148555
965,981671.3333333334,2156639.996104498,-193297.32943783107,856395.0,1906122.791808703,-193332.79180870298,787702.2333333333,1593180.5158177582,-17776.049151091604,326009.1,760912.2642121471,-108894.0642121472,981671.3333333334,2156639.996104498,-193297.32943783107,326009.1,760912.2642121471,-108894.0642121472
966,1160318.4666666666,2633652.2326164185,-313015.2992830854,940614.6333333333,2120059.023829476,-238829.75716280914,879531.0666666667,1777384.8935445813,-18322.760211247834,343414.8333333333,780393.3483461901,-93563.68167952349,1160318.4666666666,2633652.2326164185,-313015.2992830854,343414.8333333333,780393.3483461901,-93563.68167952349
967,1135656.7333333334,2479553.0771491975,-208239.6104825309,988474.1166666667,2179021.5697022574,-202073.33636892424,965918.1,1970066.6388024143,-38230.43880241446,393638.6,891964.2962291798,-104687.09622917988,1135656.7333333334,2479553.0771491975,-208239.6104825309,393638.6,891964.2962291798,-104687.09622917988
968,805208.2,1713488.8129271595,-103072.41292715969,727086.25,1602191.8745209351,-148019.374520935,749466.8166666667,1568419.3594389185,-69485.72610558523,291098.63333333336,754375.8464498776,-172178.57978321088,805208.2,1713488.8129271595,-103072.41292715969,291098.63333333336,754375.8464498776,-172178.57978321088
969,675220.8,1476524.837131574,-126083.23713157396,564194.15,1283455.9069090306,-155067.60690903058,592424.4666666667,1320464.6456727516,-135615.71233941824,178926.5,461059.08516113623,-103206.08516113623,675220.8,1476524.837131574,-126083.23713157396,178926.4,461058.9935618702,-103206.19356187017
970,719019.8666666667,1607946.4181959745,-169906.68486264104,615732.0,1426176.0961665849,-194712.09616658487,621344.5666666667,1404399.4518127837,-161710.31847945042,156035.06666666668,380410.4112295823,-68340.27789624897,719019.8666666667,1607946.4181959745,-169906.68486264104,156034.98333333334,380410.3355727595,-68340.36890609283
971,793028.8,1676143.463232316,-90085.86323231598,671752.5333333333,1468747.9637161382,-125242.8970494715,688475.9166666666,1467450.1075754967,-90498.27424216352,225909.23333333334,587998.7748635847,-136180.30819691793,793028.8,1676143.463232316,-90085.86323231598,225909.23333333334,587998.7748635847,-136180.30819691793
972,672368.5,1373263.3660846304,-28526.36608463037,566651.6,1203654.4925790662,-70351.29257906636,594739.1333333333,1219485.7498941086,-30007.483227442135,203958.73333333334,559537.3066229282,-151619.8399562615,672368.5,1373263.3660846304,-28526.36608463037,203958.68333333332,559537.2604219627,-151619.8937552961
973,639006.3333333334,1297251.8710036492,-19239.20433698257,510875.5,1057930.82372943,-36179.82372943009,534722.0833333334,1102081.123419564,-32636.95675289724,123406.7,275106.08639066975,-28292.68639066977,639006.3333333334,1297251.8710036492,-19239.20433698257,123406.6,275105.9971662949,-28292.797166294884
974,630451.4666666667,1355418.4731193124,-94515.53978597897,505262.45,1095429.1934076883,-84904.29340768832,549649.5,1129878.2057511378,-30579.20575113769,163293.2,346242.3415433282,-19655.94154332817,630451.4666666667,1355418.4731193124,-94515.53978597897,163286.4,346236.34460300487,-19663.544603004848
975,734659.4333333333,1768183.4377496461,-298864.57108297944,557534.1333333333,1373595.540411197,-258527.27374453063,568011.7333333333,1279824.5441796049,-143801.07751293818,95375.5,233706.3326992226,-42955.33269922261,734659.4333333333,1768183.4377496461,-298864.57108297944,95356.15,233688.7421898931,-42976.4421898931
976,874781.3666666667,2211892.3120502178,-462329.5787168846,650566.45,1669703.482377359,-368570.58237735904,643944.9333333333,1559274.6452025918,-271384.7785359251,103640.86666666667,305628.29351033387,-98346.56017700053,874781.3666666667,2211892.3120502178,-462329.5787168846,103640.86666666667,305628.29351033387,-98346.56017700053
977,868797.6333333333,2184460.806762797,-446865.5400961302,683645.7,1747435.1264968466,-380143.72649684665,729953.05,1812570.799474637,-352664.69947463693,122439.6,361966.8988471001,-117087.69884710008,868797.6333333333,2184460.806762797,-446865.5400961302,122439.6,361966.8988471001,-117087.69884710008
978,781105.7333333333,1781558.4190383712,-219346.95237170462,681427.1833333333,1604132.238371225,-241277.87170455826,734666.9833333333,1633808.4335052492,-164474.46683858265,189824.6,548583.1343155435,-168933.93431554342,781105.7333333333,1781558.4190383712,-219346.95237170462,189824.6,548583.1343155435,-168933.93431554342
979,761682.4,1922424.668474244,-399059.8684742438,596287.4166666666,1530400.00086386,-337825.1675305265,636300.7,1532106.1199084967,-259504.71990849683,96562.96666666666,285673.76067276724,-92547.8273394339,761682.4,1922424.668474244,-399059.8684742438,96562.71666666666,285673.52758043713,-92548.0942471038
980,797092.4666666667,2014522.9274507388,-420337.9941174056,626945.25,1606714.8134914613,-352824.31349146145,690725.9166666666,1694495.2046206743,-313043.3712873411,114100.13333333333,337714.63279406424,-109514.36612739757,797092.4666666667,2014522.9274507388,-420337.9941174056,114099.86666666667,337714.38415006455,-109514.65081673124
981,630181.0666666667,1623855.426624107,-363493.29329077364,580280.5666666667,1504122.3957613995,-343561.2624280661,598329.7333333333,1527738.6002098164,-331079.1335431499,142248.83333333334,421056.2763219614,-136558.6096552947,630181.0666666667,1623855.426624107,-363493.29329077364,142249.8,421057.17766349856,-136557.57766349858
982,487188.5333333333,1199088.2565070102,-224711.18984034343,456135.11666666664,1143330.025427229,-231059.79209389578,455523.86666666664,1094424.5608389997,-183376.82750566636,112414.53333333334,332738.6381257777,-107909.57145911102,487188.5333333333,1199088.2565070102,-224711.18984034343,112414.53333333334,332738.6381257777,-107909.57145911102
983,506624.76666666666,1332262.6592500785,-319013.1259167451,417667.1,1102492.1457107929,-267157.945710793,432751.6,1125493.4019219354,-259990.20192193543,49317.833333333336,145975.0419370226,-47339.37527035591,506624.76666666666,1332262.6592500785,-319013.1259167451,49317.53333333333,145974.76220724193,-47339.695540575274
984,408444.63333333336,1104648.825957382,-287759.55929071544,353682.51666666666,943296.0286689166,-235930.99533558317,397224.95,1037845.7386139252,-243395.8386139252,49780.433333333334,125098.13655952374,-25537.269892857075,408444.63333333336,1104648.825957382,-287759.55929071544,49780.433333333334,125098.13655952374,-25537.269892857075
985,471097.06666666665,1252024.989139504,-309830.85580617073,378873.68333333335,997047.1968835784,-239299.83021691174,431973.9,1114188.165437474,-250240.36543747399,72899.03333333334,190485.20714797807,-44687.140481311406,471097.06666666665,1252024.989139504,-309830.85580617073,72899.03333333334,190485.20714797807,-44687.140481311406
986,215244.76666666666,492692.032997794,-62202.49966446066,206767.01666666666,483523.30912260985,-69989.27578927652,317801.4,746502.6114669391,-110899.8114669391,101283.53333333334,299766.07642826857,-97199.00976160188,215244.76666666666,492692.032997794,-62202.49966446066,101283.53333333334,299766.07642826857,-97199.00976160188
987,340035.4,765658.6718660885,-85587.87186608848,332337.2833333333,757936.0467938664,-93261.48012719979,482168.1666666667,1144066.210534798,-179729.87720146455,171549.36666666667,482374.77987048903,-139276.04653715572,340035.4,765658.6718660885,-85587.87186608848,171549.36666666667,482374.77987048903,-139276.04653715572
988,317616.86666666664,794048.3973054477,-158814.66397211445,317616.86666666664,794048.3973054477,-158814.66397211445,406283.26666666666,930836.8517356662,-118270.3184023329,257089.36666666667,723676.1221917634,-209497.38885843006,317616.86666666664,794048.3973054477,-158814.66397211445,257089.36666666667,723676.1221917634,-209497.38885843006
989,512965.3,1289774.4961966123,-263843.89619661233,463998.06666666665,1162382.0385818174,-234385.9052484841,596707.3166666667,1494612.2565740205,-301197.6232406872,130357.26666666666,371131.4818734828,-110416.94854014949,512965.3,1289774.4961966123,-263843.89619661233,130357.26666666666,371131.4818734828,-110416.94854014949
990,660741.3666666667,1713401.7300369446,-391918.9967036112,613237.8166666667,1590910.8049670798,-364435.1716337465,793981.25,2106649.417587785,-518686.9175877848,135451.53333333333,400935.45728941186,-130032.39062274521,660741.3666666667,1713401.7300369446,-391918.9967036112,135451.53333333333,400935.45728941186,-130032.39062274521
991,734191.0666666667,1682868.8679549105,-214486.7346215772,721435.6333333333,1670387.3632907174,-227516.09662405087,888636.3666666667,2078899.9931865383,-301627.25985320495,344994.3333333333,992097.6156168336,-302108.9489501669,734191.0666666667,1682868.8679549105,-214486.7346215772,344993.73333333334,992097.0579824932,-302109.5913158266
992,594645.6666666666,1344660.7547565158,-155369.4214231826,576877.0333333333,1326220.7614639008,-172466.69479723414,665376.1,1508485.708927651,-177733.50892765087,254977.9,718439.2634563267,-208483.46345632672,594645.6666666666,1344660.7547565158,-155369.4214231826,254976.98333333334,718438.4135772558,-208484.44691058912
993,636798.0,1371388.8192696497,-97792.81926964968,581445.75,1296767.21527308,-133875.7152730798,717898.35,1541384.709667161,-105588.00966716127,211733.7,579138.931243164,-155671.53124316398,636798.0,1371388.8192696497,-97792.81926964968,211733.7,579138.931243164,-155671.53124316398
994,662400.4,1477497.1679622103,-152696.3679622102,596242.6833333333,1351344.6985022323,-158859.33183556574,758485.95,1667124.90251177,-150153.00251176988,219268.33333333334,591764.6797717408,-153228.0131050741,662400.4,1477497.1679622103,-152696.3679622102,219265.36666666667,591761.9439195816,-153231.2105862483
995,762735.4333333333,1830382.498430324,-304911.6317636573,628101.75,1538959.6815943369,-282756.1815943369,845918.15,2075764.080614369,-383927.78061436897,132735.56666666668,348807.29463964375,-83336.16130631039,762735.4333333333,1830382.498430324,-304911.6317636573,132801.65,348868.199685066,-83264.89968506599
996,916032.1666666666,2287693.1898491075,-455628.85651577415,750881.0,1917153.1167795372,-415391.1167795372,1108088.35,2893921.754040938,-677745.0540409377,117588.1,348042.528398457,-112866.32839845694,916032.1666666666,2287693.1898491075,-455628.85651577415,117588.1,348042.528398457,-112866.32839845694
997,947407.1333333333,2294175.538397656,-399361.27173098945,841201.1333333333,2103915.1354147103,-421512.8687480439,1141138.9666666666,2908265.036929687,-625987.1035963539,135308.0,366242.7026538307,-95626.7026538307,947407.1333333333,2294175.538397656,-399361.27173098945,135308.0,366242.7026538307,-95626.7026538307
998,748233.2,1681515.6978054438,-185049.29780544376,703567.8166666667,1631955.5641948553,-224819.93086152198,883129.7,1990150.9944697707,-223891.5944697708,241163.46666666667,670753.9717517092,-188427.03841837583,748233.2,1681515.6978054438,-185049.29780544376,241163.46666666667,670753.9717517092,-188427.03841837583
999,642906.2666666667,1626884.2255007362,-341071.6921674027,549055.3833333333,1420864.4816822093,-322753.7150155426,757931.6,1849217.1810738975,-333353.98107389745,90655.36666666667,241972.4090784913,-60661.67574515796,642906.2666666667,1626884.2255007362,-341071.6921674027,90655.36666666667,241972.4090784913,-60661.67574515796
1000,697621.2,1772432.2571210056,-377189.85712100565,578800.8166666667,1501346.2279316504,-343744.59459831694,856285.0333333333,2217061.4186731237,-504491.35200645693,68473.06666666667,202676.42497114732,-65730.29163781398,697621.2,1772432.2571210056,-377189.85712100565,68472.01666666666,202675.44589538602,-65731.41256205269
