x,meanNoByzantine,upNoByzantine,lowNoByzantine,meanGreyhole,upGreyhole,lowGreyhole,meanSinkhole,upSinkhole,lowSinkhole,meanSelectiveJam,upSelectiveJam,lowSelectiveJam,meanPosSpoofing,upPosSpoofing,lowPosSpoofing,meanAllAttacks,upAllAttacks,lowAllAttacks
1,549314.4666666667,1315041.8978840203,-216412.964550687,540425.9333333333,1306376.122853869,-225524.2561872023,546229.15,1311989.0004044482,-219530.7004044481,490372.5,1256183.3116494666,-275438.31164946663,549314.4666666667,1315041.8978840203,-216412.964550687,490372.5,1256183.3116494666,-275438.31164946663
2,513357.26666666666,1232981.9632553286,-206267.4299219952,503314.51666666666,1223043.4934563127,-216414.4601229793,520272.1,1240008.57292525,-199464.37292524998,493488.0333333333,1214212.4498107382,-227236.38314407144,513357.26666666666,1232981.9632553286,-206267.4299219952,493488.0333333333,1214212.4498107382,-227236.38314407144
3,562291.0333333333,1458004.7683178377,-333422.7016511711,550188.0833333334,1445922.5934562804,-345546.4267896137,571480.55,1467258.9128037025,-324297.8128037024,538563.0333333333,1435780.1744004188,-358654.1077337521,562291.0333333333,1458004.7683178377,-333422.7016511711,538563.0333333333,1435780.1744004188,-358654.1077337521
4,887832.9666666667,1956862.9763002614,-181197.04296692798,872814.45,1942224.9529706906,-196596.05297069065,903557.8,1972846.3059147508,-165730.7059147507,858363.1,1929758.418247905,-213032.21824790502,887832.9666666667,1956862.9763002614,-181197.04296692798,858363.1,1929758.418247905,-213032.21824790502
5,819623.3,1855702.1991350264,-216455.59913502645,808599.2,1845126.260271804,-227927.86027180403,831333.7,1867086.542141416,-204419.14214141632,798512.4,1837194.0276967857,-240169.2276967857,819623.3,1855702.1991350264,-216455.59913502645,798512.4,1837194.0276967857,-240169.2276967857
6,753718.3,1698461.3896514717,-191024.78965147154,739996.7833333333,1684988.7837419328,-204995.21707526606,768377.35,1713094.9019850022,-176340.20198500226,727334.6,1674805.7283387673,-220136.52833876724,753718.3,1698461.3896514717,-191024.78965147154,727334.6,1674805.7283387673,-220136.52833876724
7,722415.6,1573408.29487638,-128577.09487638006,705284.3166666667,1556124.8405058456,-145556.2071725123,740286.55,1592406.175412674,-111833.07541267376,688536.1,1541421.1009801298,-164348.90098012984,722415.6,1573408.29487638,-128577.09487638006,688536.1,1541421.1009801298,-164348.90098012984
8,662382.8333333334,1434090.8476814267,-109325.18101475993,644646.3166666667,1415913.8696398335,-126621.23630650027,680992.75,1454384.7610663092,-92399.26106630906,627293.6666666666,1400575.0540922524,-145987.72075891914,662382.8333333334,1434090.8476814267,-109325.18101475993,627293.6666666666,1400575.0540922524,-145987.72075891914
9,789485.7333333333,1727099.3472239722,-148127.88055730565,769126.45,1706346.309213032,-168093.4092130321,810115.9833333333,1749309.629178808,-129077.66251214151,749146.9666666667,1688643.556354074,-190349.6230207407,789485.7333333333,1727099.3472239722,-148127.88055730565,749146.9666666667,1688643.556354074,-190349.6230207407
10,734038.6333333333,1555025.4516752386,-86948.18500857207,697276.2166666667,1512676.1912590782,-118123.75792574498,772264.4,1605551.824767262,-61023.02476726193,660619.7,1477382.0664327743,-156142.6664327744,734038.6333333333,1555025.4516752386,-86948.18500857207,660619.7,1477382.0664327743,-156142.6664327744
11,468809.4,1147541.8396912497,-209923.0396912495,454751.0833333333,1133014.6031287,-223512.43646203348,481416.2833333333,1160871.7769122466,-198039.21024557995,440274.13333333336,1119567.955079675,-239019.6884130083,468809.4,1147541.8396912497,-209923.0396912495,440274.13333333336,1119567.955079675,-239019.6884130083
12,548663.5666666667,1340479.405093923,-243152.27176058968,534329.05,1325896.5062945802,-257238.4062945802,561151.8833333333,1353028.2232004649,-230724.45653379825,519925.6,1312943.3782477411,-273092.1782477411,548663.5666666667,1340479.405093923,-243152.27176058968,519925.6,1312943.3782477411,-273092.1782477411
13,175715.13333333333,359452.61345997767,-8022.346793311037,160110.16666666666,337734.58737584914,-17514.25404251585,188125.95,377559.1373784316,-1307.2373784316296,143348.76666666666,317789.4063522273,-31091.873018893995,175715.13333333333,359452.61345997767,-8022.346793311037,143348.76666666666,317789.4063522273,-31091.873018893995
14,207464.8,426509.133642884,-11579.533642883995,193014.66666666666,408090.42781400995,-22061.094480676606,219559.51666666666,441099.9572040902,-1980.9238707568438,177490.0,389876.7367904086,-34896.73679040864,207464.8,426509.133642884,-11579.533642883995,177490.0,389876.7367904086,-34896.73679040864
15,97129.4,204756.49788379294,-10497.69788379295,81568.08333333333,176778.06555709805,-13641.898890431388,113128.4,239876.71605997664,-13619.916059976647,67044.33333333333,159867.56035923798,-25778.89369257132,97129.4,204756.49788379294,-10497.69788379295,67044.33333333333,159867.56035923798,-25778.89369257132
16,82971.73333333334,174126.47860258663,-8183.01193591996,67083.1,142018.20761854848,-7852.00761854845,99257.15,213432.02450455885,-14917.724504558864,52204.333333333336,123300.66758457024,-18892.000917903577,82971.73333333334,174126.47860258663,-8183.01193591996,52204.333333333336,123300.66758457024,-18892.000917903577
17,81434.13333333333,172688.7171753015,-9820.45050863485,63671.95,133724.97394125158,-6381.073941251569,99456.65,218677.78357315535,-19764.483573155376,46790.13333333333,110511.927726323,-16931.66105965634,81434.13333333333,172688.7171753015,-9820.45050863485,46790.13333333333,110511.927726323,-16931.66105965634
18,102767.63333333333,223467.5122940365,-17932.245627369848,76633.63333333333,160579.0801133004,-7311.813446633765,129159.16666666667,294597.52359225054,-36279.19025891718,51444.53333333333,121710.95529344559,-18821.888626778913,102767.63333333333,223467.5122940365,-17932.245627369848,51444.53333333333,121710.95529344559,-18821.888626778913
19,89082.83333333333,189093.5631188076,-10927.896452140936,70156.35,148455.20816601842,-8142.508166018393,108305.8,237443.8721798641,-20832.2721798641,52126.36666666667,123951.20434930289,-19698.471015969553,89082.83333333333,189093.5631188076,-10927.896452140936,52126.36666666667,123951.20434930289,-19698.471015969553
20,110276.83333333333,239166.08984085033,-18612.423174183685,91887.08333333333,206224.47689613036,-22450.310229463706,128926.7,279836.4668610542,-21983.066861054205,74440.93333333333,185370.5977686167,-36488.731101950034,110276.83333333333,239166.08984085033,-18612.423174183685,74440.93333333333,185370.5977686167,-36488.731101950034
21,132073.56666666668,286947.50204698526,-22800.3687136519,102453.55,222646.16379905527,-17739.06379905525,162883.05,365143.0162166137,-39376.916216613725,73822.93333333333,182597.69147911627,-34951.82481244959,132073.56666666668,286947.50204698526,-22800.3687136519,73822.93333333333,182597.69147911627,-34951.82481244959
22,106786.96666666666,228165.41034961282,-14591.477016279488,85528.3,184958.14678598114,-13901.546785981147,129430.61666666667,283078.4641185519,-24217.23078521859,65229.2,158401.73767856072,-27943.33767856071,106786.96666666666,228165.41034961282,-14591.477016279488,65229.2,158401.73767856072,-27943.33767856071
23,43773.7,103760.5466271335,-16213.146627133508,43773.7,103760.5466271335,-16213.146627133508,44034.26666666667,104320.52111394296,-16251.987780609612,44529.7,105442.68538790676,-16383.285387906777,43773.7,103760.5466271335,-16213.146627133508,44529.7,105442.68538790676,-16383.285387906777
24,146653.03333333333,309478.48255269515,-16172.415886028495,125676.35,274077.29501007905,-22724.595010079036,173985.61666666667,367527.0400220018,-19555.80668866844,65505.36666666667,160026.52357255734,-29015.790239224007,146653.03333333333,309478.48255269515,-16172.415886028495,65505.36666666667,160026.52357255734,-29015.790239224007
25,599328.3666666667,1576963.4081463898,-378306.67481305636,576424.75,1552684.67000993,-399835.1700099299,634005.4333333333,1616608.241358623,-348597.3746919563,516770.36666666664,1490623.8653907084,-457083.1320573751,599328.3666666667,1576963.4081463898,-378306.67481305636,516770.36666666664,1490623.8653907084,-457083.1320573751
26,652806.9333333333,1745121.627841208,-439507.7611745412,633573.1666666666,1725369.143750573,-458222.81041723967,686800.1166666667,1781915.562264909,-408315.32893157564,615618.8666666667,1708074.7060729628,-476836.97273962945,652806.9333333333,1745121.627841208,-439507.7611745412,615618.8666666667,1708074.7060729628,-476836.97273962945
27,559483.3,1465999.9624713077,-347033.36247130774,542180.9333333333,1448121.510546457,-363759.6438797902,594548.4333333333,1504875.6859078258,-315778.81924115925,525968.3,1432411.8155336268,-380475.2155336266,559483.3,1465999.9624713077,-347033.36247130774,525968.3,1432411.8155336268,-380475.2155336266
28,724359.3666666667,1929429.1017542058,-480710.3684208724,706379.7833333333,1911264.289555077,-498504.7228884102,766078.8166666667,1973961.4170344789,-441803.78370114556,689295.1666666666,1894946.4893067833,-516356.15597344993,724359.3666666667,1929429.1017542058,-480710.3684208724,689295.1666666666,1894946.4893067833,-516356.15597344993
29,725275.3666666667,1866810.0741842773,-416259.34085094393,699010.85,1840775.9846079224,-442754.2846079223,757069.35,1902028.3690004214,-387889.6690004213,656412.3,1797999.4056731148,-485174.8056731147,725275.3666666667,1866810.0741842773,-416259.34085094393,656412.3,1797999.4056731148,-485174.8056731147
30,694608.3666666667,1865309.2981665672,-476092.56483323383,686149.9,1857147.2556219203,-484847.4556219202,709378.8833333333,1878817.23366789,-460059.4670012235,655301.2666666667,1827033.8404698763,-516431.307136543,694608.3666666667,1865309.2981665672,-476092.56483323383,655301.2666666667,1827033.8404698763,-516431.307136543
31,751204.1,1902550.7163288626,-400142.51632886275,731655.4,1881800.8489343957,-418490.0489343958,759892.05,1907822.5354534343,-388038.43545343424,651028.3333333334,1798115.5664061843,-496058.8997395177,751204.1,1902550.7163288626,-400142.51632886275,651028.3333333334,1798115.5664061843,-496058.8997395177
32,927431.3666666667,2253698.752612441,-398836.01927910745,906314.1666666666,2228764.4592486946,-416136.12591536145,934788.5666666667,2254378.452249535,-384801.3189162016,743274.9666666667,2042966.0608606203,-556416.1275272871,927431.3666666667,2253698.752612441,-398836.01927910745,743274.9666666667,2042966.0608606203,-556416.1275272871
33,901657.9333333333,2188126.4756264295,-384810.6089597631,861573.9333333333,2146767.290190966,-423619.4235242994,913556.1833333333,2200072.78285422,-372960.41618755297,758979.9333333333,2042531.511115003,-524571.6444483362,901657.9333333333,2188126.4756264295,-384810.6089597631,758979.9333333333,2042531.511115003,-524571.6444483362
34,1288403.8,2597819.8646254763,-21012.264625475975,1121528.4166666667,2372339.4461634755,-129282.61283014179,1155091.9166666667,2405718.687577197,-95534.85424386337,795548.4333333333,2013664.8270831816,-422567.9604165149,1288403.8,2597819.8646254763,-21012.264625475975,795548.4333333333,2013664.8270831816,-422567.9604165149
35,1438895.8666666667,2851517.89143023,26273.841903103283,1243195.0333333334,2613445.11533543,-127055.0486687629,1355025.6666666667,2740712.747510976,-30661.414177642902,892557.5333333333,2245438.4034891687,-460323.33682250197,1438895.8666666667,2851517.89143023,26273.841903103283,892557.5333333333,2245438.4034891687,-460323.33682250197
36,1441929.3666666667,2767982.595974507,115876.13735882682,1181405.25,2389635.0168835456,-26824.516883545322,1302304.8166666667,2538824.6620238917,65784.97130944161,770675.2,1936759.9159314241,-395409.5159314242,1441929.3666666667,2767982.595974507,115876.13735882682,770675.2,1936759.9159314241,-395409.5159314242
37,1531056.0666666667,2951480.87179587,110631.2615374634,1276345.8333333333,2584689.5548238126,-31997.88815714605,1396669.5,2728824.121540575,64514.87845942518,907896.3666666667,2171046.8839889145,-355254.15065558115,1531056.0666666667,2951480.87179587,110631.2615374634,907896.3666666667,2171046.8839889145,-355254.15065558115
38,2254753.6666666665,4746046.242759105,-236538.9094257718,1991805.1,4442520.22485053,-458910.0248505296,2264409.183333333,4759040.3136609495,-230221.94699428277,1476534.4333333333,3764927.7429879904,-811858.8763213239,2254753.6666666665,4746046.242759105,-236538.9094257718,1476534.4333333333,3764927.7429879904,-811858.8763213239
39,2584328.9,5992901.009465398,-824243.2094653985,2323242.7666666666,5709235.022443308,-1062749.4891099748,2621486.85,6040625.225673873,-797651.5256738723,1876089.7333333334,5295320.05598939,-1543140.589322724,2584328.9,5992901.009465398,-824243.2094653985,1876089.7333333334,5295320.05598939,-1543140.589322724
40,2746245.6666666665,6498664.703564824,-1006173.3702314906,2506601.2666666666,6235036.740288548,-1221834.206955215,2785931.75,6541781.845405428,-969918.3454054282,2037946.1666666667,5773975.990697453,-1698083.6573641195,2746245.6666666665,6498664.703564824,-1006173.3702314906,2037946.1666666667,5773975.990697453,-1698083.6573641195
41,3027098.7666666666,7089299.026725238,-1035101.4933919045,2786861.3833333333,6828897.978260356,-1255175.2115936894,3100946.1333333333,7164996.6624230305,-963104.3957563639,2292290.2,6342265.960204956,-1757685.5602049557,3027098.7666666666,7089299.026725238,-1035101.4933919045,2292290.2,6342265.960204956,-1757685.5602049557
42,3221290.466666667,7492350.69294783,-1049769.7596144965,2980929.8833333333,7234053.121540967,-1272193.3548743003,3281354.2,7538721.954432136,-976013.554432136,2476380.8666666667,6742279.09929394,-1789517.365960606,3221290.466666667,7492350.69294783,-1049769.7596144965,2476380.8666666667,6742279.09929394,-1789517.365960606
43,3632095.1,8082872.649584675,-818682.4495846755,3391104.8666666667,7823801.146792093,-1041591.4134587604,3700694.1333333333,8132501.699078495,-731113.4324118285,2908302.3,7351666.39256057,-1535061.79256057,3632095.1,8082872.649584675,-818682.4495846755,2908302.3333333335,7351666.42835157,-1535061.7616849025
44,4093388.533333333,8589182.842853813,-402405.7761871461,3795194.3333333335,8261641.083750971,-671252.4170843032,4006527.85,8467963.805740455,-454908.10574045544,3299578.6333333333,7779499.203078315,-1180341.9364116485,4093388.533333333,8589182.842853813,-402405.7761871461,3299578.6,7779499.166468397,-1180341.9664683961
45,4244896.8,8854260.98464399,-364467.38464399055,3931677.5166666666,8511193.769283347,-647838.7359500127,4069179.8333333335,8642365.005903425,-504005.3392367582,3402293.9,7994264.000302197,-1189676.2003021971,4244896.8,8854260.98464399,-364467.38464399055,3402293.8666666667,7994263.9630895015,-1189676.2297561676
46,4462217.2,9289825.558984265,-365391.1589842634,4118672.05,8910956.472505612,-673612.3725056127,4270183.316666666,9067452.086445011,-527085.4531116774,3524437.6,8326606.509487808,-1277731.309487807,4462217.2,9289825.558984265,-365391.1589842634,3524437.566666667,8326606.473190265,-1277731.3398569305
47,4986968.9,10389851.864907727,-415914.06490772683,4647071.15,10016236.661518421,-722094.3615184203,4724663.1,10116383.083378963,-667056.883378963,3892183.8333333335,9263826.346420674,-1479458.6797540071,4986968.9,10389851.864907727,-415914.06490772683,3892183.8333333335,9263826.346420674,-1479458.6797540071
48,5297806.633333334,11133564.817048702,-537951.5503820339,4968914.8,10780960.463440757,-843130.8634407585,5087824.4,10928804.19239095,-753155.3923909497,4195400.766666667,10016899.26981707,-1626097.736483735,5297806.633333334,11133564.817048702,-537951.5503820339,4195400.733333333,10016899.235056318,-1626097.7683896506
49,5304467.9,11223937.97845842,-615002.1784584196,4885168.366666666,10755320.868017951,-984984.1346846186,5058750.95,10963258.222059665,-845756.3220596649,4044266.1666666665,9916608.696178604,-1828076.3628452704,5304467.9,11223937.97845842,-615002.1784584196,4044266.1666666665,9916608.696178604,-1828076.3628452704
50,5488843.666666667,11885566.40796781,-907879.0746344756,5049429.216666667,11400508.140347837,-1301649.707014503,5315020.4,11705446.230641816,-1075405.4306418141,4263543.833333333,10612065.803698502,-2084978.1370318374,5488843.666666667,11885566.40796781,-907879.0746344756,4263543.8,10612065.769659486,-2084978.169659487
51,6255368.766666667,13751442.29113537,-1240704.7578020366,5790606.55,13254230.081045065,-1673016.9810450664,6047421.3,13551424.567412611,-1456581.9674126124,5032527.633333334,12504932.073720299,-2439876.807053631,6255368.766666667,13751442.29113537,-1240704.7578020366,5032527.5,12504931.93110551,-2439876.9311055103
52,6358575.0,14450902.917278795,-1733752.9172787946,5859873.85,13913750.043671094,-2194002.3436710956,6176385.266666667,14282905.56001168,-1930135.026678346,5039526.2,13086844.242875852,-3007791.8428758522,6358575.0,14450902.917278795,-1733752.9172787946,5039524.833333333,13086842.794804666,-3007793.128138
53,5413221.066666666,12318057.176624766,-1491615.0432914328,4920802.8,11772131.248836258,-1930525.6488362588,5240778.8,12140494.922436286,-1658937.3224362852,4107969.0,10968294.325876188,-2752356.3258761885,5413221.066666666,12318057.176624766,-1491615.0432914328,4105361.1666666665,10965304.840689974,-2754582.5073566413
54,5159137.533333333,11944588.716851875,-1626313.6501852097,4722124.516666667,11462986.76839183,-2018737.7350584976,5070067.133333334,11858386.131287467,-1718251.8646208001,3922948.1333333333,10669359.500474786,-2823463.2338081193,5159137.533333333,11944588.716851875,-1626313.6501852097,3921152.1333333333,10667393.692402212,-2825089.425735546
55,6460200.0,14544833.926432725,-1624433.926432724,6009849.816666666,14064555.31093907,-2044855.677605738,6407170.133333334,14498923.992561776,-1684583.7258951096,5218357.866666666,13294345.445092406,-2857629.7117590727,6460200.0,14544833.926432725,-1624433.926432724,5216585.0,13292458.06120915,-2859288.0612091506
56,5330401.566666666,12098127.916018605,-1437324.7826852724,4811271.5,11507628.312662043,-1885085.3126620427,5189725.683333334,11957333.267379742,-1577881.900713076,3919306.2333333334,10604599.110136557,-2765986.6434698906,5330401.566666666,12098127.916018605,-1437324.7826852724,3918102.433333333,10603325.66107618,-2767120.794409514
57,6429474.133333334,13294216.128216699,-435267.8615500303,5943256.066666666,12752323.028981172,-865810.8956478378,6286012.016666667,13153790.353695035,-581766.3203617027,5165043.966666667,11984436.533655789,-1654348.6003224542,6429474.133333334,13294216.128216699,-435267.8615500303,5165676.1,11985129.073239956,-1653776.8732399577
58,5670079.266666667,12450440.485219631,-1110281.9518862972,5189793.133333334,11897814.356007002,-1518228.0893403338,5536140.15,12311488.09084966,-1239207.7908496587,4389767.3,11093395.921849046,-2313861.3218490453,5670079.266666667,12450440.485219631,-1110281.9518862972,4387953.366666666,11091359.01751714,-2315452.2841838077
59,5660050.133333334,12382477.48564367,-1062377.2189770024,5221782.283333333,11878712.733224168,-1435148.166557503,5564460.1,12268024.800567854,-1139104.6005678559,4481819.9,11147171.529665833,-2183531.7296658326,5660050.133333334,12382477.48564367,-1062377.2189770024,4482576.933333334,11148060.507058855,-2182906.640392187
60,6316388.233333333,13121639.0354532,-488862.5687865345,5884685.733333333,12617113.750064462,-847742.2833977966,6278352.383333334,13051798.164478794,-495093.39781212714,5063129.033333333,11795510.421632668,-1669252.3549660016,6316388.233333333,13121639.0354532,-488862.5687865345,5063911.2,11796407.06984508,-1668584.66984508
61,5811050.2,12617613.42416063,-995513.0241606291,5263537.45,11945008.232244223,-1417933.332244224,5824190.283333333,12604156.740506776,-955776.1738401093,4385065.933333334,11034899.16415646,-2264767.297489793,5811050.2,12617613.42416063,-995513.0241606291,4385679.7,11035590.169499345,-2264230.7694993457
62,5699127.0,12505143.423582327,-1106889.4235823257,5146014.316666666,11818268.286020383,-1526239.6526870504,5649712.416666667,12403163.46556396,-1103738.6322306274,4387245.466666667,11029928.591056019,-2255437.6577226864,5699127.0,12505143.423582327,-1106889.4235823257,4385889.933333334,11028423.092750257,-2256643.2260835897
63,5651541.0,12390335.39447644,-1087253.3944764389,5316308.433333334,12030128.13906806,-1397511.2724013925,5883265.266666667,12633148.92649249,-866618.3931591557,4935527.633333334,11660427.692798018,-1789372.4261313519,5651541.0,12390335.39447644,-1087253.3944764389,4934692.033333333,11659557.344827931,-1790173.278161264
64,6180356.9,13027310.045347575,-666596.2453475734,5666140.333333333,12402595.254646942,-1070314.587980277,6098272.7,12894829.669994213,-698284.2699942114,4915414.033333333,11630934.26332032,-1800106.196653652,6180356.9,13027310.045347575,-666596.2453475734,4914643.033333333,11630137.797670506,-1800851.7310038405
65,5472066.4,12231489.15334512,-1287356.3533451175,4980286.983333333,11632801.061774984,-1672227.0951083163,5417034.716666667,12135925.771781418,-1301856.338448085,4246382.5,10873658.712980574,-2380893.712980574,5472066.4,12231489.15334512,-1287356.3533451175,4245662.066666666,10872903.770562716,-2381579.637229384
66,4536433.9,11168250.09257276,-2095382.29257276,4295627.166666667,10919549.361396752,-2328295.0280634174,4695372.3,11333175.980173819,-1942431.3801738191,4064137.7666666666,10701561.070163537,-2573285.5368302045,4536433.9,11168250.09257276,-2095382.29257276,4063715.033333333,10701136.137184257,-2573706.0705175903
67,5113207.266666667,11853535.893629614,-1627121.3602962801,4703546.433333334,11359339.978701562,-1952247.1120348955,5065781.416666667,11769548.67699384,-1637985.8436605055,4130772.466666667,10767300.723967932,-2505755.7906345977,5113207.266666667,11853535.893629614,-1627121.3602962801,4130333.3666666667,10766854.702372724,-2506187.9690393913
68,4818487.666666667,11466055.636547618,-1829080.3032142837,4599133.8,11221804.741903853,-2023537.141903854,4685149.483333333,11302097.25562407,-1931798.288957405,4243249.133333334,10871168.73677146,-2384670.470104794,4818487.666666667,11466055.636547618,-1829080.3032142837,4242915.7,10870834.064795304,-2385002.6647953046
69,5454458.733333333,12204129.101100722,-1295211.6344340555,5237203.25,11966279.305365514,-1491872.805365514,5322356.516666667,12044550.1181945,-1399837.0848611668,4917594.633333334,11656880.839429062,-1821691.5727623943,5454458.733333333,12204129.101100722,-1295211.6344340555,4917150.966666667,11656432.13896852,-1822130.2056351854
70,5938295.066666666,12776858.252262646,-900268.1189293135,5538006.266666667,12306557.759149535,-1230545.2258162014,5895452.9,12696681.038679011,-905775.2386790095,5021355.1,11786906.980896257,-1744196.7808962585,5938295.066666666,12776858.252262646,-900268.1189293135,5020947.35,11786493.378707392,-1744598.678707393
71,5552761.866666666,12129751.007024545,-1024227.2736912128,5281982.966666667,11832405.787316494,-1268439.853983161,5459113.233333333,12007522.15791491,-1089295.6912482437,4921294.333333333,11488561.306423241,-1645972.6397565752,5552761.866666666,12129751.007024545,-1024227.2736912128,4920748.933333334,11487987.591403475,-1646489.7247368079
72,6050779.2,12867863.400639229,-766305.0006392272,5753377.016666667,12543377.720885884,-1036623.6875525499,5889245.7,12676998.98498756,-898507.5849875594,5271679.166666667,12082321.63189651,-1538963.2985631768,6050779.2,12867863.400639229,-766305.0006392272,5271053.633333334,12081658.73284724,-1539551.4661805714
73,4875534.166666667,11450808.461397128,-1699740.1280637942,4764730.75,11334974.539615428,-1805513.039615428,4699577.583333333,11279664.470589317,-1880509.3039226513,4419103.666666667,11012336.767712716,-2174129.434379382,4875534.166666667,11450808.461397128,-1699740.1280637942,4418618.483333333,11011824.28637721,-2174587.3197105443
74,5259823.566666666,11760306.289554123,-1240659.156220791,5206662.866666666,11709064.89448808,-1295739.161154747,5095441.933333334,11602574.927193144,-1411691.0605264772,4957629.333333333,11486272.178641748,-1571013.5119750826,5259823.566666666,11760306.289554123,-1240659.156220791,4957044.85,11485659.99652363,-1571570.2965236316
75,4673501.033333333,11263593.34911348,-1916591.2824468138,4629581.716666667,11220347.558922587,-1961184.1255892534,4528607.533333333,11125581.51804267,-2068366.4513760041,4343998.566666666,10956164.265127681,-2268167.1317943493,4673501.033333333,11263593.34911348,-1916591.2824468138,4343569.833333333,10955717.326027486,-2268577.6593608214
76,5288443.333333333,11998248.477507573,-1421361.8108409066,5233449.416666667,11945278.558105946,-1478379.7247726107,5202019.516666667,11920292.659000635,-1516253.625667301,5030187.8,11773295.493444517,-1712919.8934445186,5288443.333333333,11998248.477507573,-1421361.8108409066,5029502.633333334,11772562.180849448,-1713556.9141827803
77,5550845.0,12303511.838665228,-1201821.8386652283,5502168.166666667,12255730.825694315,-1251394.492360982,5371320.9,12130507.262838542,-1387865.4628385417,5244629.766666667,12035677.978603553,-1546418.4452702207,5550845.0,12303511.838665228,-1201821.8386652283,5243420.833333333,12034325.830827404,-1547484.1641607378
78,4824248.233333333,11451927.659097524,-1803431.1924308576,4770292.166666667,11399118.210615855,-1858533.8772825217,4779852.45,11397485.777024306,-1837780.877024307,4702265.433333334,11382083.152856227,-1977552.2861895598,4824248.233333333,11451927.659097524,-1803431.1924308576,4702896.066666666,11382845.479745237,-1977053.3464119043
79,5178732.0,12123658.962951725,-1766194.9629517253,5120283.716666667,12066879.36417496,-1826311.9308416266,5000620.2,11945923.438240813,-1944683.0382408127,4769247.766666667,11421970.245310651,-1883474.711977318,5178732.0,12123658.962951725,-1766194.9629517253,4769868.45,11422699.04021488,-1882962.140214879
80,5687074.233333333,13571310.87973743,-2197162.4130707635,5618448.516666667,13504818.879213477,-2267921.8458801433,5502810.816666666,13391097.33282997,-2385475.699496638,5425577.0,13361389.335943181,-2510235.33594318,5687074.233333333,13571310.87973743,-2197162.4130707635,5426164.783333333,13362065.630141508,-2509736.0634748414
81,5614483.066666666,12597427.64766943,-1368461.514336099,5495182.466666667,12471260.655044455,-1480895.7217111215,5598954.033333333,12589254.969329573,-1391346.9026629059,5163975.233333333,11851365.059664255,-1523414.5929975882,5614483.066666666,12597427.64766943,-1368461.514336099,5164494.4,11851987.99837225,-1522999.1983722476
82,6034954.3,13668260.731946992,-1598352.1319469921,5905183.4,13531454.89994577,-1721088.0999457696,5990645.75,13634105.390902918,-1652813.8909029188,5496245.733333333,13138804.235689878,-2146312.7690232126,6034954.3,13668260.731946992,-1598352.1319469921,5496522.433333334,13139110.341506995,-2146065.474840329
83,4583066.433333334,11009510.720655616,-1843377.8539889501,4466486.7,10881842.497742517,-1948869.0977425165,4789015.7,11221410.800906848,-1643379.4009068478,4164342.2333333334,10261623.925346319,-1932939.4586796518,4583066.433333334,11009510.720655616,-1843377.8539889501,4164568.4,10261883.333753029,-1932746.5337530286
84,5462193.533333333,12909651.971833881,-1985264.9051672136,5343325.633333334,12782222.204992946,-2095570.9383262778,5361203.566666666,12814140.647372482,-2091733.5140391495,4901612.1,12347321.47677692,-2544097.276776921,5462193.533333333,12909651.971833881,-1985264.9051672136,4901883.066666666,12347623.826745257,-2543857.693411924
85,6221708.833333333,15287642.342870437,-2844224.6762037715,6116458.166666667,15176338.490934037,-2943422.157600702,6384134.916666667,15452551.862900734,-2684282.029567401,5822600.666666667,14881351.870634798,-3236150.537301463,6221708.833333333,15287642.342870437,-2844224.6762037715,5822762.016666667,14881520.919510331,-3235996.886176997
86,6960348.166666667,16377514.90070187,-2456818.5673685344,6844394.7,16253968.953829337,-2565179.5538293356,7075193.75,16495329.422059003,-2344941.9220590033,6769493.866666666,16199826.981620327,-2660839.248286995,6960348.166666667,16377514.90070187,-2456818.5673685344,6769210.583333333,16199503.772796031,-2661082.606129364
87,7022631.533333333,16389298.600081941,-2344035.5334152747,6903441.516666667,16261502.027068522,-2454618.9937351895,7095808.5,16462768.779863534,-2271151.7798635345,6782221.3,16160623.950070146,-2596181.350070148,7022631.533333333,16389298.600081941,-2344035.5334152747,6782009.3,16160380.481434993,-2596361.8814349947
88,5958465.966666667,14215794.703626867,-2298862.7702935347,5829085.8,14074004.592893846,-2415832.9928938476,5943193.05,14193939.030537091,-2307552.9305370916,5419250.733333333,13364658.739542298,-2526157.272875631,5958465.966666667,14215794.703626867,-2298862.7702935347,5419347.733333333,13364774.715640072,-2526079.248973404
89,6001297.3,14253136.952146746,-2250542.3521467475,5857294.9,14093319.771322591,-2378729.9713225905,6035631.416666667,14281077.714905892,-2209814.8815725576,5133491.0,13047092.516109748,-2780110.516109748,6001297.3,14253136.952146746,-2250542.3521467475,5133482.983333333,13047083.145945054,-2780117.179278386
90,7031892.266666667,16316089.04738034,-2252304.514047007,6873102.5,16142211.868837465,-2396006.8688374646,7054603.283333333,16335265.01893076,-2226058.452264093,6142143.466666667,15393571.075628275,-3109284.1422949415,7031892.266666667,16316089.04738034,-2252304.514047007,6142137.383333334,15393564.698159259,-3109289.9314925903
91,6266562.9,14663654.174955618,-2130528.374955617,6105015.116666666,14479582.527951019,-2269552.2946176864,6238277.516666667,14626516.677083,-2149961.6437496683,5235790.733333333,13216882.624502877,-2745301.15783621,6266562.9,14663654.174955618,-2130528.374955617,5235790.383333334,13216881.93896785,-2745301.1723011825
92,6410447.266666667,15669495.25457016,-2848600.721236828,6346157.266666667,15606432.618243322,-2914118.0849099895,6510600.966666667,15755912.606265796,-2734710.6729324628,6077991.8,15345093.317846395,-3189109.7178463964,6410447.266666667,15669495.25457016,-2848600.721236828,6077996.75,15345097.65036091,-3189104.15036091
93,7605932.6,17200960.227994993,-1989095.027994996,7424329.383333334,17007053.36270898,-2158394.59604231,7608669.2,17204371.814508,-1987033.4145079972,6622022.466666667,16201542.184752036,-2957497.2514187023,7605932.6,17200960.227994993,-1989095.027994996,6622070.933333334,16201585.933839768,-2957444.067173101
94,6926394.533333333,14272239.94467934,-419450.87801267393,6720364.733333333,14044948.352434076,-604218.8857674096,6788278.9,14151749.352750583,-575191.5527505819,5458279.466666667,12478692.877267951,-1562133.9439346176,6926394.533333333,14272239.94467934,-419450.87801267393,5458264.366666666,12478678.825628541,-1562150.092295208
95,7741047.233333333,15598103.192512147,-116008.7258454794,7477703.866666666,15310945.858558994,-355538.1252256604,7570152.05,15433154.976020195,-292850.8760201959,6242100.866666666,13790656.517892143,-1306454.7845588103,7741047.233333333,15598103.192512147,-116008.7258454794,6242088.433333334,13790645.040013593,-1306468.1733469255
96,7174892.266666667,15010094.526624423,-660309.9932910893,7027700.216666667,14861643.819858521,-806243.3865251876,7288027.1,15109067.895371107,-533013.6953711081,6354396.4,13909247.80375996,-1200455.0037599597,7174892.266666667,15010094.526624423,-660309.9932910893,6354377.933333334,13909230.989517376,-1200475.1228507096
97,6937582.366666666,15459268.56447069,-1584103.8311373563,6849077.916666667,15374579.102135006,-1676423.2688016733,7011823.75,15519827.869085621,-1496180.369085621,6407072.433333334,14645243.197058681,-1831098.3303920152,6937582.366666666,15459268.56447069,-1584103.8311373563,6407063.25,14645234.794423949,-1831108.294423948
98,7178400.433333334,16642038.889503485,-2285238.0228368174,7091176.9,16558661.484129066,-2376307.684129065,7230191.233333333,16685118.122432072,-2224735.655765406,6927375.9,16404220.599735694,-2549468.7997356933,7178400.433333334,16642038.889503485,-2285238.0228368174,6927373.25,16404218.00042748,-2549471.500427481
99,8198447.366666666,18076766.321933147,-1679871.588599815,8026596.9,17894623.865093153,-1841430.0650931522,8325338.183333334,18205172.940249152,-1554496.5735824835,7536426.933333334,17411295.701802693,-2338441.835136028,8198447.366666666,18076766.321933147,-1679871.588599815,7536392.333333333,17411264.380541757,-2338479.71387509
100,6860471.333333333,16331856.545717698,-2610913.8790510325,6766130.966666667,16241242.857462782,-2708980.924129449,6960948.65,16423634.365464844,-2501737.065464843,6617751.0,16102164.628538547,-2866662.628538547,6860471.333333333,16331856.545717698,-2610913.8790510325,6617745.05,16102158.8853422,-2866668.785342199
101,7676951.0,17378056.943906575,-2024154.9439065773,7575565.3,17281090.76649163,-2129960.1664916305,7619171.083333333,17320723.947858844,-2082381.7811921788,7195298.433333334,16925925.85419391,-2535328.987527244,7676951.0,17378056.943906575,-2024154.9439065773,7195292.85,16925920.586052656,-2535334.886052659
102,8044719.2,17674722.25514806,-1585283.8551480593,7950017.916666667,17585277.192446616,-1685241.3591132825,8217399.3,17839414.822212998,-1404616.2222129973,7124382.466666667,15573605.243788915,-1324840.3104555812,8044719.2,17674722.25514806,-1585283.8551480593,7124303.383333334,15573534.8668697,-1324928.1002030307
103,7936845.633333334,17512910.041266162,-1639218.7745994935,7846746.75,17428213.194104604,-1734719.6941046063,8111669.333333333,17676804.3052247,-1453465.6385580366,4894826.4,9975288.941682491,-185636.14168248978,7936845.633333334,17512910.041266162,-1639218.7745994935,4894816.833333333,9975280.872382905,-185647.20571624022
104,7458057.866666666,16966766.97384129,-2050651.2405079575,7370893.083333333,16883675.49283797,-2141889.3261713022,7593001.983333333,17095572.89147038,-1909568.9248037143,3500865.1666666665,6941056.218307776,60674.115025556646,7458057.866666666,16966766.97384129,-2050651.2405079575,3500863.9,6941056.419110822,60671.38088917779
105,8220965.6,17781635.81607207,-1339704.6160720699,7885234.983333333,17396882.204848006,-1626412.2381813386,8077953.016666667,17588056.850092374,-1432150.8167590396,3592846.6,6971564.455105683,214128.74489431735,8220965.6,17781635.81607207,-1339704.6160720699,3592846.9833333334,6971565.660071887,214128.30659477971
106,8837248.4,17718029.090607658,-43532.29060765728,8384341.85,17080833.10062451,-312149.40062450804,8443043.85,17126779.0007587,-240691.30075870082,3509685.533333333,7621631.3797721155,-602260.3131054486,8837248.4,17718029.090607658,-43532.29060765728,3509676.3,7621623.6115450505,-602271.0115450514
107,8662360.633333333,17274900.24927158,49821.01739508845,8209915.083333333,16623416.333502773,-203586.16683610808,8212503.983333333,16608663.30931082,-183655.3426441541,3052023.2333333334,6962822.329556604,-858775.8628899371,8662360.633333333,17274900.24927158,49821.01739508845,3052021.8666666667,6962821.9439577805,-858778.2106244471
108,8684670.733333332,17354856.9257488,14484.540917865932,8207214.266666667,16676355.526104871,-261926.9927715389,8193995.1,16647676.639554756,-259686.4395547565,3137867.3,7248520.961498447,-972786.3614984467,8684670.733333332,17354856.9257488,14484.540917865932,3137890.216666667,7248543.516794893,-972763.0834615594
109,8148840.6,16469659.288766038,-171978.08876603842,7676599.883333334,15781813.61705558,-428613.85038891155,7628971.533333333,15717186.48130019,-459243.41463352274,2479899.3333333335,5413062.395624818,-453263.72895815084,8148840.6,16469659.288766038,-171978.08876603842,2479906.1666666665,5413069.7693310045,-453257.4359976719
110,8894050.633333333,17058268.539506167,729832.7271604966,8454607.75,16424688.945923401,484526.55407659896,8506860.333333334,16471255.335466858,542465.3311998099,2558528.8333333335,5509378.7404274475,-392321.0737607805,8894050.633333333,17058268.539506167,729832.7271604966,2558527.566666667,5509378.409746945,-392323.27641361067
111,8459244.0,15423353.057022154,1495134.9429778457,8129634.116666666,14958750.479134414,1300517.754198919,8088817.316666666,14883251.422821265,1294383.2105120681,3510157.2666666666,7697444.195337031,-677129.6620036978,8459244.0,15423353.057022154,1495134.9429778457,3510157.7,7697445.240035366,-677129.8400353654
112,7939264.333333333,14754430.950758284,1124097.715908382,7635337.483333333,14321896.717032988,948778.2496336801,7674984.466666667,14327258.176770322,1022710.7565630106,2722453.8333333335,5485454.402929317,-40546.73626264976,7939264.333333333,14754430.950758284,1124097.715908382,2722454.2666666666,5485455.159692921,-40546.626359588
113,8617027.166666666,15938364.890457422,1295689.4428759115,8323007.316666666,15526374.813723862,1119639.8196094716,8343630.366666666,15512789.74685974,1174470.986473591,3428711.7333333334,7392252.512829879,-534829.046163212,8617027.166666666,15938364.890457422,1295689.4428759115,3428710.683333333,7392251.778617866,-534830.4119511996
114,8071165.266666667,15090855.103454407,1051475.4298789268,7768116.35,14652859.337167967,883373.3628320331,7828636.7,14693610.965419915,963662.4345800867,2735427.7333333334,5716461.713718509,-245606.24705184298,8071165.266666667,15090855.103454407,1051475.4298789268,2735427.1666666665,5716462.281950758,-245607.94861742482
115,7629380.333333333,14075280.205372322,1183480.4612943446,7306040.25,13576166.412031343,1035914.0879686568,7399210.616666666,13662318.136013962,1136103.097319371,2890370.7666666666,5743796.680456148,36944.852877185214,7629380.333333333,14075280.205372322,1183480.4612943446,2890368.9833333334,5743795.784236538,36942.18243012857
116,7476584.766666667,13884673.06980856,1068496.4635247737,7160705.016666667,13379044.283882752,942365.7494505811,7218020.033333333,13448361.140095524,987678.9265711429,2482183.8,5010826.844143596,-46459.24414359592,7476584.766666667,13884673.06980856,1068496.4635247737,2482178.3,5010822.136116797,-46465.53611679794
117,8061675.8,14901648.469129901,1221703.1308700973,7739816.35,14419082.03265569,1060550.6673443103,7640760.383333334,14288978.37297444,992542.3936922271,3327621.7666666666,6992771.22418133,-337527.6908479966,8061675.8,14901648.469129901,1221703.1308700973,3327619.7333333334,6992769.478336711,-337530.0116700446
118,6628852.9,13000854.478187066,256851.3218129361,6339019.7,12542833.573346835,135205.8266531648,6278879.85,12461816.31433257,95943.38566742837,1754628.5666666667,3459667.3357818266,49589.79755150643,6628852.9,13000854.478187066,256851.3218129361,1754611.1333333333,3459652.453864837,49569.81280182931
119,7221560.766666667,13429337.099389732,1013784.4339436004,6947781.683333334,13004204.22449525,891359.1421714155,6898876.016666667,12959249.27233418,838502.7609991524,2386726.7666666666,4675444.771608913,98008.76172441989,7221560.766666667,13429337.099389732,1013784.4339436004,2386724.1,4675442.543672918,98005.65632708184
120,9028674.733333332,16362477.515147217,1694871.9515194483,8740959.083333334,15954684.055833034,1527234.1108336346,8076052.416666667,15290997.418692825,861107.4146405086,2982942.3,6491131.1848666,-525246.5848665996,9028674.733333332,16362477.515147217,1694871.9515194483,2982940.0833333335,6491129.234800188,-525249.0681335204
121,8205844.366666666,15100081.216065746,1311607.5172675867,7927124.0,14677711.440671286,1176536.5593287144,7388591.016666667,14149361.440432701,627820.592900632,2277575.3,4654624.578440387,-99473.97844038764,8205844.366666666,15100081.216065746,1311607.5172675867,2277567.933333333,4654618.1807895135,-99482.31412284728
122,7841799.733333333,14993191.07352361,690408.3931430569,7724640.5,14823584.772476291,625696.2275237087,7233950.866666666,14354946.03752128,112955.69581205118,2246354.7666666666,4621757.733551769,-129048.20021843584,7841799.733333333,14993191.07352361,690408.3931430569,2246348.45,4621752.241123578,-129055.34112357767
123,7903510.1,15218241.280038893,588778.919961107,7785526.466666667,15044113.79705933,526939.1362740044,7158644.016666667,14446265.430653986,-128977.39732065238,2228363.6666666665,4576720.882598044,-119993.5492647118,7903510.1,15218241.280038893,588778.919961107,2228377.316666667,4576732.845775217,-119978.21244188352
124,8236774.866666666,15671683.692707628,801866.0406257045,8113892.65,15487308.364357788,740476.9356422117,7631366.75,15054287.297928046,208446.2020719545,2537345.2,5363965.413776992,-289275.0137769915,8236774.866666666,15671683.692707628,801866.0406257045,2537334.7333333334,5363956.202354176,-289286.7356875092
125,9273420.133333333,17471233.086001933,1075607.180664733,8944790.233333332,17072108.522355672,817471.944310992,8408964.3,16497938.454530433,319990.14546956867,2488645.433333333,4910918.986444405,66371.88022226095,9273420.133333333,17471233.086001933,1075607.180664733,2488647.35,4910920.677160453,66374.02283954713
126,8420447.9,14788195.800351348,2052699.999648653,8128399.916666667,14375457.953951245,1881341.8793820888,7336349.733333333,13585640.251113132,1087059.2155535342,2699569.6,5573468.621332929,-174329.42133292882,8420447.9,14788195.800351348,2052699.999648653,2699568.5166666666,5573467.713749918,-174330.68041658495
127,9024782.9,15818053.079467602,2231512.7205323996,8785528.183333334,15474844.453662802,2096211.9130038647,7867297.95,14549878.528114598,1184717.371885403,3331854.3,7331233.223656777,-667524.6236567777,9024782.9,15818053.079467602,2231512.7205323996,3331852.1666666665,7331231.338845514,-667527.0055121803
128,9154645.366666667,16664087.400379483,1645203.3329538517,8887802.766666668,16275680.504907012,1499925.0284263222,7975002.55,15393539.565991696,556465.5340083037,2855543.7333333334,6409577.465431726,-698489.9987650593,9154645.366666667,16664087.400379483,1645203.3329538517,2855544.033333333,6409577.750975692,-698489.6843090253
129,8481882.2,17028556.0310215,-64791.63102149777,8224086.783333333,16649882.519810935,-201708.95314426906,7496143.8,16022113.748599261,-1029826.1485992623,2106225.7333333334,4400531.322378909,-188079.85571224196,8481882.2,17028556.0310215,-64791.63102149777,2106220.533333333,4400526.773086679,-188085.70642001275
130,8323599.966666667,16739332.77043211,-92132.8370987773,8074146.3,16373672.887542661,-225380.28754266258,7523553.383333334,15920791.624723203,-873684.8580565369,2142401.933333333,4497310.834947614,-212506.96828094823,8323599.966666667,16739332.77043211,-92132.8370987773,2142397.7666666666,4497307.1874776725,-212511.6541443388
131,7606916.833333333,16024438.958417624,-810605.2917509591,7392108.733333333,15694187.520919483,-909970.0542528154,6922892.383333334,15340830.276441202,-1495045.509774533,1538516.3,3042939.8475367343,34092.75246326579,7606916.833333333,16024438.958417624,-810605.2917509591,1538534.5833333333,3042955.6601697765,34113.50649688975
132,8267376.866666666,16830849.315736096,-296095.58240276296,8043648.85,16472289.46674325,-384991.7667432502,7528531.85,16087081.433965713,-1030017.7339657135,2121725.6333333333,4227963.143832816,15488.122833850794,8267376.866666666,16830849.315736096,-296095.58240276296,2121731.3,4227968.06142991,15494.5385700888
133,8290350.333333333,16825425.037584636,-244724.37091797125,8049428.6,16433970.992695816,-335113.7926958157,7431367.566666666,15933530.072446788,-1070794.939113455,2125195.7333333334,4158294.0168501567,92097.44981651008,8290350.333333333,16825425.037584636,-244724.37091797125,2125212.3,4158308.2854919974,92116.31450800202
134,8533983.666666666,16146860.864962256,921106.4683710765,8294848.516666667,15769199.515098978,820497.5182343563,7596097.583333333,15202943.450327601,-10748.283660935238,2783987.1333333333,5875585.919821963,-307611.6531552961,8533983.666666666,16146860.864962256,921106.4683710765,2784100.783333333,5875686.044743754,-307484.47807708755
135,8400118.566666666,16062540.39204727,737696.7412860636,8148111.55,15647952.04767263,648271.0523273712,7405988.416666667,15085457.390662186,-273480.55732885096,2684236.4,5704285.491606664,-335812.6916066641,8400118.566666666,16062540.39204727,737696.7412860636,2683774.5833333335,5703877.154542789,-336327.9878761214
136,7580828.566666666,14960229.944414657,201427.1889186753,7321730.966666667,14527168.153211161,116293.78012217302,6692970.3,14059740.222474962,-673799.6224749638,1920244.9666666666,3885197.0919986162,-44707.15866528312,7580828.566666666,14960229.944414657,201427.1889186753,1920353.4666666666,3885291.641936678,-44584.70860334486
137,7943036.4,16047644.527614493,-161571.72761449218,7713187.15,15735742.983229425,-309368.6832294231,6959048.083333333,14877102.596660975,-959006.4299943103,1948153.9,3907051.1538223797,-10743.353822379839,7943036.4,16047644.527614493,-161571.72761449218,1948102.6166666667,3907006.565829561,-10801.33249622793
138,8661658.2,18036614.480314583,-713298.0803145841,8396140.366666667,17692262.914282527,-899982.1809491925,7587323.283333333,16799289.90585507,-1624643.3391884044,2035821.4,4082756.117747931,-11113.317747930763,8661658.2,18036614.480314583,-713298.0803145841,2035876.2833333334,4082803.7834386732,-11051.216772006126
139,9232213.4,18810632.656594798,-346205.85659479536,8734493.683333334,18096164.46395017,-627177.0972835012,7893828.7,17163419.508752573,-1375762.1087525738,2101928.433333333,4153306.564939037,50550.3017276295,9232213.4,18810632.656594798,-346205.85659479536,2101797.1333333333,4153192.946829888,50401.319836778566
140,9076524.266666668,17307074.51309571,845974.0202376256,8487507.166666666,16321526.64397686,653487.6893564723,7784153.083333333,15745971.505135302,-177665.3384686364,2872160.066666667,6184679.641590254,-440359.5082569206,9076524.266666668,17307074.51309571,845974.0202376256,2872140.9,6184662.633600457,-440380.8336004573
141,9165740.733333332,17433521.778030656,897959.6886360068,8625472.516666668,16495127.071537875,755817.9617954595,7876150.95,15784425.097964313,-32123.19796431344,2820687.7,6005484.5806664955,-364109.1806664951,9165740.733333332,17433521.778030656,897959.6886360068,2820666.9166666665,6005466.217268741,-364132.3839354082
142,8957760.066666666,17119986.946299672,795533.1870336616,8436653.9,16185877.77819639,687430.02180361,7685310.366666666,15522982.65010744,-152361.9167741062,2506684.8666666667,5580238.469941431,-566868.7366080973,8957760.066666666,17119986.946299672,795533.1870336616,2506726.8833333333,5580275.942447476,-566822.1757808095
143,8942985.5,17115990.4963621,769980.5036378978,8408907.9,16132828.080770368,684987.719229633,7637156.683333334,15432098.152383894,-157784.7857172275,2526849.6333333333,5605003.702035671,-551304.435369005,8942985.5,17115990.4963621,769980.5036378978,2526860.4833333334,5605013.368097842,-551292.4014311754
144,8268272.533333333,16267374.206194088,269170.8604725795,7727888.383333334,15208719.1320967,247057.63456996623,6987642.533333333,14464591.379010221,-489306.3123435546,1833316.9666666666,3775685.129743812,-109051.19641047902,8268272.533333333,16267374.206194088,269170.8604725795,1833072.4666666666,3775470.8417988867,-109325.90846555377
145,8712327.2,16867030.984466385,557623.4155336143,8151284.766666667,15748694.040702336,553875.4926309977,7532125.083333333,15177889.480901137,-113639.31423447095,2436128.9,5333666.448088089,-461408.64808808966,8712327.2,16867030.984466385,557623.4155336143,2435902.6,5333465.227883084,-461660.02788308356
146,9119462.5,17725106.528806232,513818.47119376995,8582852.266666668,16687636.345265951,478068.188067385,7886551.233333333,16110912.897506904,-337810.430840238,3142446.2,7339094.5868086,-1054202.1868086,9119462.5,17725106.528806232,513818.47119376995,3142452.7333333334,7339100.478245278,-1054195.011578611
147,9113775.4,17734465.445687156,493085.3543128446,8494386.716666667,16542956.873126287,445816.5602070475,7767716.683333334,15924077.94406229,-388644.57739562355,3145648.6666666665,7326632.752663858,-1035335.4193305257,9113775.4,17734465.445687156,493085.3543128446,3145820.183333333,7326787.23782439,-1035146.871157724
148,8353567.766666667,16482778.692716978,224356.84061635565,7728402.2,15230887.140637856,225917.2593621444,6872488.416666667,14428514.097835548,-683537.2645022152,2248622.3,4837530.504492584,-340285.90449258406,8353567.766666667,16482778.692716978,224356.84061635565,2248551.3833333333,4837467.713231824,-340364.94656515727
149,8392427.466666667,16473057.006384246,311797.9269490866,7639147.016666667,14937063.058094792,341230.9752385421,6917220.316666666,14238910.613552336,-404469.9802190019,2103682.1333333333,4540250.361411213,-332886.09474454634,8392427.466666667,16473057.006384246,311797.9269490866,2103660.6166666667,4540231.296599627,-332910.06326629315
150,9049424.1,17348906.975037683,749941.2249623155,8315248.316666666,15902774.385466207,727722.247867127,7563678.416666667,15334836.659715861,-207479.82638252713,2784521.6,6429404.00466941,-860360.80466941,9049424.1,17348906.975037683,749941.2249623155,2784772.683333333,6429629.765380992,-860084.3987143259
151,8670713.666666666,16404336.697095,937090.6362383328,7774122.35,14487914.701667544,1060329.9983324558,7034781.55,14164191.835086718,-94628.73508671857,2784824.0,6394625.829307536,-824977.8293075357,8670713.666666666,16404336.697095,937090.6362383328,2784824.1333333333,6394625.956685897,-824977.6900192308
152,8202363.133333334,15620243.3676664,784482.8990002684,7258782.066666666,13559764.213374943,957799.9199583912,6458597.8,13088769.43524779,-171573.83524779137,2130835.533333333,4555070.573986843,-293399.5073201773,8202363.133333334,15620243.3676664,784482.8990002684,2130855.7666666666,4555088.438443193,-293376.90510986
153,9604028.133333333,18649905.539792255,558150.7268744092,8694805.25,16711136.506154053,678473.9938459471,7686510.1,15975500.989867037,-602480.7898670379,2739149.2333333334,6447743.348529493,-969444.8818628271,9604028.133333333,18649905.539792255,558150.7268744092,2739131.4,6447727.258961644,-969464.4589616442
154,8641396.0,16378274.213872563,904517.7861274369,7717502.25,14428324.151622638,1006680.3483773619,6806056.016666667,13841237.885178402,-229125.85184506886,2645382.1333333333,6185142.004024763,-894377.7373580965,8641396.0,16378274.213872563,904517.7861274369,2645373.2666666666,6185134.014862871,-894387.4815295371
155,9389403.0,18538446.18241176,240359.81758823805,8434673.75,16461903.271876175,407444.228123826,7395326.05,15436144.470134297,-645492.3701342978,2652113.566666667,6168685.46168442,-864458.328351086,9389403.0,18538446.18241176,240359.81758823805,2652110.8666666667,6168683.031413723,-864461.2980803889
156,9267212.2,18296144.77559012,238279.6244098749,8238918.45,16057255.88086805,420581.01913195103,7133605.6,15000985.511700181,-733774.311700182,2680582.8666666667,6221116.976110902,-859951.2427775688,9267212.2,18296144.77559012,238279.6244098749,2680572.75,6221107.8746469505,-859962.374646951
157,9781365.0,19235949.368598096,326780.6314019039,8775974.716666667,17044479.630139574,507469.80319376104,8109830.65,16681763.41508913,-462102.11508912966,2942977.9,6965346.05630421,-1079390.25630421,9781365.0,19235949.368598096,326780.6314019039,2942947.0166666666,6965318.177361026,-1079424.1440276932
158,10084388.3,19795456.04284633,373320.5571536701,9025664.85,17553932.493061855,497397.20693814196,8116728.416666667,16564974.408254307,-331517.57492097374,3208235.433333333,7577403.36710559,-1160932.5004389235,10084388.3,19795456.04284633,373320.5571536701,3208224.966666667,7577393.981540034,-1160944.0482067
159,9134235.5,18177966.745637946,90504.2543620523,8181307.683333334,16082315.399812918,280299.966853749,7404646.016666667,15287365.344142642,-478073.31080930773,2506250.966666667,5603139.870766763,-590637.9374334286,9134235.5,18177966.745637946,90504.2543620523,2506249.8,5603138.90651948,-590639.3065194804
160,9800630.766666668,19062372.13623608,538889.3970972579,8775590.5,16884965.464455258,666215.5355447428,8192933.0,16737269.346658295,-351403.346658295,3131943.966666667,7396310.599231912,-1132422.6658985782,9800630.766666668,19062372.13623608,538889.3970972579,3131986.0,7396348.591614275,-1132376.5916142752
161,10210185.9,20456012.179504074,-35640.379504075274,9224519.516666668,18277442.64091168,171596.39242165536,8665746.233333332,18042110.04022423,-710617.5735575687,3050885.033333333,7119592.484164393,-1017822.4174977262,10210185.9,20456012.179504074,-35640.379504075274,3050903.4833333334,7119609.116174847,-1017802.1495081801
162,10187565.6,21391246.856220204,-1016115.6562202051,9316400.083333334,19440091.42794568,-807291.261279013,8716892.65,19214829.05873981,-1781043.7587398104,2964262.8,6865500.610029128,-936975.0100291288,10187565.6,21391246.856220204,-1016115.6562202051,2964274.683333333,6865511.306922057,-936961.9402553905
163,9916201.666666666,20783390.94188425,-950987.6085509192,8956194.65,18630305.22953935,-717915.9295393508,8339559.366666666,18552745.082928676,-1873626.3495953428,2841150.3,6575332.53753824,-893031.9375382401,9916201.666666666,20783390.94188425,-950987.6085509192,2841145.716666667,6575328.416095801,-893036.9827624671
164,9844381.266666668,20749877.626517948,-1061115.0931846127,8906737.0,18660868.22317541,-847394.2231754102,8212462.016666667,18163039.064500123,-1738115.0311667891,2724971.3333333335,6212448.024121964,-762505.3574552974,9844381.266666668,20749877.626517948,-1061115.0931846127,2724946.6666666665,6212425.911507793,-762532.5781744593
165,9076753.0,19681515.98598919,-1528009.9859891925,8148366.25,17560647.581439294,-1263915.0814392958,7459472.016666667,17038342.83339081,-2119398.8000574773,2005102.7666666666,4233403.710282227,-223198.17694889382,9076753.0,19681515.98598919,-1528009.9859891925,2005099.4833333334,4233400.818120798,-223201.85145413084
166,9914458.5,20854168.4861541,-1025251.4861541037,8970076.9,18776166.63697294,-836012.8369729389,8339511.416666667,18392559.523524947,-1713536.6901916144,2733283.1,6016544.982557418,-549978.7825574176,9914458.5,20854168.4861541,-1025251.4861541037,2733387.55,6016637.95231767,-549862.8523176699
167,8908597.233333332,18443350.154706657,-626155.6880399939,7848205.283333333,16032167.270775381,-335756.70410871506,7339660.133333334,15875232.8110395,-1195912.5443728315,2061562.8666666667,4236954.333197413,-113828.59986407915,8908597.233333332,18443350.154706657,-626155.6880399939,2061779.1833333333,4237143.746405054,-113585.37973838742
168,9197946.6,17928918.739323758,466974.46067624167,8299019.333333333,16126663.607107246,471375.05955941975,7863269.0,15942517.03664601,-215979.03664601035,2849746.066666667,6287226.2452633735,-587734.1119300392,9197946.6,17928918.739323758,466974.46067624167,2851457.0,6288762.771621818,-585848.7716218177
169,9137142.0,17896697.871439867,377586.12856013514,8216340.7,16014274.04693646,418407.3530635396,7793937.383333334,15877290.493242087,-289415.7265754193,3018399.3666666667,6702326.269780024,-665527.5364466906,9137142.0,17896697.871439867,377586.12856013514,3018460.55,6702380.8248301195,-665459.7248301199
170,9339729.866666667,18228457.315937262,451002.4173960723,8300143.383333334,16071248.224427179,529038.5422394881,7723495.633333334,15470679.645728707,-23688.379062039778,2634116.7,5658521.111693142,-390287.7116931416,9339729.866666667,18228457.315937262,451002.4173960723,2634119.05,5658523.193451617,-390285.0934516168
171,9914944.6,19369224.719702296,460664.48029770143,8949801.716666667,17422755.965653747,476847.4676795881,8349772.3,16778982.42854406,-79437.82854405884,3395977.8666666667,7795292.070637912,-1003336.3373045777,9914944.6,19369224.719702296,460664.48029770143,3395978.2666666666,7795292.434356023,-1003335.9010226894
172,9290513.066666666,18406697.797815617,174328.33551771566,8285808.95,16340404.315954622,231213.58404537942,7624403.0,15644619.03924864,-395813.0392486397,3176191.3333333335,7243386.666521002,-891003.9998543342,9290513.066666666,18406697.797815617,174328.33551771566,3176198.45,7243393.062077567,-890996.1620775666
173,9478123.166666666,18761135.781062685,195110.552270649,8414341.966666667,16610139.253589693,218544.6797436392,7823267.983333333,16077505.154807288,-430969.1881406205,3241170.5,7373802.4154697675,-891461.415469768,9478123.166666666,18761135.781062685,195110.552270649,3241311.6333333333,7373928.932950772,-891305.6662841053
174,8776902.866666667,17647558.54438309,-93752.81104975566,7846671.883333334,15767890.14517422,-74546.37850755174,7327173.033333333,15295214.049067002,-640867.9824003344,2553041.2666666666,5497181.377608273,-391098.84427493997,8776902.866666667,17647558.54438309,-93752.81104975566,2553070.85,5497207.569937944,-391065.86993794376
175,9656913.733333332,19072211.053894863,241616.41277180053,8807594.316666666,17403877.84177316,211310.7915601749,8171541.95,16760641.45291831,-417557.5529183103,3578740.3333333335,8306026.287811838,-1148545.6211451716,9656913.733333332,19072211.053894863,241616.41277180053,3579099.433333333,8306349.530541882,-1148150.6638752152
176,9804067.533333333,19365193.014584877,242942.05208179168,8925184.8,17630460.02756887,219909.5724311322,8196505.216666667,16758767.40872158,-365756.97538824566,3629007.7,8535812.408773895,-1277797.008773895,9804067.533333333,19365193.014584877,242942.05208179168,3629053.1666666665,8535853.426851932,-1277747.0935185985
177,8658362.533333333,16794208.46798148,522516.5986851882,7833900.683333334,15203367.387043484,464433.9796231827,7254342.833333333,14688567.6184473,-179881.95178063493,3317595.8333333335,7552680.4817093,-917488.8150426322,8658362.533333333,16794208.46798148,522516.5986851882,3317733.25,7552803.7117574625,-917337.2117574625
178,8651709.966666667,16504062.645961743,799357.2873715898,7806521.883333334,14895486.43080945,717557.3358572191,7524298.15,14763550.647831727,285045.652168273,3134582.1,7109936.424274619,-840772.2242746186,8651709.966666667,16504062.645961743,799357.2873715898,3134661.783333333,7110007.7987946775,-840684.2321280111
179,6882405.066666666,13210651.980953574,554158.1523797596,6236280.533333333,11949047.086777154,523513.97988951113,5894801.666666667,11874405.961505398,-84802.6281720642,2488712.2333333334,5312842.637703052,-335418.17103638453,6882405.066666666,13210651.980953574,554158.1523797596,2488153.716666667,5312348.469543944,-336041.03621061053
180,6125735.3,12006093.874462292,245376.72553770803,5653659.3,11053617.475416526,253701.1245834725,5353768.283333333,11088417.124361191,-380880.5576945245,2311840.533333333,4848544.060864717,-224862.99419804988,6125735.3,12006093.874462292,245376.72553770803,2312536.9,4849158.27423716,-224084.47423715983
181,6185082.966666667,12105313.386136485,264852.5471968483,5672899.366666666,11063052.944716452,282745.7886168808,5458969.916666667,11209220.476034947,-291280.6427016137,2259825.4,4728426.180362692,-208775.3803626923,6185082.966666667,12105313.386136485,264852.5471968483,2260091.716666667,4728660.004870015,-208476.57153668161
182,7163070.833333333,13594137.688606417,732003.9780602492,6612239.183333334,12563717.344982093,660761.021684574,6485886.466666667,12750536.258825887,221236.67450744752,3026055.6333333333,6604226.711579169,-552115.4449125025,7163070.833333333,13594137.688606417,732003.9780602492,3032510.55,6610072.804949388,-545051.7049493887
183,6385155.233333333,12333942.700145612,436367.76652105525,5864964.883333334,11294845.5392267,435084.22743996885,5348220.283333333,10912337.707375854,-215897.1407091869,2340993.5,4840651.718655492,-158664.71865549218,6385155.233333333,12333942.700145612,436367.76652105525,2341015.75,4840670.035103455,-158638.5351034552
184,6747096.033333333,12812297.248628054,681894.8180386117,6201861.816666666,11724149.83862128,679573.7947120536,5681375.3,11217329.515895244,145421.08410475496,2404779.1666666665,4938264.791446533,-128706.4581132005,6747096.033333333,12812297.248628054,681894.8180386117,2404796.05,4938278.953697946,-128686.85369794676
185,7508821.833333333,14340409.738990037,677233.9276766293,6959887.616666666,13293120.44006135,626654.793271983,6367220.283333333,12674714.44404725,59726.12261941563,3156005.8666666667,6990447.348406283,-678435.6150729493,7508821.833333333,14340409.738990037,677233.9276766293,3156035.0,6990473.108496608,-678403.1084966087
186,6834149.2,13566910.854655623,101387.545344376,6319630.183333334,12611560.953360403,27699.413306264207,6126957.466666667,12394337.706148714,-140422.77281538118,2320262.4,5926407.845449133,-1285883.045449133,6834149.2,13566910.854655623,101387.545344376,2320263.816666667,5926408.784500349,-1285881.151167015
187,6570504.6,13071575.417149749,69433.7828502506,6087867.883333334,12179126.58905922,-3390.822392553091,5902031.3,11957684.906364573,-153622.30636457354,2128842.2666666666,5489057.263092246,-1231372.7297589132,6570504.6,13071575.417149749,69433.7828502506,2128847.8333333335,5489062.19245843,-1231366.5257917633
188,6537327.866666666,12924911.039620578,149744.69371275418,6073003.133333334,12078935.954197198,67070.31246946938,5971308.55,11979402.731498223,-36785.6314982241,2153305.433333333,5553232.278113399,-1246621.411446733,6537327.866666666,12924911.039620578,149744.69371275418,2153309.25,5553235.708259403,-1246617.2082594028
189,5705378.866666666,11592245.28660408,-181487.55327074695,5266586.666666667,10735470.163549561,-202296.8302162271,4986385.016666667,10410669.164712794,-437899.13137946,1564264.2333333334,3806800.2892465284,-678271.8225798616,5705378.866666666,11592245.28660408,-181487.55327074695,1564279.3166666667,3806813.838812439,-678255.2054791057
190,6462366.733333333,12980371.028692158,-55637.56202549115,5979855.866666666,12052193.485230893,-92481.75189756043,5795431.433333334,11934642.166428113,-343779.2997614462,2313957.1333333333,5950341.172847954,-1322426.906181287,6462366.733333333,12980371.028692158,-55637.56202549115,2313736.85,5950108.423171317,-1322634.7231713166
191,6709862.8,13348732.098754855,70993.50124514475,6208748.133333334,12399817.595817044,17678.67084962409,5920673.433333334,12157742.613910945,-316395.74724427797,2397282.7666666666,6113913.735239737,-1319348.201906403,6709862.8,13348732.098754855,70993.50124514475,2397237.65,6113866.392675046,-1319391.092675046
192,6376420.5,12573909.522907749,178931.47709225118,5835836.566666666,11524845.876762055,146827.25657127798,5746746.7,11656530.620567214,-163037.22056721337,1827677.3666666667,4693317.363660609,-1037962.6303272764,6376420.5,12573909.522907749,178931.47709225118,1831733.0333333334,4697082.406642694,-1033616.3399760274
193,6517564.666666667,12828697.034694474,206432.29863885976,6064125.25,11996383.825503897,131866.67449610308,5918689.183333334,11995393.305377495,-158014.93871082645,1899844.8333333333,4964572.70327731,-1164883.036610644,6517564.666666667,12828697.034694474,206432.29863885976,1899863.15,4964586.891097626,-1164860.591097626
194,7855425.366666666,15731670.488350272,-20819.755016939715,7334260.9,14781332.724601101,-112810.92460110039,6988558.383333334,14345452.78637135,-368336.0197046818,2527847.2,6861932.94735594,-1806238.5473559396,7855425.366666666,15731670.488350272,-20819.755016939715,2527955.0166666666,6862032.20405953,-1806122.1707261968
195,6800734.966666667,14018717.252493773,-417247.3191604391,6180114.516666667,12722067.911650605,-361838.8783172732,5810406.033333333,12438738.318646133,-817926.2519794656,1479359.4,4011936.4169036495,-1053217.6169036496,6800734.966666667,14018717.252493773,-417247.3191604391,1479398.7333333334,4011972.709985267,-1053175.2433186
196,7608073.2,15488778.656983942,-272632.2569839414,7048189.6,14409303.18622527,-312923.9862252716,6631907.566666666,13963152.510953363,-699337.3776200293,2412138.966666667,6799384.575678171,-1975106.642344837,7608073.2,15488778.656983942,-272632.2569839414,2412504.216666667,6799723.519539018,-1974715.0862056846
197,7584756.7,15382912.652857734,-213399.25285773352,6982758.366666666,14202750.921881037,-237234.18854770437,6687826.466666667,13984723.964595377,-609071.0312620429,2374553.2333333334,6670044.998745519,-1920938.532078852,7584756.7,15382912.652857734,-213399.25285773352,2375265.5166666666,6670706.176862255,-1920175.1435289215
198,7323893.766666667,14796852.826425472,-149065.29309213907,6713724.1,13584220.43584479,-156772.23584479187,6471604.683333334,13418179.69230771,-474970.3256410435,2066191.8,5788874.591859294,-1656490.9918592942,7323893.766666667,14796852.826425472,-149065.29309213907,2066220.8333333333,5788901.49222354,-1656459.8255568736
199,6840852.866666666,13950726.803774137,-269021.0704408046,6241813.183333334,12719342.40309979,-235716.03643312398,6026246.816666666,12550780.845025584,-498287.2116922522,1745554.4,4808939.714169118,-1317830.9141691178,6840852.866666666,13950726.803774137,-269021.0704408046,1745306.65,4808710.301810276,-1318097.001810276
200,3569378.033333333,6523357.073934574,615398.9927320927,3182266.816666667,5798747.28889331,565786.3444400239,3346735.183333333,6409687.420322493,283782.94634417305,1056877.1,2774130.8761638803,-660376.6761638799,3569378.033333333,6523357.073934574,615398.9927320927,1056909.2833333334,2774160.9487894895,-660342.3821228228
201,3682746.3333333335,6713381.283161873,652111.3835047935,3335909.1166666667,6077776.046711111,594042.1866222224,3132125.95,5981037.291111426,283214.6088885735,1102187.2666666666,2981184.4791001673,-776809.9457668341,3682746.3333333335,6713381.283161873,652111.3835047935,1102211.95,2981207.246306933,-776783.3463069331
202,4671345.033333333,8788585.687310413,554104.3793562544,4340278.083333333,8276698.793203294,403857.37346337177,4231847.9,8198745.134550292,264950.66544970823,1821714.5333333334,5110430.161216719,-1467001.0945500524,4671345.033333333,8788585.687310413,554104.3793562544,1821735.65,5110449.729470791,-1466978.429470791
203,3336288.566666667,6167618.389953416,504958.7433799179,3011258.6,5617409.836964065,405107.363035935,2863930.4,5522018.200464126,205842.59953587363,1203005.8333333333,3297707.774824919,-891696.1081582529,3336288.566666667,6167618.389953416,504958.7433799179,1202984.8,3297688.339618583,-891718.7396185833
204,2917468.966666667,5379845.444634637,455092.48869869625,2684494.933333333,5023421.20244124,345568.66422542697,2770797.066666667,5225863.727145573,315730.4061877611,1142611.2,3119095.8895779904,-833873.4895779907,2917468.966666667,5379845.444634637,455092.48869869625,1142613.05,3119097.5983670317,-833871.4983670316
205,2745620.9,5173099.73441797,318142.0655820295,2561383.466666667,4883303.459512796,239463.4738205378,2591909.933333333,4989030.177830925,194789.68883574056,1187844.2,3198095.512880016,-822407.112880016,2745620.9,5173099.73441797,318142.0655820295,1187848.0166666666,3198099.0309461225,-822402.9976127893
206,2503121.033333333,4791742.366388595,214499.70027807215,2342904.0,4539646.696977901,146161.30302209873,2224448.2666666666,4408375.993577102,40520.539756231476,1142005.9,3036888.317188908,-752876.5171889081,2503121.033333333,4791742.366388595,214499.70027807215,1145485.8666666667,3040154.1483669668,-749182.4150336334
207,2674614.0,4984431.570933442,364796.42906655837,2492899.3333333335,4702777.878528267,283020.7881384003,2703593.683333333,5062986.592077782,344200.77458888385,1169850.3666666667,3087763.641380555,-748062.9080472216,2674614.0,4984431.570933442,364796.42906655837,1169931.9333333333,3087838.6518340935,-747974.7851674268
208,3315698.433333333,6577409.130541234,53987.736125431955,3112357.6166666667,6298083.582092157,-73368.34875882324,3188940.2333333334,6445246.0838608015,-67365.61719413474,1690766.1,4688762.061918482,-1307229.8619184815,3315698.433333333,6577409.130541234,53987.736125431955,1690829.6,4688820.837137805,-1307161.6371378046
209,2775023.4,5569959.239194514,-19912.43919451395,2566730.6,5160039.779386319,-26578.5793863195,2407476.783333333,4919932.483842438,-104978.9171757712,1135490.2333333334,3080568.0082271006,-809587.541560434,2775023.4,5569959.239194514,-19912.43919451395,1135472.3833333333,3080551.537677575,-809606.7710109081
210,2891092.5,6037284.517373605,-255099.51737360423,2749815.0,5839196.7589917965,-339566.758991797,2977269.6333333333,6227493.172972394,-272953.9063057271,1575103.3,4516288.456008327,-1366081.8560083273,2891092.5,6037284.517373605,-255099.51737360423,1575075.55,4516261.830323334,-1366110.730323334
211,3689122.566666667,7605658.639618777,-227413.50628544297,3452596.466666667,7148971.878388008,-243778.945054675,3429867.966666667,7029013.000395803,-169277.06706246873,1495344.7,4354842.6004607305,-1364153.2004607304,3689122.566666667,7605658.639618777,-227413.50628544297,1495200.7166666666,4354707.9558932725,-1364306.5225599397
212,2607410.5,5113109.515996357,101711.48400364211,2299405.4,4450655.142642451,148155.65735754836,2504457.35,4900991.059097942,107923.64090205869,856241.9666666667,2414618.0799996066,-702134.1466662734,2607410.5,5113109.515996357,101711.48400364211,856174.15,2414548.8190295594,-702200.5190295595
213,2803435.6,5779719.1393566765,-172847.93935667677,2677199.683333333,5606587.39280159,-252188.02613492357,2777568.2,5824069.569914447,-268933.1699144468,1466518.8333333333,4206196.368848597,-1273158.7021819304,2803435.6,5779719.1393566765,-172847.93935667677,1466469.1,4206147.791707105,-1273209.5917071048
214,2753291.1,5569089.839942727,-62507.639942726586,2553167.35,5159219.143810735,-52884.4438107349,2474455.216666667,5020602.648824023,-71692.21549068904,817550.8666666667,2240033.0506889233,-604931.3173555899,2753291.1,5569089.839942727,-62507.639942726586,817469.8833333333,2239952.305599991,-605012.5389333249
215,3123383.466666667,6374223.378997166,-127456.44566383213,2922512.966666667,6035251.560301009,-190225.62696767505,2779218.216666667,5800968.350395025,-242531.91706169117,1557513.5333333334,4267006.879270381,-1151979.8126037146,3123383.466666667,6374223.378997166,-127456.44566383213,1557496.6333333333,4266988.649894744,-1151995.383228078
216,2679196.933333333,5024082.474792212,334311.391874454,2455838.1166666667,4603969.620633191,307706.61270014197,2650585.6666666665,5047196.638170193,253974.69516314007,922499.3,2375071.316071193,-530072.7160711931,2679196.933333333,5024082.474792212,334311.391874454,922493.2666666667,2375066.042217256,-530079.5088839227
217,3135457.033333333,6114162.670583598,156751.3960830681,2928984.3,5794389.157059206,63579.4429407944,3088601.8833333333,6068819.187128112,108384.57953855488,1523134.3333333333,4085152.5851035714,-1038883.9184369047,3135457.033333333,6114162.670583598,156751.3960830681,1523129.1666666667,4085148.3111171126,-1038889.9777837794
218,2113665.566666667,3832764.93027214,394566.2030611937,1987646.35,3611603.076115914,363689.62388408603,2020359.0,3755994.843157058,284723.1568429419,1352393.8333333333,3145461.9632504955,-440674.296583829,2113665.566666667,3832764.93027214,394566.2030611937,1352390.7166666666,3145459.25718978,-440677.8238564469
219,3087295.066666667,5808872.314484818,365717.81884851586,2904599.55,5528302.525420251,280896.5745797483,3015602.9,5781166.947508088,250038.8524919115,1386771.2666666666,3725549.3381796246,-952006.8048462914,3087295.066666667,5808872.314484818,365717.81884851586,1386755.2166666666,3725541.210899637,-952030.7775663037
220,2505042.933333333,4463625.952859829,546459.9138068373,2407515.316666667,4328932.079412761,486098.5539205724,2215665.7333333334,4209578.429027666,221753.03763900045,1409621.7333333334,3272156.194833629,-452912.72816696204,2505042.933333333,4463625.952859829,546459.9138068373,1409610.9166666667,3272149.7945106244,-452927.9611772909
221,3500623.0,6292321.462416838,708924.5375831621,3274167.2,5927729.247382866,620605.1526171337,3109159.2,5773918.04052506,444400.3594749402,1768624.2,4156636.262460241,-619387.862460241,3500623.0,6292321.462416838,708924.5375831621,1768583.4333333333,4156608.3672077274,-619441.5005410605
222,2851808.566666667,5063246.767903594,640370.365429739,2708297.066666667,4820926.2031729445,595667.9301603888,2486429.6333333333,4623432.916224867,349426.3504417995,1439880.7,3294946.343575144,-415184.9435751443,2851808.566666667,5063246.767903594,640370.365429739,1439870.0666666667,3294942.4834164986,-415202.35008316534
223,3460376.433333333,6487987.943260448,432764.9234062182,3313912.1,6264134.536188068,363689.6638119328,2661266.6333333333,5366840.956008196,-44307.68934152881,2060658.4,4850178.120712696,-728861.3207126954,3460376.433333333,6487987.943260448,432764.9234062182,2060648.25,4850172.46909081,-728875.9690908096
224,4255245.8,8027786.042861814,482705.5571381864,4003463.1333333333,7527309.010134726,479617.2565319408,3735651.816666667,7236367.137227828,234936.49610550655,2117800.3666666667,4924113.021719132,-688512.2883857978,4255245.8,8027786.042861814,482705.5571381864,2117755.7333333334,4924076.25558087,-688564.7889142036
225,3831764.533333333,7335667.413980127,327861.6526865391,3565794.466666667,6728617.927774358,402971.005558976,3355949.0833333335,6770743.035011983,-58844.86834531557,1551145.3,3459510.904453269,-357220.3044532691,3831764.533333333,7335667.413980127,327861.6526865391,1551098.8166666667,3459474.9233936993,-357277.2900603663
226,3792067.5,7818542.761042194,-234407.7610421949,3441444.933333333,6983461.271922089,-100571.40525542293,3747276.783333333,7521077.572216857,-26524.005550190806,1206241.9,2674625.1579171624,-262141.3579171626,3792067.5,7818542.761042194,-234407.7610421949,1206235.65,2674615.8441389767,-262144.54413897684
227,4279649.166666667,8321825.197059877,237473.13627345674,3970353.3333333335,7644112.960299183,296593.7063674838,4132139.95,8129466.750560939,134813.14943906106,2132001.3666666667,4768175.3061132,-504172.5727798664,4279649.166666667,8321825.197059877,237473.13627345674,2132005.75,4768191.5480270665,-504180.048027067
228,3799452.033333333,7412770.521869017,186133.54479765007,3520646.066666667,6736986.417421721,304305.7159116133,3619302.216666667,7122138.418559272,116466.01477406174,1955138.4666666666,4446805.358849592,-536528.4255162582,3799452.033333333,7412770.521869017,186133.54479765007,1955150.9666666666,4446846.705794731,-536544.7724613978
229,4223494.733333333,7816102.626057051,630886.8406096161,4008021.6166666667,7392453.299256849,623589.9340764843,4142230.6,7715195.038659184,569266.161340816,2133348.1,4817090.330796637,-550394.130796636,4223494.733333333,7816102.626057051,630886.8406096161,2133377.533333333,4817159.853993905,-550404.7873272384
230,3377708.3,6208530.451611889,546886.148388111,3240088.8333333335,5924304.674997843,555872.9916688241,3582225.75,6662578.186308183,501873.31369181676,1601927.0666666667,3507288.0269937124,-303433.8936603789,3377708.3,6208530.451611889,546886.148388111,1601979.6333333333,3507414.6735244086,-303455.40685774176
231,3877449.7333333334,7369330.9779079985,385568.4887586683,3637839.433333333,6837104.041503367,438574.8251632992,3753078.1333333333,7184753.871837847,321402.39482881967,1810821.3666666667,3965347.310449785,-343704.5771164517,3877449.7333333334,7369330.9779079985,385568.4887586683,1810812.35,3965340.6805735067,-343715.98057350656
232,4644755.933333334,8979792.298186634,309719.5684800334,4396560.616666666,8431445.705847401,361675.5274859322,4176902.2666666666,8151029.630858947,202774.90247438708,2044987.0333333334,4571000.42106824,-481026.35440157284,4644755.933333334,8979792.298186634,309719.5684800334,2044997.45,4571028.656366863,-481033.75636686315
233,3884141.066666667,7791166.101123596,-22883.967790261842,3605378.566666667,7150338.862552514,60418.27078081947,3715817.316666667,7290244.883736113,141389.74959722022,1241109.3666666667,2803633.207884752,-321414.47455141856,3884141.066666667,7791166.101123596,-22883.967790261842,1241107.3833333333,2803632.0054062735,-321417.2387396067
234,3364827.966666667,6506356.7405883875,223299.19274494564,3107415.7333333334,5940840.957280465,273990.5093862014,3395004.066666667,6365029.533746949,424978.5995863844,1216177.9,2834476.673804039,-402120.8738040393,3364827.966666667,6506356.7405883875,223299.19274494564,1216176.6166666667,2834475.7513690954,-402122.51803576224
235,3614903.3333333335,6379469.062240275,850337.6044263919,3398738.1666666665,6014259.793145416,783216.5401879172,3009221.75,5424080.560196891,594362.939803109,1472555.0333333334,3280660.979825463,-335550.91315879603,3614903.3333333335,6379469.062240275,850337.6044263919,1472530.95,3280612.844018018,-335550.9440180182
236,2668865.3333333335,4806845.772829101,530884.8938375656,2539191.816666667,4582764.972354608,495618.66097872565,2681088.95,4812142.224798676,550035.6752013247,1624737.3333333333,3600156.5795903765,-350681.9129237102,2668865.3333333335,4806845.772829101,530884.8938375656,1624287.8833333333,3599120.5960351517,-350544.82936848537
237,3607566.2333333334,6775776.449293593,439356.0173730743,3370501.65,6273513.018064667,467490.2819353328,3708782.55,7148503.362664051,269061.7373359483,1803061.6333333333,4020368.7471062047,-414245.48043953814,3607566.2333333334,6775776.449293593,439356.0173730743,1803294.2,4020822.724643777,-414234.32464377745
238,3435679.3333333335,7220139.645895291,-348780.9792286237,3117513.0166666666,6361649.788508665,-126623.75517533161,3280114.2,6554442.964204034,5785.435795966536,1338353.2333333334,2921213.37856441,-244506.91189774335,3435679.3333333335,7220139.645895291,-348780.9792286237,1338489.8333333333,2921508.374932496,-244528.7082658296
239,3843914.066666667,7236492.762866642,451335.3704666919,3602490.533333333,6698518.357271697,506462.7093949695,3289825.4,6637975.05620377,-58324.25620377064,1737591.7333333334,3784551.467477773,-309368.00081110606,3843914.066666667,7236492.762866642,451335.3704666919,1737575.2166666666,3784575.260700534,-309424.8273672012
240,3859035.2,7720413.261004381,-2342.861004380975,3515342.466666667,6875558.586550791,155126.34678254323,3095263.5166666666,6223814.072782019,-33287.03944868641,1318639.7666666666,3002885.3235592693,-365605.79022593633,3859035.2,7720413.261004381,-2342.861004380975,1318595.2333333334,3002850.4840218714,-365660.0173552043
241,3602822.3333333335,7362526.282915235,-156881.6162485676,3258815.816666667,6494476.517027821,23155.116305512376,3138874.183333333,6332981.025829393,-55232.65916272765,1242455.9,2801068.6041894257,-316156.8041894261,3602822.3333333335,7362526.282915235,-156881.6162485676,1242399.6333333333,2801012.5908762305,-316213.3242095639
242,4133301.933333333,7687880.387644274,578723.4790223916,3862355.3833333333,7046624.886935644,678085.8797310228,3474385.3666666667,6473452.202575555,475318.53075777786,1625902.2,3224138.622576331,27665.77742366912,4133301.933333333,7687880.387644274,578723.4790223916,1625878.35,3224118.034327179,27638.66567282076
243,4698537.866666666,8600240.409608422,796835.3237249111,4309880.666666667,7696709.282755763,923052.0505775707,4100566.15,7468021.53102964,733110.7689703605,2457205.7666666666,4767675.255904674,146736.2774286596,4698537.866666666,8600240.409608422,796835.3237249111,2457127.183333333,4767537.82472811,146716.54193855636
244,3656821.966666667,6613803.559716984,699840.3736163499,3361422.25,5972215.246693309,750629.2533066911,3360716.933333333,6080986.864987336,640447.0016793301,1865355.6333333333,3808163.828769684,-77452.56210301747,3656821.966666667,6613803.559716984,699840.3736163499,1865306.0833333333,3808121.3065522676,-77509.13988560135
245,4012755.1,7752256.463954476,273253.7360455245,3538253.1166666667,6583270.318090897,493235.9152424368,3469189.1166666667,6510805.051352815,427573.1819805186,1621355.1,3472918.7594980476,-230208.5594980477,4012755.1,7752256.463954476,273253.7360455245,1621373.6833333333,3472935.4715233315,-230188.104856665
246,3664517.2666666666,7367550.048002856,-38515.51466952311,3392034.2666666666,6666705.357296973,117363.17603636067,3268334.433333333,6273470.089054327,263198.7776123388,1631343.6333333333,3539328.28232578,-276641.01565911365,3664517.2666666666,7367550.048002856,-38515.51466952311,1631255.25,3539219.7929588472,-276709.2929588475
247,3058336.2666666666,6408575.463384628,-291902.93005129555,2838088.6333333333,5819449.4478584165,-143272.18119174987,2605384.85,5422066.757073144,-211297.05707314424,874213.9,1787932.4984127104,-39504.698412710335,3058336.2666666666,6408575.463384628,-291902.93005129555,874212.05,1787918.3650698017,-39494.26506980159
248,3386393.6666666665,7166879.30868235,-394091.9753490179,3063188.1166666667,6290828.832537682,-164452.5992043484,2851712.2666666666,5828229.308682859,-124804.77534952573,990095.5333333333,2164171.515798918,-183980.4491322512,3386393.6666666665,7166879.30868235,-394091.9753490179,990127.2833333333,2164198.385179543,-183943.81851287617
249,3189652.7333333334,6871399.991434239,-492094.5247675716,2919886.316666667,6138790.664538166,-299018.0312048313,2863704.2666666666,6112821.444570164,-385412.911236831,857300.4666666667,1869845.2921108762,-155244.35877754271,3189652.7333333334,6871399.991434239,-492094.5247675716,857313.25,1869855.9365652543,-155229.43656525423
250,3516911.433333333,7382557.870964979,-348735.0042983126,3227136.6333333333,6607920.889494969,-153647.62282830197,3270250.7666666666,6846900.143219705,-306398.60988637153,1149368.1,2536418.811481297,-237682.61148129706,3516911.433333333,7382557.870964979,-348735.0042983126,1149376.6666666667,2536422.259399019,-237668.92606568593
251,3831724.6666666665,7664706.518404634,-1257.1850713007152,3454611.466666667,6780481.711312665,128741.22202066844,3331502.783333333,6739498.708180908,-76493.14151424123,1382057.0333333334,2929718.373932969,-165604.3072663017,3831724.6666666665,7664706.518404634,-1257.1850713007152,1382007.5,2929662.376188873,-165647.37618887285
252,3797857.1333333333,7459371.091192963,136343.175473704,3405368.5166666666,6554468.747823534,256268.2855097996,3399605.566666667,6715228.860937845,83982.2723954888,1483962.2666666666,3132970.574329812,-165046.04099647887,3797857.1333333333,7459371.091192963,136343.175473704,1483996.95,3133004.8407896487,-165010.94078964903
253,3605236.0,7256422.9753673915,-45950.97536739148,3261840.0166666666,6486290.77455705,37389.25877628336,2900258.6333333333,5781464.134578006,19053.13208866073,1061509.9666666666,2187541.9065559134,-64521.973222580506,3605236.0,7256422.9753673915,-45950.97536739148,1061456.45,2187387.6352186385,-64474.735218638554
254,3870609.2333333334,7619585.10735381,121633.3593128561,3442169.7,6679053.76537412,205285.6346258805,3310812.5166666666,6453992.356053457,167632.67727987608,1427889.8666666667,2985553.2675940627,-129773.53426072933,3870609.2333333334,7619585.10735381,121633.3593128561,1427660.3666666667,2985202.0397940427,-129881.30646070908
255,4107606.7333333334,8441558.396729842,-226344.93006317504,3848424.316666667,7778851.77045059,-82003.13711725688,3837049.2,7610287.878534728,63810.52146527264,1649729.6,3664756.872113499,-365297.67211349844,4107606.7333333334,8441558.396729842,-226344.93006317504,1649547.0666666667,3664585.983448701,-365491.85011536744
256,4785422.2,9951960.013459636,-381115.6134596355,4528810.266666667,9364016.694805853,-306396.1614725208,4561469.483333333,9331465.112339828,-208526.14567316137,2453030.033333333,6050520.462245175,-1144460.3955785083,4785422.2,9951960.013459636,-381115.6134596355,2453102.95,6050589.069077605,-1144383.1690776045
257,4580914.466666667,8745557.179749712,416271.7535836203,4205784.983333333,8021914.508180233,389655.4584864336,3954309.6333333333,7658018.910533214,250600.35613345262,1837780.4,4185887.6466613165,-510326.8466613167,4580914.466666667,8745557.179749712,416271.7535836203,1837770.05,4185874.7722915336,-510334.6722915338
258,4492029.066666666,8652402.345598912,331655.7877344205,4148989.6166666667,7992175.832588453,305803.400744881,3854865.4,7554496.846108921,155233.9538910794,1769643.3,4074664.32777883,-535377.7277788303,4492029.066666666,8652402.345598912,331655.7877344205,1769646.7666666666,4074660.935348151,-535367.4020148176
259,5306409.633333334,10279888.920332476,332930.3463341901,4908010.7,9545099.604551548,270921.79544845223,4538124.5,8973972.794830803,102276.2051691981,2517847.6666666665,6006455.834809963,-970760.5014766301,5306409.633333334,10279888.920332476,332930.3463341901,2517355.566666667,6005847.841244826,-971136.7079114923
260,5083111.666666667,9529592.063992923,636631.2693404108,4780579.583333333,8872785.18508693,688373.9815797359,4153658.45,7850779.564793171,456537.3352068295,2534455.7,5425237.453062382,-356326.0530623812,5083111.666666667,9529592.063992923,636631.2693404108,2534291.6,5424939.447222181,-356356.2472221805
261,5164183.0,9443618.36801839,884747.6319816094,4805637.866666666,8769425.234283762,841850.49904957,4411794.416666667,8075952.358913287,747636.4744200474,2390291.8333333335,5190808.694472199,-410225.0278055323,5164183.0,9443618.36801839,884747.6319816094,2390300.3833333333,5190793.708770711,-410192.94210404484
262,5062172.6,9395746.607404474,728598.5925955242,4632902.933333334,8519216.52903939,746589.3376272758,4223301.8,7954537.657234851,492065.9427651488,2323675.3,5120444.203074746,-473093.60307474574,5062172.6,9395746.607404474,728598.5925955242,2323339.2666666666,5120155.69472209,-473477.1613887567
263,5344464.866666666,10012522.28750479,676407.4458285421,4993919.5,9344846.094666699,642992.905333301,4285873.516666667,8172967.435503842,398779.59782949137,2489424.3333333335,5369201.547883498,-390352.88121683104,5344464.866666666,10012522.28750479,676407.4458285421,2489429.3833333333,5369205.823411018,-390347.0567443515
264,5337761.1,10466390.808766395,209131.3912336044,5012108.133333334,9801668.268896759,222547.99776990898,4297392.716666667,8946978.539701078,-352193.1063677445,2745280.3333333335,6469588.108959833,-979027.4422931662,5337761.1,10466390.808766395,209131.3912336044,2745270.4166666665,6469579.158810861,-979038.3254775279
265,5356754.666666667,10304878.607184775,408630.72614855785,4870283.316666666,9299473.097420946,441093.535912388,4343707.4,8780163.909035187,-92749.1090351874,2775974.3666666667,6394904.77229784,-842956.0389645062,5356754.666666667,10304878.607184775,408630.72614855785,2775975.5166666666,6394905.804131284,-842954.7707979507
266,5447149.033333333,10778825.347397115,115472.7192695504,5030282.266666667,9869741.131941644,190823.40139168873,4613048.483333333,9392129.99784112,-166033.0311744539,2650365.5,6260200.508594058,-959469.508594058,5447149.033333333,10778825.347397115,115472.7192695504,2649825.6333333333,6259712.631727332,-960061.3650606656
267,5988789.066666666,11289315.954292942,688262.179040391,5338254.383333334,9894511.35864335,781997.4080233192,5087937.233333333,9577786.521470236,598087.9451964311,2622072.2333333334,5930501.51296875,-686357.046302083,5988789.066666666,11289315.954292942,688262.179040391,2621904.85,5930351.578343627,-686541.8783436269
268,5344246.033333333,10610305.485529866,78186.58113679942,4802958.8,9334613.869271178,271303.7307288218,4536830.0,9106124.943549775,-32464.943549774587,2407780.1666666665,5546779.927439613,-731219.5941062802,5344246.033333333,10610305.485529866,78186.58113679942,2407195.35,5546253.624973203,-731862.9249732029
269,4659432.433333334,9490357.265852513,-171492.39918584563,4229060.066666666,8382079.508434207,76040.62489912566,3857992.8833333333,7758010.556764854,-42024.79009818798,1660853.4,3560673.559612165,-238966.7596121654,4659432.433333334,9490357.265852513,-171492.39918584563,1660942.05,3560752.395195788,-238868.29519578768
270,4988620.4,9994136.212615805,-16895.412615804,4423267.466666667,8598092.873581776,248442.0597515572,4277035.366666666,8259532.364830141,294538.3685031915,1610096.1333333333,3453377.1885476615,-233184.92188099516,4988620.4,9994136.212615805,-16895.412615804,1610463.9333333333,3453703.1604721136,-232775.29380544694
271,5094241.866666666,10290169.021918118,-101685.2885847846,4548487.433333334,8945371.395497765,151603.4711689027,4288567.066666666,8292467.860403992,284666.2729293406,1571522.2666666666,3353706.606663107,-210662.07332977396,5094241.866666666,10290169.021918118,-101685.2885847846,1571590.05,3353766.495994853,-210586.39599485253
272,5379148.5,11060154.426106602,-301857.4261066029,4715369.083333333,9379748.323255265,50989.843411400914,4472368.233333333,8571516.347707324,373220.11895934213,1682470.7,3555633.278044246,-190691.878044246,5379148.5,11060154.426106602,-301857.4261066029,1682649.15,3555995.409914747,-190697.10991474707
273,5266476.2,11018855.16523234,-485902.7652323395,4590749.2,9291875.67142443,-110377.27142443042,4699194.833333333,9461902.256464154,-63512.58979748655,1496150.5,3214123.0517218886,-221822.05172188883,5266476.2,11018855.16523234,-485902.7652323395,1496163.5333333334,3214134.575534566,-221807.50886789896
274,5690284.433333334,11385210.085064253,-4641.218397585675,5071913.083333333,10088445.348835368,55380.817831297405,4785779.983333333,9270912.313369904,300647.653296764,1437920.7,2981879.006989952,-106037.60698995204,5690284.433333334,11385210.085064253,-4641.218397585675,1438044.2666666666,2982191.379898442,-106102.84656510875
275,6191689.633333334,12513620.323269438,-130241.05660277046,5515707.683333334,11082232.14232827,-50816.77566160355,5491622.116666666,10864018.881587029,119225.35174630396,1574402.4333333333,3366176.2398990253,-217371.37323235883,6191689.633333334,12513620.323269438,-130241.05660277046,1574762.1833333333,3366499.020754439,-216974.65408777236
276,5756158.333333333,11717775.645400064,-205458.97873339802,5178792.2,10548107.977902433,-190523.57790243253,5218207.683333334,10519441.904466404,-83026.53779973648,1241249.4,2702690.1540230243,-220191.35402302467,5756158.333333333,11717775.645400064,-205458.97873339802,1241290.0666666667,2702726.2698674644,-220146.13653413113
277,5503043.133333334,11283859.908618305,-277773.6419516364,4885985.816666666,9985552.154847153,-213580.5215138197,5119416.316666666,10330549.908720888,-91717.27538755629,1236207.6,2696269.124288452,-223853.92428845144,5503043.133333334,11283859.908618305,-277773.6419516364,1236272.8833333333,2696327.1191362785,-223781.35246961215
278,4558433.866666666,9822108.349216346,-705240.6158830123,4149318.4,8949831.775020216,-651194.9750202163,4354439.1,8918760.219473787,-209882.01947378833,1279602.1333333333,2794245.468123368,-235041.20145670115,4558433.866666666,9822108.349216346,-705240.6158830123,1279124.35,2793819.189832655,-235570.48983265436
279,5085052.366666666,10971611.21448122,-801506.4811478863,4635796.266666667,9988979.8564121,-717387.3230787665,4785833.933333334,10008078.232774246,-436410.3661075793,1488318.6333333333,3021703.6289495104,-45066.362282843795,5085052.366666666,10971611.21448122,-801506.4811478863,1488565.0166666666,3021920.2017623438,-44790.168429010315
280,6025005.0,12704267.38653753,-654257.3865375295,5591773.85,11800756.963928584,-617209.2639285848,5351033.116666666,11012905.037585948,-310838.80425261613,2044428.2666666666,4112533.12539333,-23676.592059997143,6025005.0,12704267.38653753,-654257.3865375295,2044411.2666666666,4112519.7007561675,-23697.167422834318
281,5477423.7,11580027.469645914,-625180.0696459142,4890954.6,10246031.515180632,-464122.31518063415,4896777.633333334,10092019.370747734,-298464.1040810654,1649918.7666666666,3264525.5041677672,35312.029165565735,5477423.7,11580027.469645914,-625180.0696459142,1649908.2166666666,3264518.075357579,35298.357975753956
282,7418992.566666666,14157203.968768753,680781.1645645797,6667227.866666666,12605232.538279444,729223.1950538894,6291822.35,11761202.89806595,822441.8019340476,3061588.7,6286660.447675314,-163483.04767531296,7418992.566666666,14157203.968768753,680781.1645645797,3061588.8333333335,6286661.581479564,-163483.91481289687
283,7704132.866666666,15300225.303133732,108040.43019960076,7045794.45,14129878.828836225,-38289.9288362246,7176612.033333333,14064201.035737032,289023.03092963435,2383266.4,5156327.485660605,-389794.6856606053,7704132.866666666,15300225.303133732,108040.43019960076,2383266.283333333,5156328.614244298,-389796.04757763166
284,7069830.3,13958212.645050973,181447.95494902693,6515188.516666667,12888428.578135256,141948.45519807748,6692574.4,12934381.561985929,450767.2380140722,2830895.533333333,5859725.8236868745,-197934.75702020805,7069830.3,13958212.645050973,181447.95494902693,2830893.533333333,5859725.182343608,-197938.11567694135
285,6881358.3,13737792.8087406,24923.791259400547,6341092.283333333,12723753.879099365,-41569.312432698905,6644644.95,13044450.746199533,244839.15380046703,2548806.1333333333,5383510.730064016,-285898.46339734923,6881358.3,13737792.8087406,24923.791259400547,2548793.933333333,5383500.562281318,-285912.6956146518
286,7779577.333333333,16161578.724055624,-602424.0573889576,7089158.6,14726763.586216383,-548446.3862163844,7349287.116666666,15009592.214655537,-311017.98132220376,2413930.8,5186027.819865421,-358166.21986542176,7779577.333333333,16161578.724055624,-602424.0573889576,2413901.6666666665,5186002.3487207815,-358199.01538744895
287,7495962.433333334,15493532.444123473,-501607.5774568049,6621587.716666667,13506326.38481481,-263150.9514814755,6718779.533333333,13550541.392501917,-112982.32583524939,2410136.3666666667,5227244.478191259,-406971.7448579259,7495962.433333334,15493532.444123473,-501607.5774568049,2410125.55,5227235.3469103,-406984.2469103001
288,7204775.2,14333646.102275658,75904.2977243429,6389061.733333333,12571831.315555997,206292.15111066867,6368220.516666667,12238658.684993511,497782.34833982214,2381263.566666667,5149132.523865516,-386605.39053218253,7204775.2,14333646.102275658,75904.2977243429,2380783.216666667,5148706.584539343,-387140.1512060091
289,7806650.866666666,15990364.524069048,-377062.790735716,6992538.283333333,14180436.541973118,-195359.9753064504,7016177.016666667,13920462.56595009,111891.46738324314,2527170.2,5331057.012629184,-276716.61262918357,7806650.866666666,15990364.524069048,-377062.790735716,2528149.4166666665,5331922.982520603,-275624.1491872696
290,7975070.0,16231533.149889102,-281393.1498891022,7267854.15,14747411.963041462,-211703.66304146126,7438612.55,14942378.116706185,-65153.01670618635,2607035.7333333334,5426994.28088942,-212922.81422275258,7975070.0,16231533.149889102,-281393.1498891022,2607117.0166666666,5427065.729123483,-212831.6957901502
291,8821264.733333332,17694050.109609216,-51520.64294255152,7886861.8,15761790.607741434,11932.992258566432,7994793.466666667,15733993.38659997,255593.5467333654,2504078.8666666667,5282908.404019833,-274750.6706864992,8821264.733333332,17694050.109609216,-51520.64294255152,2504046.8,5282880.127589565,-274786.5275895647
292,9527277.666666666,18268207.28248057,786348.0508527607,8699601.7,16675392.801806971,723810.5981930261,8502796.316666666,16079675.878101755,925916.755231577,2641006.1666666665,5459428.552010548,-177416.21867721528,9527277.666666666,18268207.28248057,786348.0508527607,2641032.8333333335,5459452.23844458,-177386.57177791232
293,8910878.033333333,17710353.317361042,111402.74930562638,8095551.266666667,16073914.207655858,117188.32567747589,8019281.316666666,15577600.370499954,460962.2628333783,2594547.7,5419179.534739424,-230084.1347394227,8910878.033333333,17710353.317361042,111402.74930562638,2594477.5166666666,5419117.899835628,-230162.86650229525
294,9448909.533333333,19025650.144528262,-127831.07786159776,8717296.2,17638864.570355043,-204272.17035504617,8706079.233333332,17261237.727291077,150920.73937558942,2682854.1,5496636.902422151,-130928.70242214995,9448909.533333333,19025650.144528262,-127831.07786159776,2683026.1666666665,5496787.500186779,-130735.16685344605
295,10315300.9,19899713.844405986,730887.9555940125,9569287.683333334,18618337.325867377,520238.0407992918,9531926.533333333,18369569.953929115,694283.1127375513,2819491.3333333335,5740275.967217058,-101293.3005503905,10315300.9,19899713.844405986,730887.9555940125,2819714.2,5740470.547848606,-101042.14784860518
296,10150505.766666668,19739142.1403184,561869.3930149339,9424220.266666668,18430108.43302857,418332.1003047656,9566262.083333334,18466572.103398047,665952.0632686187,2688368.6,5581951.457824571,-205214.25782457134,10150505.766666668,19739142.1403184,561869.3930149339,2688381.9,5581963.082083559,-205199.28208355838
297,10317478.833333334,19902442.606158473,732515.0605081934,9591645.233333332,18632641.026841395,550649.4398252703,9608757.633333333,18394061.32208241,823453.9445842542,2797220.933333333,5745800.192212747,-151358.3255460807,10317478.833333334,19902442.606158473,732515.0605081934,2797222.3833333333,5745801.239160318,-151356.47249365132
298,10082941.733333332,19463256.337904356,702627.1287623104,9357341.416666666,18180973.86009915,533708.9732341822,9428189.816666666,17946063.327588864,910316.3057444692,2832276.1333333333,5810331.7750092335,-145779.5083425669,10082941.733333332,19463256.337904356,702627.1287623104,2832307.216666667,5810358.6449176455,-145744.2115843119
299,8701556.2,17175221.27182875,227891.1281712521,8034270.4,15952065.794957545,116475.00504245516,8221495.233333333,15830737.131283555,612253.3353831107,2493811.3666666667,4949865.789535579,37756.943797754124,8701556.2,17175221.27182875,227891.1281712521,2493892.45,4949999.838839015,37785.061160985846
300,9343674.666666666,18279660.29251097,407689.0408223588,8596265.733333332,16902925.942874752,289605.523791912,8669127.983333332,16534242.052744154,804013.913922511,2563364.3,5084576.201415526,42152.39858447341,9343674.666666666,18279660.29251097,407689.0408223588,2563992.8833333333,5085131.961772824,42853.80489384243
301,8453717.3,15588810.66865791,1318623.9313420914,7779282.733333333,14435994.496224519,1122570.970442147,8111569.65,14826612.16562144,1396527.13437856,2820075.3666666667,5565398.30615765,74752.42717568297,8453717.3,15588810.66865791,1318623.9313420914,2815197.9166666665,5561117.3378972085,69278.4954361245
302,9106112.7,16941445.03591756,1270780.364082436,8359635.183333334,15571479.410657473,1147790.9560091933,8626464.833333334,15723706.935305795,1529222.7313608732,3158497.5,6349866.816775756,-32871.81677575549,9106112.7,16941445.03591756,1270780.364082436,3159704.066666667,6350925.929084382,-31517.795751048252
303,8444881.066666666,15295147.454653682,1594614.6786796506,7712014.95,13978380.61566298,1445649.2843370186,8003564.4,14065337.14454192,1941791.6554580806,3113345.3666666667,6296266.743678633,-69576.0103453002,8444881.066666666,15295147.454653682,1594614.6786796506,3115078.6,6297785.186594743,-67627.9865947431
304,9485347.133333333,17147123.435671885,1823570.830994781,8699359.216666667,15706720.66399788,1691997.7693354543,9026665.716666667,15888739.092487093,2164592.3408462405,3962687.1333333333,7914251.824261747,11122.442404919304,9485347.133333333,17147123.435671885,1823570.830994781,3962780.6333333333,7914332.7953769285,11228.471289738547
305,9669753.9,17837010.421629205,1502497.3783707963,9044358.633333333,16765080.422590252,1323636.8440764146,9344736.75,16879638.321694616,1809835.1783053847,3424496.6,6894163.930939127,-45170.73093912704,9669753.9,17837010.421629205,1502497.3783707963,3424512.9166666665,6894164.378936766,-45138.54560343269
306,8824275.833333334,15827856.858628068,1820694.8080386007,8140771.066666666,14648540.883103775,1633001.250229558,8141476.866666666,14206325.012288708,2076628.7210446233,3706211.4,7735406.315645065,-322983.5156450658,8824275.833333334,15827856.858628068,1820694.8080386007,3706235.5833333335,7735417.719402034,-322946.5527353664
307,9073912.533333333,15664618.210614765,2483206.8560519014,8351636.7,14474453.667948615,2228819.7320513865,8504365.933333334,14550410.395886824,2458321.4707798436,3790215.1333333333,7989431.331336666,-409001.06466999976,9073912.533333333,15664618.210614765,2483206.8560519014,3790263.9,7989471.590316843,-408943.79031684296
308,9122476.366666667,15713815.990161354,2531136.7431719806,8495828.083333334,14765924.487983435,2225731.6786832316,8523719.483333332,14499342.953580119,2548096.0130865453,4297213.233333333,8852183.322036315,-257756.8553696489,9122476.366666667,15713815.990161354,2531136.7431719806,4297135.616666666,8852115.476277348,-257844.24294401612
309,9514633.933333334,16959983.59702454,2069284.269642125,8898727.5,15957306.393075362,1840148.6069246382,8835891.283333333,15512701.38231877,2159081.184347896,4831553.566666666,9625808.360623647,37298.77270968724,9514633.933333334,16959983.59702454,2069284.269642125,4813050.783333333,9609344.714760996,16756.851905669086
310,10608537.733333332,19137720.607174024,2079354.8594926428,10019064.183333334,18201824.450673837,1836303.91599283,10333028.333333334,18476941.495829165,2189115.170837501,5665477.766666667,11558002.024693547,-227046.4913602136,10608537.733333332,19137720.607174024,2079354.8594926428,5665238.266666667,11557785.380365249,-227308.84703191463
311,10179003.433333334,17686162.69921544,2671844.16745123,9616920.716666667,16854593.679291192,2379247.75404214,10592346.983333332,18868523.54648499,2316170.4201816777,5574531.333333333,11026283.192086086,122779.47458058037,10179003.433333334,17686162.69921544,2671844.16745123,5574436.166666667,11026201.118760383,122671.2145729512
312,12026613.166666666,21139152.725195292,2914073.6081380397,11455839.016666668,20333496.253891222,2578181.779442111,11886933.233333332,20970092.764008753,2803773.702657914,6669480.7,13599828.6556414,-260867.25564139802,12026613.166666666,21139152.725195292,2914073.6081380397,6669337.55,13599704.487700699,-261029.38770069927
313,12517790.2,21301218.457504068,3734361.942495931,11897420.25,20497379.700285055,3297460.7997149434,12496021.983333332,21832729.514842145,3159314.45182452,6760130.266666667,14054771.080608275,-534510.5472749425,12517790.2,21301218.457504068,3734361.942495931,6760053.666666667,14054704.588331815,-534597.2549984809
314,11493187.966666667,19001277.20503051,3985098.7283028252,10824632.35,18130787.31323453,3518477.386765467,12143363.983333332,20785119.968574427,3501607.9980922397,6143443.1,12470785.163258152,-183898.96325815283,11493187.966666667,19001277.20503051,3985098.7283028252,6143400.5,12470747.601323605,-183946.60132360458
315,11077354.2,17887622.38492467,4267086.015075331,10403223.466666667,17005244.725034356,3801202.2082989756,11839461.816666666,20170151.744334813,3508771.8889985206,5795445.2,11803621.362403493,-212730.962403493,11077354.2,17887622.38492467,4267086.015075331,5796003.65,11804108.962121582,-212101.6621215809
316,10378651.766666668,16633147.778636664,4124155.75469667,9620564.65,15592783.824137798,3648345.475862203,11503199.416666666,19418906.513074785,3587492.3202585466,5289868.933333334,10595094.36826121,-15356.501594543457,10378651.766666668,16633147.778636664,4124155.75469667,5289971.566666666,10595179.832163354,-15236.698830021545
317,10064762.466666667,16474350.314627694,3655174.6187056396,9362172.9,15451747.286581144,3272598.513418858,11286224.3,19347889.448821705,3224559.1511782957,5544457.3,10895528.019336715,193386.5806632843,10064762.466666667,16474350.314627694,3655174.6187056396,5544420.45,10895495.155180048,193345.74481995218
318,9773196.466666667,16017010.310161512,3529382.6231718203,9063059.133333333,14969923.670831116,3156194.5958355498,11121632.966666667,19111264.102358725,3132001.8309746087,5439950.8,10675740.054720126,204161.54527987447,9773196.466666667,16017010.310161512,3529382.6231718203,5439217.55,10675106.160386369,203328.939613631
319,10431231.933333334,17446921.224483572,3415542.642183095,9713687.916666666,16412623.799625702,3014752.033707629,11726815.8,20225357.890285447,3228273.709714556,6096548.833333333,12250216.686473774,-57119.01980710775,10431231.933333334,17446921.224483572,3415542.642183095,6096647.1,12250302.151792636,-57007.951792636886
320,11386859.733333332,19166064.048609696,3607655.4180569677,10603972.45,17990976.098291997,3216968.8017080007,12387719.55,21320955.482790634,3454483.6172093693,6747711.5,13566381.014297498,-70958.01429749839,11386859.733333332,19166064.048609696,3607655.4180569677,6747828.516666667,13566483.439326711,-70826.40599337872
321,10611925.5,17864311.427747153,3359539.5722528454,9949559.633333333,16854870.675678603,3044248.5909880623,11569380.216666667,20118409.696633667,3020350.736699665,6060206.9,12200644.207874594,-80230.40787459351,10611925.5,17864311.427747153,3359539.5722528454,6060261.75,12200691.781575784,-80168.28157578316
322,11231343.066666666,18652026.65205776,3810659.4812755715,10521535.633333333,17584663.557312623,3458407.709354045,11380882.883333333,19092131.719866194,3669634.046800473,6179505.133333334,12404788.597949699,-45778.33128303196,11231343.066666666,18652026.65205776,3810659.4812755715,6179592.516666667,12404864.839122243,-45679.80578891095
323,10521981.6,17617088.997840963,3426874.202159038,9756109.433333334,16453039.53632446,3059179.330342208,10853632.783333333,18529208.335470676,3178057.231195991,5319904.333333333,11023145.407535046,-383336.74086837936,10521981.6,17617088.997840963,3426874.202159038,5320227.1,11023428.674532136,-382974.4745321367
324,9973808.566666666,16870560.412762307,3077056.720571026,9224111.883333333,15741412.632845763,2706811.1338209016,10448098.616666667,18186127.214927334,2710070.018405999,4773919.433333334,10292122.856485818,-744283.9898191504,9973808.566666666,16870560.412762307,3077056.720571026,4774201.933333334,10292375.462578628,-743971.595911961
325,10203628.333333334,17380405.323041603,3026851.343625065,9502281.333333334,16284784.393903553,2719778.2727631154,10407281.316666666,18237931.410878934,2576631.222454398,5432389.266666667,11294641.766957842,-429863.2336245077,10203628.333333334,17380405.323041603,3026851.343625065,5432773.366666666,11294980.36023042,-429433.6268970864
326,9590136.5,16708017.917969203,2472255.0820307974,8910235.783333333,15603856.707546309,2216614.859120358,9836563.633333333,17646437.71777999,2026689.5488866763,4933091.9,10499673.693025548,-633489.8930255473,9590136.5,16708017.917969203,2472255.0820307974,4901534.166666667,10470739.203843892,-667670.8705105586
327,9735894.433333334,16838202.64200574,2633586.2246609246,9091235.583333334,15834163.253815036,2348307.9128516307,9991178.216666667,17784331.31017998,2198025.123153355,4987103.6,10659356.00254086,-685148.8025408601,9735894.433333334,16838202.64200574,2633586.2246609246,4986995.0,10659260.153763717,-685270.153763717
328,9393115.1,16362192.382884406,2424037.8171155946,8742478.666666666,15353473.354184803,2131483.9791485295,9821623.083333334,17592936.220414475,2050309.9462521952,4974111.733333333,10566769.455847267,-618545.9891805993,9393115.1,16362192.382884406,2424037.8171155946,4977309.683333334,10569609.47655826,-614990.1098915944
329,8772329.0,15420722.626457531,2123935.373542469,8122446.516666667,14448325.13508565,1796567.8982476844,9510739.533333333,17342940.536678683,1678538.5299879825,4515047.066666666,9953299.123669144,-923204.9903358119,8772329.0,15420722.626457531,2123935.373542469,4515077.05,9953325.279489024,-923171.179489024
330,9147608.366666667,16040830.927726936,2254385.8056063987,8478202.783333333,15007072.5079948,1949333.0586718647,9758529.666666666,17762812.795733802,1754246.537599532,4586071.766666667,10030920.306637987,-858776.7733046534,9147608.366666667,16040830.927726936,2254385.8056063987,4587671.8,10032346.281541932,-857002.6815419337
331,9350298.133333333,16268260.890612531,2432335.376054134,8614400.1,15128636.91565913,2100163.2843408696,10041379.05,17980816.19599405,2101941.9040059512,4490298.733333333,9953706.137861472,-973108.6711948039,9350298.133333333,16268260.890612531,2432335.376054134,4490478.95,9953866.44086323,-972908.540863229
332,9302835.6,16009295.844574329,2596375.3554256717,8580259.35,14916262.66854059,2244256.0314594107,10009369.616666667,17839715.024876107,2179024.2084572287,4669896.166666667,10162199.569489595,-822407.2361562597,9302835.6,16009295.844574329,2596375.3554256717,4669871.066666666,10162176.97441325,-822434.8410799177
333,9559906.7,16225961.504375627,2893851.8956243712,8858458.166666666,15208580.676783098,2508335.656550234,10581259.133333333,18552023.808016792,2610494.4586498737,4968526.3,10591441.58234898,-654388.9823489804,9559906.7,16225961.504375627,2893851.8956243712,4968523.833333333,10591439.001610707,-654391.3349440414
334,9313830.066666666,15888850.149169479,2738809.984163855,8629632.95,14891836.121511204,2367429.7784887943,10465194.183333334,18434489.735578217,2495898.6310884496,4935881.433333334,10549323.240945265,-677560.3742785985,9313830.066666666,15888850.149169479,2738809.984163855,4935932.65,10549368.008156538,-677502.7081565363
335,9677292.566666666,16512031.934923809,2842553.198409524,9012684.116666667,15499604.126624946,2525764.106708389,10451176.45,18292050.595787417,2610302.3042125814,5006193.366666666,10641911.748438973,-629525.0151056396,9677292.566666666,16512031.934923809,2842553.198409524,5006175.7,10641895.64889193,-629544.2488919292
336,9978118.466666667,17245883.264829844,2710353.6685034875,9306685.633333333,16166221.473226618,2447149.7934400467,10467109.383333333,18292433.927610908,2641784.839055759,5427559.333333333,11364438.398852326,-509319.73218566086,9978118.466666667,17245883.264829844,2710353.6685034875,5427796.45,11364646.682539571,-509053.78253957164
337,10544046.0,17474158.34696791,3613933.6530320896,9904356.216666667,16570864.688797787,3237847.744535546,11433026.916666666,19169553.271059617,3696500.5622737147,5945589.3,12053193.142106337,-162014.54210633785,10544046.0,17474158.34696791,3613933.6530320896,5945526.766666667,12053138.464829762,-162084.9314964274
338,10788472.1,17918044.1052166,3658900.0947834,10137629.05,17008134.541900422,3267123.558099579,11877681.483333332,19999979.424392253,3755383.542274411,6095382.266666667,12411506.43182955,-220741.89849621523,10788472.1,17918044.1052166,3658900.0947834,6095285.833333333,12411422.253408771,-220850.58674210403
339,9798617.8,16586151.769436594,3011083.8305634074,9232736.616666667,15785996.497070236,2679476.736263098,10830369.55,18626112.27950286,3034626.820497142,5832341.9,11976778.831900641,-312095.0319006415,9798617.8,16586151.769436594,3011083.8305634074,5832320.033333333,11976759.631405834,-312119.5647391677
340,9801527.866666667,16724717.399676401,2878338.333656934,9186601.8,15804987.03452458,2568216.565475421,10393117.366666667,18060720.939563528,2725513.7937698076,5699466.533333333,11835917.003605269,-436983.9369386025,9801527.866666667,16724717.399676401,2878338.333656934,5699431.75,11835866.779121041,-437003.27912104223
341,10628184.966666667,17841737.980448306,3414631.952885027,9937986.6,16850996.094207592,3024977.105792409,11604225.85,19899309.79024078,3309141.9097592197,6385579.433333334,13176028.060004912,-404869.1933382461,10628184.966666667,17841737.980448306,3414631.952885027,6386931.916666667,13177215.052074011,-403351.21874067746
342,11167828.133333333,19048740.16104013,3286916.1056265356,10385135.733333332,17811528.133643713,2958743.333022953,12155565.816666666,21334239.36182809,2976892.271505242,6584705.8,13607186.868582563,-437775.26858256385,11167828.133333333,19048740.16104013,3286916.1056265356,6586132.616666666,13608439.502566252,-436174.26923291944
343,11054515.933333334,18951472.436340883,3157559.430325782,10223322.2,17567475.580165647,2879168.8198343525,11765341.983333332,20756935.68763799,2773748.2790286765,6678467.966666667,13875343.108034432,-518407.1747010974,11054515.933333334,18951472.436340883,3157559.430325782,6678361.483333333,13875249.676638298,-518526.70997163095
344,11300914.3,19444687.803365108,3157140.796634894,10496236.1,18110551.054384887,2881921.145615112,12200943.266666668,21415024.115802623,2986862.4175307117,6638502.866666666,13789434.96105123,-512429.227717896,11300914.3,19444687.803365108,3157140.796634894,6638646.15,13789560.65947828,-512268.359478279
345,12165771.333333334,21202564.896758266,3128977.7699084003,11306927.95,19716970.01589568,2896885.884104317,12130066.05,21276075.879688643,2984056.2203113586,6740099.433333334,14053574.819474908,-573375.9528082404,12165771.333333334,21202564.896758266,3128977.7699084003,6740132.133333334,14053603.503782127,-573339.2371154586
346,10923459.466666667,18593224.16198931,3253694.7713440256,10133650.966666667,17327709.719519608,2939592.2138137277,11053439.116666667,19046659.14098984,3060219.092343496,6220898.366666666,13382121.423100539,-940324.6897672061,10923459.466666667,18593224.16198931,3253694.7713440256,6220893.933333334,13382133.531952327,-940345.66528566
347,10770615.6,18567649.934989844,2973581.2650101567,9891813.183333334,17053667.99705062,2729958.3696160465,10820551.3,18759033.918060508,2882068.681939493,5944219.8,12763049.030120648,-874609.4301206479,10770615.6,18567649.934989844,2973581.2650101567,5944185.95,12763027.373652544,-874655.4736525444
348,10777710.8,18295816.329413682,3259605.270586321,9992510.833333334,17079425.402428024,2905596.2642386444,11397569.716666667,19736054.867227882,3059084.5661054505,5937729.366666666,12804757.186313033,-929298.4529797016,10777710.8,18295816.329413682,3259605.270586321,5937736.483333333,12804779.291495126,-929306.324828459
349,11450741.733333332,19794372.978286978,3107110.488379686,10538988.533333333,18268484.55786945,2809492.5087972153,11384698.283333333,19701262.204801325,3068134.3618653407,5921343.666666667,12710467.75768749,-867780.4243541555,11450741.733333332,19794372.978286978,3107110.488379686,5921334.25,12710459.42883528,-867790.9288352802
350,12031130.733333332,20839975.960354604,3222285.506312061,11158434.4,19418676.217546612,2898192.5824533906,11622366.6,20115140.22739868,3129592.9726013187,6511232.266666667,14002399.070262922,-979934.5369295888,12031130.733333332,20839975.960354604,3222285.506312061,6511183.85,14002356.221536158,-979988.5215361584
351,11419793.1,19600678.59175307,3238907.60824693,10629681.933333334,18447725.65466687,2811638.2119997973,11412798.966666667,19574160.256656595,3251437.67667674,6685351.1,14415522.475123882,-1044820.275123884,11419793.1,19600678.59175307,3238907.60824693,6685372.366666666,14415592.855851205,-1044848.1225178726
352,12513243.9,22058026.983079165,2968460.8169208355,11794608.05,21097370.529022783,2491845.5709772166,12615940.333333334,22111436.43621213,3120444.230454538,8119191.333333333,17263310.79242984,-1024928.1257631732,12513243.9,22058026.983079165,2968460.8169208355,8119341.883333334,17263472.311201397,-1024788.5445347307
353,11866449.333333334,20779061.757952794,2953836.9087138753,11125706.383333333,19754237.32626544,2497175.4404012263,12228700.633333333,21220093.118627876,3237308.1480387896,7214414.333333333,15182050.693686005,-753222.0270193387,11866449.333333334,20779061.757952794,2953836.9087138753,7214554.816666666,15182239.902109837,-753130.2687765043
354,11833819.3,20485607.416673046,3182031.183326956,11110747.366666667,19496452.223843616,2725042.509489719,12235000.033333333,20939828.622392103,3530171.4442745633,7367135.366666666,15297409.562675036,-563138.829341705,11833819.3,20485607.416673046,3182031.183326956,7367189.85,15297384.883157395,-563005.1831573956
355,12213169.133333333,21207574.33099093,3218763.9356757365,11562909.133333333,20344481.984394826,2781336.282271838,12234593.55,20924392.76789475,3544794.332105253,7587557.933333334,15695869.781073269,-520753.9144066023,12213169.133333333,21207574.33099093,3218763.9356757365,7590405.75,15701541.63784955,-520730.1378495516
356,11091996.733333332,19157593.188847966,3026400.2778187003,10536628.183333334,18441773.615049697,2631482.751616968,11766819.716666667,20250086.585710254,3283552.84762308,7826638.166666667,16186179.237634132,-532902.9043007977,11091996.733333332,19157593.188847966,3026400.2778187003,7824717.05,16182710.033547433,-533275.9335474335
357,11996308.4,20809464.27629544,3183152.5237045605,11451694.733333332,20150350.10143095,2753039.365235716,11709185.45,20154880.701657787,3263490.1983422097,8045468.0,16636867.504650194,-545931.5046501942,11996308.4,20809464.27629544,3183152.5237045605,8044870.316666666,16635791.09485221,-546050.4615188763
358,11762868.533333333,20535211.815352395,2990525.2513142694,11230606.333333334,19884410.761861373,2576801.904805295,12204637.733333332,21236799.05411735,3172476.412549315,7647089.666666667,15941149.640492942,-646970.3071596092,11762868.533333333,20535211.815352395,2990525.2513142694,7647405.4,15942129.944569625,-647319.1445696242
359,12998191.7,22818101.717682093,3178281.682317907,12424548.916666666,22068999.013698153,2780098.8196351808,12096132.433333334,21084049.65655607,3108215.2101105973,8307393.033333333,17280772.635952175,-665986.5692855082,12998191.7,22818101.717682093,3178281.682317907,8310427.3,17286898.81348586,-666044.2134858603
360,12869360.433333334,22428243.43407345,3310477.432593221,12242357.383333333,21615670.41483543,2869044.351831233,12637654.233333332,21934258.27858646,3341050.1880802065,8352669.3,17353002.007339686,-647663.4073396856,12869360.433333334,22428243.43407345,3310477.432593221,8352100.866666666,17351899.023367546,-647697.290034215
361,13657417.8,23805580.83596153,3509254.7640384696,12944851.583333334,22883829.66394792,3005873.5027187467,12648114.066666666,22136834.93511025,3159393.1982230823,8311676.9,17806065.69106978,-1182711.891069783,13657417.8,23805580.83596153,3509254.7640384696,8311630.833333333,17806024.957354665,-1182763.2906879997
362,12962337.266666668,22304472.72445291,3620201.808880426,12264046.283333333,21356227.183258735,3171865.38340793,11785188.716666667,20315579.820887033,3254797.6124463007,7835233.0,16276041.384136293,-605575.3841362931,12962337.266666668,22304472.72445291,3620201.808880426,7838124.516666667,16280937.612683661,-604688.5793503271
363,12314652.666666666,21738360.347738426,2890944.985594906,11682881.3,20892194.856980205,2473567.743019795,11525861.033333333,20167632.317991056,2884089.748675609,7752383.133333334,16628752.431705784,-1123986.1650391156,12314652.666666666,21738360.347738426,2890944.985594906,7752025.083333333,16628132.442479294,-1124082.2758126287
364,12480512.8,22311119.1717068,2649906.428293202,11839473.633333333,21494139.989877492,2184807.2767891753,12284205.316666666,21726273.54332599,2842137.0900073424,7899719.3,17067021.2334212,-1267582.6334212003,12480512.8,22311119.1717068,2649906.428293202,7902851.1,17072910.327350985,-1267208.127350986
365,12334717.566666666,21889646.302350618,2779788.830982715,11676418.216666667,21083839.588212885,2268996.8451204505,12361350.483333332,21853904.502122838,2868796.464543827,7745745.6,16763728.87455323,-1272237.6745532304,12334717.566666666,21889646.302350618,2779788.830982715,7753531.5,16775849.193809116,-1268786.1938091163
366,12085360.8,21462473.907214507,2708247.692785492,11485181.883333333,20734234.101883054,2236129.66478361,12256428.766666668,21682657.06831374,2830200.4650195967,7453503.0,16230797.729575396,-1323791.7295753956,12085360.8,21462473.907214507,2708247.692785492,7454763.083333333,16232822.885806676,-1323296.719140009
367,12024346.966666667,21380914.97958545,2667778.9537478834,11413036.416666666,20631876.969090402,2194195.864242928,12003676.866666667,21346064.8090731,2661288.9242602326,7536620.633333334,16368958.948390838,-1295717.6817241712,12024346.966666667,21380914.97958545,2667778.9537478834,7536653.216666667,16368990.556700112,-1295684.1233667787
368,12445375.533333333,22186630.777220093,2704120.289446572,11822285.166666666,21460827.83799894,2183742.4953343924,12508940.916666666,22290256.158784397,2727625.674548937,8040233.233333333,17338260.481524725,-1257794.0148580587,12445375.533333333,22186630.777220093,2704120.289446572,8040179.983333333,17337908.92087749,-1257548.9542108243
369,12036748.566666666,21423520.294547014,2649976.838786317,11421421.85,20694465.308531195,2148378.3914688025,12228371.35,21790316.119578063,2666426.580421934,7808425.833333333,16843379.597831402,-1226527.931164735,12036748.566666666,21423520.294547014,2649976.838786317,7808380.433333334,16843331.57449276,-1226570.7078260928
370,11817852.5,20801234.997036967,2834470.0029630326,11225480.816666666,20107520.584117386,2343441.0492159463,12253011.683333334,21660072.56405204,2845950.8026146255,7570543.0,16194221.341519712,-1053135.3415197115,11817852.5,20801234.997036967,2834470.0029630326,7571095.783333333,16194684.52923355,-1052492.9625668842
371,11454352.866666667,20089112.68503673,2819593.0482966043,10887359.783333333,19423590.935552575,2351128.6311140936,12403833.1,21780338.031891376,3027328.1681086253,7132979.166666667,15304099.037896663,-1038140.7045633299,11454352.866666667,20089112.68503673,2819593.0482966043,7133565.3,15304667.305445269,-1037536.7054452682
372,12056353.266666668,20899089.065685343,3213617.467647992,11423208.566666666,20181320.40503776,2665096.7282955702,13176695.366666667,22824215.26254157,3529175.4707917646,7293858.233333333,15780427.338560965,-1192710.8718942972,12056353.266666668,20899089.065685343,3213617.467647992,7294472.5,15781512.103016993,-1192567.103016993
373,12252608.133333333,21060325.597428314,3444890.6692383513,11592352.166666666,20317989.157189813,2866715.1761435196,13243888.0,22723378.7290344,3764397.2709656004,7420225.9,15849196.989039626,-1008745.1890396252,12252608.133333333,21060325.597428314,3444890.6692383513,7421066.183333334,15850316.955110736,-1008184.588444069
374,12671655.4,22027982.47361273,3315328.3263872713,11988651.233333332,21256480.486834873,2720821.9798317924,13548290.783333333,23412001.813078776,3684579.7535878923,7920857.733333333,16991473.452712607,-1149757.986045939,12671655.4,22027982.47361273,3315328.3263872713,7920911.25,16991541.842453852,-1149719.3424538523
375,11261787.433333334,19879197.410538338,2644377.456128327,10559926.116666667,19065975.88142916,2053876.3519041743,12256864.4,21494027.15358347,3019701.64641653,6549817.9,14833151.467609316,-1733515.6676093144,11261787.433333334,19879197.410538338,2644377.456128327,6549826.583333333,14833171.634697795,-1733518.4680311298
376,11610121.633333333,20367236.498496592,2853006.7681700755,10842161.416666666,19473630.200877674,2210692.632455658,12442090.483333332,21724936.832099915,3159244.1345667485,6827476.8,15267651.963817444,-1612698.363817445,11610121.633333333,20367236.498496592,2853006.7681700755,6827509.55,15267688.455107741,-1612669.3551077424
377,10988988.233333332,18561594.272817563,3416382.1938491017,10240778.516666668,17653855.81144406,2827701.221889278,11421626.883333333,19384495.83356592,3458757.933100743,5966905.8,12962080.606289484,-1028269.006289483,10988988.233333332,18561594.272817563,3416382.1938491017,5967519.883333334,12962625.713920008,-1027585.9472533399
378,11085192.033333333,18964305.797120728,3206078.2695459398,10338782.383333333,18060965.42556204,2616599.3411046285,11905537.766666668,20309954.921418637,3501120.6119147,6192036.166666667,13636685.13807045,-1252612.8047371143,11085192.033333333,18964305.797120728,3206078.2695459398,6192041.866666666,13636690.482158437,-1252606.7488251058
379,11532789.633333333,19509634.892669473,3555944.3739971938,10778844.216666667,18606314.772887167,2951373.660446168,12281961.216666667,20682617.354132146,3881305.079201188,6635191.1,14239828.347218461,-969446.1472184621,11532789.633333333,19509634.892669473,3555944.3739971938,6635187.4,14239825.074873306,-969450.2748733042
380,11692111.0,19786199.35292622,3598022.6470737793,10978402.95,18932261.872951005,3024544.027048994,12451595.416666666,20988589.55552844,3914601.2778048944,6605101.333333333,14265080.790380683,-1054878.1237140168,11692111.0,19786199.35292622,3598022.6470737793,6605085.0,14265066.322117487,-1054896.322117487
381,11338617.733333332,18656554.833838277,4020680.6328283874,10615046.866666667,17733215.425817076,3496878.307516258,11986303.133333333,19690909.19717782,4281697.069488845,6026664.1,12680692.309247945,-627364.1092479452,11338617.733333332,18656554.833838277,4020680.6328283874,6026683.383333334,12680709.279836738,-627342.513170071
382,10168494.9,17201392.95846394,3135596.841536059,9421807.283333333,16251163.900897024,2592450.665769642,10977665.116666667,18587290.641117424,3368039.5922159124,4842299.3,11136799.028158428,-1452200.4281584285,10168494.9,17201392.95846394,3135596.841536059,4842354.65,11136848.745257352,-1452139.4452573508
383,10343945.466666667,17611885.446967315,3076005.4863660187,9572650.65,16594992.640517153,2550308.659482849,10959665.9,18600663.192939553,3318668.6070604464,4953559.833333333,11368756.04229746,-1461636.375630795,10343945.466666667,17611885.446967315,3076005.4863660187,4953579.683333334,11368773.845105972,-1461614.478439304
384,10219265.433333334,17391665.912642755,3046864.9540239107,9430105.366666667,16360506.701146401,2499704.032186932,11151323.566666666,18820551.040371343,3482096.0929619875,4880455.533333333,11206674.888714656,-1445763.8220479898,10219265.433333334,17391665.912642755,3046864.9540239107,4880435.5,11206630.491368117,-1445759.4913681168
385,10491095.6,18022486.313035347,2959704.886964651,9602421.9,16724492.026067942,2480351.7739320574,11508814.216666667,19836665.225353286,3180963.207980046,4675371.3,10779698.248474466,-1428955.648474466,10491095.6,18022486.313035347,2959704.886964651,4675355.333333333,10779679.309567519,-1428968.6429008525
386,9829501.1,16886039.784212537,2772962.415787461,9099229.033333333,15933608.195274618,2264849.87139205,10537431.966666667,18061449.906368773,3013414.02696456,4658196.533333333,10771406.923526155,-1455013.8568594884,9829501.1,16886039.784212537,2772962.415787461,4658211.766666667,10771432.359071553,-1455008.8257382205
387,9500401.766666668,16179330.147107393,2821473.3862259425,8740054.683333334,15154720.943779737,2325388.4228869304,10344898.9,17647937.78212501,3041860.0178749915,4400967.0,10133148.844418947,-1331214.8444189457,9500401.766666668,16179330.147107393,2821473.3862259425,4400935.433333334,10133147.727802603,-1331276.8611359354
388,9953005.9,16946018.536548488,2959993.263451512,9131056.583333334,15832946.761567902,2429166.405098766,10676934.183333334,18208713.58800902,3145154.7786576496,4678590.066666666,10794224.46241913,-1437044.3290857961,9953005.9,16946018.536548488,2959993.263451512,4685614.383333334,10800607.670374857,-1429378.9037081897
389,10056724.633333333,17297076.19822864,2816373.068438027,9302446.483333332,16293340.673932508,2311552.292734158,10650913.833333334,18357260.313692585,2944567.352974085,4866287.2,11283261.559884552,-1550687.1598845515,10056724.633333333,17297076.19822864,2816373.068438027,4866334.216666667,11283303.856871083,-1550635.4235377507
390,9592560.633333333,16689976.26457944,2495145.002087226,8944414.45,15846210.017969886,2042618.8820301127,10137565.283333333,17817556.381769087,2457574.1848975793,4841707.333333333,11225606.043358034,-1542191.3766913675,9592560.633333333,16689976.26457944,2495145.002087226,4841724.516666667,11225621.500830906,-1542172.4674975723
391,9686665.5,16837262.145553607,2536068.8544463934,8994124.216666667,15933154.51715396,2055093.9161793739,10043947.816666666,17632755.702207148,2455139.9311261848,4879458.233333333,11296791.776163649,-1537875.309496981,9686665.5,16837262.145553607,2536068.8544463934,4879488.933333334,11296819.385760244,-1537841.519093576
392,10299585.366666667,18153206.16501894,2445964.568314394,9621064.566666666,17297409.21900744,1944719.914325892,10808387.766666668,19177904.24368423,2438871.2896491056,5389838.933333334,12648792.321235428,-1869114.4545687605,10299585.366666667,18153206.16501894,2445964.568314394,5389853.383333334,12648805.350347117,-1869098.5836804481
393,11122857.6,20217113.343066245,2028601.8569337558,10431299.816666666,19379536.970590368,1483062.6627429668,11708617.45,21316173.5262678,2101061.373732198,6202291.566666666,14835386.027199915,-2430802.893866582,11122857.6,20217113.343066245,2028601.8569337558,6202302.333333333,14835395.769799393,-2430791.1031327276
394,10808880.4,19841367.822245497,1776392.9777545035,10194154.466666667,19093055.495435946,1295253.437897386,11088139.983333332,20483148.06137707,1693131.905289596,6227185.2,14860172.225366458,-2405801.825366459,10808880.4,19841367.822245497,1776392.9777545035,6227176.866666666,14860164.684618972,-2405810.951285639
395,10752903.966666667,19777453.362760615,1728354.570572719,10154005.916666666,19046117.573609445,1261894.2597238868,10903929.033333333,20209345.29353805,1598512.7731286157,6238628.766666667,14871676.158193491,-2394418.6248601573,10752903.966666667,19777453.362760615,1728354.570572719,6238625.766666667,14871673.44508532,-2394421.9117519883
396,10255930.433333334,18538438.753859676,1973422.1128069907,9673727.55,17815427.998266283,1532027.101733719,10520867.5,19202779.198571317,1838955.801428683,5652636.8,13344519.99079201,-2039246.3907920104,10255930.433333334,18538438.753859676,1973422.1128069907,5652378.166666667,13344286.479518563,-2039530.1461852286
397,9986928.8,17438574.365697447,2535283.2343025533,9378237.366666667,16670032.111566244,2086442.6217670906,10645798.15,18724450.93115679,2567145.368843211,5182292.466666667,11970280.26806555,-1605695.334732215,9986928.8,17438574.365697447,2535283.2343025533,5182295.133333334,11970282.669583622,-1605692.4029169558
398,10073343.066666666,17515878.777481623,2630807.3558517117,9441619.666666666,16721490.298186526,2161749.0351468064,10545971.883333333,18408569.467787333,2683374.298879334,5221203.8,12081376.204269044,-1638968.6042690454,10073343.066666666,17515878.777481623,2630807.3558517117,5221213.45,12081384.882240226,-1638957.9822402261
399,8369928.166666667,13932497.628534446,2807358.7047988884,7694208.416666667,12965037.134729356,2423379.6986039784,8708290.783333333,14935513.825848721,2481067.7408179445,3518320.7666666666,8089959.223055756,-1053317.6897224225,8369928.166666667,13932497.628534446,2807358.7047988884,3518337.1,8089973.892628543,-1053299.6926285434
400,8746978.033333333,14512864.114069665,2981091.9525970016,8161818.633333334,13700864.239624666,2622773.0270420015,9125780.883333333,15540901.569497757,2710660.19716891,3942147.7666666666,8850609.954434091,-966314.421100758,8746978.033333333,14512864.114069665,2981091.9525970016,3942182.05,8850640.594690155,-966276.4946901565
401,8754466.466666667,15013071.959128506,2495860.974204828,8216768.266666667,14282264.875081804,2151271.6582515296,9336046.033333333,16454910.458211806,2217181.6084548607,4184794.566666667,9607220.638465662,-1237631.5051323273,8754466.466666667,15013071.959128506,2495860.974204828,4186030.183333333,9608332.689375121,-1236272.3227084554
402,8463875.866666667,14320228.493985001,2607523.2393483333,7913865.333333333,13564069.687892802,2263660.978773863,8763560.083333334,15209330.780668546,2317789.3859981215,3830164.6,8710657.133818604,-1050327.9338186034,8463875.866666667,14320228.493985001,2607523.2393483333,3830271.1166666667,8710752.60718025,-1050210.3738469179
403,9336247.933333334,16203798.465482771,2468697.4011838967,8752191.483333332,15430355.732933976,2074027.2337326892,9387006.45,16636788.05910683,2137224.840893169,4525971.0,10552430.117237385,-1500488.1172373844,9336247.933333334,16203798.465482771,2468697.4011838967,4526670.616666666,10553060.940573923,-1499719.70724059
404,9124053.266666668,15577428.83901375,2670677.6943195853,8507844.55,14727894.744592296,2287794.3554077055,9212981.833333334,16113986.04246093,2311977.6242057374,4200160.2,9766260.383653302,-1365939.9836533014,9124053.266666668,15577428.83901375,2670677.6943195853,4200157.466666667,9766257.923600014,-1365942.9902666807
405,9006670.6,15099774.736229856,2913566.4637701446,8401730.433333334,14244343.362293541,2559117.5043731267,8466471.533333333,14615525.304309774,2317417.762356893,3831668.933333333,8589813.256958388,-926475.390291722,9006670.6,15099774.736229856,2913566.4637701446,3831698.45,8589847.105633285,-926450.2056332836
406,9074900.066666666,15189731.153630324,2960068.97970301,8422023.966666667,14205949.295623101,2638098.637710233,8319031.3,14359670.268951438,2278392.331048562,3702991.7333333334,8392887.170789659,-986903.7041229932,9074900.066666666,15189731.153630324,2960068.97970301,3703014.4166666665,8392907.47200919,-986878.6386758559
407,10108668.3,16737804.730248952,3479531.869751049,9373545.783333333,15608601.405411925,3138490.1612547413,9170120.883333333,15530699.861234456,2809541.9054322084,4214720.766666667,9153208.397627026,-723766.8642936936,10108668.3,16737804.730248952,3479531.869751049,4214840.166666667,9153323.040503575,-723642.7071702406
408,9735226.333333334,16361895.367852975,3108557.298813693,8926893.4,15111575.68684706,2742211.11315294,8611375.766666668,14788631.289045315,2434120.244288019,3889996.1333333333,9154496.479596447,-1374504.212929781,9735226.333333334,16361895.367852975,3108557.298813693,3890043.683333333,9154551.255910078,-1374463.8892434114
409,10615349.0,17623152.065627474,3607545.9343725247,9774614.15,16353350.260866974,3195878.0391330263,10032528.066666666,16863215.269134067,3201840.864199266,4774028.133333334,10435321.983766282,-887265.7170996144,10615349.0,17623152.065627474,3607545.9343725247,4774123.883333334,10435407.515288018,-887159.7486213511
410,10891416.566666666,18101796.066617303,3681037.0667160284,10082248.466666667,16883103.676681593,3281393.2566517405,9954987.216666667,16868325.67179749,3041648.761535842,4880421.0,10899191.851674717,-1138349.8516747179,10891416.566666666,18101796.066617303,3681037.0667160284,4880528.533333333,10899287.899855366,-1138230.8331886996
411,11760125.6,19827544.304476377,3692706.8955236226,10889212.466666667,18529695.07292092,3248729.860412417,10813147.583333334,18603672.808893844,3022622.3577728234,5596011.266666667,12801432.393243007,-1609409.8599096742,11760125.6,19827544.304476377,3692706.8955236226,5596011.75,12801432.842711367,-1609409.3427113667
412,10276852.9,17042567.38442248,3511138.415577518,9412924.266666668,15640844.533815129,3185003.9995182063,9355750.183333334,15784241.105318889,2927259.261347777,4831751.3,10743731.300052818,-1080228.7000528192,10276852.9,17042567.38442248,3511138.415577518,4831769.916666667,10743747.902692331,-1080208.069358997
413,10540156.333333334,17500627.557788484,3579685.108878185,9630396.15,15971248.987446446,3289543.3125535557,9690742.566666666,16280751.845985651,3100733.287347682,4734920.966666667,10289329.49314666,-819487.5598133262,10540156.333333334,17500627.557788484,3579685.108878185,4760901.066666666,10313576.004724521,-791773.8713911893
414,11213836.3,18781005.77523605,3646666.824763949,10282199.7,17227337.944924228,3337061.4550757688,10558830.6,17870610.567805547,3247050.632194451,5168805.933333334,11290122.67115812,-952510.8044914529,11213836.3,18781005.77523605,3646666.824763949,5168913.1,11290217.760031251,-952391.560031252
415,12097487.366666667,20411012.068778228,3783962.6645551063,11147153.433333334,18978598.107339185,3315708.7593274815,11750567.2,20049860.860142473,3451273.5398575244,5670804.166666667,13037206.20953669,-1695597.8762033563,12097487.366666667,20411012.068778228,3783962.6645551063,5670806.583333333,13037208.274054538,-1695595.1073878733
416,13265209.066666666,22709039.44382961,3821378.689503722,12274268.65,21254482.286071718,3294055.013928283,12681905.816666666,21958638.34281835,3405173.2905149832,6472050.4,14450750.842065144,-1506650.0420651445,13265209.066666666,22709039.44382961,3821378.689503722,6472123.533333333,14450816.001299145,-1506568.9346324783
417,12457534.566666666,21135943.81965167,3779125.313681662,11551342.566666666,19904465.465847813,3198219.6674855193,12286889.383333333,21042894.02555405,3530884.741112616,6491153.566666666,14254230.268887894,-1271923.1355545614,12457534.566666666,21135943.81965167,3779125.313681662,6492587.083333333,14255507.42906211,-1270333.2623954425
418,12291645.366666667,20778007.725694105,3805283.0076392293,11425364.116666667,19599759.120365962,3250969.11296737,12100251.283333333,20631607.86868872,3568894.697977945,6394508.266666667,14016402.806734055,-1227386.2734007211,12291645.366666667,20778007.725694105,3805283.0076392293,6394484.65,14016381.737750912,-1227412.4377509113
419,11639563.833333334,19781843.139101602,3497284.527565066,10772668.716666667,18586347.769719742,2958989.6636135895,11438185.233333332,19657947.249338612,3218423.217328052,5772128.433333334,13033166.789315626,-1488909.922648958,11639563.833333334,19781843.139101602,3497284.527565066,5772070.083333333,13033114.298480805,-1488974.131814138
420,10946077.066666666,18016703.72995829,3875450.4033750435,10081210.883333333,16749892.77751066,3412528.989156006,10753824.1,17935717.96578886,3571930.2342111394,5993608.533333333,13168740.507758282,-1181523.4410916166,10946077.066666666,18016703.72995829,3875450.4033750435,5993390.4,13168545.16297976,-1181764.3629797595
421,11254998.7,18660879.507981166,3849117.892018833,10388353.8,17417754.067272536,3358953.532727465,11001023.7,18503863.85260099,3498183.547399007,6091026.233333333,13281437.319931615,-1099384.8532649493,11254998.7,18660879.507981166,3849117.892018833,6091041.633333334,13281448.378607593,-1099365.1119409269
422,10964893.266666668,18456997.815684088,3472788.7176492466,10074538.45,17179412.51588192,2969664.384118079,10695782.766666668,18270986.002942253,3120579.530391083,4627336.266666667,9968616.624677096,-713944.0913437614,10964893.266666668,18456997.815684088,3472788.7176492466,4627616.966666667,9968862.429748643,-713628.4964153105
423,11080135.833333334,18769730.815110292,3390540.8515563756,10189649.483333332,17506048.075125255,2873250.8915414084,10841553.25,18583309.379661586,3099797.120338414,4245908.833333333,8755709.233426705,-263891.56676003896,11080135.833333334,18769730.815110292,3390540.8515563756,4245903.8,8755704.831108168,-263897.2311081672
424,10804885.366666667,17914876.893749107,3694893.8395842267,9871112.966666667,16605394.714014571,3136831.2193187624,10542725.833333334,17705526.18616069,3379925.480505977,3991060.8333333335,8124016.292246179,-141894.62557951175,10804885.366666667,17914876.893749107,3694893.8395842267,3990902.8666666667,8123878.494027161,-142072.76069382764
425,11733055.033333333,19510504.942426693,3955605.1242399747,10747869.95,18085892.22269363,3409847.677306369,11398309.35,19126904.23937244,3669714.4606275577,4284001.033333333,8910400.749139518,-342398.68247285206,11733055.033333333,19510504.942426693,3955605.1242399747,4283963.7,8910367.994911723,-342440.5949117234
426,11420158.066666666,18814544.693000052,4025771.4403332807,10397325.45,17265413.08910503,3529237.81089497,11018465.016666668,18228559.039861906,3808370.9934714288,4108936.566666667,8461917.013014384,-244043.87968104938,11420158.066666666,18814544.693000052,4025771.4403332807,4108913.7,8461897.006659605,-244069.60665960517
427,11001393.7,17802368.72364973,4200418.67635027,9970963.883333333,16162279.470799655,3779648.295867011,10419107.366666667,17031764.009577695,3806450.723755639,4075403.3,8377817.143595743,-227010.54359574337,11001393.7,17802368.72364973,4200418.67635027,4075455.9833333334,8377863.224191079,-226951.25752441213
428,10771433.033333333,17285079.13200538,4257786.934661289,9733390.483333332,15621588.89406625,3845192.072600415,10228083.916666666,16556088.588066842,3900079.2452664897,4060055.5,8300019.051723634,-179908.0517236339,10771433.033333333,17285079.13200538,4257786.934661289,4060093.1166666667,8300051.927610502,-179865.69427716872
429,11343980.4,18207663.400833428,4480297.399166575,10220713.716666667,16436374.379172828,4005053.0541605055,10556657.75,17062475.704186805,4050839.7958131973,4482060.933333334,9470078.996287081,-505957.1296204142,11343980.4,18207663.400833428,4480297.399166575,4482074.533333333,9470090.978405122,-505941.91173845436
430,10724134.466666667,17272970.90074915,4175298.032584182,9568211.4,15400838.144125152,3735584.6558748493,10354640.9,16671513.073845733,4037768.726154267,4519238.8,9573920.183663879,-535442.583663879,10724134.466666667,17272970.90074915,4175298.032584182,4519227.533333333,9573910.251245737,-535455.1845790716
431,11099116.933333334,17941357.47022532,4256876.396441348,9908655.416666666,16035461.825116035,3781849.0082172984,10410677.083333334,16817459.98232859,4003894.184338078,4915929.5,10596183.851239417,-764324.8512394177,11099116.933333334,17941357.47022532,4256876.396441348,4915950.35,10596202.291497907,-764301.5914979074
432,11258422.0,18107388.87000356,4409455.129996441,10107567.55,16229164.285089247,3985970.8149107555,10265216.666666666,16581138.121341374,3949295.2119919583,4820488.8,10244048.272527097,-603070.6725270972,11258422.0,18107388.87000356,4409455.129996441,4820482.116666666,10244042.375718413,-603078.1423850805
433,11559165.433333334,18886760.287923045,4231570.578743622,10315530.066666666,16715248.645285916,3915811.4880474163,10459297.066666666,17025185.552073188,3893408.581260144,4471205.633333334,9337172.27161869,-394761.00495202374,11559165.433333334,18886760.287923045,4231570.578743622,4471152.15,9337125.294383232,-394820.99438323174
434,11641034.566666666,18900440.147396803,4381628.985936529,10335402.883333333,16604085.547253914,4066720.2194127506,10322959.083333334,16769897.60084834,3876020.5658183284,4599141.033333333,9608513.881049212,-410231.8143825466,11641034.566666666,18900440.147396803,4381628.985936529,4599616.45,9608932.077851692,-409699.17785169184
435,12004036.166666666,19329487.98676523,4678584.346568106,10785429.433333334,17295488.903336857,4275369.963329811,10637588.933333334,17117099.367284603,4158078.499382062,4728449.033333333,9653172.641616458,-196274.57494979165,12004036.166666666,19329487.98676523,4678584.346568106,4728440.916666667,9653165.556629725,-196283.72329639178
436,11547733.566666666,18554850.075440828,4540617.057892505,10326996.016666668,16509277.101212606,4144714.93212073,9953676.016666668,15966974.667451758,3940377.365881577,4222719.3,8581992.039350193,-136553.4393501943,11547733.566666666,18554850.075440828,4540617.057892505,4222716.866666666,8581989.917715382,-136556.18438204844
437,12421929.466666667,19913988.14444247,4929870.788890863,11237738.216666667,18024020.09659616,4451456.336737174,10740601.016666668,17289353.703819536,4191848.3295137994,5186881.333333333,10833355.991827255,-459593.32516058907,12421929.466666667,19913988.14444247,4929870.788890863,5186888.4,10833362.198394468,-459585.3983944673
438,12531529.666666666,20190469.448515333,4872589.884817997,11428069.533333333,18441947.2256537,4414191.841012968,10837909.333333334,17610629.512090087,4065189.15457658,5073692.366666666,10833090.750150103,-685706.0168167697,12531529.666666666,20190469.448515333,4872589.884817997,5073685.65,10833084.8164423,-685713.5164422989
439,12641465.366666667,20233039.204137553,5049891.529195783,11541005.433333334,18533017.011795253,4548993.854871416,11137844.7,18028352.348295864,4247337.051704135,5142112.933333334,10687237.918053893,-403012.0513872262,12641465.366666667,20233039.204137553,5049891.529195783,5142109.716666667,10687235.089630924,-403015.6562975906
440,12334286.933333334,19374362.25339724,5294211.613269428,11265178.383333333,17834778.311593514,4695578.455073153,10897093.233333332,17437336.15343802,4356850.313228644,5174525.7,10762004.616370954,-412953.21637095325,12334286.933333334,19374362.25339724,5294211.613269428,5174517.333333333,10761997.266042981,-412962.5993763143
441,12558728.566666666,19940737.742744684,5176719.3905886505,11483674.65,18398548.84465121,4568800.45534879,11218607.6,17993398.27822043,4443816.921779567,5411727.066666666,11386886.868391767,-563432.7350584343,12558728.566666666,19940737.742744684,5176719.3905886505,5411725.616666666,11386885.582336789,-563434.3490034565
442,12813197.333333334,20591064.19094714,5035330.475719527,11664788.433333334,18960102.677303072,4369474.189363596,11393837.2,18637602.31648556,4150072.083514436,5336092.566666666,11645193.956646193,-973008.8233128609,12813197.333333334,20591064.19094714,5035330.475719527,5336013.883333334,11645124.06139765,-973096.2947309809
443,14011805.266666668,22632832.80334317,5390777.729990164,12842920.633333333,20895861.351343043,4789979.9153236225,12351174.583333334,20165737.541919164,4536611.6247475045,5675460.866666666,12094259.966176573,-743338.2328432407,14011805.266666668,22632832.80334317,5390777.729990164,5675270.583333333,12094091.906511076,-743550.7398444107
444,14722365.0,24128042.583474584,5316687.416525414,13534042.383333333,22374516.00896085,4693568.757705813,13098305.583333334,21730324.648274794,4466286.518391876,6161912.466666667,13416064.525032457,-1092239.5916991225,14722365.0,24128042.583474584,5316687.416525414,6161973.016666667,13416118.262260344,-1092172.2289270107
445,15007946.8,24770841.455517195,5245052.144482808,13825472.25,23057710.135919116,4593234.364080885,13424258.6,22494106.100910835,4354411.099089166,6506955.366666666,14429201.200804047,-1415290.4674707158,15007946.8,24770841.455517195,5245052.144482808,6507468.85,14429659.904412247,-1414722.204412247
446,14752143.566666666,24149030.558387466,5355256.574945865,13462985.4,22243025.179873712,4682945.620126288,13183649.183333334,21823035.150789272,4544263.215877395,6138048.1,13413649.89230736,-1137553.6923073614,14752143.566666666,24149030.558387466,5355256.574945865,6137884.833333333,13413504.833295718,-1137735.1666290527
447,14834576.533333333,24676530.01061023,4992623.056056434,13673199.833333334,22977135.52280023,4369264.143866438,13647809.066666666,22858097.548124537,4437520.585208796,6506456.1,14440719.12303714,-1427806.9230371406,14834576.533333333,24676530.01061023,4992623.056056434,6506396.166666667,14440665.695590435,-1427873.3622571006
448,14975568.133333333,24908352.78357987,5042783.483086795,13709976.75,22911682.338088073,4508271.161911925,13797051.883333333,22888863.636130966,4705240.130535699,6223080.033333333,13649574.688152557,-1203414.6214858908,14975568.133333333,24908352.78357987,5042783.483086795,6223146.866666666,13649634.12502176,-1203340.391688427
449,14474930.433333334,24210609.717755854,4739251.148910815,13189104.716666667,22171664.752275046,4206544.681058288,13398894.366666667,22333885.081108116,4463903.652225217,5706214.5,12850989.234913189,-1438560.23491319,14474930.433333334,24210609.717755854,4739251.148910815,5706149.566666666,12850931.162913352,-1438632.0295800203
450,14013876.866666667,23658685.730970822,4369068.002362512,12888816.116666667,21934458.951639045,3843173.2816942893,12894670.9,21802876.705869623,3986465.0941303764,5635965.5,12657270.748809211,-1385339.74880921,14013876.866666667,23658685.730970822,4369068.002362512,5635907.833333333,12657219.208026597,-1385403.5413599312
451,14890018.233333332,24967046.394624814,4812990.072041849,13677985.383333333,23123100.45821295,4232870.3084537145,13305454.866666667,22521916.808690052,4088992.924643282,5892031.133333334,13445327.99296754,-1661265.7263008729,14890018.233333332,24967046.394624814,4812990.072041849,5895441.833333333,13448401.034416132,-1657517.3677494666
452,15168435.866666667,26144066.36964683,4192805.3636865057,14029722.966666667,24458972.93899492,3600472.99433841,13823732.433333334,24009780.681594275,3637684.1850723904,6470691.133333334,15109578.03562522,-2168195.768958551,15168435.866666667,26144066.36964683,4192805.3636865057,6470642.666666667,15109534.37410988,-2168249.040776546
453,16021135.533333333,28180744.908949398,3861526.157717271,14969179.35,26714216.630923763,3224142.069076238,14867567.35,26452610.439594116,3282524.260405883,7204017.266666667,17280255.34560479,-2872220.8122714562,16021135.533333333,28180744.908949398,3861526.157717271,7203960.55,17280194.903054863,-2872273.8030548645
454,15870722.5,27959451.45498028,3781993.5450197197,14894560.85,26614831.480382353,3174290.219617646,14620807.166666666,26116458.82301,3125155.5103233308,6996286.133333334,16957250.386581652,-2964678.1199149853,15870722.5,27959451.45498028,3781993.5450197197,6996231.45,16957195.61630045,-2964732.7163004475
455,16201947.166666666,27754330.416571125,4649563.916762207,15147240.783333333,26425166.290930238,3869315.275736429,14468374.133333333,25525658.438392892,3411089.8282737713,6695429.666666667,16305801.949138895,-2914942.61580556,16201947.166666666,27754330.416571125,4649563.916762207,6695384.166666667,16305757.68201748,-2914989.348684144
456,16466916.966666667,28134620.80429114,4799213.129042193,15448882.2,26854605.334476013,4043159.065523986,14730689.45,25954541.40439347,3506837.4956065286,7207569.833333333,16997434.960749313,-2582295.2940826463,16466916.966666667,28134620.80429114,4799213.129042193,7207498.016666667,16997368.219559193,-2582372.1862258604
457,15743750.366666667,27087158.089923948,4400342.643409388,14715876.583333334,25776948.270012718,3654804.89665395,14681301.25,25592717.354803726,3769885.145196276,6489527.933333334,15816029.734547416,-2836973.8678807486,15743750.366666667,27087158.089923948,4400342.643409388,6489512.683333334,15816013.721904078,-2836988.3552374113
458,15227232.7,25936943.829068597,4517521.570931401,14235795.516666668,24665922.09461486,3805668.9387184754,14581612.016666668,24923890.491494782,4239333.541838553,6051029.7,14690220.73894642,-2588161.338946418,15227232.7,25936943.829068597,4517521.570931401,6053402.716666667,14692379.311017094,-2585573.8776837606
459,14777640.833333334,25107834.250971787,4447447.415694879,13859929.45,23912841.10151361,3807017.7984863874,14155350.133333333,24130758.566063575,4179941.70060309,5730780.966666667,13890034.440512896,-2428472.507179562,14777640.833333334,25107834.250971787,4447447.415694879,5731141.733333333,13890361.031521719,-2428077.564855053
460,13805872.7,23248297.850662723,4363447.549337273,12842341.016666668,21901613.57682746,3783068.456505878,12870659.066666666,21745243.358986508,3996074.7743468247,5099066.466666667,12058344.568505745,-1860211.6351724118,13805872.7,23248297.850662723,4363447.549337273,5099254.766666667,12058513.739933714,-1860004.2066003801
461,13893683.6,22396765.408950333,5390601.791049667,12986999.183333334,21154125.037648365,4819873.329018303,13042020.716666667,21070395.676840138,5013645.756493195,5264457.333333333,11721388.950511727,-1192474.2838450614,13893683.6,22396765.408950333,5390601.791049667,5264576.466666667,11721494.543591596,-1192341.6102582635
462,14426134.1,23259831.102965415,5592437.097034587,13529518.866666667,22050924.890456997,5008112.8428763375,13022985.133333333,21293028.81645934,4752941.450207326,5560426.3,12435489.468448065,-1314636.8684480656,14426134.1,23259831.102965415,5592437.097034587,5560604.116666666,12435647.523837237,-1314439.2905039042
463,15248093.733333332,24479267.904619798,6016919.562046865,14410036.066666666,23370932.097481128,5449140.035852205,13695691.0,22350148.720218472,5041233.27978153,5816040.233333333,13164886.864740066,-1532806.3980734004,15248093.733333332,24479267.904619798,6016919.562046865,5816043.783333333,13164889.541761696,-1532801.97509503
464,14618952.833333334,24521508.85075825,4716396.815908417,13784769.55,23422380.84173145,4147158.25826855,12977171.9,22359431.51457481,3594912.2854251917,5677867.966666667,13727922.079394784,-2372186.1460614502,14618952.833333334,24521508.85075825,4716396.815908417,5684143.083333333,13733685.40401981,-2365399.237353144
465,13934206.133333333,22570512.24164134,5297900.025025327,13087532.766666668,21417257.493001603,4757808.040331733,12439681.066666666,20481123.474112123,4398238.65922121,4994426.0,11579954.847150147,-1591102.847150148,13934206.133333333,22570512.24164134,5297900.025025327,4994635.133333334,11580176.563239634,-1590906.2965729665
466,13654365.466666667,22066787.281184778,5241943.652148556,12850834.066666666,20981428.975582562,4720239.157750771,12103586.0,19950121.362372424,4257050.637627576,4876362.866666666,11218311.171307059,-1465585.4379737265,13654365.466666667,22066787.281184778,5241943.652148556,4876402.35,11218345.884165881,-1465541.184165882
467,14336677.966666667,23814593.697171964,4858762.236161372,13531130.716666667,22739953.72283781,4322307.710495524,12902848.25,21894079.86944829,3911616.630551709,5310920.566666666,12833705.480540562,-2211864.3472072296,14336677.966666667,23814593.697171964,4858762.236161372,5311100.35,12833882.529245075,-2211681.8292450765
468,12962936.366666667,21036593.63583319,4889279.097500147,12184538.65,19941793.350523543,4427283.949476457,11809388.2,19372704.27914331,4246072.120856689,4187711.433333333,9814683.347933343,-1439260.481266677,12962936.366666667,21036593.63583319,4889279.097500147,4186191.8333333335,9813316.721254505,-1440933.0545878378
469,13179222.0,21189871.25367236,5168572.746327637,12374073.85,20043857.066590264,4704290.633409736,11689847.55,19079268.39548464,4300426.704515361,4127204.1,9638057.982224185,-1383649.7822241844,13179222.0,21189871.25367236,5168572.746327637,4127075.4833333334,9637948.823793614,-1383797.8571269475
470,12165844.166666666,19632171.88376348,4699516.449569851,11379464.366666667,18447206.045380197,4311722.687953136,10981052.666666666,17771667.08987277,4190438.243460562,3485846.5,8335121.208188092,-1363428.2081880923,12165844.166666666,19632171.88376348,4699516.449569851,3487992.2333333334,8337076.831343128,-1361092.3646764616
471,11413603.266666668,18822043.771148235,4005162.7621850995,10625205.483333332,17620252.667758886,3630158.298907778,10649164.166666666,17463836.00529913,3834492.3280342016,3546516.1,8378622.874395849,-1285590.6743958485,11413603.266666668,18822043.771148235,4005162.7621850995,3547518.0,8379533.1418912355,-1284497.1418912355
472,11697019.6,19069149.322415758,4324889.877584241,10929496.55,17929003.815900315,3929989.284099687,10779111.566666666,17566754.94813308,3991468.18520025,3784901.3,8695691.085776119,-1125888.485776119,11697019.6,19069149.322415758,4324889.877584241,3784719.2,8695523.287192501,-1126084.8871924998
473,11499139.533333333,18633356.496168304,4364922.570498363,10720779.15,17432120.00499436,4009438.295005641,10783412.083333334,17319602.653678358,4247221.512988312,3341226.066666667,7540544.399353262,-858092.2660199278,11499139.533333333,18633356.496168304,4364922.570498363,3341351.316666667,7540653.279066648,-857950.6457333141
474,12563632.0,20548294.782074425,4578969.217925574,11705465.083333334,19135888.877054315,4275041.289612353,11844047.116666667,19152241.76479197,4535852.468541366,3273490.0,6981225.933000898,-434245.93300089845,12563632.0,20548294.782074425,4578969.217925574,3271080.783333333,6979074.200111644,-436912.6334449779
475,13132013.133333333,21452635.242995486,4811391.023671181,12278031.866666667,20061855.876743175,4494207.856590157,12413457.033333333,20034233.411548443,4792680.655118221,3978826.6,8235136.1448803,-277482.94488030067,13132013.133333333,21452635.242995486,4811391.023671181,3979206.6333333333,8235462.561829343,-277049.29516267637
476,13285062.366666667,21492534.093222,5077590.640111335,12427204.2,20119941.56660416,4734466.833395837,12661400.716666667,20153259.233523365,5169542.199809968,4240816.5,8543596.851204116,-61963.8512041159,13285062.366666667,21492534.093222,5077590.640111335,4240815.3,8543595.691331558,-61965.0913315583
477,13380925.433333334,21750298.633642413,5011552.233024254,12539888.166666666,20436883.826316826,4642892.507016506,12811338.05,20552548.460924532,5070127.639075468,4382397.133333334,8932983.370300788,-168189.1036341209,13380925.433333334,21750298.633642413,5011552.233024254,4382407.866666666,8932992.706134425,-168176.972801093
478,13639374.1,22757936.56945525,4520811.63054475,12841574.85,21492200.714387596,4190948.9856124055,13237227.833333334,21766546.59990408,4707909.066762589,3989948.3,7925042.941672491,54853.65832750918,13639374.1,22757936.56945525,4520811.63054475,3989941.8666666667,7925037.35980392,54846.373529413715
479,13996353.533333333,23120498.752115056,4872208.314551609,13194205.45,21877990.306803234,4510420.593196765,13127276.016666668,21644320.600729067,4610231.432604268,4061566.3666666667,7853247.692709407,269885.04062392656,13996353.533333333,23120498.752115056,4872208.314551609,4061587.066666667,7853265.4432540685,269908.69007926574
480,13301657.366666667,22213447.088761434,4389867.6445719,12524174.2,21012633.634740405,4035714.7652595956,12438852.7,20744738.78526864,4132966.614731361,3315098.1333333333,6278238.855392564,351957.4112741025,13301657.366666667,22213447.088761434,4389867.6445719,3315103.783333333,6278243.684557125,351963.882109541
481,13123324.166666666,22004367.11147754,4242281.221855791,12360789.1,20836526.43678625,3885051.76321375,11978998.0,20180554.541732974,3777441.458267024,3225699.8333333335,6054025.054350942,397374.61231572414,13123324.166666666,22004367.11147754,4242281.221855791,3225706.75,6054030.935895229,397382.5641047717
482,13518817.033333333,22502519.29482596,4535114.7718407065,12700082.383333333,21215755.620950624,4184409.1457160413,12145661.433333334,20261574.16276434,4029748.7039023256,3730093.4,7163247.254020914,296939.5459790854,13518817.033333333,22502519.29482596,4535114.7718407065,3730149.65,7163295.425217121,297003.8747828789
483,12864012.033333333,21719624.7731857,4008399.2934809662,12015117.516666668,20307296.459369507,3722938.5739638284,11468600.166666666,19334958.600755893,3602241.7325774375,3222727.6,5973595.665731061,471859.53426893894,12864012.033333333,21719624.7731857,4008399.2934809662,3222496.7666666666,5973400.442310149,471593.0910231848
484,13369137.133333333,22325431.149292193,4412843.117374474,12525817.85,20893309.363791738,4158326.3362082625,12011305.783333333,19943598.22819346,4079013.3384732073,3993853.1,7510300.66749071,477405.5325092911,13369137.133333333,22325431.149292193,4412843.117374474,3994050.4166666665,7510468.396792615,477632.4365407177
485,13372494.533333333,22364637.410188705,4380351.656477962,12492807.6,20849904.082653116,4135711.1173468838,12240611.316666666,20277617.977989312,4203604.655344021,3524153.466666667,6981287.2881122865,67019.64522104757,13372494.533333333,22364637.410188705,4380351.656477962,3524175.5,6981306.347659925,67044.65234007454
486,12867980.0,21742112.759956896,3993847.240043102,12040185.1,20333637.357163478,3746732.8428365206,11337192.966666667,19175220.38377466,3499165.549558672,3559110.8,6948916.181473635,169305.41852636402,12867980.0,21742112.759956896,3993847.240043102,3559252.0833333335,6949072.750450015,169431.41621665237
487,12841414.833333334,21609022.04123306,4073807.625433609,11957082.35,20133261.173812736,3780903.5261872644,11451666.783333333,19275599.94024103,3627733.626425635,3505699.3666666667,6791011.891492311,220386.84184102248,12841414.833333334,21609022.04123306,4073807.625433609,3506158.8333333335,6791428.364064608,220889.30260205967
488,13037970.766666668,21577918.75839557,4498022.774937764,12172934.833333334,20177776.762507286,4168092.904159381,11640265.366666667,19263959.18755398,4016571.545779356,3464821.2666666666,6741576.575182553,188065.9581507803,13037970.766666668,21577918.75839557,4498022.774937764,3464700.4166666665,6741515.562589351,187885.27074398147
489,13361544.5,22345449.17064581,4377639.8293541875,12375139.2,20694427.345118336,4055851.054881663,11479857.6,19254556.12527091,3705159.0747290906,3567556.566666667,7048052.032078791,87061.10125454236,13361544.5,22345449.17064581,4377639.8293541875,3567576.6166666667,7048076.554237276,87076.67909605661
490,12946419.533333333,21821912.218144257,4070926.84852241,11983706.616666667,20233080.441300984,3734332.792032351,10973278.716666667,18588492.543952145,3358064.88938119,3696834.9,7256471.641264752,137198.15873524826,12946419.533333333,21821912.218144257,4070926.84852241,3696853.0833333335,7256503.921405117,137202.24526154995
491,12886089.6,21579135.57467003,4193043.6253299657,11898443.333333334,19900130.650819175,3896756.015847492,11048613.75,18525399.093157634,3571828.406842366,3612695.7333333334,7119565.084573608,105826.38209305936,12886089.6,21579135.57467003,4193043.6253299657,3612659.7333333334,7119541.157563908,105778.30910275877
492,13063084.633333333,21725082.362392694,4401086.904273974,11982300.7,19834760.274855968,4129841.125144031,10851545.616666667,18104152.024999335,3598939.208333997,3040500.033333333,6325478.170619892,-244478.103953226,13063084.633333333,21725082.362392694,4401086.904273974,3040495.933333333,6325474.956747046,-244483.09008037904
493,12989489.366666667,21561529.835289396,4417448.898043936,11842950.883333333,19523840.55593884,4162061.210727824,10889167.3,18029017.56214112,3749317.037858881,3088804.5,6455922.894067387,-278313.8940673871,12989489.366666667,21561529.835289396,4417448.898043936,3088802.4833333334,6455921.534403656,-278316.56773698935
494,13444326.266666668,22238143.45129448,4650509.082038853,12253476.716666667,20160162.70199298,4346790.731340351,11143059.183333334,18477308.67090456,3808809.695762109,2953991.3333333335,6207081.84135768,-299099.17469101306,13444326.266666668,22238143.45129448,4650509.082038853,2954000.4833333334,6207090.399658751,-299089.4329920844
495,13040150.266666668,21777890.781660564,4302409.751672771,11901433.55,19757140.548703432,4045726.5512965685,11039554.3,18408106.149301715,3671002.4506982854,2798766.7666666666,5935216.176017081,-337682.6426837486,13040150.266666668,21777890.781660564,4302409.751672771,2798770.8833333333,5935217.893749346,-337676.1270826794
496,13008445.766666668,21737691.28907288,4279200.244260455,11834709.6,19642655.99946418,4026763.20053582,10894972.2,18241570.487953946,3548373.9120460544,2776572.566666667,5781746.224018147,-228601.09068481345,13008445.766666668,21737691.28907288,4279200.244260455,2776562.8,5781736.804389117,-228611.20438911766
497,11998370.266666668,20606910.71336271,3389829.8199706282,10925057.616666667,18627690.329587232,3222424.903746103,10582647.166666666,17983878.182530668,3181416.1508026635,2433593.0,4922502.090168138,-55316.090168138035,11998370.266666668,20606910.71336271,3389829.8199706282,2433606.3666666667,4922516.475146655,-55303.7418133216
498,12647953.5,21664131.77364023,3631775.226359768,11418474.733333332,19290327.748862214,3546621.7178044515,11239859.516666668,18867983.623750325,3611735.409583009,2386344.8,4811065.8782750275,-38376.27827502834,12647953.5,21664131.77364023,3631775.226359768,2386314.6333333333,4811042.263522897,-38412.99685623078
499,13800771.5,23085388.41718942,4516154.582810579,12428969.633333333,20509783.78731305,4348155.479353615,11843443.783333333,19570767.059993632,4116120.5066730333,3438485.2666666666,7119050.726701166,-242080.19336783234,13800771.5,23085388.41718942,4516154.582810579,3438160.7,7118770.6591902375,-242449.25919023715
500,14078490.933333334,23372204.8842037,4784776.982462969,12626128.95,20685616.320918497,4566641.579081502,11561330.35,19051591.498679236,4071069.2013207646,3372645.2666666666,7049144.367320504,-303853.8339871713,14078490.933333334,23372204.8842037,4784776.982462969,3372571.466666667,7049080.894889098,-303937.96155576454
501,13514589.866666667,22699105.01845599,4330074.714877345,12069181.116666667,19970741.265403662,4167620.9679296734,11327066.666666666,18853072.09996831,3801061.2333650216,2828421.533333333,5891009.687003233,-234166.62033656612,13514589.866666667,22699105.01845599,4330074.714877345,2828260.933333333,5890872.253624403,-234350.3869577367
502,13343109.133333333,22496757.868098404,4189460.3985682614,11836440.366666667,19538198.561389457,4134682.171943877,11162140.833333334,18555378.87220088,3768902.7944657877,2786124.5,5750613.563970422,-178364.56397042237,13343109.133333333,22496757.868098404,4189460.3985682614,2786101.5,5750594.75170976,-178391.75170976017
503,13022569.4,22889154.54520446,3155984.2547955383,11407369.066666666,19586761.665948078,3227976.4673852557,10921171.95,18897022.981902357,2945320.9180976413,2637978.7666666666,5409556.695357811,-133599.16202447796,13022569.4,22889154.54520446,3155984.2547955383,2637960.316666667,5409541.382603414,-133620.7492700806
504,13635201.533333333,23572721.376256898,3697681.6904097665,11977919.2,20186675.534656435,3769162.865343565,11785777.95,19929128.18786812,3642427.7121318784,2774872.3666666667,5732973.452869899,-183228.71953656524,13635201.533333333,23572721.376256898,3697681.6904097665,2774722.9,5732843.430080503,-183397.6300805034
505,13589923.866666667,23525729.642041065,3654118.0912922677,12059225.983333332,20429910.022181492,3688541.9444851726,11994446.05,20246316.018380456,3742576.081619545,2785922.3,5731442.0690734815,-159597.46907348186,13589923.866666667,23525729.642041065,3654118.0912922677,2805613.8833333333,5749968.755923312,-138740.98925664555
506,12931064.733333332,21778568.66090408,4083560.8057625853,11499693.466666667,18946304.183115914,4053082.75021742,11556145.65,19056190.17533002,4056101.1246699793,2541444.3666666667,5236168.839927487,-153280.10659415368,12931064.733333332,21778568.66090408,4083560.8057625853,2541405.783333333,5236137.4932878,-153325.926621133
507,13129213.366666667,22031499.020899594,4226927.712433742,11715817.316666666,19252754.802082904,4178879.831250429,11785037.516666668,19344004.44575707,4226070.587576265,2770860.8666666667,5707208.338598218,-165486.60526488442,13129213.366666667,22031499.020899594,4226927.712433742,2770815.6,5707133.306492723,-165502.1064927224
508,13119365.033333333,22115151.459996924,4123578.6066697426,11820989.566666666,19618629.14195735,4023349.991375981,11630122.0,19343950.436001465,3916293.563998536,2975796.466666667,6119656.928637784,-168063.9953044504,13119365.033333333,22115151.459996924,4123578.6066697426,2975557.4166666665,6119256.311607096,-168141.47827376286
509,13786498.0,23062157.24121669,4510838.7587833125,12500868.916666666,20586484.297748536,4415253.535584796,12306631.366666667,20187287.214059368,4425975.519273968,3062211.4,6381676.33399405,-257253.5339940493,13786498.0,23062157.24121669,4510838.7587833125,3062159.95,6381630.267959876,-257310.36795987608
510,13878074.0,23247923.173552684,4508224.8264473155,12620092.433333334,20825603.360455297,4414581.506211371,12803532.716666667,20943705.70537267,4663359.727960666,3058004.566666667,6408221.552665469,-292212.41933213547,13878074.0,23247923.173552684,4508224.8264473155,3057996.6,6408213.702297858,-292220.5022978578
511,14192191.066666666,23671744.94244679,4712637.19088654,12776924.05,20929665.90705937,4624182.19294063,13054547.233333332,21179439.324325282,4929655.142341382,3085315.8,6442795.84889272,-272164.24889272125,14192191.066666666,23671744.94244679,4712637.19088654,3085313.1,6442793.2857034085,-272167.08570340835
512,14141758.9,23639915.02648811,4643602.77351189,12721746.383333333,20883397.445668876,4560095.3209977895,12917755.683333334,20998406.94255518,4837104.424111487,3047202.533333333,6325011.524069134,-230606.4574024682,14141758.9,23639915.02648811,4643602.77351189,3047197.85,6325007.366615621,-230611.66661562165
513,14883882.533333333,24535813.18347916,5231951.883187508,13509194.45,21996636.455841333,5021752.444158664,13831786.333333334,22259297.184744596,5404275.481922071,3730194.566666667,7609570.712542033,-149181.5792086986,14883882.533333333,24535813.18347916,5231951.883187508,3730195.75,7609571.775324898,-149180.27532489784
514,14913504.733333332,24634505.833701145,5192503.63296552,13449223.1,21939099.58549057,4959346.61450943,13863732.183333334,22352053.404366896,5375410.9622997735,3444713.1666666665,7262604.509269833,-373178.1759364996,14913504.733333332,24634505.833701145,5192503.63296552,3444712.433333333,7262603.74502248,-373178.87835581414
515,14454222.266666668,24076459.161227703,4831985.372105632,13050387.6,21566384.19005938,4534391.009940619,13423658.483333332,21898319.42524343,4948997.541423233,2952076.2333333334,6256068.256342156,-351915.7896754886,14454222.266666668,24076459.161227703,4831985.372105632,2952074.783333333,6256066.964945242,-351917.39827857586
516,14970977.933333334,24751044.443251364,5190911.423415303,13619525.4,22365153.367885776,4873897.432114227,14271493.216666667,23127020.68103346,5415965.752299875,3412560.8666666667,7254832.686573982,-429710.9532406493,14970977.933333334,24751044.443251364,5190911.423415303,3412627.6333333333,7254891.641954657,-429636.3752879896
517,13996845.4,23243782.727146186,4749908.072853813,12824961.2,21176634.16897164,4473288.23102836,13690307.783333333,22358933.548034973,5021682.018631693,3453244.8,7322785.698098283,-416296.0980982841,13996845.4,23243782.727146186,4749908.072853813,3453925.75,7323388.078423772,-415536.57842377154
518,13720351.766666668,22878042.934990637,4562660.598342698,12543320.816666666,20742387.02087011,4344254.612463225,13039240.866666667,21422492.146241482,4655989.587091851,2967304.066666667,6288554.093676649,-353945.96034331527,13720351.766666668,22878042.934990637,4562660.598342698,2967168.3,6288434.350539032,-354097.75053903274
519,14392374.966666667,23711670.50233944,5073079.430993892,13163913.866666667,21477319.04764314,4850508.685690194,14101873.35,22967096.809378028,5236649.890621971,3456176.3333333335,7328610.938630711,-416258.2719640448,14392374.966666667,23711670.50233944,5073079.430993892,3456514.9833333334,7328910.184440453,-415880.2177737858
520,14196149.9,23551460.065770827,4840839.7342291735,13010976.3,21422846.61523564,4599105.984764362,13882489.45,22745731.84461707,5019247.055382928,3160400.566666667,6541385.564770577,-220584.43143724278,14196149.9,23551460.065770827,4840839.7342291735,3160174.683333333,6541187.472495809,-220838.10582914297
521,14191336.766666668,23716815.832977213,4665857.70035612,13142321.183333334,21798915.265820555,4485727.100846114,13191713.116666667,21682393.197161563,4701033.03617177,3060119.4,6433115.045892618,-312876.24589261785,14191336.766666668,23716815.832977213,4665857.70035612,3059725.816666667,6432766.901840541,-313315.2685072068
522,13656909.6,22914360.263642125,4399458.936357873,12626340.216666667,21046574.599224336,4206105.834108999,13005259.55,21481877.908319578,4528641.191680424,2970045.7,6244688.270913078,-304596.8709130781,13656909.6,22914360.263642125,4399458.936357873,2970665.85,6245235.915237984,-303904.21523798304
523,14248835.5,23718239.442606542,4779431.557393458,13213352.833333334,21845828.384893477,4580877.281773191,13243784.533333333,21732505.69099702,4755063.375669645,3024289.8333333335,6372927.295833848,-324347.62916718144,14248835.5,23718239.442606542,4779431.557393458,3024316.316666667,6372950.875450378,-324318.24211704405
524,14169798.066666666,23465862.697964713,4873733.435368618,13203317.7,21724873.064948846,4681762.335051153,12998854.45,21248804.733119503,4748904.166880498,3121293.3333333335,6529979.131679952,-287392.46501328563,14169798.066666666,23465862.697964713,4873733.435368618,3121262.3333333335,6529952.159312418,-287427.49264575075
525,14598960.666666666,24092999.154109336,5104922.1792239975,13780994.65,22604799.925910115,4957189.3740898855,13217137.65,21523399.8008209,4910875.499179102,3515198.7,7337464.748081665,-307067.3480816642,14598960.666666666,24092999.154109336,5104922.1792239975,3518307.6,7340224.89906908,-303609.6990690804
526,15715144.333333334,26474089.216216825,4956199.450449843,14652381.966666667,24483033.07310489,4821730.8602284435,14121342.233333332,23559205.95126524,4683478.515401425,3070965.8333333335,6445710.277587697,-303778.61092102947,15715144.333333334,26474089.216216825,4956199.450449843,3071479.966666667,6446163.819633955,-303203.886300622
527,16074269.633333333,27242810.852338698,4905728.414327968,14931946.566666666,25166763.551478907,4697129.581854425,13479777.616666667,22682046.572569057,4277508.660764279,2698097.8333333335,5494481.3469888605,-98285.680322194,16074269.633333333,27242810.852338698,4905728.414327968,2698071.45,5494455.830674002,-98312.93067400204
528,15759502.733333332,26817211.036040768,4701794.430625897,14606994.966666667,24788337.249636747,4425652.683696587,13514762.7,22782792.770787206,4246732.629212793,2949535.466666667,5914090.188048122,-15019.254714788869,15759502.733333332,26817211.036040768,4701794.430625897,2951012.1166666667,5915380.709111778,-13356.47577844467
529,16067535.033333333,27049483.280553777,5085586.78611289,14977482.0,25121884.778708406,4833079.221291594,13602850.85,22828085.870919034,4377615.829080967,3474638.8666666667,6899257.650757698,50020.08257563459,16067535.033333333,27049483.280553777,5085586.78611289,3474539.783333333,6899172.673022499,49906.893644166645
530,15492150.433333334,26269067.952237073,4715232.914429594,14464578.8,24449735.870068565,4479421.729931438,13123075.3,22235294.129722595,4010856.4702774044,3076476.0,6296520.78031239,-143568.78031239007,15492150.433333334,26269067.952237073,4715232.914429594,3076812.4833333334,6296819.840089247,-143194.8734225803
531,16845077.5,27960088.172389086,5730066.827610914,15730300.416666666,25994928.102943197,5465672.730390133,14637027.95,24223460.310829125,5050595.589170875,4085525.7,8149967.959401147,21083.440598852932,16845077.5,27960088.172389086,5730066.827610914,4085771.8833333333,8150182.208905446,21361.55776122026
532,16157996.433333334,27149906.337111197,5166086.529555472,14964654.4,24990172.05785518,4939136.7421448175,14090671.65,23450265.353847396,4731077.946152605,3077332.2333333334,6433764.873885652,-279100.4072189848,16157996.433333334,27149906.337111197,5166086.529555472,3077200.85,6433649.111711504,-279247.4117115033
533,16569988.366666667,27766790.00345169,5373186.729881644,15186964.366666667,25217009.759285737,5156918.9740475975,14212521.15,23404197.675021525,5020844.624978475,3141244.966666667,6570311.685291622,-287821.7519582878,16569988.366666667,27766790.00345169,5373186.729881644,3141154.9833333334,6570233.381764581,-287923.41509791464
534,16933855.066666666,28250573.76859595,5617136.364737384,15519291.9,25574564.20106186,5464019.598938143,14406983.416666666,23562085.60186945,5251881.231463883,3268062.466666667,6769160.091792436,-233035.15845910227,16933855.066666666,28250573.76859595,5617136.364737384,3268875.816666667,6769883.69144047,-232132.05810713582
535,17513531.733333334,28866855.509811513,6160207.9568551555,15986973.866666667,26004886.637622986,5969061.095710348,15049981.4,24335833.274268065,5764129.525731936,4017101.8,8071952.448372422,-37748.84837242216,17513531.733333334,28866855.509811513,6160207.9568551555,4017231.433333333,8072068.3735575285,-37605.50689086225
536,16984213.1,27416409.286387987,6552016.913612014,15552139.483333332,24838569.026122004,6265709.940544663,14744103.233333332,23503769.355692662,5984437.110974001,4337514.966666667,8537898.306863505,137131.62646982726,16984213.1,27416409.286387987,6552016.913612014,4340271.55,8540298.699803807,140244.40019619372
537,16972746.266666666,27330340.21861031,6615152.314723024,15470898.733333332,24703806.15401496,6237991.312651707,14561010.65,23252682.263640754,5869339.036359247,4046038.2,8050346.154673858,41730.24532614229,16972746.266666666,27330340.21861031,6615152.314723024,4046250.2666666666,8050531.631811412,41968.90152192162
538,16446354.7,26642313.631230347,6250395.768769652,14920996.766666668,23964643.414938718,5877350.118394617,13780550.533333333,22296869.370568056,5264231.696098611,3230600.1,6528136.473917894,-66936.27391789388,16446354.7,26642313.631230347,6250395.768769652,3230645.6333333333,6528176.84565989,-66885.57899322361
539,16949089.3,27204685.4031433,6693493.196856698,15292298.233333332,24330351.33902499,6254245.127641674,14139845.9,22684920.54136926,5594771.2586307395,3262609.3,6554695.981844353,-29477.381844353396,16949089.3,27204685.4031433,6693493.196856698,3273380.716666667,6564899.178758764,-18137.745425430126
540,17065082.1,26618893.374840893,7511270.825159108,15519462.3,24061208.874210536,6977715.725789467,13362317.5,21030336.092365894,5694298.907634105,3626334.2,7411327.189692736,-158658.78969273483,17065082.1,26618893.374840893,7511270.825159108,3633095.95,7417358.922342694,-151167.022342694
541,16038506.866666667,24808541.923606187,7268471.809727145,14454033.85,22294627.86761504,6613439.83238496,12413083.15,19222897.459361255,5603268.840638747,3079532.033333333,6285716.870435671,-126652.80376900453,16038506.866666667,24808541.923606187,7268471.809727145,3079565.25,6285745.953530364,-126615.45353036327
542,15872704.566666666,24501267.83292146,7244141.300411874,14460161.733333332,22246449.096102964,6673874.370563701,12604750.25,19505774.932063807,5703725.567936192,3162636.5,6392160.612736553,-66887.61273655295,15872704.566666666,24501267.83292146,7244141.300411874,3162718.683333333,6392232.078379918,-66794.71171325119
543,16012293.166666666,24768338.007081605,7256248.326251725,14514356.633333333,22439716.880563676,6588996.386102991,12402998.95,19215061.285691507,5590936.614308493,3130479.8666666667,6313717.79355483,-52758.06022149697,16012293.166666666,24768338.007081605,7256248.326251725,3131588.183333333,6314686.3198040845,-51509.953137418255
544,16251283.433333334,25078201.92815175,7424364.93851492,14762774.75,22732064.507406518,6793484.99259348,12390625.65,19181154.00161607,5600097.298383934,3744307.6666666665,7529897.944877343,-41282.611544010695,16251283.433333334,25078201.92815175,7424364.93851492,3744114.966666667,7529729.563180237,-41499.629846903495
545,16005863.366666667,24750049.21421963,7261677.519113703,14436589.133333333,22275158.580441408,6598019.686225259,12202109.95,18893215.257529173,5511004.642470825,3546413.9,6798655.676443517,294172.1235564831,16005863.366666667,24750049.21421963,7261677.519113703,3546327.533333333,6798579.738329371,294075.328337295
546,15312473.733333332,23944153.777053878,6680793.689612789,13676826.633333333,21301540.6163852,6052112.6502814675,12625867.516666668,19625417.83897364,5626317.194359692,3236706.533333333,6462891.408962347,10521.65770431934,15312473.733333332,23944153.777053878,6680793.689612789,3236748.8833333333,6462903.277907134,10594.48875953257
547,15471278.566666666,24101016.820656672,6841540.312676659,13876280.833333334,21546678.64668623,6205883.019980438,12429281.95,19418779.886476997,5439784.013523001,3291160.966666667,6560946.377498955,21375.555834379513,15471278.566666666,24101016.820656672,6841540.312676659,3292073.433333333,6561729.3116266485,22417.555040017236
548,15929357.266666668,24681839.626475878,7176874.906857457,14266939.416666666,22071289.963275574,6462588.870057757,12697280.2,19738046.643191352,5656513.756808646,3885276.6,7699143.418796934,71409.781203066,15929357.266666668,24681839.626475878,7176874.906857457,3885283.716666667,7699147.127662327,71420.30567100598
549,15515252.433333334,24163999.600510456,6866505.26615621,13840897.766666668,21519939.021332316,6161856.512001019,12538034.416666666,19508921.22865382,5567147.604679515,3372129.8333333335,6632231.898996103,112027.76767056435,15515252.433333334,24163999.600510456,6866505.26615621,3372237.783333333,6632322.0019102115,112153.5647564549
550,15669776.866666667,24314209.963573635,7025343.7697597,14216115.2,22077179.869636364,6355050.530363636,12530319.1,19375275.99031053,5685362.209689467,3444105.7333333334,6731075.209648272,157136.25701839523,15669776.866666667,24314209.963573635,7025343.7697597,3443765.3666666667,6730782.056787197,156748.67654613638
551,16079675.3,24820582.124339037,7338768.475660967,14657740.716666667,22621049.157832302,6694432.275501033,13626525.483333332,21099123.099822305,6153927.866844358,4073931.1666666665,7906647.904343009,241214.42899032403,16079675.3,24820582.124339037,7338768.475660967,4073851.3833333333,7906579.785280354,241122.98138631182
552,15470698.733333332,24062310.32293303,6879087.143733636,13965924.933333334,21672911.02364106,6258938.843025607,13088283.05,20219243.469224356,5957322.630775645,3554207.6,6852391.263744274,256023.9362557265,15470698.733333332,24062310.32293303,6879087.143733636,3554139.533333333,6852333.07195165,255945.99471501634
553,16236056.2,24993850.17856385,7478262.221436152,14828152.016666668,22801440.55410403,6854863.479229304,13879611.366666667,21205936.79745398,6553285.935879353,4163460.4,8063283.846240759,263636.9537592414,16236056.2,24993850.17856385,7478262.221436152,4161574.966666667,8061658.324863676,261491.6084696576
554,16136970.233333332,24886952.610447027,7386987.85621964,14828631.716666667,22913501.514800437,6743761.918532895,14151626.083333334,21640355.015697587,6662897.150969082,4329506.3,8284438.165004907,374574.43499509245,16136970.233333332,24886952.610447027,7386987.85621964,4329187.133333334,8284165.7880095,374208.47865716694
555,15477517.333333334,24117382.403593417,6837652.263073251,14185911.183333334,22135840.54103343,6235981.825633239,13276766.6,20550102.46077482,6003430.73922518,3604437.7,6937436.59169555,271438.8083044505,15477517.333333334,24117382.403593417,6837652.263073251,3604602.066666667,6937578.675900203,271625.4574331306
556,15710923.3,24403113.234004326,7018733.365995673,14518981.75,22599495.32582798,6438468.17417202,13180803.766666668,20423081.548185147,5938525.985148188,3672673.3,7000880.502626392,344466.09737360757,15710923.3,24403113.234004326,7018733.365995673,3672975.5833333335,7001140.234457689,344810.93220897764
557,16446333.8,25286820.597561914,7605847.002438087,15234289.2,23480154.985352293,6988423.414647708,13850676.65,21221420.100947067,6479933.199052932,4457995.866666666,8404512.57646393,511479.1568694012,16446333.8,25286820.597561914,7605847.002438087,4458485.633333334,8404931.632658344,512039.63400832284
558,15539172.333333334,24349884.24487671,6728460.421789959,14231032.85,22320598.39166908,6141467.308330921,13042444.15,20246062.771324486,5838825.528675515,3954571.433333333,7469472.177397237,439670.6892694291,15539172.333333334,24349884.24487671,6728460.421789959,3954538.8666666667,7469445.436328544,439632.2970047891
559,16461572.7,25373966.934992682,7549178.465007316,15100071.133333333,23310581.683516383,6889560.583150281,13647803.283333333,21293997.085579097,6001609.481087568,4444879.7,8519607.26433637,370152.13566363,16461572.7,25373966.934992682,7549178.465007316,4444854.1,8519586.758946516,370121.4410534841
560,16643867.766666668,25585403.632410087,7702331.90092325,15205887.533333333,23380180.50298792,7031594.563678743,13963234.066666666,21460271.118135907,6466197.015197427,4080502.2666666666,7756922.929899278,404081.6034340551,16643867.766666668,25585403.632410087,7702331.90092325,4080718.3666666667,7757108.947788009,404327.7855453235
561,16616112.133333333,25707026.6722247,7525197.594441967,15342441.183333334,23809143.922567032,6875738.444099635,14547061.9,22606658.704360686,6487465.095639316,4503260.466666667,8656703.164142206,349817.76919112634,16616112.133333333,25707026.6722247,7525197.594441967,4504537.283333333,8657801.896368586,351272.6702980804
562,16195013.233333332,25095740.05770298,7294286.408963686,14881392.016666668,23150054.563638765,6612729.469694569,14546671.116666667,22493450.07359774,6599892.159735595,4072367.966666667,7807179.785224058,337556.14810927585,16195013.233333332,25095740.05770298,7294286.408963686,4072588.45,7807369.6767737195,337807.2232262804
563,15855019.066666666,24823392.169459343,6886645.963873988,14640456.683333334,23011454.919268664,6269458.447398004,14144937.9,22173399.497544643,6116476.302455358,3989180.9,7638432.641543785,339929.15845621517,15855019.066666666,24823392.169459343,6886645.963873988,3989223.033333333,7638469.688172225,339976.378494442
564,15022322.466666667,23414524.114410333,6630120.818922998,13752707.533333333,21552643.26579414,5952771.800872526,13101764.566666666,20363032.83672616,5840496.296607175,4004345.6333333333,7713713.83797474,294977.4286919264,15022322.466666667,23414524.114410333,6630120.818922998,4004363.6,7713729.900458008,294997.29954199167
565,15792542.366666667,24238909.06837192,7346175.664961413,14571602.166666666,22434190.00997743,6709014.323355903,13862088.633333333,21128430.599094857,6595746.667571809,4529385.333333333,8756132.87679359,302637.7898730757,15792542.366666667,24238909.06837192,7346175.664961413,4529512.416666667,8756243.454344172,302781.3789891619
566,15487603.866666667,23841841.47784534,7133366.255487994,14252909.95,22001667.13042006,6504152.769579939,13367253.716666667,20505607.758414425,6228899.6749189105,4022919.7666666666,7801318.043077799,244521.49025553465,15487603.866666667,23841841.47784534,7133366.255487994,4023230.966666667,7801587.439382903,244874.4939504303
567,15319325.233333332,23594942.651870523,7043707.814796142,13978341.483333332,21589905.8153292,6366777.1513374625,13347090.316666666,20486748.23806062,6207432.395272713,3967887.966666667,7676320.35950124,259455.57383209374,15319325.233333332,23594942.651870523,7043707.814796142,3968049.15,7676460.290134976,259638.00986502366
568,15037307.866666667,22808499.27946075,7266116.453872583,13678696.716666667,20781233.62035857,6576159.812974761,12632131.316666666,19270573.90856004,5993688.7247732915,4036664.033333333,7788745.485009912,284582.58165675355,15037307.866666667,22808499.27946075,7266116.453872583,4036810.283333333,7788871.790075559,284748.7765911068
569,15543426.7,23588922.21079557,7497931.189204427,14386589.416666666,21894719.467826143,6878459.365507189,12806279.866666667,19644535.920506436,5968023.812826898,4080960.6333333333,7889129.697054046,272791.5696126204,15543426.7,23588922.21079557,7497931.189204427,4080877.4,7889058.627785198,272696.17221480096
570,15348867.233333332,23557391.055522956,7140343.411143707,14243180.5,21943732.81492604,6542628.1850739615,12712566.116666667,19300500.775625106,6124631.457708227,4213833.3,8137108.073945252,290558.5260547474,15348867.233333332,23557391.055522956,7140343.411143707,4213823.3,8137097.273142128,290549.3268578714
571,15852406.333333334,24090704.04007112,7614108.626595549,14837488.05,22615662.830890052,7059313.269109949,12665993.05,19327430.514150262,6004555.585849741,4201518.0,8150332.599047611,252703.400952389,15852406.333333334,24090704.04007112,7614108.626595549,4201524.333333333,8150308.16880561,252740.4978610552
572,14934983.3,22785129.51777737,7084837.082222635,13882241.733333332,21209734.46397221,6554749.002694455,12991610.616666667,20167593.95106832,5815627.282265015,4059839.7,7910031.874639854,209647.52536014607,14934983.3,22785129.51777737,7084837.082222635,4060201.3,7910330.895816464,210071.70418353612
573,15324665.8,23430063.986646507,7219267.6133534955,14243272.016666668,21806801.602660984,6679742.43067235,13110655.533333333,20348850.374972947,5872460.691693721,4311472.233333333,8415587.38559217,207357.08107449766,15324665.8,23430063.986646507,7219267.6133534955,4312110.766666667,8416125.19080137,208096.34253196325
574,15059711.733333332,23061643.89555691,7057779.571109751,14124182.583333334,21659486.469003525,6588878.697663144,13569174.333333334,20975096.767940916,6163251.898725754,4717518.666666667,9201035.492781177,234001.8405521568,15059711.733333332,23061643.89555691,7057779.571109751,4717959.316666666,9201407.514777336,234511.1185559975
575,14437641.666666666,22522144.384021267,6353138.949312067,13459833.0,21081164.48180165,5838501.5181983495,13023317.283333333,20594319.360087186,5452315.206579479,4462105.3,8681138.514011303,243072.08598869666,14437641.666666666,22522144.384021267,6353138.949312067,4462151.7,8681178.999467723,243124.40053227823
576,13592166.666666666,21114638.651664905,6069694.681668427,12689906.883333333,19740416.713459603,5639397.053207064,13304192.366666667,21064853.42832272,5543531.305010614,4333389.0,8469275.908976605,197502.09102339484,13592166.666666666,21114638.651664905,6069694.681668427,4333384.983333333,8469272.457670374,197497.5089962934
577,14496882.1,22664771.771765374,6328992.428234627,13410693.85,21060973.24117748,5760414.458822518,13708017.266666668,21781325.770789567,5634708.762543769,4408123.4,8595640.425436473,220606.37456352776,14496882.1,22664771.771765374,6328992.428234627,4408100.5,8595620.601998273,220580.39800172625
578,16202005.233333332,25275211.75764388,7128798.7090227865,15154374.133333333,23754918.92003899,6553829.346627673,14541334.766666668,23021151.534350667,6061517.998982668,4611714.166666667,8926591.63502967,296836.6983036632,16202005.233333332,25275211.75764388,7128798.7090227865,4611675.2,8926558.465083957,296791.9349160427
579,15351743.733333332,24446299.784913167,6257187.681753496,14346851.9,22940936.02604341,5752767.773956589,13704461.233333332,22130334.566887952,5278587.899778713,4433808.733333333,8559694.325122906,307923.1415437609,15351743.733333332,24446299.784913167,6257187.681753496,4433624.75,8559537.25547357,307712.24452642957
580,15747143.066666666,25320621.75930556,6173664.374027774,14489358.6,23439232.780806474,5539484.419193525,13626685.8,22076928.320477195,5176443.279522808,4355650.633333334,8495079.563443633,216221.70322303474,15747143.066666666,25320621.75930556,6173664.374027774,4355642.65,8495073.342566155,216211.95743384678
581,15764674.266666668,25122720.834572375,6406627.698760958,14501562.1,23212172.36990978,5790951.830090223,13792209.066666666,22224808.31406057,5359609.819272766,4323378.7,8451133.173693938,195624.22630606266,15764674.266666668,25122720.834572375,6406627.698760958,4323375.433333334,8451130.475646893,195620.3910197746
582,15053090.133333333,23798550.021674555,6307630.244992111,13789234.016666668,21782871.62624745,5795596.407085885,13443947.716666667,21600570.12565802,5287325.307675312,4268664.166666667,8344105.027234599,193223.30609873543,15053090.133333333,23798550.021674555,6307630.244992111,4268621.233333333,8344069.899249228,193172.5674174386
583,15834344.4,24596603.62180855,7072085.178191448,14510194.316666666,22504255.46007192,6516133.1732614115,14691706.566666666,23058285.325326405,6325127.808006928,4617956.733333333,8947462.324207652,288451.14245901536,15834344.4,24596603.62180855,7072085.178191448,4598231.5,8930097.938885583,266365.0611144174
584,16470133.966666667,25462048.848817177,7478219.084516155,15184431.65,23475525.91035981,6893337.389640191,15145328.083333334,23588690.01613386,6701966.150532808,4613123.833333333,8982475.044399627,243772.62226703856,16470133.966666667,25462048.848817177,7478219.084516155,4613126.133333334,8982477.991051188,243774.2756154798
585,17902781.333333332,27479555.066005178,8326007.600661486,16503577.266666668,25427290.816422332,7579863.716911003,16557337.766666668,25365454.40625097,7749221.1270823665,5281228.8,10540163.681326538,22293.918673462234,17902781.333333332,27479555.066005178,8326007.600661486,5282851.3,10541573.365208471,24129.234791528434
586,16767804.166666666,25861952.366871785,7673655.966461547,15431082.9,23863111.208607648,6999054.591392353,15058625.85,23453417.599470958,6663834.100529043,5374826.866666666,10697644.56900357,52009.16432976164,16767804.166666666,25861952.366871785,7673655.966461547,5375386.483333333,10698129.838457651,52643.12820901442
587,16349150.133333333,25475022.686756417,7223277.579910247,14995032.416666666,23347142.977848575,6642921.855484756,14067770.183333334,22039181.68946485,6096358.67720182,4741596.1,9645207.505177867,-162015.30517786834,16349150.133333333,25475022.686756417,7223277.579910247,4741578.816666666,9645192.288071785,-162034.65473845322
588,16927891.133333333,26317841.296341773,7537940.970324893,15543469.166666666,24233190.999085248,6853747.334248086,15395108.283333333,23651128.709278245,7139087.857388422,4636746.7,9473994.604252161,-200501.2042521611,16927891.133333333,26317841.296341773,7537940.970324893,4636773.016666667,9474016.865388408,-200470.83205507416
589,15912781.166666666,25285623.633598376,6539938.699734956,14568805.583333334,23197758.986018434,5939852.180648232,14197391.916666666,22325933.951472424,6068849.881860909,4633260.133333334,9525403.61635424,-258883.34968757257,15912781.166666666,25285623.633598376,6539938.699734956,4633332.483333333,9525466.270437997,-258801.30377133004
590,15373645.633333333,24499813.720850185,6247477.545816479,14160515.383333333,22608085.49669458,5712945.269972088,13402165.833333334,21320933.74489577,5483397.921770899,4504342.6,9135549.834844474,-126864.63484447356,15373645.633333333,24499813.720850185,6247477.545816479,4504384.783333333,9135588.352956759,-126818.7862900924
591,15904963.333333334,25193658.895272974,6616267.771393694,14680141.283333333,23316801.76186751,6043480.80479916,14330281.933333334,22559555.83182111,6101008.034845556,4524488.0,9221995.225652415,-173019.22565241624,15904963.333333334,25193658.895272974,6616267.771393694,4525074.05,9222510.369896296,-172362.26989629772
592,15959392.6,25318402.210531414,6600382.989468584,14647931.833333334,23283832.934533395,6012030.732133273,14631303.6,23084923.528615758,6177683.67138424,4630550.8,9536760.795931036,-275659.195931036,15959392.6,25318402.210531414,6600382.989468584,4630696.9,9536888.616535852,-275494.816535851
593,15492807.966666667,24493446.777441192,6492169.155892141,14082635.1,22304868.18564583,5860402.014354169,14882271.85,23357132.808585368,6407410.891414633,4640896.933333334,9491144.320229445,-209350.45356277656,15492807.966666667,24493446.777441192,6492169.155892141,4641662.25,9491813.406854596,-208488.906854596
594,15967462.0,24849242.960606903,7085681.039393097,14401230.5,22424936.32200128,6377524.677998723,15164751.333333334,23534541.557748906,6794961.10891776,4600087.133333334,9390659.687409896,-190485.42074322794,15967462.0,24849242.960606903,7085681.039393097,4600085.783333333,9390656.48997093,-190484.92330426257
595,16630406.8,26156228.469022986,7104585.130977016,14903355.166666666,23359539.798024543,6447170.535308789,15234038.416666666,23857430.92870319,6610645.904630145,4354891.666666667,8848935.461079061,-139152.127745728,16630406.8,26156228.469022986,7104585.130977016,4354933.1,8848969.592863236,-139103.3928632373
596,15004968.033333333,24129906.05400966,5880030.0126570035,13350674.883333333,21337102.981691018,5364246.784975646,13573248.866666667,21720135.215857655,5426362.517475679,4302227.3,8704064.31244203,-99609.71244203113,15004968.033333333,24129906.05400966,5880030.0126570035,4302453.916666667,8704261.047863387,-99353.21453005355
597,15146752.833333334,24407056.05953178,5886449.607134886,13504870.216666667,21622018.8121708,5387721.621162533,13605127.85,21898527.15311402,5311728.546885977,4405161.433333334,9049906.59022371,-239583.72355704196,15146752.833333334,24407056.05953178,5886449.607134886,4405503.65,9050207.519088104,-239200.21908810362
598,15219033.8,24386300.347048003,6051767.252951998,13654317.0,21752472.792182535,5556161.207817464,13424833.283333333,21477949.069437522,5371717.497229144,4319718.4,8839096.233796082,-199659.43379608076,15219033.8,24386300.347048003,6051767.252951998,4319913.6,8839266.623074673,-199439.4230746748
599,14025716.633333333,22950765.564188927,5100667.702477738,12593264.35,20468810.20027022,4717718.49972978,12922670.633333333,21097407.545500666,4747933.721166,4376659.433333334,9113535.89204495,-360217.0253782831,14025716.633333333,22950765.564188927,5100667.702477738,4376761.55,9113625.541013801,-360102.44101380184
600,14729424.833333334,23732737.95196964,5726111.714697028,13262308.5,21243868.78830324,5280748.211696761,13233360.066666666,21218345.51741285,5248374.615920482,4420859.1,9245915.447303042,-404197.2473030435,14729424.833333334,23732737.95196964,5726111.714697028,4421185.883333334,9246203.070935827,-403831.3042691583
601,14286164.866666667,23227345.14580203,5344984.587531306,12708810.55,20548340.214643672,4869280.885356328,12878717.45,20663823.256694153,5093611.643305847,4628078.5,9631475.307556566,-375318.3075565649,14286164.866666667,23227345.14580203,5344984.587531306,4628637.9,9631967.404805163,-374691.6048051622
602,14402820.0,23487278.075644813,5318361.924355185,12582525.316666666,20341173.091418568,4823877.541914765,12759763.95,20552996.81120518,4966531.088794822,4351903.966666667,9141472.704405043,-437664.77107170876,14402820.0,23487278.075644813,5318361.924355185,4351913.166666667,9141480.917373396,-437654.58404006343
603,14367516.6,23568405.352235198,5166627.847764799,12619127.183333334,20535608.33963019,4702646.027036476,12956705.183333334,20863451.489686474,5049958.876980195,3967210.1,8571804.570945328,-637384.3709453284,14367516.6,23568405.352235198,5166627.847764799,3968032.183333333,8572534.76355377,-636470.3968871036
604,14379371.633333333,24299337.35356212,4459405.913104545,12671070.85,21117284.90945379,4224856.790546209,13329923.566666666,21921626.013223488,4738221.120109845,3896100.533333333,8406851.349947147,-614650.2832804797,14379371.633333333,24299337.35356212,4459405.913104545,3895929.45,8406700.25339834,-614841.3533983398
605,13505126.866666667,23037803.42839455,3972450.304938784,11885367.266666668,19942740.366987117,3827994.1663462203,12903745.966666667,21504656.11264202,4302835.820691314,3922893.1333333333,8489948.111901807,-644161.8452351396,13505126.866666667,23037803.42839455,3972450.304938784,3922894.3333333335,8489950.293933446,-644161.6272667791
606,13997150.333333334,23592204.16841858,4402096.498248087,12446330.483333332,20625173.639259942,4267487.327406722,12681057.2,21060710.692945804,4301403.707054195,3791184.5,8199391.444485111,-617022.4444851112,13997150.333333334,23592204.16841858,4402096.498248087,3791204.9833333334,8199410.2556949975,-617000.2890283307
607,13871192.866666667,23316175.424908385,4426210.3084249515,12302300.583333334,20322822.750033163,4281778.4166335035,12548666.833333334,20820703.8484243,4276629.8182423655,3779941.2666666666,8150051.878624238,-590169.3452909049,13871192.866666667,23316175.424908385,4426210.3084249515,3780071.6166666667,8150168.691808907,-590025.4584755744
608,13389863.633333333,22758553.9570664,4021173.309600264,11936684.966666667,20033898.605703652,3839471.3276296835,12342363.366666667,20673790.910290822,4010935.823042511,3789674.4,8248855.004995026,-669506.2049950263,13389863.633333333,22758553.9570664,4021173.309600264,3789881.316666667,8249040.361143883,-669277.7278105491
609,12467281.766666668,21545507.228605762,3389056.304727571,11224936.133333333,19169688.354241386,3280183.9124252805,11396944.466666667,19478208.78114766,3315680.1521856757,3425049.566666667,7214907.685676328,-364808.55234299414,12467281.766666668,21545507.228605762,3389056.304727571,3426431.25,7216131.558974211,-363269.0589742111
610,13475114.0,22953701.40262825,3996526.5973717477,12123181.533333333,20467514.40934587,3778848.6573207984,12290591.333333334,20668056.9391707,3913125.7274959683,3548107.2333333334,7529087.671245152,-432873.2045784849,13475114.0,22953701.40262825,3996526.5973717477,3548226.933333333,7529195.0527628325,-432741.18609616626
611,13779072.0,23230992.570853096,4327151.4291469045,12304835.066666666,20506712.65734145,4102957.4759918842,12011373.883333333,20247227.413331278,3775520.353335388,3541035.1,7548915.525800228,-466845.32580022747,13779072.0,23230992.570853096,4327151.4291469045,3542684.6166666667,7550383.420335168,-465014.1870018346
612,12594503.333333334,21938572.99905783,3250433.6676088404,11082211.716666667,19056712.99624472,3107710.4370886115,11117617.383333333,19065692.49302254,3169542.273644128,3574462.1666666665,7668577.405484183,-519653.07215084974,12594503.333333334,21938572.99905783,3250433.6676088404,3575827.6166666667,7669790.057884602,-518134.8245512685
613,12331964.166666666,21633582.508088022,3030345.8252453078,10843057.183333334,18791728.030923195,2894386.33574347,11755833.333333334,19922079.96234099,3589586.7043256806,3524897.2333333334,7430742.836903371,-380948.3702367046,12331964.166666666,21633582.508088022,3030345.8252453078,3528134.45,7433613.374648189,-377344.4746481888
614,12439730.833333334,21673058.68714691,3206402.9795197565,11073003.766666668,19046034.350340076,3099973.1829932583,12005547.916666666,20154601.634056453,3856494.1992768785,3573031.8333333335,7387855.670096882,-241792.00343021424,12439730.833333334,21673058.68714691,3206402.9795197565,3573185.2666666666,7387990.204597064,-241619.67126373108
615,13116662.433333334,22461779.452582177,3771545.4140844904,11736771.35,19830754.8847454,3642787.8152546,12922227.933333334,21785687.09237984,4058768.774286831,3658299.2666666666,7598701.687384902,-282103.15405156836,13116662.433333334,22461779.452582177,3771545.4140844904,3658762.066666667,7599108.990036131,-281584.8567027971
616,12728603.533333333,21932573.031899124,3524634.034767544,11393594.283333333,19377230.23476642,3409958.3319002455,12765027.85,21628504.442309886,3901551.257690111,3545267.033333333,7242735.150771918,-152201.0841052509,12728603.533333333,21932573.031899124,3524634.034767544,3545498.7,7242939.8489354085,-151942.4489354086
617,13304811.866666667,22609234.812505614,4000388.9208277203,11890396.133333333,19977364.96072454,3803427.3059421238,12974987.683333334,21753644.829788834,4196330.536877833,3629513.7,7481527.797838023,-222500.39783802303,13304811.866666667,22609234.812505614,4000388.9208277203,3630205.45,7482134.533580557,-221723.63358055707
618,13463164.566666666,22834916.47066487,4091412.662668463,11925604.15,19951111.842553124,3900096.457446879,13083987.533333333,21943285.48166109,4224689.585005578,3630672.1333333333,7409045.046868822,-147700.78020215547,13463164.566666666,22834916.47066487,4091412.662668463,3631013.3,7409343.680168705,-147317.08016870543
619,13024683.166666666,22316535.17553759,3732831.157795742,11627576.533333333,19725240.294448555,3529912.77221811,12172238.15,20520167.144702565,3824309.155297436,3641658.8666666667,7509849.907760562,-226532.17442722898,13024683.166666666,22316535.17553759,3732831.157795742,3640074.0166666666,7508461.029417902,-228312.99608456856
620,13591165.3,22936695.848109297,4245634.751890706,12239444.483333332,20478299.171597622,4000589.7950690435,12288435.2,20455057.67868157,4121812.7213184265,3647318.9,7505417.31662338,-210779.51662338106,13591165.3,22936695.848109297,4245634.751890706,3650314.8,7508060.275805393,-207430.6758053936
621,13722786.633333333,23330248.39024149,4115324.8764251787,12348345.0,20744757.245376453,3951932.754623549,13030366.983333332,22184379.29933949,3876354.667327177,3577803.2,7288559.719388159,-132953.31938815815,13722786.633333333,23330248.39024149,4115324.8764251787,3578029.3833333333,7288760.062182883,-132701.2955162162
622,13556030.366666667,23135069.790045947,3976990.9432873875,12326407.2,20738511.606707655,3914302.7932923436,12852144.966666667,21742445.14841553,3961844.7849178053,3779263.566666667,7523141.25619043,35385.877142903395,13556030.366666667,23135069.790045947,3976990.9432873875,3779890.5,7523689.255845863,36091.74415413663
623,12643201.5,21222850.69970178,4063552.3002982195,11448393.983333332,19084794.407578576,3811993.5590880886,12107028.9,20109793.61838941,4104264.1816105926,3837115.0,7507901.688810039,166328.3111899607,12643201.5,21222850.69970178,4063552.3002982195,3837683.05,7508403.107280317,166962.99271968286
624,14503390.8,24328608.74698034,4678172.853019664,13312794.65,22322864.041574083,4302725.2584259175,11836961.333333334,19419537.54455392,4254385.122112747,3703868.6,7351213.573010741,56523.62698925892,14503390.8,24328608.74698034,4678172.853019664,3704457.4166666665,7351723.795817651,57191.03751568217
625,14528632.066666666,24741109.28979922,4316154.843534112,13392982.35,22868787.49595028,3917177.204049716,11876052.8,19561103.72073583,4191001.879264172,3542441.033333333,7111387.121183445,-26505.054516778328,14528632.066666666,24741109.28979922,4316154.843534112,3542706.55,7111612.114442013,-26199.01444201311
626,13992925.166666666,23767202.310447287,4218648.022886045,12900291.95,21898562.439558603,3902021.4604413956,11622976.616666667,19264056.994579595,3981896.2387537397,3559931.7333333334,7164764.552718436,-44901.08605176909,13992925.166666666,23767202.310447287,4218648.022886045,3560174.283333333,7164975.936211126,-44627.36954445997
627,13530167.2,23104109.57718609,3956224.8228139095,12444416.333333334,21229360.379903965,3659472.2867627013,11460620.4,19202397.73009385,3718843.06990615,3487695.7,7208036.928356078,-232645.52835607808,13530167.2,23104109.57718609,3956224.8228139095,3487870.466666667,7208189.658745395,-232448.72541206144
628,13530523.966666667,22915147.01535234,4145900.917980995,12500354.9,21168381.723423455,3832328.076576546,11081358.616666667,18552093.870958503,3610623.362374832,4182462.6666666665,8544315.6162656,-179390.28293226706,13530523.966666667,22915147.01535234,4145900.917980995,4182417.6333333333,8544276.188299658,-179440.92163299164
629,13674467.266666668,23151529.004857957,4197405.52847538,12601001.133333333,21341844.758993894,3860157.5076727737,11408264.533333333,19147478.87323423,3669050.1934324345,4224134.266666667,8510824.24524944,-62555.711916107684,13674467.266666668,23151529.004857957,4197405.52847538,4224142.016666667,8510843.014259836,-62558.980926502496
630,13443342.866666667,22819163.64635804,4067522.086975295,12302775.016666668,20856750.893082928,3748799.140250407,11268531.533333333,18959553.97266713,3577509.093999535,4120581.6,8371179.970861694,-130016.77086169412,13443342.866666667,22819163.64635804,4067522.086975295,4122163.95,8372558.257938662,-128230.35793866124
631,13165850.233333332,22308713.93011875,4022986.536547914,12052876.916666666,20398777.277191073,3706976.5561422585,11381966.283333333,19232638.231792007,3531294.3348746607,4137832.8,8433471.889262978,-157806.28926297836,13165850.233333332,22308713.93011875,4022986.536547914,4137830.466666667,8433470.43431107,-157809.50097773504
632,13453150.866666667,22746919.88408813,4159381.8492452055,12219692.35,20636748.3305576,3802636.3694424015,11448773.066666666,19317390.920006193,3580155.2133271378,4238376.033333333,8626064.794260833,-149312.727594167,13453150.866666667,22746919.88408813,4159381.8492452055,4238345.483333333,8626035.259220563,-149344.29255389515
633,13417274.733333332,22816596.36641701,4017953.1002496555,12222866.983333332,20771496.599618226,3674237.3670484386,11336884.75,19162015.329926766,3511754.1700732345,4217364.933333334,8626035.192341454,-191305.32567478716,13417274.733333332,22816596.36641701,4017953.1002496555,4217319.5,8625994.359774172,-191355.3597741723
634,13786282.3,22941320.56767327,4631244.032326732,12570361.45,20922123.057918273,4218599.842081727,11730205.883333333,19459633.409101613,4000778.357565053,4111902.7666666666,8417610.626217566,-193805.09288423415,13786282.3,22941320.56767327,4631244.032326732,4111883.9,8417595.44244284,-193827.64244284062
635,13700683.566666666,22922718.09888851,4478649.034444822,12452323.4,20856964.873397537,4047681.926602464,11203432.7,18700271.79799474,3706593.6020052563,4067027.0,8344803.273901877,-210749.273901877,13700683.566666666,22922718.09888851,4478649.034444822,4067013.1666666665,8344790.9143808,-210764.58104746742
636,13566934.4,22615256.208432138,4518612.591567861,12156728.316666666,20230871.122274213,4082585.511059121,11429940.283333333,18975720.129916694,3884160.4367499733,3935908.2,8045696.7936862055,-173880.39368620468,13566934.4,22615256.208432138,4518612.591567861,3935920.9833333334,8045708.315217396,-173866.348550729
637,13881929.766666668,23030624.951355767,4733234.581977569,12277759.9,20312888.18349278,4242631.616507219,11332825.633333333,18760152.64795056,3905498.618716106,3852085.066666667,7866056.729315776,-161886.5959824426,13881929.766666668,23030624.951355767,4733234.581977569,3852165.966666667,7866125.608899516,-161793.67556618247
638,14081870.333333334,23336750.89838396,4826989.768282706,12428354.166666666,20537048.783608887,4319659.549724444,11294932.266666668,18666378.257704,3923486.275629334,3923678.7,8110567.810406958,-263210.4104069574,14081870.333333334,23336750.89838396,4826989.768282706,3923811.6333333333,8110683.102081432,-263059.8354147654
639,14354100.566666666,23575517.33779054,5132683.795542793,12761674.45,20893729.07844487,4629619.821555132,11784242.75,19267559.204258498,4300926.295741503,4106552.3333333335,8429321.056731652,-216216.39006498596,14354100.566666666,23575517.33779054,5132683.795542793,4106377.15,8429167.23561806,-216412.9356180611
640,14067247.3,23142721.97978445,4991772.620215552,12609639.0,20717422.93718352,4501855.062816478,11524332.55,19014957.608130485,4033707.4918695176,4008116.5,8249829.058456605,-233596.0584566053,14067247.3,23142721.97978445,4991772.620215552,4008126.0833333335,8249838.009971978,-233585.84330531163
641,13659567.933333334,22647077.488972675,4672058.377693992,12347187.866666667,20428686.09796636,4265689.635366972,11484572.95,19081576.66506932,3887569.2349306773,4255494.2,8718791.554733181,-207803.154733181,13659567.933333334,22647077.488972675,4672058.377693992,4255583.8,8718873.575271264,-207705.97527126502
642,14531842.833333334,23809841.950910453,5253843.715756215,13081979.516666668,21419662.602158636,4744296.431174697,11983715.916666666,19778266.12910002,4189165.704233312,4056408.4,8357694.8056253735,-244878.00562537322,14531842.833333334,23809841.950910453,5253843.715756215,4055837.933333333,8357197.30019097,-245521.43352430454
643,14199067.233333332,23455502.473436236,4942631.993230429,12928910.666666666,21417373.74596998,4440447.587363349,11721888.4,19396612.544837415,4047164.2551625846,3869120.1,7979774.3671468515,-241534.16714685084,14199067.233333332,23455502.473436236,4942631.993230429,3868717.55,7979423.527485626,-241988.4274856262
644,14601450.4,23988631.137827866,5214269.662172137,13302780.4,21862402.140096597,4743158.6599034015,11727855.066666666,19289429.096844032,4166281.0364893014,4039238.2666666666,8205406.341357315,-126929.80802398128,14601450.4,23988631.137827866,5214269.662172137,4038186.216666667,8204486.8417367935,-128114.40840345994
645,14256876.8,23263867.52341096,5249886.076589042,12933781.433333334,21058399.680414375,4809163.186252292,12537348.016666668,20276251.494801834,4798444.538531499,4201253.666666667,8506990.388255663,-104483.05492232833,14256876.8,23263867.52341096,5249886.076589042,4201215.016666667,8506958.565659512,-104528.53232617863
646,13852332.233333332,22846098.01359731,4858566.453069357,12315297.383333333,20268431.73789774,4362163.028768925,11576549.05,19035948.02132421,4117150.0786757907,3904665.7333333334,8049841.371131811,-240509.90446514403,13852332.233333332,22846098.01359731,4858566.453069357,3903898.966666667,8049169.991071957,-241372.05773862358
647,14308154.8,22851313.40175134,5764996.198248664,12878230.716666667,20645589.266544003,5110872.166789331,12268223.25,19540114.432323165,4996332.067676834,4109376.6333333333,8286825.132639198,-68071.86597253103,14308154.8,22851313.40175134,5764996.198248664,4110096.4166666665,8287908.516947645,-67715.68361431174
648,14222721.166666666,22791547.637086764,5653894.696246566,12972349.683333334,20865380.090073276,5079319.276593391,12169079.133333333,19381880.669172846,4956277.59749382,3901671.466666667,7937855.754283978,-134512.82095064363,14222721.166666666,22791547.637086764,5653894.696246566,3901274.216666667,7937100.318758965,-134551.88542563142
649,15029379.633333333,24110637.25643573,5948122.010230934,13587680.983333332,21873220.856385965,5302141.110280699,11908273.466666667,19011659.107770525,4804887.8255628105,4584082.433333334,8863968.02859125,304196.838075418,15029379.633333333,24110637.25643573,5948122.010230934,4584056.066666666,8863939.327915791,304172.80541754235
650,15778606.166666666,25619807.41785734,5937404.915475989,13817451.683333334,22360919.428415872,5273983.938250795,12280210.0,19841687.604489345,4718732.395510654,4101022.3666666667,8107341.006703182,94703.72663015127,15778606.166666666,25619807.41785734,5937404.915475989,4101160.8666666667,8107508.47123998,94813.26209335262
651,16497341.566666666,26489306.256201986,6505376.877131347,14543082.15,23293581.347644784,5792582.952355219,12825726.483333332,20547416.510660443,5104036.4560062215,4499567.066666666,8647151.851418208,351982.28191512404,16497341.566666666,26489306.256201986,6505376.877131347,4499576.083333333,8647170.012981236,351982.15368543053
652,16324029.9,26135269.91751896,6512789.88248104,14427205.016666668,22965160.24035632,5889249.792977015,12629568.616666667,20152416.77318629,5106720.460147046,4414191.8,8581729.62046652,246653.97953347955,16324029.9,26135269.91751896,6512789.88248104,4414197.666666667,8581717.403376667,246677.92995666713
653,16570419.633333333,26534471.69246911,6606367.574197557,14796349.683333334,23620575.054157585,5972124.312509082,12838424.783333333,20498617.746399872,5178231.820266795,4793839.966666667,9276901.328774087,310778.6045592455,16570419.633333333,26534471.69246911,6606367.574197557,4793852.366666666,9276898.263862226,310806.4694711063
654,15212336.766666668,24957567.486742355,5467106.04659098,13629206.716666667,22331436.10112144,4926977.332211893,11863106.233333332,19457149.483954564,4269062.982712101,4445534.633333334,8794187.765390188,96881.50127648003,15212336.766666668,24957567.486742355,5467106.04659098,4445631.916666667,8794273.439108396,96990.394224938
655,14447942.233333332,23705361.24636472,5190523.220301947,12975111.583333334,21362268.567930132,4587954.598736536,10859367.416666666,17829558.540271424,3889176.2930619083,4478000.833333333,8687471.8958064,268529.77086026594,14447942.233333332,23705361.24636472,5190523.220301947,4477999.416666667,8687477.165194128,268521.6681392053
656,14631826.266666668,24428512.08701392,4835140.446319416,13056735.483333332,21808290.389497675,4305180.57716899,10952208.083333334,18401686.240780313,3502729.9258863553,4070929.533333333,8030199.577208456,111659.48945821077,14631826.266666668,24428512.08701392,4835140.446319416,4071008.1166666667,8030266.362908142,111749.87042519124
657,14042706.0,23198357.719581276,4887054.280418724,12581320.916666666,20941860.01747726,4220781.815856071,10361997.366666667,17164590.97442218,3559403.758911157,4023553.8,7887961.18250547,159146.41749452986,14042706.0,23198357.719581276,4887054.280418724,4023690.7,7888080.1460764995,159301.2539235009
658,13714187.633333333,22507956.892167106,4920418.374499558,12382194.116666667,20433910.596632496,4330477.63670084,10587087.083333334,17495433.824332908,3678740.342333762,4361888.4,8440691.219358357,283085.5806416441,13714187.633333333,22507956.892167106,4920418.374499558,4361356.116666666,8440233.717355227,282478.51597810537
659,13870963.533333333,22786939.039061338,4954988.027605331,12504259.683333334,20635336.28998389,4373183.076682777,10659772.95,17555592.346434105,3763953.5535658924,4106952.1333333333,8034041.568644436,179862.698022231,13870963.533333333,22786939.039061338,4954988.027605331,4107456.8833333333,8034477.976477028,180435.79018963873
660,14187167.7,23243208.723593235,5131126.676406762,12725196.566666666,20944177.20791609,4506215.925417245,11424468.533333333,18785462.581281394,4063474.485385271,3932009.8333333335,7758797.276159234,105222.39050743217,14187167.7,23243208.723593235,5131126.676406762,3932431.216666667,7759299.086328838,105563.34700449603
661,15123765.366666667,24822521.882722557,5425008.850610776,13373248.566666666,22062088.63896697,4684408.494366363,11679058.383333333,19195229.349142693,4162887.4175239746,3644928.6333333333,7250808.048436413,39049.21823025355,15123765.366666667,24822521.882722557,5425008.850610776,3645739.533333333,7251434.56228739,40044.50437927665
662,14633820.833333334,24166368.585216872,5101273.0814497955,12902986.75,21407585.732187845,4398387.767812155,11326086.4,18784809.851528283,3867362.9484717175,3928205.4,7675744.949134082,180665.85086591868,14633820.833333334,24166368.585216872,5101273.0814497955,3928239.9833333334,7675781.261481095,180698.70518557122
663,13827620.566666666,22817765.062477905,4837476.0708554275,12094368.016666668,20048239.06424497,4140496.9690883635,10816982.666666666,18045749.25781755,3588216.0755157806,3365412.5,6947953.581117668,-217128.5811176682,13827620.566666666,22817765.062477905,4837476.0708554275,3365284.1666666665,6947841.591166267,-217273.2578329346
664,14147644.8,23399180.92170336,4896108.678296642,12366060.183333334,20597309.00477636,4134811.3618903095,10702172.466666667,17769048.801513214,3635296.131820121,4038151.9,7845804.424830422,230499.37516957847,14147644.8,23399180.92170336,4896108.678296642,4038328.0166666666,7845963.632576926,230692.400756408
665,14923775.666666666,24646153.055474505,5201398.277858825,13040075.85,21669433.8399393,4410717.860060699,11179315.216666667,18517235.235802855,3841395.197530479,3967269.4,7638718.887188343,295819.91281165695,14923775.666666666,24646153.055474505,5201398.277858825,3967112.6333333333,7638584.758215444,295640.50845122244
666,14047202.666666666,23187895.724349573,4906509.608983759,12351138.15,20486729.688661404,4215546.611338596,10769436.933333334,17790685.507272065,3748188.3593946034,3839994.933333333,7394913.289229024,285076.57743764156,14047202.666666666,23187895.724349573,4906509.608983759,3841993.5166666666,7396638.395875363,287348.63745797006
667,14341477.2,23925026.24805922,4757928.15194078,12747503.733333332,21468158.0623095,4026849.404357165,10812437.233333332,17860867.96091497,3764006.5057516964,4048524.1,7747831.180104675,349217.01989532495,14341477.2,23925026.24805922,4757928.15194078,4048731.05,7748008.655765631,349453.4442343684
668,13579379.033333333,22755822.366167136,4402935.700499533,12017461.733333332,20329347.224867433,3705576.2417992325,10493607.433333334,17446138.031350195,3541076.8353164736,3749871.8333333335,7244864.854140878,254878.8125257888,13579379.033333333,22755822.366167136,4402935.700499533,3751004.3,7245841.48355094,256167.11644905945
669,13879258.066666666,23019904.242308483,4738611.89102485,12232646.7,20460562.621102337,4004730.778897661,10820139.266666668,17915948.47274803,3724330.060585304,4229341.733333333,8091643.484837593,367039.9818290742,13879258.066666666,23019904.242308483,4738611.89102485,4229397.6,8091691.613859573,367103.5861404259
670,14408148.6,23901177.18566615,4915120.014333848,12818187.75,21440701.981931385,4195673.518068615,11229048.266666668,18444017.36655256,4014079.1667807726,4023410.466666667,7811249.5538146105,235571.37951872312,14408148.6,23901177.18566615,4915120.014333848,4023465.816666667,7811297.48444872,235634.14888461446
671,14876359.133333333,24814128.61539463,4938589.651272036,13148237.616666667,22183468.140220836,4113007.0931124985,11073123.316666666,18177857.85757063,3968388.7757627033,3955036.6,7763088.050054073,146985.1499459264,14876359.133333333,24814128.61539463,4938589.651272036,3954885.9,7762958.435528465,146813.36447153473
672,14340172.166666666,23869456.140832305,4810888.192501029,12897697.6,21680136.902780805,4115258.2972191945,10954655.516666668,18004556.224416647,3904754.808916689,3250407.1333333333,6352670.732589021,148143.5340776448,14340172.166666666,23869456.140832305,4810888.192501029,3250624.783333333,6352859.721507631,148389.84515903518
673,14364847.4,23911672.052763,4818022.747236999,12764050.05,21384795.54929607,4143304.5507039316,10361140.333333334,17087342.65028828,3634938.016378387,3120930.433333333,6155112.35230325,86748.514363416,14364847.4,23911672.052763,4818022.747236999,3120837.6,6155031.946757981,86643.25324201956
674,13682081.266666668,22965026.665494572,4399135.867838763,12246829.216666667,20700917.991458334,3792740.4418750014,9750304.9,16268535.71967642,3232074.0803235816,3191042.3,6397114.41234006,-15029.812340060715,13682081.266666668,22965026.665494572,4399135.867838763,3191288.1666666665,6397328.444199777,-14752.110866444185
675,12634045.833333334,21260878.747642823,4007212.9190238453,11390938.7,19415277.17008038,3366600.2299196217,8830436.233333332,14520016.664598664,3140855.8020680007,3221221.8333333335,6400191.989186341,42251.6774803265,12634045.833333334,21260878.747642823,4007212.9190238453,3221234.75,6400203.05336572,42266.44663428003
676,12271628.8,20743149.67834503,3800107.921654973,10966155.433333334,18813033.774657175,3119277.092009492,8879539.333333334,14727648.525515523,3031430.141151144,3116034.6333333333,6175994.574199716,56074.69246695051,12271628.8,20743149.67834503,3800107.921654973,3116472.933333333,6176374.353855062,56571.512811603956
677,13000317.366666667,22157125.361104727,3843509.3722286075,11502369.65,19721879.57712982,3282859.7228701804,9530465.216666667,16167215.105720326,2893715.3276130063,2979943.7333333334,5897215.362726875,62672.10393979214,13000317.366666667,22157125.361104727,3843509.3722286075,2980011.3666666667,5897273.832800996,62748.90053233737
678,13782893.5,23241477.769160077,4324309.230839923,12121627.533333333,20492824.49132333,3750430.575343337,10191814.916666666,17138532.16019963,3245097.6731337,2908954.1333333333,5666361.758044154,151546.50862251222,13782893.5,23241477.769160077,4324309.230839923,2908220.05,5665729.052360212,150711.04763978673
679,14410331.2,23824471.3346181,4996191.0653818995,12581696.083333334,20766640.36363487,4396751.8030317975,10715733.766666668,17571037.333911967,3860430.1994213676,2924298.2,5689335.183736596,159261.21626340412,14410331.2,23824471.3346181,4996191.0653818995,2924373.783333333,5689400.2815936655,159347.2850730014
680,13815386.3,22870178.63916205,4760593.960837953,11912393.7,19689712.460126065,4135074.939873933,10558813.833333334,17381090.64414858,3736537.022518087,2895030.9,5580582.829585596,209478.97041440383,13815386.3,22870178.63916205,4760593.960837953,2895411.466666667,5580909.674672481,209913.25866085337
681,13398505.6,22043703.494329765,4753307.705670234,11603711.433333334,19049682.077527627,4157740.7891390417,10927116.033333333,18006099.058217973,3848133.008448693,3047354.5,5973887.503122443,120821.49687755667,13398505.6,22043703.494329765,4753307.705670234,3048430.2333333334,5974818.725560566,122041.74110610038
682,13498211.833333334,22047512.691151522,4948910.975515148,11742431.733333332,19211336.471844576,4273526.994822087,10935272.883333333,18062793.251386482,3807752.5152801825,3154670.7666666666,6304548.680557489,4792.85277584428,13498211.833333334,22047512.691151522,4948910.975515148,3154642.4833333334,6304526.37106508,4758.595601586625
683,13128739.4,21660246.18065475,4597232.61934525,11577698.5,19160747.224818543,3994649.7751814555,10874579.416666666,18114701.18115457,3634457.6521787625,3439438.1,6617037.512313429,261838.68768657092,13128739.4,21660246.18065475,4597232.61934525,3284973.85,6439336.026160558,130611.67383944243
684,13427133.166666666,21988003.54948289,4866262.7838504445,11759682.866666667,19275986.523188468,4243379.210144866,11152800.85,18453090.486850843,3852511.2131491555,3155585.533333333,6356770.142104666,-45599.07543799933,13427133.166666666,21988003.54948289,4866262.7838504445,3155619.1,6356799.7601030655,-45561.560103065334
685,13835765.566666666,22701697.225831926,4969833.907501407,12168186.65,20010735.472436808,4325637.827563193,11502769.6,18908166.926150996,4097372.273849004,3347749.033333333,6549378.471277511,146119.5953891552,13835765.566666666,22701697.225831926,4969833.907501407,3344628.75,6546680.40427496,142577.09572503995
686,14023072.633333333,22799664.262294948,5246481.004371719,12583833.85,20562551.498854604,4605116.201145395,12100177.35,19628327.046681087,4572027.653318911,3191327.1,6367670.436273476,14983.763726524077,14023072.633333333,22799664.262294948,5246481.004371719,3191347.05,6367688.729590914,15005.370409085415
687,14211175.9,23134743.484541208,5287608.315458795,12721776.733333332,20866945.899457343,4576607.567209321,12180159.866666667,19891320.288719654,4468999.444613681,3525919.8,6894712.664952266,157126.9350477336,14211175.9,23134743.484541208,5287608.315458795,3526666.9,6895363.85549227,157969.94450772973
688,13826777.2,23196199.713230222,4457354.686769774,12497357.5,21086984.665564783,3907730.334435219,12233323.816666666,20741373.287092693,3725274.346240638,3072175.533333333,6001045.8953954615,143305.1712712054,13826777.2,23196199.713230222,4457354.686769774,3071610.15,6000561.202113014,142659.09788698563
689,13642179.233333332,23003593.25834643,4280765.208320232,12276780.033333333,20762434.234689556,3791125.831977112,12199845.883333333,20583602.888514187,3816088.8781524776,2901869.566666667,5698280.390241297,105458.74309203727,13642179.233333332,23003593.25834643,4280765.208320232,2901862.9833333334,5698274.765503874,105451.20116279228
690,13094824.6,22023978.99577754,4165670.204222461,11767671.833333334,19787584.504615873,3747759.162050793,11948639.416666666,20131557.732020356,3765721.101312978,3113143.5,5981839.382835211,244447.61716478877,13094824.6,22023978.99577754,4165670.204222461,3113087.0,5981796.234067388,244377.7659326126
691,13036667.266666668,22022352.059480295,4050982.4738530386,11652483.233333332,19685484.565985087,3619481.9006815767,11529895.366666667,19357399.628020402,3702391.105312933,3221994.433333333,6142350.49747376,301638.36919290666,13036667.266666668,22022352.059480295,4050982.4738530386,3221871.216666667,6142246.629208092,301495.8041252424
692,12489293.733333332,21130236.683383495,3848350.7832831684,11160830.4,18873740.762926653,3447920.0370733477,10968407.516666668,18561177.82017634,3375637.2131569954,3109605.933333333,5899302.580338854,319909.28632781236,12489293.733333332,21130236.683383495,3848350.7832831684,3109544.9,5899251.142986318,319838.6570136822
693,13091542.733333332,22076347.77715601,4106737.6895106565,11990727.75,20334154.522322074,3647300.9776779246,11839290.966666667,19953900.770375285,3724681.162958049,3266109.066666667,6262692.86907853,269525.2642548033,13091542.733333332,22076347.77715601,4106737.6895106565,3265860.7333333334,6262480.33918821,269241.12747845706
694,13177541.066666666,22177499.74464579,4177582.3886875436,12036055.15,20350906.17779065,3721204.1222093515,11507356.35,19425088.83127994,3589623.8687200565,3968173.2333333334,7778526.062611494,157820.40405517258,13177541.066666666,22177499.74464579,4177582.3886875436,3968089.283333333,7778454.907661252,157723.65900541423
695,13331761.7,22448742.25271775,4214781.147282252,12337294.15,20914848.133556504,3759740.166443497,11760172.7,19900293.92034962,3620051.4796503764,3827066.2333333334,7539462.84144506,114669.62522160634,13331761.7,22448742.25271775,4214781.147282252,3827138.8,7539521.078645469,114756.52135453094
696,12766100.7,21725684.64381252,3806516.75618748,11679299.783333333,20017777.343921054,3340822.2227456123,11300070.016666668,19196827.43810367,3403312.595229665,3175058.433333333,6311257.879359819,38858.9873068477,12766100.7,21725684.64381252,3806516.75618748,3172230.0833333335,6308816.495573839,35643.67109282827
697,12208559.433333334,20846520.836701833,3570598.0299648326,11106098.866666667,19074857.91715667,3137339.816176664,10646207.583333334,18219410.249353457,3073004.9173132107,2969755.3666666667,5940790.725751398,-1279.9924180652015,12208559.433333334,20846520.836701833,3570598.0299648326,2969743.65,5940787.337978914,-1300.0379789141007
698,12249835.266666668,21000285.612922966,3499384.9204103705,10947707.0,18933479.76051448,2961934.239485522,10361436.183333334,17919854.926085625,2803017.4405810423,2521834.3,4892598.63284218,151069.9671578193,12249835.266666668,21000285.612922966,3499384.9204103705,2516739.1666666665,4888150.891540461,145327.4417928718
699,12170482.933333334,20951056.442601256,3389909.424065411,10912795.716666667,18966715.077607095,2858876.3557262374,10263700.083333334,17919681.383311592,2607718.783355076,2591433.566666667,4941886.631711165,240980.50162216835,12170482.933333334,20951056.442601256,3389909.424065411,2591022.6333333333,4941515.817835967,240529.44883069955
700,12009923.466666667,20793450.852984343,3226396.080348991,10706145.066666666,18664673.001482792,2747617.1318505425,10212376.283333333,17870923.723405402,2553828.8432612633,2679189.8,5049313.34032501,309066.2596749896,12009923.466666667,20793450.852984343,3226396.080348991,2679208.5,5049327.800143084,309089.19985691644
701,12370629.1,21302790.29449293,3438467.905507071,11013709.65,19113286.716496453,2914132.583503547,10092458.1,17514726.53513497,2670189.664865029,2667633.7,5064160.025315966,271107.3746840344,12370629.1,21302790.29449293,3438467.905507071,2668021.966666667,5064493.09559381,271550.83773952397
702,11761336.0,20470929.92693254,3051742.07306746,10388186.4,18235449.14201859,2540923.6579814116,9558556.05,16792927.38388229,2324184.716117708,2179093.066666667,4091771.9769799546,266414.15635337913,11761336.0,20470929.92693254,3051742.07306746,2177966.1166666667,4090807.335202862,265124.89813047135
703,11866829.8,20627150.865973897,3106508.734026104,10375145.8,18193641.524472326,2556650.0755276764,9879508.133333333,17301277.252028987,2457739.014637678,2367833.566666667,4414612.443198309,321054.6901350247,11866829.8,20627150.865973897,3106508.734026104,2367777.566666667,4414562.34325891,320992.79007442435
704,11996222.533333333,20814272.69978404,3178172.366882624,10580315.016666668,18496879.90634558,2663750.1269877553,10023776.083333334,17472092.572696537,2575459.59397013,2363944.466666667,4498498.274094176,229390.65923915803,11996222.533333333,20814272.69978404,3178172.366882624,2363747.8333333335,4498324.981596068,229170.68507059943
705,12655766.666666666,21478116.989734877,3833416.343598455,11234262.85,19223033.7214225,3245491.9785774965,11018241.983333332,18940826.621992454,3095657.344674213,2361110.066666667,4505771.863672458,216448.26966087613,12655766.666666666,21478116.989734877,3833416.343598455,2361252.9166666665,4505887.8743731305,216617.95896020206
706,13328658.7,22190434.47755832,4466882.92244168,11917721.916666666,19992731.440112982,3842712.39322035,11732464.816666666,19796898.600702576,3668031.0326307556,2912501.6666666665,5930537.745889024,-105534.41255569085,13328658.7,22190434.47755832,4466882.92244168,2912627.4166666665,5930653.66653399,-105398.83320065634
707,13146056.9,22007633.10541773,4284480.69458227,11805550.3,19958970.062659398,3652130.537340602,11831367.533333333,19919616.031521015,3743119.0351456506,2764501.6,5675896.387463875,-146893.1874638754,13146056.9,22007633.10541773,4284480.69458227,2765459.533333333,5676741.874049365,-145822.80738269817
708,13299231.133333333,22198302.370788746,4400159.895877918,11894262.35,19952167.765536718,3836356.934463281,12192912.016666668,20367091.478260517,4018732.55507282,2507575.8333333335,5337338.81713927,-322187.1504726033,13299231.133333333,22198302.370788746,4400159.895877918,2505963.15,5335853.781751602,-323927.48175160214
709,13250873.2,22140085.68371655,4361660.716283448,11854162.4,19956152.548830874,3752172.2511691255,12112813.9,20274836.26859587,3950791.531404131,2692370.566666667,5431056.680532372,-46315.54719903832,13250873.2,22140085.68371655,4361660.716283448,2688828.816666667,5427945.209989235,-50287.57665590057
710,13439335.466666667,22678567.61408191,4200103.319251424,12103018.25,20589015.294853516,3617021.205146482,11788508.316666666,19950707.42959003,3626309.203743303,2622138.533333333,5305372.434235511,-61095.367568845395,13439335.466666667,22678567.61408191,4200103.319251424,2623359.45,5306439.825907178,-59720.92590717785
711,12696754.033333333,21622080.994365856,3771427.072300812,11393775.333333334,19520591.15400476,3266959.512661907,11267068.7,19351941.949405428,3182195.4505945705,3033482.2,6021113.058895408,45851.3411045922,12696754.033333333,21622080.994365856,3771427.072300812,3036837.6,6024111.075571004,49564.12442899635
712,12845025.566666666,21354020.272177096,4336030.861156236,11630876.6,19532923.884599328,3728829.3154006694,11317774.7,18988825.895405784,3646723.5045942143,2926655.0,5850904.826476283,2405.173523717094,12845025.566666666,21354020.272177096,4336030.861156236,2926884.05,5851099.812630983,2668.2873690160923
713,12871989.2,21550713.02061169,4193265.379388308,11715978.5,19889883.79525644,3542073.2047435595,10959370.95,18423149.524450175,3495592.375549824,3133278.3666666667,6227466.814806439,39089.91852689395,12871989.2,21550713.02061169,4193265.379388308,3128092.216666667,6222910.347867711,33274.085465622135
714,12132611.2,20577241.05644639,3687981.34355361,11054560.05,18966950.556121726,3142169.543878276,10328638.583333334,17559978.80689718,3097298.3597694878,2823821.966666667,5844886.919400278,-197242.98606694397,12132611.2,20577241.05644639,3687981.34355361,2830582.25,5850956.677166765,-189792.17716676462
715,11593793.566666666,19625528.290637344,3562058.8426959887,10398229.8,17773604.706828382,3022854.8931716196,10358370.833333334,17639599.960620318,3077141.706046351,2756625.466666667,5878485.560595231,-365234.627261898,11593793.566666666,19625528.290637344,3562058.8426959887,2756658.0833333335,5878509.6794380285,-365193.512771362
716,12157842.033333333,20413327.689804684,3902356.376861982,10938607.616666667,18657251.41162534,3219963.8217079947,10530828.05,17741788.423547518,3319867.676452484,2718634.033333333,5739486.583769878,-302218.5171032124,12157842.033333333,20413327.689804684,3902356.376861982,2718673.8666666667,5739516.612897167,-302168.87956383405
717,12364631.8,20862445.925253976,3866817.6747460254,11180952.0,19117903.432573967,3244000.5674260324,10735044.75,18159973.862728246,3310115.6372717563,3171372.566666667,6511823.732856579,-169078.5995232449,12364631.8,20862445.925253976,3866817.6747460254,3171981.6166666667,6512352.495365465,-168389.2620321312
718,12789352.2,21652711.166140843,3925993.2338591553,11459044.35,19779377.860520348,3138710.8394796494,10882931.9,18312870.448994547,3452993.3510054527,3014536.1,6285988.484662898,-256916.28466289723,12789352.2,21652711.166140843,3925993.2338591553,3014797.2,6286209.655760181,-256615.25576018076
719,14220978.8,23626330.550351612,4815627.049648391,12924291.95,21815557.999743737,4033025.900256263,11585446.666666666,19242273.86178963,3928619.4715437023,3680597.033333333,7608149.298686225,-246955.23201955855,14220978.8,23626330.550351612,4815627.049648391,3680687.5833333335,7608225.693992793,-246850.52732612565
720,13370195.966666667,22570227.131521054,4170164.801812278,12445811.233333332,21139504.366930358,3752118.099736307,11002991.2,18204619.604179878,3801362.7958201217,2882109.533333333,6622498.796211236,-858279.7295445697,13370195.966666667,22570227.131521054,4170164.801812278,2882035.25,6622435.899156526,-858365.3991565253
721,12708916.533333333,21206716.892712876,4211116.17395379,12003074.05,20057807.56566947,3948340.534330532,10805142.516666668,17826054.241273273,3784230.7920600614,2802691.6666666665,6473442.503994456,-868059.1706611225,12708916.533333333,21206716.892712876,4211116.17395379,2797873.5,6469075.65767014,-873328.6576701407
722,12680272.3,21244434.51415027,4116110.0858497303,11839737.7,19883604.27215448,3795871.12784552,11548733.866666667,19092550.4652742,4004917.2680591345,2851905.066666667,6663028.05757747,-959217.924244137,12680272.3,21244434.51415027,4116110.0858497303,2851695.95,6662841.058879225,-959449.1588792247
723,12079615.533333333,20176184.6622851,3983046.4043815667,11375473.533333333,18998511.491496634,3752435.5751700317,11215985.75,18525136.474908344,3906835.0250916546,3033348.1666666665,6682199.861666502,-615503.5283331694,12079615.533333333,20176184.6622851,3983046.4043815667,3030224.816666667,6679403.6057829745,-618953.9724496403
724,12872536.5,21264539.574759476,4480533.425240524,11935305.616666667,19709861.195352547,4160750.0379807884,11416526.75,18680150.447135873,4152903.052864127,2806195.7,6362452.246587377,-750060.8465873762,12872536.5,21264539.574759476,4480533.425240524,2806655.4166666665,6362864.6826528665,-749553.849319533
725,12872949.266666668,21347464.902420223,4398433.63091311,11966350.033333333,19859753.219027422,4072946.847639242,11337187.466666667,18676030.095650073,3998344.8376832595,2866321.966666667,6331849.224220175,-599205.2908868422,12872949.266666668,21347464.902420223,4398433.63091311,2866398.0,6331916.470572483,-599120.4705724833
726,11526092.5,19012104.52280724,4040080.4771927577,10766340.866666667,17840095.057270586,3692586.676062748,10514344.75,17294198.818550903,3734490.6814490966,2852474.1666666665,6289662.507466555,-584714.1741332212,11526092.5,19012104.52280724,4040080.4771927577,2852786.6,6289942.618353065,-584369.4183530649
727,11688574.4,19324382.67758424,4052766.1224157615,10898301.766666668,18107720.558750123,3688882.9745832104,10181927.45,16791738.590505064,3572116.309494934,2948735.8333333335,6222958.342787985,-325486.6761213178,11688574.4,19324382.67758424,4052766.1224157615,2948761.4,6222981.159065548,-325458.359065549
728,12097139.7,20168145.307936728,4026134.0920632686,11386687.783333333,19091593.401235305,3681782.1654313635,10060133.583333334,16468312.76467643,3651954.4019902395,3066990.3,6271129.026870107,-137148.42687010719,12097139.7,20168145.307936728,4026134.0920632686,3066753.65,6270923.039989004,-137415.73998900363
729,12522886.433333334,20673000.841504175,4372772.025162492,11616664.066666666,19271867.12610138,3961461.0072319536,10142734.866666667,16325589.734276973,3959879.9990563616,3106393.2,6102859.226879107,109927.17312089307,12522886.433333334,20673000.841504175,4372772.025162492,3106384.3,6102851.802505344,109916.79749465594
730,12288169.933333334,20248144.22220591,4328195.644460757,11376438.283333333,18807944.80089911,3944931.765767554,10561715.1,16996716.987987734,4126713.212012263,2954663.566666667,5814308.110883199,95019.02245013462,12288169.933333334,20248144.22220591,4328195.644460757,2953762.1166666667,5813528.04206898,93996.19126435369
731,12014217.866666667,19664971.065929696,4363464.6674036365,11119894.55,18223962.700418137,4015826.3995818626,10798344.666666666,17429432.639379695,4167256.693953635,2855629.0,5521397.424928911,189860.57507108944,12014217.866666667,19664971.065929696,4363464.6674036365,2855106.6666666665,5520948.828050189,189264.50528314477
732,11563892.133333333,19025913.179240584,4101871.087426082,10696203.45,17673126.17220107,3719280.7277989276,10935885.683333334,17765148.19067139,4106623.1759952744,2714747.433333333,5225808.320601057,203686.5460656085,11563892.133333333,19025913.179240584,4101871.087426082,2715906.0833333335,5226811.053149072,205001.11351759452
733,11903271.966666667,19567781.97776278,4238761.955570553,11032646.65,18118624.63214113,3946668.6678588735,10731196.733333332,17371844.655691583,4090548.8109750813,2630192.0,5015114.87249659,245269.12750340998,11903271.966666667,19567781.97776278,4238761.955570553,2629690.033333333,5014685.939995525,244694.126671141
734,12816404.566666666,21120483.009752154,4512326.123581179,11743773.066666666,19288918.709772415,4198627.423560918,10723524.066666666,17264024.364937395,4183023.76839594,2614971.9,4960025.987435533,269917.8125644671,12816404.566666666,21120483.009752154,4512326.123581179,2634099.6333333333,4978112.211150689,290087.05551597755
735,11033160.733333332,18109537.36125498,3956784.105411685,10230438.0,16783881.088900566,3676994.911099433,10019591.266666668,16088915.3797065,3950267.153626835,2621815.033333333,5001504.180755928,242125.88591073826,11033160.733333332,18109537.36125498,3956784.105411685,2621452.816666667,5001194.41702926,241711.21630407358
736,10441536.5,17171582.139312327,3711490.860687671,9629100.933333334,15835468.10844105,3422733.758225618,8995828.733333332,14491031.741410706,3500625.7252559587,2650069.6666666665,4994314.26200199,305825.0713313427,10441536.5,17171582.139312327,3711490.860687671,2648843.9,4993265.907900251,304421.8920997479
737,10755661.566666666,17782734.445839018,3728588.6874943143,9801848.416666666,16172065.480012309,3431631.3533210224,9061422.25,14856874.062592274,3265970.4374077264,2571085.2333333334,4829864.44297846,312306.02368820645,10755661.566666666,17782734.445839018,3728588.6874943143,2570309.7666666666,4829204.591685444,311414.94164788956
738,11111904.366666667,18569337.877928026,3654470.85540531,10003449.966666667,16601327.898242889,3405572.0350904446,9216303.716666667,15261687.951919474,3170919.48141386,2592305.4,4838948.109469858,345662.6905301418,11111904.366666667,18569337.877928026,3654470.85540531,2591534.2,4838293.002963508,344775.3970364928
739,10715803.866666667,17407623.16763752,4023984.565695814,9566229.8,15560210.60474404,3572248.995255963,9499476.783333333,15505383.053420244,3493570.5132464226,2602571.8,4806583.357028958,398560.24297104124,10715803.866666667,17407623.16763752,4023984.565695814,2602608.55,4806614.506074216,398602.5939257839
740,10538589.8,17150298.122322395,3926881.477677604,9436657.266666668,15402461.527880073,3470853.0054532615,9506596.866666667,15539415.017327886,3473778.7160054483,2495336.7333333334,4613281.377967943,377392.08869872335,10538589.8,17150298.122322395,3926881.477677604,2495230.5,4613196.944582448,377264.05541755166
741,11123795.433333334,18270089.17107629,3977501.695590378,9867974.75,16175074.410586063,3560875.0894139362,9299708.75,15240111.311999828,3359306.1880001714,2453990.066666667,4504290.385609951,403689.7477233829,11123795.433333334,18270089.17107629,3977501.695590378,2454671.25,4504868.434559047,404474.06544095255
742,10013930.6,17077038.89629592,2950822.30370408,9020540.383333333,15451180.970989674,2589899.7956769904,9335811.266666668,15719009.164201677,2952613.3691316573,1966350.0333333334,3640991.4100330826,291708.6566335843,10013930.6,17077038.89629592,2950822.30370408,1965652.1833333333,3640404.8775246036,290899.4891420631
743,10331926.233333332,17043874.117161002,3619978.349505662,9120921.05,15023330.971303385,3218511.1286966177,8552315.116666667,14034692.356898919,3069937.8764344156,2061075.5333333334,3795959.225901764,326191.84076490323,10331926.233333332,17043874.117161002,3619978.349505662,2058828.2833333334,3794071.2868003226,323585.2798663443
744,9270776.233333332,15095170.7682335,3446381.6984331654,8299092.816666666,13625510.254358346,2972675.378974987,8015396.616666666,13271137.366656946,2759655.8666763864,1972684.9333333333,3682128.823259884,263241.0434067827,9270776.233333332,15095170.7682335,3446381.6984331654,1972652.6666666667,3682140.908547635,263164.42478569807
745,9652211.466666667,15655128.648618206,3649294.2847151263,8713874.833333334,14229575.511664845,3198174.155001822,8332456.333333333,13651113.100276344,3013799.5663903235,2109217.6,3923266.3122242778,295168.8877757224,9652211.466666667,15655128.648618206,3649294.2847151263,2109128.3666666667,3923189.626761265,295067.10657206806
746,10426843.9,17061059.66305645,3792628.136943548,9397365.733333332,15497496.592962332,3297234.873704333,9394931.75,15415023.1299605,3374840.3700394994,2284134.6,4168903.8841552963,399365.31584470393,10426843.9,17061059.66305645,3792628.136943548,2284487.2333333334,4169215.152330704,399759.3143359625
747,11203355.166666666,18411435.361955825,3995274.971377506,10005672.366666667,16435332.884233942,3576011.849099392,9235398.666666666,15190693.394547522,3280103.93878581,2304812.7333333334,4193586.88878119,416038.5778854769,11203355.166666666,18411435.361955825,3995274.971377506,2304248.6166666667,4193126.197141846,415371.0361914872
748,10759111.1,17590699.64037478,3927522.5596252177,9497067.116666667,15573737.711869817,3420396.521463518,9622241.566666666,15776743.45923945,3467739.6740938826,2472268.4,4486541.996650234,457994.8033497664,10759111.1,17590699.64037478,3927522.5596252177,2472236.9833333334,4486514.605933228,457959.3607334392
749,10275636.6,16757916.813925251,3793356.386074747,9106861.283333333,14879158.630292043,3334563.9363746233,9896996.566666666,16170514.743369034,3623478.3899642993,2345488.533333333,4305714.845771709,385262.2208949567,10275636.6,16757916.813925251,3793356.386074747,2345297.933333333,4305553.146826275,385042.7198403913
750,10113422.033333333,16520027.150873581,3706816.9157930855,9017091.083333334,14794447.023910794,3239735.1427558726,10017044.15,16368729.129545122,3665359.1704548784,2820450.6333333333,5127819.157361874,513082.1093047918,10113422.033333333,16520027.150873581,3706816.9157930855,2820385.1166666667,5127761.972627085,513008.2607062487
751,9445820.966666667,15216409.804659108,3675232.128674226,8486056.35,13713412.17027691,3258700.52972309,8962259.333333334,14587064.584579635,3337454.0820870334,2791968.5,5069116.682756269,514820.3172437302,9445820.966666667,15216409.804659108,3675232.128674226,2792113.5,5069236.158248253,514990.84175174637
752,10076798.433333334,16439941.885729188,3713654.980937479,9047676.683333334,14751469.487366155,3343883.8793005114,9811159.25,16099804.085431818,3522514.414568183,2492384.8,4532231.171674546,452538.42832545354,10076798.433333334,16439941.885729188,3713654.980937479,2492866.25,4532632.703162916,453099.79683708353
753,9605107.766666668,15523404.573055796,3686810.960277538,8551065.583333334,13790949.734462436,3311181.4322042316,9410130.683333334,15297033.192313245,3523228.1743534226,2545053.2666666666,4603422.197149998,486684.33618333563,9605107.766666668,15523404.573055796,3686810.960277538,2545657.7666666666,4603925.949989028,487389.58334430447
754,9869472.7,16017584.530798424,3721360.8692015735,8774652.183333334,14181561.506114181,3367742.860552487,9979029.85,16178339.75577143,3779719.944228569,2667828.2666666666,4810579.867049846,525076.6662834873,9869472.7,16017584.530798424,3721360.8692015735,2669984.1333333333,4812380.8126579765,527587.4540086896
755,10673009.833333334,17718999.17508127,3627020.4915853953,9464114.766666668,15630498.31003182,3297731.223301514,10156926.466666667,16813379.100625478,3500473.832707855,2383292.033333333,4426149.117664967,340434.9490016992,10673009.833333334,17718999.17508127,3627020.4915853953,2383973.3333333335,4426725.120932773,341221.545733894
756,10691538.7,17747468.075632587,3635609.3243674133,9581093.15,15874944.282001492,3287242.01799851,10359217.733333332,16997254.43584171,3721181.0308249574,2376259.1666666665,4438105.717789081,314412.61554425186,10691538.7,17747468.075632587,3635609.3243674133,2377256.3,4438952.581687464,315560.018312535
757,9527406.233333332,15108869.79948214,3945942.667184525,8451809.933333334,13372427.543158768,3531192.3235078994,9073361.316666666,14402176.27585223,3744546.3574811025,2867616.2,5145887.734593765,589344.6654062355,9527406.233333332,15108869.79948214,3945942.667184525,2867438.7666666666,5145736.446677357,589141.0866559763
758,9897934.3,16008820.292014733,3787048.3079852695,8783910.233333332,14113358.000859302,3454462.4658073643,9192968.45,14763161.639157975,3622775.2608420234,2494853.6333333333,4667040.146768371,322667.11989829596,9897934.3,16008820.292014733,3787048.3079852695,2494914.7333333334,4667091.091423523,322738.3752431441
759,10533115.433333334,17212566.57424338,3853664.2924232846,9311466.666666666,15132006.27877519,3490927.054558142,9289763.116666667,15001083.564699281,3578442.6686340533,2573177.9,4776963.703123961,369392.0968760387,10533115.433333334,17212566.57424338,3853664.2924232846,2573121.8666666667,4776915.515413338,369328.21791999554
760,10151259.733333332,16420307.402302533,3882212.0643641306,9126983.566666666,14739602.315327983,3514364.8180053486,9260055.25,15048518.306005297,3471592.193994703,2446210.7,4509462.866678748,382958.5333212521,10151259.733333332,16420307.402302533,3882212.0643641306,2433355.4,4498145.987059931,368564.8129400688
761,11072738.166666666,17936766.483729698,4208709.849603635,9882665.95,15973545.75222696,3791786.1477730395,10317563.766666668,16746915.36994854,3888212.1633847943,2426802.466666667,4523800.971013018,329803.9623203154,11072738.166666666,17936766.483729698,4208709.849603635,2429464.8,4526070.569026423,332859.03097357694
762,10355370.6,16551052.09271536,4159689.107284639,9167566.5,14607177.109024243,3727955.8909757566,9086725.7,14592523.990462009,3580927.4095379906,2428766.2333333334,4466003.439791258,391529.02687540813,10355370.6,16551052.09271536,4159689.107284639,2427902.566666667,4465266.152738759,390538.980594574
763,9914811.3,15810507.757734386,4019114.8422656152,8910139.983333332,14240567.125131592,3579712.8415350737,9495071.333333334,15380095.220273748,3610047.446392921,2369599.3333333335,4392381.165395766,346817.5012709012,9914811.3,15810507.757734386,4019114.8422656152,2371475.65,4393968.575298546,348982.7247014537
764,10390082.266666668,17063928.21377494,3716236.319558393,9337283.183333334,15378085.10487447,3296481.261792197,9498657.033333333,15416812.106025927,3580501.9606407387,2307907.466666667,4338371.377355822,277443.555977511,10390082.266666668,17063928.21377494,3716236.319558393,2319158.2666666666,4348037.662884417,290278.8704489162
765,10887211.1,17867762.39672592,3906659.803274081,9902666.383333333,16392701.151063526,3412631.6156031396,8963224.616666667,14491402.142442718,3435047.0908906152,2397812.466666667,4463553.801647035,332071.1316862982,10887211.1,17867762.39672592,3906659.803274081,2396176.45,4462159.650944543,330193.24905545707
766,10828956.0,17597904.51442659,4060007.485573411,9767303.0,15958158.55239302,3576447.4476069817,9071058.65,14730937.887534052,3411179.4124659486,2049344.1333333333,4133918.8413789747,-35230.57471230836,10828956.0,17597904.51442659,4060007.485573411,2048770.5,4133413.4128689235,-35872.412868923275
767,11192145.166666666,18063630.736637358,4320659.596695975,10002417.933333334,16185378.145803519,3819457.7208631476,8970529.6,14523683.925492214,3417375.274507785,1994970.4333333333,4005837.4265139024,-15896.55984723568,11192145.166666666,18063630.736637358,4320659.596695975,2023357.2,4033536.7477992955,13177.65220070444
768,9155694.666666666,14665094.183098897,3646295.1502344348,8225239.366666666,13179413.92124905,3271064.812084282,8419381.9,13809891.205398805,3028872.5946011953,1913564.8666666667,3914654.960931102,-87525.22759776819,9155694.666666666,14665094.183098897,3646295.1502344348,1903801.05,3906007.1754656713,-98405.07546567102
769,8372047.666666667,13746178.971407881,2997916.361925453,7413180.45,12127265.586653957,2699095.313346043,7933752.866666666,13277493.303852264,2590012.4294810686,1235117.6,2501525.3008336863,-31290.100833685836,8372047.666666667,13746178.971407881,2997916.361925453,1235662.15,2501999.3475132333,-30675.047513233265
770,9383648.433333334,15600218.66414874,3167078.2025179267,8299109.383333334,13696447.727379665,2901771.0392870037,8739399.05,15134763.81774658,2344034.282253423,1195226.8666666667,2357886.2033418836,32567.52999144979,9383648.433333334,15600218.66414874,3167078.2025179267,1195480.05,2358102.5135735683,32857.58642643178
771,11628381.933333334,19713973.9834295,3542789.883237168,10224800.233333332,17186173.018877987,3263427.447788678,9528466.816666666,16722333.965002963,2334599.6683303695,1230978.4666666666,2487360.96264432,-25404.029310987098,11628381.933333334,19713973.9834295,3542789.883237168,1229378.7166666666,2485944.935884011,-27187.502550677862
772,9667697.233333332,16224789.802480975,3110604.6641856898,8555786.9,14212124.021402018,2899449.7785979826,8734695.383333333,15120178.716635408,2349212.050031258,1164440.4666666666,2376136.0855542882,-47255.15222095512,9667697.233333332,16224789.802480975,3110604.6641856898,1163451.5,2375266.428583493,-48363.42858349299
773,10118623.833333334,16965535.031790312,3271712.6348763546,8928331.766666668,14852205.615345616,3004457.917987719,9269079.316666666,15796239.479517467,2741919.1538158646,1295632.8666666667,2625150.0696131364,-33884.336279802956,10118623.833333334,16965535.031790312,3271712.6348763546,1295691.9666666666,2625197.2871103385,-33813.35377700534
774,9220918.166666666,15151881.52553314,3289954.8078001933,8121833.65,13216495.515947204,3027171.7840527967,8039121.45,13469865.330015581,2608377.5699844193,1268791.5,2469664.3260708777,67918.67392912251,9220918.166666666,15151881.52553314,3289954.8078001933,1209748.1333333333,2413016.610441922,6479.656224744627
775,9978426.766666668,16582839.31847785,3374014.2148554847,8926876.866666667,14830231.311847571,3023522.421485762,8119758.766666667,13570895.266582808,2668622.2667505257,1200034.9,2378366.960767311,21702.83923268877,9978426.766666668,16582839.31847785,3374014.2148554847,1200106.4666666666,2378427.3283655755,21785.60496775736
776,10078056.1,16689901.862641484,3466210.3373585166,8990849.333333334,14925115.099331418,3056583.56733525,8607367.45,14359285.223822847,2855449.6761771506,1241415.0333333334,2450650.153557768,32179.913108899025,10078056.1,16689901.862641484,3466210.3373585166,1241044.0333333334,2450326.4056470916,31761.661019575084
777,7915089.233333333,13153687.579953842,2676490.886712826,7083711.25,11759152.441332277,2408270.058667723,6858009.65,11520400.683520978,2195618.6164790224,1170597.4,2333747.4902016935,7447.30979830632,7915089.233333333,13153687.579953842,2676490.886712826,1170218.1,2333416.1085283468,7020.091471653432
778,8480187.5,14339456.352343746,2620918.6476562545,7467370.05,12582043.329550706,2352696.7704492947,7885204.716666667,13327832.794404808,2442576.638928525,1426747.7,2863908.5324780764,-10413.132478076732,8480187.5,14339456.352343746,2620918.6476562545,1426329.2833333334,2863542.268757818,-10883.702091150917
779,9567634.0,16152742.935259636,2982525.0647403644,8492508.966666667,14309952.91454808,2675065.0187852522,8541967.533333333,14150010.157798883,2933924.908867784,1393776.3333333333,2726051.185577734,61501.4810889326,9567634.0,16152742.935259636,2982525.0647403644,1378810.25,2712197.908871351,45422.59112864919
780,8661408.666666666,14469928.117246587,2852889.2160867453,7705181.1,12836504.841932457,2573857.3580675414,8575638.2,14259200.924980443,2892075.4750195565,1295308.1,2551730.601271675,38885.59872832522,8661408.666666666,14469928.117246587,2852889.2160867453,1299483.0833333333,2555403.3328075046,43562.83385916217
781,8672864.6,14355991.139828974,2989738.060171025,7678920.9,12676676.37188777,2681165.428112232,8407588.533333333,14046589.47039908,2768587.5962675866,1212107.9333333333,2373982.0287061166,50233.837960550096,8672864.6,14355991.139828974,2989738.060171025,1212143.7333333334,2374012.199449248,50275.267217418645
782,8513981.966666667,14083612.49987401,2944351.433459322,7659615.333333333,12658260.136626199,2660970.530040468,8280823.983333333,13720794.665272553,2840853.301394115,1252444.6,2445195.5033090487,59693.69669095124,8513981.966666667,14083612.49987401,2944351.433459322,1251788.3833333333,2444626.163492201,58950.603174465476
783,8248031.5,13339510.968361808,3156552.031638192,7225309.766666667,11672016.224937905,2778603.3083954277,8014064.683333334,12999667.230899999,3028462.1357666682,1255308.2333333334,2349394.3853355623,161222.0813311045,8248031.5,13339510.968361808,3156552.031638192,1102239.9666666666,2172835.9484594865,31643.98487384664
784,9285694.133333333,15277059.055373464,3294329.211293202,8195787.416666667,13550542.251234014,2841032.5820993204,8760333.75,14424367.98574803,3096299.514251969,1268269.1,2479264.6879389277,57273.512061072746,9285694.133333333,15277059.055373464,3294329.211293202,1268663.75,2479603.3712644605,57724.1287355395
785,9937067.966666667,16606776.79265383,3267359.140679503,8767386.816666666,14786964.46406428,2747809.1692690533,9528990.633333333,16094088.759918448,2963892.506748217,1265928.3333333333,2473332.889368834,58523.77729783254,9937067.966666667,16606776.79265383,3267359.140679503,1262391.3333333333,2470251.474083777,54531.19258288946
786,10643158.1,17909291.150017086,3377025.049982914,9396129.833333334,15924706.532695495,2867553.1339711724,9878976.833333334,16749965.655185238,3007988.0114814295,1352748.8,2663509.909391389,41987.69060861063,10643158.1,17909291.150017086,3377025.049982914,1352574.7166666666,2663362.868109758,41786.56522357534
787,11140308.433333334,18572398.921934184,3708217.9447324844,9775484.483333332,16378965.00830372,3172003.9583629454,11089691.716666667,18341582.61687273,3837800.816460602,2055074.2333333334,4425872.556825934,-315724.09015926765,11140308.433333334,18572398.921934184,3708217.9447324844,2055033.5,4425838.548748566,-315771.5487485654
788,11166604.733333332,18698895.001886204,3634314.464780461,9884246.183333334,16634148.678900579,3134343.687766088,11423151.7,18975709.24053967,3870594.1594603267,1646625.3666666667,3355093.699659951,-61842.9663266174,11166604.733333332,18698895.001886204,3634314.464780461,1646492.5,3354981.396146223,-61996.396146222716
789,10356608.433333334,17052209.62457666,3661007.2420900064,9190333.666666666,15167605.48016362,3213061.8531697113,10453566.6,17261966.81856986,3645166.381430139,1580063.4,3166810.244485522,-6683.444485522341,10356608.433333334,17052209.62457666,3661007.2420900064,1579869.4166666667,3166554.76916019,-6815.935826856643
790,10146200.2,16861341.61307846,3431058.7869215393,8914137.833333334,14856822.292454276,2971453.3742123926,10401607.116666667,17269424.614091806,3533789.6192415273,1946256.9333333333,4132544.589035159,-240030.72236849205,10146200.2,16861341.61307846,3431058.7869215393,1946502.3666666667,4132871.3259271234,-239866.59259379003
791,11088214.766666668,18334824.397526678,3841605.1358066564,9725611.766666668,16054475.654836487,3396747.878496847,10829439.966666667,17991944.80077515,3666935.132558183,2333951.1666666665,5030784.647251714,-362882.31391838146,11088214.766666668,18334824.397526678,3841605.1358066564,2337651.816666667,5034092.686754219,-358789.05342088593
792,10463325.0,17231081.06268853,3695568.9373114705,9268864.733333332,15190277.6476888,3347451.8189778645,10616716.816666666,17543361.291205972,3690072.3421273595,2546253.433333333,5462328.802863404,-369821.93619673746,10463325.0,17231081.06268853,3695568.9373114705,2546535.3333333335,5462578.291683756,-369507.6250170884
793,9615839.1,15859677.545559593,3372000.6544404067,8594292.633333333,14113867.506622888,3074717.7600437785,9818143.416666666,16273063.71963571,3363223.113697623,2293632.2333333334,4753564.486132601,-166300.01946593495,9615839.1,15859677.545559593,3372000.6544404067,2293311.95,4753267.39962595,-166643.49962594965
794,10361076.633333333,17404577.046388824,3317576.220277843,9130873.883333333,15169393.061567353,3092354.7050993126,9848449.316666666,16508330.41538892,3188568.2179444125,2287010.8,4750179.106788436,-176157.50678843586,10361076.633333333,17404577.046388824,3317576.220277843,2286900.3833333333,4750010.60387121,-176209.83720454248
795,9778622.633333333,16383007.421440374,3174237.8452262916,8813939.666666666,14662238.510499198,2965640.822834134,10197503.416666666,17042195.985859927,3352810.8474734053,1761358.4,3558380.986058433,-35664.18605843326,9778622.633333333,16383007.421440374,3174237.8452262916,1761697.6833333333,3558290.5148149095,-34895.14814824308
796,11622077.0,19107723.630650338,4136430.3693496613,10472328.583333334,17027497.50901851,3917159.6576481573,10358234.65,17087193.88256351,3629275.4174364926,1857164.0666666667,3791091.069696498,-76762.93636316503,11622077.0,19107723.630650338,4136430.3693496613,1855970.8,3789906.9271156685,-77965.32711566845
797,11129107.166666666,18531479.66980198,3726734.663531352,10011871.616666667,16495529.504210627,3528213.7291227076,9743415.6,16221161.839398816,3265669.360601184,1103303.6,2248648.044483675,-42040.84448367497,11129107.166666666,18531479.66980198,3726734.663531352,1102998.8666666667,2246936.9640733004,-40939.2307399672
798,11620989.5,19011133.69021695,4230845.309783047,10469241.366666667,16971081.84333887,3967400.889994464,10204312.033333333,17066488.302401155,3342135.764265512,1142596.3,2340787.8169712024,-55595.21697120229,11620989.5,19011133.69021695,4230845.309783047,1136381.0833333333,2335067.0539651616,-62304.887298495276
799,11533642.566666666,19280455.38774979,3786829.7455835436,10109333.166666666,16672197.852021702,3546468.4813116314,10131246.3,16925763.44778968,3336729.1522103213,1234639.9333333333,2588336.7379181758,-119056.87125150883,11533642.566666666,19280455.38774979,3786829.7455835436,1234503.7333333334,2588394.2484961217,-119386.78182945517
800,9946670.266666668,16659645.086263798,3233695.447069536,8812758.05,14636976.727433436,2988539.372566567,9250354.65,15542747.865087021,2957961.4349129796,993868.4333333333,2000645.890602883,-12909.02393621637,9946670.266666668,16659645.086263798,3233695.447069536,966036.15,1974796.3960587233,-42724.096058723284
801,10342764.266666668,17223188.291243743,3462340.242089591,9273306.516666668,15322002.489176122,3224610.5441572126,9345450.866666667,15791328.728501536,2899573.0048317984,885525.9,1806466.2100032903,-35414.41000329016,10342764.266666668,17223188.291243743,3462340.242089591,884953.05,1805920.6214240878,-36014.521424087696
802,9903629.066666666,16547037.186457505,3260220.9468758274,8978104.966666667,14897383.03013619,3058826.903197143,9046521.4,15303450.249567132,2789592.5504328692,857872.0,1736246.680700318,-20502.680700318073,9903629.066666666,16547037.186457505,3260220.9468758274,857751.3833333333,1736118.8875524476,-20616.120885781012
803,10213602.266666668,17080206.44716331,3346998.086170026,9095504.516666668,15079405.753154665,3111603.280178671,9316249.533333333,15726791.56359124,2905707.5030754264,921035.2666666667,1842121.8427257915,-51.309392458060756,10213602.266666668,17080206.44716331,3346998.086170026,920463.1333333333,1841635.3146449733,-709.0479783067713
804,9727218.866666667,16182121.564989604,3272316.1683437303,8828883.066666666,14620356.527408808,3037409.6059245234,8842103.933333334,14928799.100452084,2755408.766214583,792657.8,1586367.6319375318,-1052.0319375315448,9727218.866666667,16182121.564989604,3272316.1683437303,792459.0166666667,1586202.461398169,-1284.4280648354907
805,10836801.0,18066077.215180308,3607524.7848196924,9647353.983333332,15964531.623032812,3330176.343633854,9351171.766666668,15872936.76934208,2829406.7639912553,1193507.9333333333,2643236.7324538827,-256220.865787216,10836801.0,18066077.215180308,3607524.7848196924,1193254.5833333333,2643339.302248138,-256830.13558147172
806,10600098.366666667,18257898.003759783,2942298.7295735516,9338414.433333334,15969252.958797827,2707575.9078688407,9341827.916666666,16112791.345501008,2570864.4878323246,846788.8,1693710.9755007806,-133.3755007806467,10600098.366666667,18257898.003759783,2942298.7295735516,846342.1,1693297.2394997468,-613.039499746752
807,10250642.966666667,17231125.694370385,3270160.2389629483,9194898.35,15370759.624007171,3019037.0759928282,9258432.583333334,15804634.825056612,2712230.3416100545,996454.8666666667,2042581.3481335924,-49671.61480025912,10250642.966666667,17231125.694370385,3270160.2389629483,1001514.15,2047076.8539364627,-44048.55393646273
808,10378310.133333333,17044247.331315286,3712372.935351379,9298281.466666667,15179425.818693161,3417137.1146401726,9292416.166666666,15456000.382450817,3128831.950882515,1416775.2666666666,3134880.359449754,-301329.8261164208,10378310.133333333,17044247.331315286,3712372.935351379,1416467.9,3134587.318639894,-301651.51863989444
809,10373220.933333334,17227937.8819042,3518503.9847624656,9291206.616666667,15346636.992722303,3235776.2406110317,9196820.35,15311471.882885944,3082168.817114054,1147392.5333333334,2428275.139725664,-133490.07305899728,10373220.933333334,17227937.8819042,3518503.9847624656,1147069.1166666667,2428167.813834282,-134029.5805009487
810,9907938.466666667,16331410.046384487,3484466.8869488453,8731535.566666666,14306652.360036056,3156418.7732972763,9093726.8,15062670.921055414,3124782.6789445886,1320471.7333333334,2855347.4959570896,-214404.0292904228,9907938.466666667,16331410.046384487,3484466.8869488453,1322763.5166666666,2862617.9819458476,-217090.94861251442
811,9978638.5,16285547.476349201,3671729.5236508,8969126.833333334,14593133.99126563,3345119.6754010376,9056112.883333333,15070767.241408769,3041458.5252578966,1385898.8333333333,2975777.489672835,-203979.8230061687,9978638.5,16285547.476349201,3671729.5236508,1385201.5833333333,2974940.8387213233,-204537.67205465678
812,9990323.566666666,16087957.135631666,3892689.9977016663,9050392.966666667,14517958.174801622,3582827.758531711,9550304.983333332,15596268.698167644,3504341.2684990205,1377294.3666666667,2995568.653431479,-240979.92009814573,9990323.566666666,16087957.135631666,3892689.9977016663,1376918.65,2995045.6669180756,-241208.3669180756
813,9914083.433333334,15897897.847606698,3930269.019059969,8932980.083333334,14255098.149302442,3610862.0173642254,9138179.333333334,14890618.20498371,3385740.4616829585,1374835.3333333333,3010574.9857930047,-260904.31912633847,9914083.433333334,15897897.847606698,3930269.019059969,1371887.4166666667,3007722.3444234943,-263947.51109016105
814,9707519.033333333,15753682.724833775,3661355.34183289,8746776.316666666,14133963.31488197,3359589.3184513636,9101621.983333332,14921058.174774185,3282185.79189248,1344341.6666666667,2904253.8848934975,-215570.5515601642,9707519.033333333,15753682.724833775,3661355.34183289,1346393.0666666667,2909781.5818198314,-216995.44848649786
815,11694403.433333334,19402147.549836386,3986659.3168302802,10546090.916666666,17402432.107628353,3689749.725704979,9911276.133333333,16548544.507682096,3274007.7589845695,1335928.1333333333,2900193.252528684,-228336.98586201738,11694403.433333334,19402147.549836386,3986659.3168302802,1445954.6166666667,3018759.5546760773,-126850.3213427437
816,12537750.433333334,20475501.1167591,4599999.749907569,11568154.416666666,18821701.420671478,4314607.412661855,10866305.5,17931781.295800783,3800829.7041992173,1291544.7666666666,2828118.7702279575,-245029.23689462454,12537750.433333334,20475501.1167591,4599999.749907569,1291773.9666666666,2828135.5136412396,-244587.5803079065
817,11785810.1,19176528.305805013,4395091.894194985,10741556.45,17373881.15105647,4109231.748943532,10683200.033333333,17332024.171102885,4034375.8955637803,1536254.8333333333,3123272.460175655,-50762.79350898857,11785810.1,19176528.305805013,4395091.894194985,1536422.0,3123395.098774285,-50551.098774285056
818,11972928.2,19390012.18793305,4555844.21206695,10904736.033333333,17628441.635449797,4181030.4312168714,10857244.583333334,17739811.745504953,3974677.421161717,1440165.3,2969258.6919487882,-88928.09194878815,11972928.2,19390012.18793305,4555844.21206695,1440558.05,2969534.79112049,-88418.6911204902
819,11488031.533333333,18721239.798777398,4254823.267889268,10548653.283333333,17108679.532042414,3988627.0346242525,10753725.366666667,17526575.22545776,3980875.507875574,1210203.9333333333,2298295.330875676,122112.5357909908,11488031.533333333,18721239.798777398,4254823.267889268,1209984.7833333334,2297796.14331281,122173.4233538569
820,10907229.466666667,18083453.91761023,3731005.015723102,9917824.366666667,16329800.278035123,3505848.4552982124,10581513.583333334,17421164.56911291,3741862.597553758,1138968.5666666667,2197090.063687131,80847.0696462025,10907229.466666667,18083453.91761023,3731005.015723102,1139386.2833333334,2197475.1322126854,81297.43445398146
821,11167705.533333333,18395981.99685438,3939429.0698122876,10247090.916666666,16830373.362118218,3663808.471215115,11235761.283333333,18321852.166081548,4149670.400585117,1330439.7333333334,2823448.7365202084,-162569.26985354186,11167705.533333333,18395981.99685438,3939429.0698122876,1323149.65,2816939.7899039816,-170640.48990398156
822,10317965.866666667,16925729.998808715,3710201.734524619,9401915.85,15349992.402369771,3453839.297630227,9509585.133333333,15624311.399900064,3394858.866766601,1262531.2,2768468.9022904253,-243406.50229042512,10317965.866666667,16925729.998808715,3710201.734524619,1262348.05,2768301.00052426,-243604.90052426024
823,10355644.266666668,16668717.231869288,4042571.3014640464,9446122.333333334,15142351.516376924,3749893.150289745,8795389.55,14585553.879533876,3005225.2204661258,899292.3666666667,1758894.2710519286,39690.46228140476,10355644.266666668,16668717.231869288,4042571.3014640464,898965.6333333333,1758644.9815173382,39286.28514932853
824,8960390.366666667,15191812.245866505,2728968.487466829,8089609.616666666,13671116.892106349,2508102.341226984,8645837.216666667,14492214.890928924,2799459.5424044104,536677.0666666667,939304.2204679165,134049.9128654169,8960390.366666667,15191812.245866505,2728968.487466829,535992.8166666667,938733.6951352591,133251.9381980743
825,9016106.0,15217814.634281252,2814397.3657187494,8203803.6,13817350.911885794,2590256.288114205,8890582.566666666,14791512.57152842,2989652.561804914,587002.9333333333,1016918.2256945769,157087.64097208984,9016106.0,15217814.634281252,2814397.3657187494,614873.2166666667,1044769.6668402635,184976.76649306982
826,9581792.766666668,15846461.327944007,3317124.205389329,8642492.483333332,14264009.611784603,3020975.3548820615,9224470.066666666,15250861.615233853,3198078.5180994794,555357.6333333333,967451.6951491504,143263.57151751616,9581792.766666668,15846461.327944007,3317124.205389329,555995.3166666667,967993.3114947744,143997.32183855894
827,9164400.5,15438994.082574168,2889806.917425832,8225214.266666667,13834686.55847297,2615741.9748603627,9276194.266666668,15249615.018176682,3302773.515156653,603100.5666666667,1044707.5093396823,161493.62399365107,9164400.5,15438994.082574168,2889806.917425832,606498.95,1047649.9568372293,165347.9431627706
828,9672378.0,16099262.569948532,3245493.4300514692,8765098.683333334,14560714.742765853,2969482.623900814,9603084.183333334,15819369.404601596,3386798.96206507,468315.1,855364.1640766724,81266.03592332755,9672378.0,16099262.569948532,3245493.4300514692,467467.2,854645.738229577,80288.66177042306
829,9986556.033333333,16398765.814229786,3574346.25243688,9072506.45,14889203.357244346,3255809.542755652,10739338.95,17442438.109126315,4036239.790873684,731303.0666666667,1424824.4679169515,37781.665416381904,9986556.033333333,16398765.814229786,3574346.25243688,730043.6333333333,1423743.635885172,36343.63078149455
830,10800871.7,17571917.22982972,4029826.1701702774,9895205.666666666,16036401.757241808,3754009.576091524,10563173.516666668,17094053.324165583,4032293.7091677543,629682.8333333334,1185183.0255765012,74182.64109016559,10800871.7,17571917.22982972,4029826.1701702774,629265.3666666667,1184823.468037453,73707.2652958805
831,10534062.333333334,16991587.036499716,4076537.6301669516,9589762.35,15393374.25501664,3786150.4449833604,10164516.6,16392183.152106332,3936850.0478936676,814505.2,1474054.7644205997,154955.63557940023,10534062.333333334,16991587.036499716,4076537.6301669516,811018.8,1471081.4640552944,150956.1359447057
832,10684009.733333332,17250473.4406802,4117546.0259864647,9777892.85,15697477.181645617,3858308.5183543824,10651750.116666667,17131003.259040236,4172496.974293099,850030.0666666667,1702282.492455756,-2222.3591224227566,10684009.733333332,17250473.4406802,4117546.0259864647,849858.0833333334,1702119.8238829076,-2403.6572162408847
833,9971230.2,15877337.962511927,4065122.4374880726,9156491.483333332,14544481.088171208,3768501.8784954567,9856490.883333333,15703330.668379374,4009651.098287291,1662952.0666666667,3975643.7199669033,-649739.5866335698,9971230.2,15877337.962511927,4065122.4374880726,1663462.3666666667,3976107.454170809,-649182.7208374757
834,10730435.2,16904346.97436109,4556523.425638907,9967573.8,15659608.78778269,4275538.812217312,10749321.766666668,17218248.686892673,4280394.846440662,1576435.8666666667,3841566.1996323736,-688694.4662990402,10730435.2,16904346.97436109,4556523.425638907,1576435.7,3841563.5154888136,-688692.1154888135
835,10411696.066666666,16396708.136629876,4426683.996703457,9640057.2,15125608.189577445,4154506.210422554,10572244.066666666,16878879.32502776,4265608.808305574,1439299.0666666667,3344416.113252409,-465817.9799190755,10411696.066666666,16396708.136629876,4426683.996703457,1439239.4833333334,3344339.5233785543,-465860.5567118875
836,9924733.433333334,15730429.2683292,4119037.5983374678,9091151.916666666,14327059.208206557,3855244.6251267754,9619239.583333334,15774596.075643763,3463883.091022906,956153.1333333333,2016117.3288155685,-103811.06214890187,9924733.433333334,15730429.2683292,4119037.5983374678,956040.7166666667,2015990.7640063167,-103909.33067298343
837,9498008.666666666,15194310.339183994,3801706.9941493394,8758585.433333334,13933087.50730012,3584083.3593665473,9656462.333333334,15799372.94369968,3513551.7229669876,1158615.6333333333,2571848.183135966,-254616.91646929947,9498008.666666666,15194310.339183994,3801706.9941493394,1158028.7166666666,2570766.8705799347,-254709.43724660156
838,10984905.3,17399999.683834217,4569810.916165784,10217152.216666667,16104976.37277989,4329328.060553443,10352877.3,16747877.491640609,3957877.1083593937,841157.4333333333,1530918.2326500241,151396.63401664258,10984905.3,17399999.683834217,4569810.916165784,831886.2,1522739.941579611,141032.45842038875
839,11194054.066666666,17676500.88951462,4711607.2438187115,10280032.383333333,16142560.133865906,4417504.63280076,10617864.666666666,17104578.386712935,4131150.9466203963,849128.4666666667,1537892.5990029227,160364.3343304107,11194054.066666666,17676500.88951462,4711607.2438187115,848512.2,1537375.0947211056,159649.30527889426
840,11198147.533333333,17676481.84560605,4719813.221060613,10323726.4,16205492.77767911,4441960.022320891,10670387.916666666,17172606.07994181,4168169.753391522,1526265.3,3240632.989980288,-188102.38998028776,11198147.533333333,17676481.84560605,4719813.221060613,1527386.5166666666,3241627.2744361493,-186854.24110281607
841,10163673.2,16123315.38289618,4204031.017103819,9312246.1,14739675.52072048,3884816.6792795192,10220752.05,16539350.313635692,3902153.7863643104,1203958.1,2723176.184139923,-315259.9841399228,10163673.2,16123315.38289618,4204031.017103819,1202895.1333333333,2722220.1047368487,-316429.83807018236
842,11184141.766666668,17782196.105368283,4586087.427965052,10255867.416666666,16200287.897523051,4311446.935810281,10574802.316666666,17164166.430408485,3985438.2029248476,1212664.2666666666,2700070.439382649,-274741.9060493158,11184141.766666668,17782196.105368283,4586087.427965052,1212652.0,2700055.7409615293,-274751.7409615293
843,10920765.066666666,17395438.961157046,4446091.172176286,9995955.383333333,15862172.3077861,4129738.458880565,11360312.816666666,18269900.328482382,4450725.304850949,1541470.8,3666802.6120779095,-583861.0120779097,10920765.066666666,17395438.961157046,4446091.172176286,1541910.1,3667218.701855006,-583398.501855006
844,11475495.8,18173134.467845477,4777857.132154524,10660132.083333334,16824549.698121805,4495714.468544862,10577985.966666667,17112625.17837244,4043346.7549608937,1663743.3666666667,4123405.5250540148,-795918.7917206814,11475495.8,18173134.467845477,4777857.132154524,1663487.0,4123183.4050827106,-796209.4050827106
845,10283726.366666667,16105415.74139313,4462036.991940204,9493667.683333334,14846325.154290404,4141010.212376263,10789491.733333332,17182529.537571043,4396453.92909562,1699280.5,4139517.6835943903,-740956.6835943903,10283726.366666667,16105415.74139313,4462036.991940204,1698231.6666666667,4138580.6101255454,-742117.2767922122
846,11600192.866666667,18371554.626911547,4828831.106421786,10869091.65,17210118.571361043,4528064.728638958,10876631.95,17583829.284130566,4169434.6158694327,1606978.3666666667,3803790.0185520975,-589833.2852187641,11600192.866666667,18371554.626911547,4828831.106421786,1609252.75,3805853.0668181814,-587347.5668181814
847,10091792.333333334,15782536.3116693,4401048.3549973685,9341194.983333332,14576878.502097204,4105511.4645694597,9264022.95,15135946.774293078,3392099.1257069204,2322171.1666666665,5906233.911205775,-1261891.577872442,10091792.333333334,15782536.3116693,4401048.3549973685,2321767.816666667,5905858.479753536,-1262322.8464202024
848,10482425.566666666,16458081.139721941,4506769.993611393,9778818.566666666,15354914.806948889,4202722.326384443,10017889.416666666,16286421.297466647,3749357.5358666843,1781066.6666666667,4226949.843567803,-664816.5102344688,10482425.566666666,16458081.139721941,4506769.993611393,1781024.4833333334,4226969.034115449,-664920.0674487818
849,10366148.533333333,16215808.472164936,4516488.594501731,9595398.2,15030465.388273906,4160331.0117260925,10514421.866666667,16564396.189219795,4464447.544113538,2279392.3,5338243.275989021,-779458.6759890215,10366148.533333333,16215808.472164936,4516488.594501731,2280778.7666666666,5339651.278502408,-778093.7451690757
850,11237102.933333334,18414953.921641253,4059251.945025415,10364087.55,17008021.62269675,3720153.4773032507,11377329.616666667,18623758.07571531,4130901.1576180253,2106758.433333333,5156576.383604294,-943059.5169376279,11237102.933333334,18414953.921641253,4059251.945025415,2106297.8833333333,5156190.790932637,-943595.0242659696
851,11957087.6,19164678.158843245,4749497.041156754,11048840.1,17760019.01918363,4337661.180816369,11038394.716666667,18285087.702589527,3791701.7307438077,2108978.0,4818300.043780563,-600344.0437805629,11957087.6,19164678.158843245,4749497.041156754,2108913.35,4818240.728892136,-600414.0288921362
852,13185667.5,21459928.526062805,4911406.473937195,12170546.2,19843060.5282112,4498031.871788801,12587115.65,20465104.937416658,4709126.362583345,2046076.3666666667,4383121.264507394,-290968.5311740604,13185667.5,21459928.526062805,4911406.473937195,2045261.8333333333,4382435.0054688845,-291911.3388022182
853,13387294.2,21822982.484869383,4951605.915130617,12436160.533333333,20310287.85802935,4562033.208637316,12854877.9,20969082.494627405,4740673.305372597,1955325.9333333333,4150879.4715194125,-240227.604852746,13387294.2,21822982.484869383,4951605.915130617,1955845.7333333334,4151352.9754725243,-239661.5088058575
854,13310576.566666666,20997442.637478385,5623710.495854948,12408271.566666666,19644017.09190971,5172526.0414236225,13003234.2,20629353.926618308,5377114.473381693,1959979.1333333333,4200085.502447309,-280127.2357806419,13310576.566666666,20997442.637478385,5623710.495854948,1959568.7,4199733.6413298575,-280596.24132985785
855,12842916.9,20624498.622315034,5061335.177684967,11959423.4,19283810.86984121,4635035.930158791,13522239.866666667,21320969.85698781,5723509.876345524,2156835.0,5107041.56932102,-793371.56932102,12842916.9,20624498.622315034,5061335.177684967,2156183.933333333,5106454.283078663,-794086.4164119964
856,13098470.366666667,20823001.340148993,5373939.39318434,12272394.7,19574940.745755393,4969848.654244605,13113805.85,20658640.791698683,5568970.908301315,2767154.7,6713465.50125601,-1179156.1012560097,13098470.366666667,20823001.340148993,5373939.39318434,2769346.05,6715456.946941234,-1176764.846941235
857,12732670.633333333,20721670.804736517,4743670.461930149,11836731.433333334,19337505.649840817,4335957.216825848,13528114.066666666,21491096.033044443,5565132.100288888,2365355.2666666666,5814943.111170849,-1084232.577837516,12732670.633333333,20721670.804736517,4743670.461930149,2365001.1333333333,5814603.176319087,-1084600.9096524203
858,13596127.0,21780813.57392061,5411440.426079388,12650258.15,20290931.03250929,5009585.267490713,13276267.016666668,21396043.50820794,5156490.525125397,2662884.1,6257482.103422055,-931713.9034220548,13596127.0,21780813.57392061,5411440.426079388,2665298.3,6259646.1103147715,-929049.5103147719
859,13599430.966666667,21657295.086674318,5541566.846659018,12346149.5,19681972.48683828,5010326.513161721,13557648.316666666,21600861.13206117,5514435.501272163,1781975.7666666666,4118295.4313526205,-554343.8980192873,13599430.966666667,21657295.086674318,5541566.846659018,1782063.0333333334,4118373.6159327608,-554247.5492660936
860,14043484.766666668,22191900.229248703,5895069.304084634,12915641.3,20461556.74839066,5369725.851609341,13933858.533333333,22226214.11563824,5641502.951028423,2154300.8,5125491.499098383,-816889.8990983828,14043484.766666668,22191900.229248703,5895069.304084634,2196286.15,5165125.624406714,-772553.3244067137
861,14132749.533333333,22182277.556084298,6083221.510582368,12960701.433333334,20409854.05724964,5511548.809417028,13595534.683333334,21681321.029880937,5509748.336785731,1689473.4666666666,3804320.798639898,-425373.86530656484,14132749.533333333,22182277.556084298,6083221.510582368,1689229.2666666666,3804106.660557176,-425648.1272238428
862,13291707.733333332,21249466.657818373,5333948.808848291,12161401.666666666,19518232.964929033,4804570.3684043,13269530.35,21397660.354541726,5141400.345458272,1594666.2666666666,3627303.8924119826,-437971.3590786492,13291707.733333332,21249466.657818373,5333948.808848291,1594367.2333333334,3627030.9386142343,-438296.47194756754
863,13175577.033333333,20908307.429529622,5442846.637137043,12017108.916666666,19118861.73027669,4915356.103056642,13253323.9,21162016.84334238,5344630.956657623,1720920.5666666667,4078782.7867435217,-636941.6534101886,13175577.033333333,20908307.429529622,5442846.637137043,1721386.0,4079285.4335014513,-636513.4335014513
864,13926020.966666667,22533745.9021301,5318296.031203233,12630097.1,20512523.55276124,4747670.647238759,13749253.883333333,22309995.53395734,5188512.232709326,1389721.2333333334,3141103.0185740604,-361660.5519073936,13926020.966666667,22533745.9021301,5318296.031203233,1389373.5333333334,3140804.0745456736,-362057.0078790067
865,14082144.133333333,22752728.507284276,5411559.7593823895,12843086.166666666,20857347.69926174,4828824.634071593,13977584.166666666,22528869.578777738,5426298.754555592,1371955.1,2977766.052279843,-233855.85227984306,14082144.133333333,22752728.507284276,5411559.7593823895,1371426.9333333333,2977294.499292187,-234440.63262552023
866,13869732.2,22580483.430073507,5158980.969926491,12615363.216666667,20530896.436272852,4699829.997060482,13890327.033333333,22287266.161540817,5493387.905125849,1390316.5666666667,2961665.3152534873,-181032.18192015402,13869732.2,22580483.430073507,5158980.969926491,1390878.2833333334,2962176.565553185,-180419.99888651818
867,13980487.866666667,22811828.717487413,5149147.015845921,12821143.8,20972905.98764994,4669381.612350063,14818253.65,23637714.18631231,5998793.11368769,1467129.0666666667,3144751.0974880178,-210492.96415468445,13980487.866666667,22811828.717487413,5149147.015845921,1467379.4333333333,3144972.7719693193,-210213.90530265262
868,14427850.2,23273729.281278122,5581971.118721876,13151556.4,21313003.883160505,4990108.916839496,14381933.566666666,23097734.47998146,5666132.653351875,1480405.4666666666,3191087.148195277,-230276.21486194408,14427850.2,23273729.281278122,5581971.118721876,1479997.1666666667,3190723.1531184353,-230728.81978510204
869,13741320.033333333,22028888.88483091,5453751.181835756,12516320.9,20140042.8625583,4892598.937441699,13130023.383333333,21064899.499059748,5195147.267606917,1645645.1,3336290.5066703698,-45000.30667036958,13741320.033333333,22028888.88483091,5453751.181835756,1644502.7333333334,3335285.0434879083,-46279.57682124153
870,13585264.466666667,21826276.71432686,5344252.219006475,12411095.816666666,20090536.637690578,4731654.995642756,13285552.716666667,21451761.373018846,5119344.060314487,1645069.0666666667,3273682.220043487,16455.913289846387,13585264.466666667,21826276.71432686,5344252.219006475,1644957.7166666666,3273583.329564836,16332.10376849724
871,13435676.366666667,22468607.893703923,4402744.839629414,12278670.366666667,20731179.521978684,3826161.2113546524,13436236.416666666,22345253.469685234,4527219.363648096,1718278.0666666667,3398995.6051655207,37560.52816781262,13435676.366666667,22468607.893703923,4402744.839629414,1717431.25,3398261.447768016,36601.052231984446
872,13132332.666666666,22311284.050970033,3953381.2823632993,12119000.216666667,20777632.158723906,3460368.274609426,13706995.233333332,22963002.235942934,4450988.230723731,1500279.2666666666,3094858.2993407547,-94299.76600742154,13132332.666666666,22311284.050970033,3953381.2823632993,1499451.0333333334,3094130.7961715744,-95228.7295049075
873,14625597.733333332,24169434.80728828,5081760.659378381,13551427.05,22587506.679015238,4515347.420984764,13850218.033333333,23049632.62152478,4650803.445141885,1749176.3666666667,3425643.722909739,72709.01042359462,14625597.733333332,24169434.80728828,5081760.659378381,1749087.1333333333,3425566.5278034206,72607.73886324605
874,13918069.366666667,23353739.447555624,4482399.28577771,12799267.85,21562496.313314177,4036039.386685824,13153957.166666666,22072803.3126095,4235111.020723833,1699468.1666666667,3610878.665024943,-211942.3316916097,13918069.366666667,23353739.447555624,4482399.28577771,1699192.1166666667,3610617.3793704314,-212233.14603709802
875,14239043.5,23760205.399771374,4717881.600228626,13133477.95,22090995.42115714,4175960.478842858,12696824.9,21395865.07912895,3997784.72087105,1721373.0,3472469.709481701,-29723.70948170079,14239043.5,23760205.399771374,4717881.600228626,1713534.8833333333,3465431.5371160978,-38361.77044943115
876,12726711.066666666,21798810.58010237,3654611.5532309655,11809108.766666668,20408448.939611576,3209768.5937217567,12354736.2,20609134.121985234,4100338.2780147623,1888019.5,3802297.3854701556,-26258.38547015586,12726711.066666666,21798810.58010237,3654611.5532309655,1887583.8666666667,3801916.971963359,-26749.23863002588
877,12755526.933333334,22014026.400645323,3497027.466021342,11884407.366666667,20715188.33962034,3053626.3937129937,11963830.2,20029799.49872879,3897860.901271208,1541530.2333333334,3389441.690690031,-306381.224023364,12755526.933333334,22014026.400645323,3497027.466021342,1540199.35,3388249.2575131664,-307850.55751316645
878,13533457.466666667,22828963.42769433,4237951.505639002,12631374.116666667,21554239.167019017,3708509.0663143154,12669582.15,20807995.64238035,4531168.657619652,2087680.8333333333,4762573.447348138,-587211.780681472,13533457.466666667,22828963.42769433,4237951.505639002,2087614.4166666667,4762489.342745037,-587260.5094117036
879,13569676.366666667,22854745.26977906,4284607.463554274,12642121.716666667,21535821.102676164,3748422.330657169,12899985.483333332,21210556.956960298,4589414.009706369,2167859.6666666665,4933554.55493588,-597835.2216025465,13569676.366666667,22854745.26977906,4284607.463554274,2167199.3833333333,4932961.5125723425,-598562.7459056764
880,14791012.933333334,24366392.35113606,5215633.515530609,13822582.55,22982513.510085173,4662651.589914829,13475622.95,21951429.368624017,4999816.531375984,2218935.6,5032020.977783284,-594149.777783284,14791012.933333334,24366392.35113606,5215633.515530609,2218611.65,5031731.9607996065,-594508.6607996072
881,14326380.8,23109053.69490347,5543707.905096531,13304313.416666666,21711916.37717355,4896710.45615978,12455761.616666667,19964116.282634363,4947406.950698974,2480199.2,5319231.308310695,-358832.9083106946,14326380.8,23109053.69490347,5543707.905096531,2479830.75,5318906.538375128,-359245.0383751285
882,13052105.433333334,21204960.9814976,4899249.885169065,12038434.783333333,19753861.66095925,4323007.905707413,12236571.416666666,19669880.77163826,4803262.061695074,1772130.4333333333,3716629.870802396,-172369.0041357295,13052105.433333334,21204960.9814976,4899249.885169065,1772142.0,3716632.1115338816,-172348.11153388163
883,13521109.733333332,21972683.291760795,5069536.17490587,12533049.283333333,20504004.3226294,4562094.244037266,12357846.0,19869050.625796847,4846641.374203153,2118343.6,4716735.374816587,-480048.174816587,13521109.733333332,21972683.291760795,5069536.17490587,2118330.0833333335,4716363.670837903,-479703.5041712369
884,13449255.4,21867381.84366305,5031128.956336951,12358159.483333332,20194229.134502634,4522089.83216403,12769217.9,20490505.146147095,5047930.653852907,2465387.6333333333,5216030.714626174,-285255.4479595083,13449255.4,21867381.84366305,5031128.956336951,2465302.2,5215879.351851905,-285274.95185190486
885,12998380.533333333,21162066.688432105,4834694.378234562,11988839.35,19647981.34725229,4329697.352747708,13518945.533333333,21658714.980222404,5379176.086444261,2578990.5,5460964.587447807,-302983.5874478072,12998380.533333333,21162066.688432105,4834694.378234562,2578897.566666667,5460883.790490495,-303088.6571571613
886,12842984.8,21110952.082980335,4575017.517019665,11743598.15,19409590.357840277,4077605.9421597235,12223874.116666667,20180186.298186768,4267561.935146567,2211462.3333333335,4659166.248959446,-236241.58229277888,12842984.8,21110952.082980335,4575017.517019665,2217951.8833333333,4665575.212871764,-229671.44620509725
887,12575605.6,20693042.30648959,4458168.89351041,11441994.85,18932621.142165285,3951368.5578347147,12429395.983333332,20560987.791334204,4297804.175332462,2321485.433333333,5017617.886190545,-374647.0195238781,12575605.6,20693042.30648959,4458168.89351041,2321171.1166666667,5017338.607160082,-374996.3738267482
888,12592203.633333333,20945177.740247473,4239229.5264191935,11532803.516666668,19281378.82248134,3784228.2108519953,11878655.6,19773914.063598316,3983397.136401684,2215036.1,4929103.857148372,-499031.6571483719,12592203.633333333,20945177.740247473,4239229.5264191935,2128715.7666666666,4846293.20330221,-588861.669968877
889,12445828.966666667,20914967.12962971,3976690.803703623,11419177.333333334,19364596.237579383,3473758.429087286,12020855.816666666,20110454.614174515,3931257.019158818,1953661.3666666667,4466769.047952663,-559446.3146193298,12445828.966666667,20914967.12962971,3976690.803703623,1953700.0666666667,4466801.450847588,-559401.317514254
890,11304150.133333333,19314865.0997964,3293435.166870266,10357897.483333332,17835086.466848128,2880708.4998185355,12682808.316666666,21024580.04904843,4341036.5842849035,1350315.3333333333,2774150.1686270274,-73519.50196036068,11304150.133333333,19314865.0997964,3293435.166870266,1350981.5333333334,2774729.9784584306,-72766.91179176373
891,11752537.466666667,19628654.551486652,3876420.3818466812,10777271.483333332,18096070.27092621,3458472.695740454,11682556.583333334,19394397.334032975,3970715.8326336946,2172989.1,4997896.497919131,-651918.2979191309,11752537.466666667,19628654.551486652,3876420.3818466812,2173265.566666667,4998132.35302777,-651601.2196944361
892,12615856.4,20726375.948824972,4505336.851175029,11551574.966666667,19059462.004287425,4043687.929045907,11341916.316666666,19022192.370625235,3661640.2627080968,2326685.0,5179264.240032061,-525894.240032061,12615856.4,20726375.948824972,4505336.851175029,2326679.9,5179150.586288994,-525790.7862889939
893,12444145.6,20444837.52899057,4443453.671009428,11345572.35,18708953.334154278,3982191.365845722,11486713.45,19311918.569883592,3661508.330116406,2167264.4,4954304.422688309,-619775.6226883093,12444145.6,20444837.52899057,4443453.671009428,2167376.9,4954394.553951624,-619640.753951624
894,12781389.5,21136370.73797106,4426408.262028938,11651140.766666668,19378830.445297122,3923451.088036213,11081917.566666666,18686484.715116486,3477350.4182168487,2197021.8666666667,5033986.242663429,-639942.5093300957,12781389.5,21136370.73797106,4426408.262028938,2197811.05,5034697.045138365,-639074.9451383655
895,13239832.2,21609340.84193506,4870323.558064936,12088959.016666668,19843441.653984725,4334476.379348608,11691471.583333334,19314755.715643752,4068187.4510229165,2180932.2,4997359.0028972775,-635494.6028972771,13239832.2,21609340.84193506,4870323.558064936,2180959.45,4997385.383731879,-635466.4837318785
896,14248637.3,23774267.418625712,4723007.181374291,13113854.733333332,22080063.60120601,4147645.8654606566,11298232.466666667,18847614.834154584,3748850.099178749,2131593.8,4651945.262370712,-388757.6623707125,14248637.3,23774267.418625712,4723007.181374291,2131677.9166666665,4651975.589748638,-388619.7564153052
897,13933609.5,22738803.595631376,5128415.404368624,12817899.633333333,20984622.64557155,4651176.621095118,11612284.3,19148874.439341053,4075694.160658947,2167327.2,4919978.711674647,-585324.311674647,13933609.5,22738803.595631376,5128415.404368624,2167411.85,4920064.544114609,-585240.8441146091
898,13079655.866666667,21658871.887420315,4500439.845913019,12014688.183333334,19936579.97125902,4092796.395407645,11585236.966666667,19336116.01405017,3834357.919283163,2110541.3333333335,4889807.115698114,-668724.4490314471,13079655.866666667,21658871.887420315,4500439.845913019,2110638.2,4889894.297295145,-668617.8972951444
899,12291348.566666666,20273180.51860767,4309516.614725663,11144771.3,18381835.651804164,3907706.9481958393,11900386.333333334,19867704.66819572,3933067.998470946,2053186.7333333334,4712518.914797426,-606145.4481307594,12291348.566666666,20273180.51860767,4309516.614725663,2053299.4,4712641.566575745,-606042.7665757458
900,12806028.6,20859179.013539724,4752878.186460277,11606379.7,18920177.483961128,4292581.916038873,11855794.883333333,19366629.593994237,4344960.172672426,1595788.8,3208946.257891834,-17368.657891833456,12806028.6,20859179.013539724,4752878.186460277,1595627.15,3208804.711818134,-17550.411818134133
901,13589296.766666668,21971888.147912093,5206705.385421244,12361420.283333333,20005297.307129197,4717543.259537468,11369353.266666668,18626775.618987206,4111930.9143461296,1522433.0333333334,2956180.137891681,88685.92877498572,13589296.766666668,21971888.147912093,5206705.385421244,1521484.8333333333,2955328.6842837054,87640.98238296108
902,12650084.966666667,21014527.824814014,4285642.108519321,11467302.8,19004507.045587704,3930098.554412298,10280558.583333334,17389301.27862909,3171815.888037578,1447524.9,2955285.060564512,-60235.26056451211,12650084.966666667,21014527.824814014,4285642.108519321,1447709.3833333333,2955442.7396871825,-60023.97302051587
903,12947891.9,21353055.061118938,4542728.738881061,11714894.516666668,19307701.959835663,4122087.0734976716,10941412.333333334,18243848.322905436,3638976.3437612336,1511498.9333333333,3062092.664639271,-39094.7979726044,12947891.9,21353055.061118938,4542728.738881061,1510950.85,3061612.1760153924,-39710.476015392225
904,12664114.566666666,21113472.68773063,4214756.445602704,11586266.283333333,19253334.804026693,3919197.7626399724,10506295.766666668,17837202.324105494,3175389.209227843,1546325.8666666667,3224284.987730775,-131633.2543974414,12664114.566666666,21113472.68773063,4214756.445602704,1482490.6666666667,3163010.2776541295,-198028.94432079606
905,14547340.0,23502788.654194556,5591891.345805444,13341838.766666668,21541481.544995483,5142195.988337853,12483768.616666667,20564578.62668697,4402958.606646364,1430782.3666666667,3007894.6178026763,-146329.88446934288,14547340.0,23502788.654194556,5591891.345805444,1430753.5333333334,3007869.5151175377,-146362.4484508708
906,14251795.266666668,23184783.32774154,5318807.205591792,13090950.3,21246247.72393321,4935652.876066792,12340531.516666668,20407746.083487865,4273316.9498454705,1683040.1666666667,3513523.410327294,-147443.07699396065,14251795.266666668,23184783.32774154,5318807.205591792,1683072.7666666666,3513550.8648690227,-147405.3315356893
907,14381444.1,23406071.140659586,5356817.059340414,13207045.25,21547602.45467403,4866488.0453259675,12049974.95,20102326.726397634,3997623.173602367,1774330.4,3646570.5691901245,-97909.7691901247,14381444.1,23406071.140659586,5356817.059340414,1774087.7,3646358.3639233485,-98182.96392334835
908,13999582.933333334,23010512.550169416,4988653.3164972495,12753182.683333334,20959795.032607965,4546570.3340587,11849612.966666667,19848003.285952978,3851222.647380355,1920319.3,3923456.014308068,-82817.41430806788,13999582.933333334,23010512.550169416,4988653.3164972495,1915693.4833333334,3919358.753864524,-87971.78719785716
909,12826523.4,20868467.116735887,4784579.683264115,11742630.366666667,19078705.96637205,4406554.766961286,11319526.516666668,18575165.335115086,4063887.6982182497,2062450.8,4242619.383690489,-117717.78369048913,12826523.4,20868467.116735887,4784579.683264115,2057162.35,4237959.9830787685,-123635.28307876782
910,13287559.933333334,21428534.318165325,5146585.548501342,12142088.9,19555746.55802214,4728431.24197786,12222739.15,19602071.73010143,4843406.569898571,2300561.3333333335,4760223.6112252455,-159100.944558579,13287559.933333334,21428534.318165325,5146585.548501342,2310004.5,4768576.267711435,-148567.26771143544
911,13420516.9,21577229.69470781,5263804.105292191,12321189.716666667,19783940.01354217,4858439.419791162,12490120.45,20092303.99224662,4887936.907753379,2385330.6,4942550.981995659,-171889.7819956583,13420516.9,21577229.69470781,5263804.105292191,2385445.0166666666,4942653.233408674,-171763.20007534046
912,13999300.9,22256037.49344364,5742564.306556358,12885808.733333332,20525372.160115182,5246245.3065514825,13097090.716666667,20787643.329815026,5406538.103518306,2250175.533333333,4567591.76461371,-67240.69794704393,13999300.9,22256037.49344364,5742564.306556358,2249689.566666667,4567168.723360414,-67789.59002708038
913,14041917.166666666,22412702.62276617,5671131.710567161,12901251.216666667,20623643.894285776,5178858.539047557,13216358.066666666,21184239.9307543,5248476.202579032,2269832.5,4617092.510252826,-77427.51025282545,14041917.166666666,22412702.62276617,5671131.710567161,2268623.5166666666,4616034.2343709655,-78787.20103763277
914,13845931.033333333,22369297.865368187,5322564.201298479,12689065.35,20492857.597540814,4885273.102459186,12867436.083333334,20814135.551328406,4920736.61533826,2489281.7,5081509.065336626,-102945.66533662518,13845931.033333333,22369297.865368187,5322564.201298479,2488980.9833333334,5081247.613862043,-103285.64719537599
915,13621098.733333332,22069131.17307877,5173066.293587893,12367638.216666667,20022818.87298202,4712457.560351312,13300242.566666666,21446246.371949475,5154238.761383857,2397554.6666666665,4891847.626029609,-96738.29269627575,13621098.733333332,22069131.17307877,5173066.293587893,2395475.0166666666,4890029.220809446,-99079.18747611251
916,14049237.433333334,22971508.77726323,5126966.089403437,12736303.016666668,20820769.265989736,4651836.7673436,13689731.233333332,22359332.868117392,5020129.598549271,1759728.5333333334,3971958.6649283217,-452501.5982616551,14049237.433333334,22971508.77726323,5126966.089403437,1757605.5666666667,3970057.8082615277,-454846.6749281946
917,13963373.566666666,23106648.10729346,4820099.026039872,12584597.2,20819180.226938985,4350014.173061014,13325092.966666667,22221227.063298017,4428958.870035315,1940852.3,4442704.239932509,-560999.6399325088,13963373.566666666,23106648.10729346,4820099.026039872,1939768.4666666666,4441725.021650026,-562188.0883166927
918,13781516.433333334,22873075.682211712,4689957.184454957,12347147.15,20471562.04693661,4222732.25306339,12886942.966666667,21410440.168892495,4363445.76444084,1883148.8333333333,4284085.598393456,-517787.93172678933,13781516.433333334,22873075.682211712,4689957.184454957,1882342.9166666667,4283359.838565761,-518674.0052324275
919,14270792.133333333,23180160.465035707,5361423.801630957,12952017.866666667,21044786.97597076,4859248.7573625725,12712711.283333333,21163714.24887447,4261708.317792194,2721525.6,5656493.547088326,-213442.34708832577,14270792.133333333,23180160.465035707,5361423.801630957,2721490.466666667,5656462.771398386,-213481.83806505287
920,14271029.733333332,23048514.459493674,5493545.007172991,12973009.666666666,20957078.468713224,4988940.864620108,12378665.716666667,20727580.512151346,4029750.921181989,2661401.933333333,5536754.773037728,-213950.90637106216,14271029.733333332,23048514.459493674,5493545.007172991,2661420.9,5536774.7463973705,-213932.94639737066
921,13804898.766666668,22385767.804906733,5224029.7284266,12586563.05,20447027.042359352,4726099.0576406475,12172280.066666666,20359511.84825635,3985048.285076984,2805150.533333333,5942879.985336798,-332578.9186701318,13804898.766666668,22385767.804906733,5224029.7284266,2805032.783333333,5942780.030218815,-332714.46355214855
922,13610378.766666668,22086416.87367475,5134340.659658587,12442351.733333332,20266154.468170803,4618548.998495863,11996811.733333332,19856588.08124988,4137035.3854167843,2804845.2666666666,5930633.522225997,-320942.9888926642,13610378.766666668,22086416.87367475,5134340.659658587,2804682.933333333,5930493.405500606,-321127.53883393947
923,13830227.666666666,22456173.86298495,5204281.4703483805,12624023.616666667,20557441.44372429,4690605.789609045,12897755.266666668,21324928.346836723,4470582.18649661,3393746.533333333,7105260.168843314,-317767.10217664763,13830227.666666666,22456173.86298495,5204281.4703483805,3394448.8833333333,7105877.443518646,-316979.676851979
924,13784557.5,22470374.837479174,5098740.162520826,12587435.85,20590859.9120216,4584011.787978398,13467329.483333332,22407924.560327075,4526734.4063395895,3389411.533333333,7100715.916174269,-321892.84950760286,13784557.5,22470374.837479174,5098740.162520826,3389440.533333333,7100734.414844607,-321853.3481779406
925,14240041.866666667,23176459.784028605,5303623.94930473,12968325.433333334,21178795.78454054,4757855.082126128,14541251.816666666,23897120.055997115,5185383.577336218,3378449.533333333,7076159.948166952,-319260.8815002851,14240041.866666667,23176459.784028605,5303623.94930473,3376438.6,7074392.015341857,-321514.81534185726
926,14270106.666666666,23196596.165031567,5343617.168301765,12959540.683333334,21161798.357229542,4757283.009437125,14124646.316666666,22932678.842289597,5316613.791043734,3347697.033333333,6994843.956997134,-299449.89033046784,14270106.666666666,23196596.165031567,5343617.168301765,3347491.9166666665,6994663.793676818,-299679.9603434843
927,13727592.0,21944750.55958279,5510433.4404172115,12393834.15,19889483.248572275,4898185.051427728,14144373.833333334,22446103.0263972,5842644.640269469,3497314.933333333,7353940.542334201,-359310.6756675341,13727592.0,21944750.55958279,5510433.4404172115,3497367.0833333335,7353987.469529582,-359253.3028629157
928,13810616.733333332,21888853.75037006,5732379.716296607,12461395.116666667,19853538.821267974,5069251.412065362,14355470.75,22704029.977396503,6006911.522603495,3544986.8333333335,7421948.316050217,-331974.6493835496,13810616.733333332,21888853.75037006,5732379.716296607,3545073.55,7422019.897750989,-331872.797750989
929,14128344.233333332,22293557.714124814,5963130.752541852,12940765.5,20579127.226824805,5302403.773175196,14768473.266666668,23261595.676658068,6275350.856675267,3990714.1666666665,8463384.377917737,-481956.0445844042,14128344.233333332,22293557.714124814,5963130.752541852,3989711.033333333,8462488.829719577,-483066.7630529115
930,14104606.633333333,22383681.060973212,5825532.205693454,12969511.0,20734514.92901659,5204507.070983411,14561950.033333333,23062536.1065318,6061363.960134866,4058103.1,8576585.880159816,-460379.68015981605,14104606.633333333,22383681.060973212,5825532.205693454,4057772.816666667,8576294.438225612,-460748.8048922778
931,13940949.133333333,22061875.27465095,5820022.992015717,12836886.466666667,20489233.22108004,5184539.712253296,14878101.1,23713953.986883976,6042248.213116026,4001047.966666667,8459164.855876267,-457068.92254293244,13940949.133333333,22061875.27465095,5820022.992015717,4000955.6166666667,8459083.090049451,-457171.85671611736
932,14555279.333333334,23509062.89056887,5601495.776097797,13369423.183333334,21802637.88580198,4936208.480864691,15034464.65,24400861.253359195,5668068.046640806,3644225.433333333,7427344.098687685,-138893.23202101886,14555279.333333334,23509062.89056887,5601495.776097797,3644199.183333333,7427320.837401792,-138922.47073512664
933,14926488.033333333,23961697.362721656,5891278.703945011,13705495.466666667,22231215.236896887,5179775.696436448,14716836.583333334,23922970.62197949,5510702.544687176,3391066.6666666665,6856052.287203899,-73918.95387056516,14926488.033333333,23961697.362721656,5891278.703945011,3391050.35,6856035.417121866,-73934.7171218656
934,13772942.933333334,21868866.63156354,5677019.235103126,12584243.966666667,20158651.84101369,5009836.092319645,13996924.066666666,22831443.157940175,5162404.975393157,3001581.7333333334,5988517.718231302,14645.748435365502,13772942.933333334,21868866.63156354,5677019.235103126,3001378.066666667,5988330.451721219,14425.681612114888
935,13892735.733333332,21933583.86697249,5851887.599694174,12756218.966666667,20332783.605167046,5179654.328166287,14595950.783333333,23543466.291117717,5648435.27554895,3760335.7666666666,7713529.053029343,-192857.51969600935,13892735.733333332,21933583.86697249,5851887.599694174,3760284.316666667,7713484.910933092,-192916.27759975893
936,13995753.166666666,22033712.71495921,5957793.618374121,12651216.6,20047145.637895145,5255287.562104857,14202799.833333334,22948545.001912847,5457054.664753823,3898551.033333333,8053421.688206209,-256319.62153954292,13995753.166666666,22033712.71495921,5957793.618374121,3894986.933333333,8050288.190236947,-260314.32357028034
937,13509429.633333333,21246565.609947998,5772293.6567186685,12276504.3,19371502.843147784,5181505.756852219,13812794.483333332,22108835.31727393,5516753.649392736,3830736.466666667,7884099.683660015,-222626.75032668142,13509429.633333333,21246565.609947998,5772293.6567186685,3831208.3833333333,7884511.756409179,-222094.98974251235
938,13895362.666666666,21988605.74556593,5802119.587767404,12721286.9,20277597.87706662,5164975.922933382,13720506.45,22105574.492934983,5335438.407065015,3669323.7666666666,7542742.4258287735,-204094.89249544032,13895362.666666666,21988605.74556593,5802119.587767404,3665251.716666667,7539156.30955972,-208652.87622638652
939,14140403.666666666,22284166.99151839,5996640.341814944,12982671.1,20589060.53725461,5376281.662745389,13775344.633333333,22149249.50398532,5401439.762681345,3815640.0,7825433.629546931,-194153.62954693055,14140403.666666666,22284166.99151839,5996640.341814944,3811635.7666666666,7821908.595491323,-198637.06215798948
940,14238187.933333334,22432030.306809176,6044345.5598574905,12898867.116666667,20395369.855136886,5402364.378196446,13573378.283333333,21829840.417819902,5316916.148846766,3561187.933333333,7215428.819849338,-93052.95318267262,14238187.933333334,22432030.306809176,6044345.5598574905,3561793.7333333334,7215952.792384889,-92365.32571822172
941,13672569.766666668,21729718.833726656,5615420.69960668,12267894.583333334,19587712.67748133,4948076.489185335,13198043.516666668,21393752.592976104,5002334.440357232,2673548.8333333335,5346768.003273777,329.6633928902447,13672569.766666668,21729718.833726656,5615420.69960668,2673681.816666667,5346910.811241752,452.8220915822312
942,13487559.2,21768547.4427383,5206570.957261701,11962127.366666667,19359603.789947826,4564650.943385509,12446415.4,20462705.647422742,4430125.15257726,1841980.6,3599536.8524270654,84424.34757293505,13487559.2,21768547.4427383,5206570.957261701,1842215.2166666666,3599745.8226523437,84684.61068098922
943,12718520.6,19950820.693858452,5486220.506141545,11375876.916666666,17826302.652364545,4925451.180968787,13055477.75,20703060.44763969,5407895.052360309,2522078.5,4821251.122041044,222905.87795895617,12718520.6,19950820.693858452,5486220.506141545,2522005.5,4821163.3262701575,222847.67372984253
944,14355555.733333332,22861173.863127735,5849937.60353893,12791213.833333334,20297008.025833104,5285419.640833563,13622987.15,21789465.678845905,5456508.621154098,2500424.533333333,4773615.964740152,227233.1019265144,14355555.733333332,22861173.863127735,5849937.60353893,2500379.6166666667,4773487.813922351,227271.41941098263
945,14740728.3,23605426.836449627,5876029.763550375,13163388.583333334,20989710.41180948,5337066.754857185,14394474.5,23293221.872339226,5495727.127660776,3198755.7666666666,6456557.41190945,-59045.8785761171,14740728.3,23605426.836449627,5876029.763550375,3199571.5166666666,6457256.286499884,-58113.253166550305
946,14594890.433333334,23508014.96743891,5681765.899227757,13125164.033333333,21097279.809102602,5153048.257564062,14915574.483333332,24037493.923568927,5793655.043097738,3209502.1,6434636.555205142,-15632.35520514194,14594890.433333334,23508014.96743891,5681765.899227757,3209952.4,6435006.2117914455,-15101.411791445687
947,14604537.7,23368697.764423802,5840377.635576198,13158598.133333333,20984112.714031603,5333083.5526350625,14148345.35,22857274.383543048,5439416.316456951,2923013.6666666665,5688533.871976986,157493.46135634743,14604537.7,23368697.764423802,5840377.635576198,2920106.1666666665,5686080.500860238,154131.83247309504
948,14181379.333333334,23102178.950765945,5260579.715900721,12718997.85,20711588.039484262,4726407.660515735,13231249.05,21904309.588435434,4558188.511564568,2451105.8666666667,4640812.724865816,261399.0084675178,14181379.333333334,23102178.950765945,5260579.715900721,2451531.85,4641276.68388978,261787.01611022
949,13369087.266666668,21604783.104465295,5133391.4288680395,11900380.3,19107921.461330306,4692839.138669695,12679567.333333334,21010930.059252735,4348204.607413932,2715458.3666666667,5235453.882779613,195462.85055372072,13369087.266666668,21604783.104465295,5133391.4288680395,2703136.9166666665,5224518.371038379,181755.46229495434
950,13552717.5,21623543.20614291,5481891.793857088,12192841.0,19366693.122461215,5018988.877538784,12815030.216666667,21202117.84317366,4427942.590159671,3051936.3333333335,6128158.6006552745,-24285.933988607954,13552717.5,21623543.20614291,5481891.793857088,3051613.45,6127861.16595025,-24634.265950249508
951,14769988.6,23721292.42931232,5818684.770687681,13405274.1,21517347.182218894,5293201.017781103,12819778.083333334,21323083.566570774,4316472.600095894,2890756.5,5694822.341235362,86690.658764638,14769988.6,23721292.42931232,5818684.770687681,2882294.6666666665,5687352.90372951,77236.429603823
952,13721425.933333334,22292686.852820493,5150165.013846174,12475838.35,20275370.85802635,4676305.841973647,12878020.033333333,21345365.765606433,4410674.301060231,3004166.533333333,5939280.48799835,69052.57866831683,13721425.933333334,22292686.852820493,5150165.013846174,3002626.8666666667,5937935.87517814,67317.85815519374
953,15223757.233333332,24322705.153041556,6124809.313625108,13851455.516666668,22040976.56780011,5661934.465533228,13243030.25,21713033.75201334,4773026.747986661,3762231.3666666667,7715715.749546543,-191253.01621320937,15223757.233333332,24322705.153041556,6124809.313625108,3756010.25,7710246.851342124,-198226.35134212393
954,15230510.6,24762267.07355144,5698754.126448562,13840347.333333334,22431697.4322462,5248997.234420469,14398068.666666666,23391910.733886074,5404226.599447258,3840830.2666666666,7898854.116442764,-217193.58310943143,15230510.6,24762267.07355144,5698754.126448562,3840904.9166666665,7898989.830394068,-217179.99706073478
955,14885938.033333333,24209471.952363323,5562404.114303343,13441397.616666667,21763349.24807842,5119445.985254915,14007453.933333334,22909102.814530637,5105805.05213603,4102092.6666666665,8475781.109100062,-271595.77576672984,14885938.033333333,24209471.952363323,5562404.114303343,4101495.9,8475259.43344714,-272267.63344714
956,15083881.333333334,24855495.69701411,5312266.96965256,13599493.3,22249387.72179605,4949598.878203951,13876627.483333332,22555118.57559815,5198136.391068514,3593002.6333333333,6994212.343284024,191792.9233826422,15083881.333333334,24855495.69701411,5312266.96965256,3593105.033333333,6994306.701183019,191903.3654836472
957,14832314.166666666,24646788.116710536,5017840.216622796,13386135.55,22085295.982736256,4686975.1172637455,13884540.916666666,22803468.15362268,4965613.679710653,3820168.3333333335,7892075.239686808,-251738.5730201411,14832314.166666666,24646788.116710536,5017840.216622796,3820371.1166666667,7892261.756572958,-251519.52323962422
958,15226319.0,25119672.866077907,5332965.1339220945,13716201.683333334,22466917.678236447,4965485.688430218,14127503.433333334,23103511.910674937,5151494.955991732,3544913.6,7365531.855323224,-275704.65532322414,15226319.0,25119672.866077907,5332965.1339220945,3546206.9,7366675.089666314,-274261.2896663146
959,14871662.233333332,24677851.15797895,5065473.308687717,13585104.333333334,22434170.47234582,4736038.194320846,13958397.666666666,22660496.377059452,5256298.956273882,3980396.1,8509289.698390443,-548497.4983904422,14871662.233333332,24677851.15797895,5065473.308687717,3980501.45,8509387.46285972,-548384.5628597196
960,16023492.1,26209670.781725787,5837313.418274211,14733526.266666668,24038013.8439776,5429038.689355733,14478046.0,23540724.926014513,5415367.073985487,3924233.7666666666,8322937.87750754,-474470.3441742072,16023492.1,26209670.781725787,5837313.418274211,3925951.466666667,8324434.956918746,-472532.02358541265
961,15424267.433333334,25421320.19630271,5427214.670363959,14172208.4,23309999.251856543,5034417.548143458,14149078.5,22989358.17947448,5308798.820525518,4111518.6,8844954.81289554,-621917.6128955404,15424267.433333334,25421320.19630271,5427214.670363959,4111854.1333333333,8845242.096658956,-621533.8299922901
962,14579817.3,24191269.337403193,4968365.26259681,13342892.683333334,22068403.358734883,4617382.007931784,13665002.866666667,22151216.324723378,5178789.408609958,4045667.066666667,8597443.356493663,-506109.2231603288,14579817.3,24191269.337403193,4968365.26259681,4045796.5,8597540.00021607,-505947.0002160715
963,15256705.4,25252057.128569342,5261353.67143066,13964169.8,23043393.623789415,4884945.976210587,13956903.883333333,22870673.707054157,5043134.059612509,3487809.7,7099299.560805717,-123680.16080571618,15256705.4,25252057.128569342,5261353.67143066,3487618.316666667,7099124.9247416295,-123888.29140829528
964,13639529.533333333,22897872.372637138,4381186.694029527,12430970.583333334,20726940.330740184,4135000.8359264825,12884328.433333334,21338945.428218246,4429711.4384484235,3495517.2,7044565.404045001,-53531.004044999834,13639529.533333333,22897872.372637138,4381186.694029527,3495609.8,7044647.089676911,-53427.489676911384
965,14149466.766666668,23774114.59990671,4524818.933426626,13013686.883333333,21786958.025681347,4240415.740985319,14441238.033333333,23769463.400966585,5113012.665700084,3399434.9,6813912.920321607,-15043.120321607217,14149466.766666668,23774114.59990671,4524818.933426626,3399467.5,6813967.686737224,-15032.686737223994
966,13655272.733333332,23196658.402086947,4113887.064579718,12354886.016666668,20873340.805746928,3836431.227586409,13228563.3,22074688.0366548,4382438.563345201,3309077.566666667,6606504.791963407,11650.34136992693,13655272.733333332,23196658.402086947,4113887.064579718,3306840.0166666666,6604575.708517216,9104.324816117529
967,14142294.2,23668863.302028053,4615725.097971944,12866698.866666667,21392139.607506394,4341258.12582694,12750032.383333333,21507854.587170728,3992210.179495938,3603021.066666667,7314376.58873941,-108334.45540607627,14142294.2,23668863.302028053,4615725.097971944,3603015.7666666666,7314286.837487794,-108255.30415446172
968,14553115.366666667,24208278.48570525,4897952.247628087,13259108.3,21937911.451571845,4580305.148428157,13285912.916666666,21912525.71300625,4659300.120327083,4036790.933333333,8323527.163811155,-249945.29714448797,14553115.366666667,24208278.48570525,4897952.247628087,4036806.716666667,8323528.160121375,-249914.72678804118
969,15490662.166666666,25631045.754413925,5350278.578919409,14209589.9,23483652.417941876,4935527.382058127,13482987.25,22346408.26806446,4619566.2319355365,3697855.2,7556499.691200042,-160789.29120004224,15490662.166666666,25631045.754413925,5350278.578919409,3693638.0833333335,7552809.121391362,-165532.95472469507
970,16158642.766666668,26495336.76294902,5821948.770384314,14848204.216666667,24378879.365948047,5317529.067385286,13503758.35,22098856.822154976,4908659.877845023,3609697.466666667,7415498.0095072165,-196103.0761738834,16158642.766666668,26495336.76294902,5821948.770384314,3603888.316666667,7410380.668869054,-202604.03553572064
971,14689155.2,24117013.773571067,5261296.626428934,13391983.916666666,22012472.922955506,4771494.910377828,12794681.583333334,20826390.667439166,4762972.499227501,3617597.7666666666,7448488.258955665,-213292.7256223322,14689155.2,24117013.773571067,5261296.626428934,3614934.9833333334,7446171.2963856235,-216301.32971895626
972,15043045.533333333,24654309.94244007,5431781.124226594,13629768.966666667,22338904.274363592,4920633.658969743,13009859.183333334,21069613.00607112,4950105.360595548,2767639.0,5470600.619682826,64677.380317174364,15043045.533333333,24654309.94244007,5431781.124226594,2767211.6666666665,5470216.6691550305,64206.66417830251
973,13787632.666666666,23105552.04619379,4469713.287139542,12446127.466666667,20824247.271987267,4068007.661346065,13230794.15,21467859.805637088,4993728.494362914,2481839.8666666667,5002627.210310632,-38947.47697729897,13787632.666666666,23105552.04619379,4469713.287139542,2481953.5833333335,5002722.862570671,-38815.69590400439
974,13899579.233333332,23004527.33763353,4794631.129033133,12672935.7,20927693.39082697,4418178.009173029,12750237.166666666,20899471.536190126,4601002.797143207,2617874.433333333,5154760.6626435295,80988.20402313676,13899579.233333332,23004527.33763353,4794631.129033133,2616931.3333333335,5153943.059736695,79919.6069299723
975,12713939.833333334,21596692.318606645,3831187.348060021,11401518.933333334,19296517.38307169,3506520.483594978,11381282.516666668,18948721.812981863,3813843.2203514734,1627833.7333333334,3149134.3793008733,106533.08736579353,12713939.833333334,21596692.318606645,3831187.348060021,1627742.4166666667,3149056.4105942715,106428.42273906176
976,12778736.4,21607922.378324203,3949550.4216757976,11505208.366666667,19345893.284844033,3664523.4484893,11554795.216666667,19517196.05749448,3592394.3758388534,1834157.3,3519006.1571199866,149308.44288001326,12778736.4,21607922.378324203,3949550.4216757976,1834690.6333333333,3519486.576908118,149894.68975854875
977,12917435.666666666,21648670.185817737,4186201.147515595,11544440.333333334,19256460.124823593,3832420.5418430762,11376371.966666667,19021504.536644295,3731239.3966890406,2148811.066666667,4158754.218357794,138867.91497554,12917435.666666666,21648670.185817737,4186201.147515595,2149155.566666667,4158881.3152781073,139429.81805522647
978,12426524.866666667,21221224.252517197,3631825.480816137,11198067.6,19080402.938789263,3315732.2612107377,11090597.65,18527479.61243536,3653715.687564642,2843519.5,5897325.869219987,-210286.86921998626,12426524.866666667,21221224.252517197,3631825.480816137,2843942.5,5897980.682382274,-210095.68238227442
979,13094667.6,22002012.537371755,4187322.6626282427,11788622.233333332,19722517.318915747,3854727.147750916,11064341.05,18550070.774514396,3578611.3254856057,2437835.033333333,4864848.494843288,10821.571823378094,13094667.6,22002012.537371755,4187322.6626282427,2437796.183333333,4864782.749883087,10809.616783578414
980,12224557.4,20946822.905758478,3502291.894241525,10950301.683333334,18678737.447974555,3221865.91869211,10692940.916666666,17799595.34289882,3586286.4904345125,2147535.8666666667,4081119.558509374,213952.1748239596,12224557.4,20946822.905758478,3502291.894241525,2154884.183333333,4087350.254967856,222418.11169881
981,12941828.566666666,21818010.285155334,4065646.848178001,11577511.816666666,19445627.39505626,3709396.238277073,10966331.9,18057917.775022455,3874746.024977548,3370959.933333333,6868597.2935277745,-126677.42686110828,12941828.566666666,21818010.285155334,4065646.848178001,3370608.0833333335,6868289.444635587,-127073.2779689203
982,13965654.366666667,23067988.904728666,4863319.828604668,12645270.683333334,20840688.812935457,4449852.553731211,11445752.25,18961783.506031834,3929720.9939681664,3300511.8666666667,6492167.67618259,108856.05715074297,13965654.366666667,23067988.904728666,4863319.828604668,3300546.8333333335,6492256.078566066,108837.58810060099
983,13983828.766666668,23381640.744545348,4586016.788787987,12581360.816666666,21004255.71158699,4158465.9217463452,12468923.1,20228697.1019731,4709149.0980269,3513717.2,7013088.059552336,14346.340447664727,13983828.766666668,23381640.744545348,4586016.788787987,3514152.783333333,7013499.091224315,14806.475442352239
984,14095719.266666668,23703814.63103181,4487623.902301522,12697285.466666667,21398274.15478139,3996296.7785519436,12427590.6,20569980.98389436,4285200.21610564,2643753.533333333,5148813.230257403,138693.83640926285,14095719.266666668,23703814.63103181,4487623.902301522,2644003.716666667,5149046.862978909,138960.57035442395
985,15038723.333333334,24784733.104013182,5292713.562653484,13650507.233333332,22496632.041273803,4804382.425392864,13382029.533333333,21786122.655918453,4977936.4107482135,2941011.8333333335,5599580.897309527,282442.76935714064,15038723.333333334,24784733.104013182,5292713.562653484,2942765.3,5601089.836898973,284440.7631010269
986,14278625.566666666,24053462.762649007,4503788.370684324,13059066.383333333,22056347.58236163,4061785.1843050327,12726880.983333332,20562928.714224253,4890833.252442412,2917567.5,5541341.283980837,293793.7160191629,14278625.566666666,24053462.762649007,4503788.370684324,2917533.816666667,5541287.71476696,293779.9185663741
987,14293246.333333334,24114305.905382074,4472186.7612845935,13026622.583333334,22031289.313985832,4021955.852680834,14083805.4,22645199.866107255,5522410.9338927455,3093900.966666667,6002712.844567051,185089.08876628196,14293246.333333334,24114305.905382074,4472186.7612845935,3094079.9166666665,6002922.467771122,185237.36556221126
988,13724762.566666666,23563737.50952524,3885787.623808095,12526035.366666667,21574776.169957936,3477294.5633753967,12764460.45,20971995.563479885,4556925.336520112,2819791.8666666667,5374813.760158901,264769.9731744323,13724762.566666666,23563737.50952524,3885787.623808095,2755337.9833333334,5316409.758993581,194266.20767308585
989,13752872.366666667,23337471.41915204,4168273.3141812943,12628745.966666667,21490942.779647678,3766549.1536856536,12376790.483333332,20474843.194176123,4278737.772490543,2754099.6,5249888.049440166,258311.1505598342,13752872.366666667,23337471.41915204,4168273.3141812943,2755395.216666667,5250999.522890514,259790.91044282028
990,13221709.0,22775994.472333703,3667423.527666297,12022838.433333334,20775806.471676007,3269870.3949906584,12947041.85,21690921.52201851,4203162.177981488,3555714.7666666666,7265862.11527459,-154432.58194125723,13221709.0,22775994.472333703,3667423.527666297,3555335.0,7265918.713951211,-155248.7139512119
991,13005468.466666667,22590758.428962182,3420178.5043711513,11852066.2,20666506.19533327,3037626.20466673,11968600.433333334,20531860.45496858,3405340.411698088,3442925.3666666667,7070219.760786123,-184369.02745278925,13005468.466666667,22590758.428962182,3420178.5043711513,3443691.4166666665,7070915.269494579,-183532.43616124615
992,13865761.866666667,24139628.70738417,3591895.0259491634,12561284.966666667,21919786.458014864,3202783.475318469,12240682.1,20839535.336508133,3641828.8634918686,3256846.6,6675811.192013562,-162117.99201356154,13865761.866666667,24139628.70738417,3591895.0259491634,3258436.95,6677179.277684556,-160305.37768455595
993,13731646.666666666,23700313.018929668,3762980.3144036625,12504352.933333334,21641970.181522228,3366735.6851444393,12405907.6,21103886.309154406,3707928.890845595,3206208.1333333333,6596780.715832423,-184364.44916575635,13731646.666666666,23700313.018929668,3762980.3144036625,3204131.066666667,6594959.482103825,-186697.3487704913
994,14452625.933333334,24358355.680784345,4546896.185882321,13274128.233333332,22455524.57659553,4092731.890071137,12958867.9,21830234.418487318,4087501.381512683,2657482.5,5212788.922247896,102176.0777521045,14452625.933333334,24358355.680784345,4546896.185882321,2660895.5833333335,5215746.158303869,106045.00836279802
995,13833104.1,23167251.1417054,4498957.0582946,12477985.8,21040210.005682748,3915761.5943172537,12335786.883333333,20753282.356784627,3918291.409882039,2534091.433333333,4910729.180970915,157453.6856957511,13833104.1,23167251.1417054,4498957.0582946,2534470.783333333,4911052.9262432745,157888.64042339195
996,13587369.4,22799928.26716787,4374810.532832131,12228870.666666666,20633993.24224744,3823748.091085894,12370111.35,20856804.72593899,3883417.9740610067,2456768.466666667,4628177.151358849,285359.7819744842,13587369.4,22799928.26716787,4374810.532832131,2348768.7,4523311.072868509,174226.3271314907
997,13004664.266666668,21506170.96086179,4503157.572471544,11948337.383333333,19876503.68076725,4020171.0858994164,11919564.633333333,20168124.42545423,3671004.8412124375,2749440.466666667,5230236.6849529175,268644.2483804161,13004664.266666668,21506170.96086179,4503157.572471544,2645964.7,5131306.059898973,160623.34010102693
998,13373077.4,22258662.505172424,4487492.294827579,12307094.433333334,20626659.905260492,3987528.961406174,12318286.45,20413535.326864336,4223037.573135662,2632505.5,5007514.644274488,257496.35572551237,13373077.4,22258662.505172424,4487492.294827579,2633870.05,5008645.294994669,259094.80500533106
999,14634535.2,24104361.780213274,5164708.619786726,13505426.016666668,22380440.031808265,4630412.0015250705,12800664.966666667,21118439.927692987,4482890.0056403475,2693840.0,5211111.102284143,176568.89771585725,14634535.2,24104361.780213274,5164708.619786726,2694972.7,5212090.979415588,177854.42058441276
1000,14572159.633333333,24390767.059397466,4753552.207269197,13417452.1,22651394.60973779,4183509.5902622063,12644738.333333334,21079811.509038143,4209665.157628527,2716074.466666667,5340657.184652091,91491.74868124258,14572159.633333333,24390767.059397466,4753552.207269197,2715952.283333333,5340600.307140382,91304.25952628395
